cohort,track,model,sample_idx,true_label,predicted_probability,fold
Cleveland,Track_A,LogisticRegression,2,1,0.988661,1
Cleveland,Track_A,LogisticRegression,6,1,0.83597,1
Cleveland,Track_A,LogisticRegression,10,0,0.497939,1
Cleveland,Track_A,LogisticRegression,12,1,0.81108,1
Cleveland,Track_A,LogisticRegression,17,0,0.251342,1
Cleveland,Track_A,LogisticRegression,19,0,0.081142,1
Cleveland,Track_A,LogisticRegression,21,0,0.014994,1
Cleveland,Track_A,LogisticRegression,25,0,0.055243,1
Cleveland,Track_A,LogisticRegression,29,1,0.913349,1
Cleveland,Track_A,LogisticRegression,30,0,0.160009,1
Cleveland,Track_A,LogisticRegression,34,0,0.266138,1
Cleveland,Track_A,LogisticRegression,35,0,0.159025,1
Cleveland,Track_A,LogisticRegression,36,1,0.933548,1
Cleveland,Track_A,LogisticRegression,39,0,0.454353,1
Cleveland,Track_A,LogisticRegression,40,1,0.96554,1
Cleveland,Track_A,LogisticRegression,41,0,0.427923,1
Cleveland,Track_A,LogisticRegression,44,1,0.060703,1
Cleveland,Track_A,LogisticRegression,45,1,0.732851,1
Cleveland,Track_A,LogisticRegression,56,1,0.716633,1
Cleveland,Track_A,LogisticRegression,59,0,0.611735,1
Cleveland,Track_A,LogisticRegression,73,1,0.763533,1
Cleveland,Track_A,LogisticRegression,77,0,0.291109,1
Cleveland,Track_A,LogisticRegression,86,0,0.200986,1
Cleveland,Track_A,LogisticRegression,90,0,0.321232,1
Cleveland,Track_A,LogisticRegression,94,0,0.030809,1
Cleveland,Track_A,LogisticRegression,98,0,0.216459,1
Cleveland,Track_A,LogisticRegression,103,0,0.038528,1
Cleveland,Track_A,LogisticRegression,107,1,0.735998,1
Cleveland,Track_A,LogisticRegression,108,1,0.967956,1
Cleveland,Track_A,LogisticRegression,112,0,0.085799,1
Cleveland,Track_A,LogisticRegression,114,1,0.630494,1
Cleveland,Track_A,LogisticRegression,122,0,0.380305,1
Cleveland,Track_A,LogisticRegression,124,1,0.16045,1
Cleveland,Track_A,LogisticRegression,129,0,0.026602,1
Cleveland,Track_A,LogisticRegression,135,0,0.06602,1
Cleveland,Track_A,LogisticRegression,138,1,0.885641,1
Cleveland,Track_A,LogisticRegression,142,0,0.016783,1
Cleveland,Track_A,LogisticRegression,144,0,0.661943,1
Cleveland,Track_A,LogisticRegression,146,1,0.988466,1
Cleveland,Track_A,LogisticRegression,155,1,0.982463,1
Cleveland,Track_A,LogisticRegression,156,1,0.806387,1
Cleveland,Track_A,LogisticRegression,170,1,0.984129,1
Cleveland,Track_A,LogisticRegression,183,0,0.901377,1
Cleveland,Track_A,LogisticRegression,191,1,0.998871,1
Cleveland,Track_A,LogisticRegression,192,1,0.90067,1
Cleveland,Track_A,LogisticRegression,202,0,0.258867,1
Cleveland,Track_A,LogisticRegression,213,1,0.886618,1
Cleveland,Track_A,LogisticRegression,219,0,0.179912,1
Cleveland,Track_A,LogisticRegression,222,0,0.008406,1
Cleveland,Track_A,LogisticRegression,223,1,0.993538,1
Cleveland,Track_A,LogisticRegression,227,0,0.092624,1
Cleveland,Track_A,LogisticRegression,230,0,0.05232,1
Cleveland,Track_A,LogisticRegression,245,1,0.565771,1
Cleveland,Track_A,LogisticRegression,254,0,0.238515,1
Cleveland,Track_A,LogisticRegression,262,0,0.017769,1
Cleveland,Track_A,LogisticRegression,264,1,0.950857,1
Cleveland,Track_A,LogisticRegression,270,1,0.95359,1
Cleveland,Track_A,LogisticRegression,284,1,0.653687,1
Cleveland,Track_A,LogisticRegression,287,0,0.782318,1
Cleveland,Track_A,LogisticRegression,291,0,0.033785,1
Cleveland,Track_A,LogisticRegression,300,1,0.948106,1
Cleveland,Track_A,LogisticRegression,1,1,0.998614,2
Cleveland,Track_A,LogisticRegression,5,0,0.02592,2
Cleveland,Track_A,LogisticRegression,8,1,0.906119,2
Cleveland,Track_A,LogisticRegression,13,0,0.10379,2
Cleveland,Track_A,LogisticRegression,16,1,0.185551,2
Cleveland,Track_A,LogisticRegression,22,1,0.151449,2
Cleveland,Track_A,LogisticRegression,31,1,0.907443,2
Cleveland,Track_A,LogisticRegression,46,0,0.083614,2
Cleveland,Track_A,LogisticRegression,52,1,0.511467,2
Cleveland,Track_A,LogisticRegression,53,0,0.041615,2
Cleveland,Track_A,LogisticRegression,62,1,0.998196,2
Cleveland,Track_A,LogisticRegression,63,0,0.013474,2
Cleveland,Track_A,LogisticRegression,64,1,0.877051,2
Cleveland,Track_A,LogisticRegression,67,0,0.549494,2
Cleveland,Track_A,LogisticRegression,76,1,0.976637,2
Cleveland,Track_A,LogisticRegression,84,0,0.043041,2
Cleveland,Track_A,LogisticRegression,92,0,0.977821,2
Cleveland,Track_A,LogisticRegression,96,1,0.937473,2
Cleveland,Track_A,LogisticRegression,97,1,0.946827,2
Cleveland,Track_A,LogisticRegression,101,0,0.021493,2
Cleveland,Track_A,LogisticRegression,102,0,0.221824,2
Cleveland,Track_A,LogisticRegression,106,1,0.814018,2
Cleveland,Track_A,LogisticRegression,119,1,0.962531,2
Cleveland,Track_A,LogisticRegression,120,1,0.967076,2
Cleveland,Track_A,LogisticRegression,121,1,0.995797,2
Cleveland,Track_A,LogisticRegression,132,0,0.035804,2
Cleveland,Track_A,LogisticRegression,133,0,0.382554,2
Cleveland,Track_A,LogisticRegression,139,0,0.16615,2
Cleveland,Track_A,LogisticRegression,143,1,0.80375,2
Cleveland,Track_A,LogisticRegression,150,0,0.158729,2
Cleveland,Track_A,LogisticRegression,162,0,0.021615,2
Cleveland,Track_A,LogisticRegression,164,0,0.317734,2
Cleveland,Track_A,LogisticRegression,166,0,0.229867,2
Cleveland,Track_A,LogisticRegression,168,1,0.80392,2
Cleveland,Track_A,LogisticRegression,173,0,0.271599,2
Cleveland,Track_A,LogisticRegression,175,1,0.992222,2
Cleveland,Track_A,LogisticRegression,182,0,0.518953,2
Cleveland,Track_A,LogisticRegression,188,1,0.785957,2
Cleveland,Track_A,LogisticRegression,194,0,0.094291,2
Cleveland,Track_A,LogisticRegression,195,1,0.952313,2
Cleveland,Track_A,LogisticRegression,196,0,0.333738,2
Cleveland,Track_A,LogisticRegression,200,0,0.036582,2
Cleveland,Track_A,LogisticRegression,201,0,0.383045,2
Cleveland,Track_A,LogisticRegression,203,0,0.175998,2
Cleveland,Track_A,LogisticRegression,209,1,0.276038,2
Cleveland,Track_A,LogisticRegression,214,1,0.243314,2
Cleveland,Track_A,LogisticRegression,225,0,0.004883,2
Cleveland,Track_A,LogisticRegression,231,1,0.900716,2
Cleveland,Track_A,LogisticRegression,236,1,0.957352,2
Cleveland,Track_A,LogisticRegression,240,0,0.033888,2
Cleveland,Track_A,LogisticRegression,241,0,0.014716,2
Cleveland,Track_A,LogisticRegression,244,0,0.020553,2
Cleveland,Track_A,LogisticRegression,248,1,0.861495,2
Cleveland,Track_A,LogisticRegression,250,0,0.687671,2
Cleveland,Track_A,LogisticRegression,252,0,0.963885,2
Cleveland,Track_A,LogisticRegression,255,0,0.015402,2
Cleveland,Track_A,LogisticRegression,258,0,0.164285,2
Cleveland,Track_A,LogisticRegression,259,1,0.190354,2
Cleveland,Track_A,LogisticRegression,263,0,0.051327,2
Cleveland,Track_A,LogisticRegression,294,1,0.117618,2
Cleveland,Track_A,LogisticRegression,297,1,0.598778,2
Cleveland,Track_A,LogisticRegression,7,0,0.200806,3
Cleveland,Track_A,LogisticRegression,18,0,0.054686,3
Cleveland,Track_A,LogisticRegression,20,0,0.158941,3
Cleveland,Track_A,LogisticRegression,23,1,0.830941,3
Cleveland,Track_A,LogisticRegression,24,1,0.98876,3
Cleveland,Track_A,LogisticRegression,33,0,0.56682,3
Cleveland,Track_A,LogisticRegression,37,1,0.981229,3
Cleveland,Track_A,LogisticRegression,43,0,0.047022,3
Cleveland,Track_A,LogisticRegression,47,1,0.877576,3
Cleveland,Track_A,LogisticRegression,51,0,0.283857,3
Cleveland,Track_A,LogisticRegression,57,1,0.322804,3
Cleveland,Track_A,LogisticRegression,58,0,0.73214,3
Cleveland,Track_A,LogisticRegression,60,1,0.743358,3
Cleveland,Track_A,LogisticRegression,61,0,0.495846,3
Cleveland,Track_A,LogisticRegression,66,1,0.299842,3
Cleveland,Track_A,LogisticRegression,70,0,0.07249,3
Cleveland,Track_A,LogisticRegression,72,1,0.988354,3
Cleveland,Track_A,LogisticRegression,81,0,0.264652,3
Cleveland,Track_A,LogisticRegression,83,1,0.82639,3
Cleveland,Track_A,LogisticRegression,85,0,0.122891,3
Cleveland,Track_A,LogisticRegression,88,0,0.109573,3
Cleveland,Track_A,LogisticRegression,89,0,0.070154,3
Cleveland,Track_A,LogisticRegression,93,0,0.025897,3
Cleveland,Track_A,LogisticRegression,99,0,0.128697,3
Cleveland,Track_A,LogisticRegression,110,1,0.849566,3
Cleveland,Track_A,LogisticRegression,117,0,0.056036,3
Cleveland,Track_A,LogisticRegression,125,0,0.055206,3
Cleveland,Track_A,LogisticRegression,127,1,0.939582,3
Cleveland,Track_A,LogisticRegression,136,1,0.938983,3
Cleveland,Track_A,LogisticRegression,137,1,0.803445,3
Cleveland,Track_A,LogisticRegression,145,1,0.058814,3
Cleveland,Track_A,LogisticRegression,148,0,0.083146,3
Cleveland,Track_A,LogisticRegression,149,0,0.06926,3
Cleveland,Track_A,LogisticRegression,151,0,0.229904,3
Cleveland,Track_A,LogisticRegression,157,1,0.892876,3
Cleveland,Track_A,LogisticRegression,158,1,0.966807,3
Cleveland,Track_A,LogisticRegression,165,0,0.543719,3
Cleveland,Track_A,LogisticRegression,177,1,0.967263,3
Cleveland,Track_A,LogisticRegression,180,1,0.679792,3
Cleveland,Track_A,LogisticRegression,197,0,0.502275,3
Cleveland,Track_A,LogisticRegression,198,0,0.015728,3
Cleveland,Track_A,LogisticRegression,204,0,0.246463,3
Cleveland,Track_A,LogisticRegression,207,1,0.925528,3
Cleveland,Track_A,LogisticRegression,212,0,0.260067,3
Cleveland,Track_A,LogisticRegression,215,0,0.174563,3
Cleveland,Track_A,LogisticRegression,218,0,0.787461,3
Cleveland,Track_A,LogisticRegression,228,1,0.861578,3
Cleveland,Track_A,LogisticRegression,233,0,0.255953,3
Cleveland,Track_A,LogisticRegression,237,1,0.5262,3
Cleveland,Track_A,LogisticRegression,243,1,0.450713,3
Cleveland,Track_A,LogisticRegression,253,0,0.061311,3
Cleveland,Track_A,LogisticRegression,266,1,0.268297,3
Cleveland,Track_A,LogisticRegression,267,1,0.433104,3
Cleveland,Track_A,LogisticRegression,274,1,0.169199,3
Cleveland,Track_A,LogisticRegression,277,0,0.095954,3
Cleveland,Track_A,LogisticRegression,279,0,0.154535,3
Cleveland,Track_A,LogisticRegression,282,1,0.89505,3
Cleveland,Track_A,LogisticRegression,288,0,0.170438,3
Cleveland,Track_A,LogisticRegression,293,1,0.977529,3
Cleveland,Track_A,LogisticRegression,295,0,0.018886,3
Cleveland,Track_A,LogisticRegression,296,1,0.960341,3
Cleveland,Track_A,LogisticRegression,3,0,0.361213,4
Cleveland,Track_A,LogisticRegression,4,0,0.030154,4
Cleveland,Track_A,LogisticRegression,14,0,0.242606,4
Cleveland,Track_A,LogisticRegression,27,0,0.104386,4
Cleveland,Track_A,LogisticRegression,54,1,0.923666,4
Cleveland,Track_A,LogisticRegression,68,1,0.990302,4
Cleveland,Track_A,LogisticRegression,74,1,0.274972,4
Cleveland,Track_A,LogisticRegression,79,1,0.94084,4
Cleveland,Track_A,LogisticRegression,80,0,0.786524,4
Cleveland,Track_A,LogisticRegression,87,0,0.179141,4
Cleveland,Track_A,LogisticRegression,95,1,0.819932,4
Cleveland,Track_A,LogisticRegression,111,1,0.821072,4
Cleveland,Track_A,LogisticRegression,113,1,0.888304,4
Cleveland,Track_A,LogisticRegression,116,0,0.085094,4
Cleveland,Track_A,LogisticRegression,118,1,0.995821,4
Cleveland,Track_A,LogisticRegression,123,1,0.990077,4
Cleveland,Track_A,LogisticRegression,126,1,0.995275,4
Cleveland,Track_A,LogisticRegression,128,0,0.031819,4
Cleveland,Track_A,LogisticRegression,130,0,0.547538,4
Cleveland,Track_A,LogisticRegression,131,0,0.619478,4
Cleveland,Track_A,LogisticRegression,140,0,0.113822,4
Cleveland,Track_A,LogisticRegression,141,1,0.358777,4
Cleveland,Track_A,LogisticRegression,147,0,0.052423,4
Cleveland,Track_A,LogisticRegression,152,0,0.70258,4
Cleveland,Track_A,LogisticRegression,154,1,0.971526,4
Cleveland,Track_A,LogisticRegression,161,1,0.95515,4
Cleveland,Track_A,LogisticRegression,163,0,0.203407,4
Cleveland,Track_A,LogisticRegression,167,0,0.135545,4
Cleveland,Track_A,LogisticRegression,169,0,0.013233,4
Cleveland,Track_A,LogisticRegression,171,0,0.885705,4
Cleveland,Track_A,LogisticRegression,172,1,0.277662,4
Cleveland,Track_A,LogisticRegression,178,0,0.467609,4
Cleveland,Track_A,LogisticRegression,179,0,0.627142,4
Cleveland,Track_A,LogisticRegression,184,1,0.136491,4
Cleveland,Track_A,LogisticRegression,185,0,0.054183,4
Cleveland,Track_A,LogisticRegression,186,0,0.208166,4
Cleveland,Track_A,LogisticRegression,187,1,0.964657,4
Cleveland,Track_A,LogisticRegression,189,1,0.984089,4
Cleveland,Track_A,LogisticRegression,193,1,0.872337,4
Cleveland,Track_A,LogisticRegression,206,1,0.995604,4
Cleveland,Track_A,LogisticRegression,208,0,0.057415,4
Cleveland,Track_A,LogisticRegression,210,0,0.015173,4
Cleveland,Track_A,LogisticRegression,221,0,0.034055,4
Cleveland,Track_A,LogisticRegression,232,1,0.818641,4
Cleveland,Track_A,LogisticRegression,235,1,0.989907,4
Cleveland,Track_A,LogisticRegression,242,0,0.04617,4
Cleveland,Track_A,LogisticRegression,247,1,0.91077,4
Cleveland,Track_A,LogisticRegression,251,1,0.93916,4
Cleveland,Track_A,LogisticRegression,257,0,0.123536,4
Cleveland,Track_A,LogisticRegression,268,1,0.3207,4
Cleveland,Track_A,LogisticRegression,271,0,0.821914,4
Cleveland,Track_A,LogisticRegression,272,1,0.992184,4
Cleveland,Track_A,LogisticRegression,273,0,0.101129,4
Cleveland,Track_A,LogisticRegression,275,0,0.339418,4
Cleveland,Track_A,LogisticRegression,276,0,0.214611,4
Cleveland,Track_A,LogisticRegression,281,0,0.064644,4
Cleveland,Track_A,LogisticRegression,289,0,0.063463,4
Cleveland,Track_A,LogisticRegression,290,1,0.606251,4
Cleveland,Track_A,LogisticRegression,298,1,0.255147,4
Cleveland,Track_A,LogisticRegression,302,0,0.051662,4
Cleveland,Track_A,LogisticRegression,0,0,0.272296,5
Cleveland,Track_A,LogisticRegression,9,1,0.921156,5
Cleveland,Track_A,LogisticRegression,11,0,0.063862,5
Cleveland,Track_A,LogisticRegression,15,0,0.088847,5
Cleveland,Track_A,LogisticRegression,26,0,0.022747,5
Cleveland,Track_A,LogisticRegression,28,0,0.257329,5
Cleveland,Track_A,LogisticRegression,32,1,0.112803,5
Cleveland,Track_A,LogisticRegression,38,1,0.964678,5
Cleveland,Track_A,LogisticRegression,42,0,0.158657,5
Cleveland,Track_A,LogisticRegression,48,0,0.170677,5
Cleveland,Track_A,LogisticRegression,49,0,0.246489,5
Cleveland,Track_A,LogisticRegression,50,0,0.018815,5
Cleveland,Track_A,LogisticRegression,55,1,0.980931,5
Cleveland,Track_A,LogisticRegression,65,1,0.992581,5
Cleveland,Track_A,LogisticRegression,69,1,0.392421,5
Cleveland,Track_A,LogisticRegression,71,1,0.850221,5
Cleveland,Track_A,LogisticRegression,75,0,0.115941,5
Cleveland,Track_A,LogisticRegression,78,0,0.071585,5
Cleveland,Track_A,LogisticRegression,82,0,0.139348,5
Cleveland,Track_A,LogisticRegression,91,1,0.993855,5
Cleveland,Track_A,LogisticRegression,100,0,0.130723,5
Cleveland,Track_A,LogisticRegression,104,1,0.960322,5
Cleveland,Track_A,LogisticRegression,105,0,0.127519,5
Cleveland,Track_A,LogisticRegression,109,1,0.67626,5
Cleveland,Track_A,LogisticRegression,115,0,0.262497,5
Cleveland,Track_A,LogisticRegression,134,0,0.035388,5
Cleveland,Track_A,LogisticRegression,153,1,0.974884,5
Cleveland,Track_A,LogisticRegression,159,0,0.528175,5
Cleveland,Track_A,LogisticRegression,160,0,0.062159,5
Cleveland,Track_A,LogisticRegression,174,1,0.968376,5
Cleveland,Track_A,LogisticRegression,176,0,0.914883,5
Cleveland,Track_A,LogisticRegression,181,1,0.975684,5
Cleveland,Track_A,LogisticRegression,190,0,0.063223,5
Cleveland,Track_A,LogisticRegression,199,1,0.089193,5
Cleveland,Track_A,LogisticRegression,205,1,0.995672,5
Cleveland,Track_A,LogisticRegression,211,1,0.311555,5
Cleveland,Track_A,LogisticRegression,216,0,0.005816,5
Cleveland,Track_A,LogisticRegression,217,0,0.317271,5
Cleveland,Track_A,LogisticRegression,220,0,0.06106,5
Cleveland,Track_A,LogisticRegression,224,1,0.594407,5
Cleveland,Track_A,LogisticRegression,226,0,0.143815,5
Cleveland,Track_A,LogisticRegression,229,1,0.619991,5
Cleveland,Track_A,LogisticRegression,234,0,0.095233,5
Cleveland,Track_A,LogisticRegression,238,0,0.024353,5
Cleveland,Track_A,LogisticRegression,239,0,0.042334,5
Cleveland,Track_A,LogisticRegression,246,1,0.548098,5
Cleveland,Track_A,LogisticRegression,249,0,0.044073,5
Cleveland,Track_A,LogisticRegression,256,0,0.259597,5
Cleveland,Track_A,LogisticRegression,260,0,0.131361,5
Cleveland,Track_A,LogisticRegression,261,1,0.152739,5
Cleveland,Track_A,LogisticRegression,265,1,0.906215,5
Cleveland,Track_A,LogisticRegression,269,0,0.084328,5
Cleveland,Track_A,LogisticRegression,278,1,0.185531,5
Cleveland,Track_A,LogisticRegression,280,1,0.954041,5
Cleveland,Track_A,LogisticRegression,283,0,0.026531,5
Cleveland,Track_A,LogisticRegression,285,1,0.994103,5
Cleveland,Track_A,LogisticRegression,286,1,0.962068,5
Cleveland,Track_A,LogisticRegression,292,1,0.857483,5
Cleveland,Track_A,LogisticRegression,299,1,0.954105,5
Cleveland,Track_A,LogisticRegression,301,1,0.060404,5
Cleveland,Track_A,RandomForest,2,1,0.937647,1
Cleveland,Track_A,RandomForest,6,1,0.66465,1
Cleveland,Track_A,RandomForest,10,0,0.413781,1
Cleveland,Track_A,RandomForest,12,1,0.643816,1
Cleveland,Track_A,RandomForest,17,0,0.312146,1
Cleveland,Track_A,RandomForest,19,0,0.069601,1
Cleveland,Track_A,RandomForest,21,0,0.257496,1
Cleveland,Track_A,RandomForest,25,0,0.103573,1
Cleveland,Track_A,RandomForest,29,1,0.743493,1
Cleveland,Track_A,RandomForest,30,0,0.351315,1
Cleveland,Track_A,RandomForest,34,0,0.140292,1
Cleveland,Track_A,RandomForest,35,0,0.191894,1
Cleveland,Track_A,RandomForest,36,1,0.867405,1
Cleveland,Track_A,RandomForest,39,0,0.588964,1
Cleveland,Track_A,RandomForest,40,1,0.818193,1
Cleveland,Track_A,RandomForest,41,0,0.40158,1
Cleveland,Track_A,RandomForest,44,1,0.25398,1
Cleveland,Track_A,RandomForest,45,1,0.61764,1
Cleveland,Track_A,RandomForest,56,1,0.415703,1
Cleveland,Track_A,RandomForest,59,0,0.559186,1
Cleveland,Track_A,RandomForest,73,1,0.69079,1
Cleveland,Track_A,RandomForest,77,0,0.285758,1
Cleveland,Track_A,RandomForest,86,0,0.129351,1
Cleveland,Track_A,RandomForest,90,0,0.36045,1
Cleveland,Track_A,RandomForest,94,0,0.127178,1
Cleveland,Track_A,RandomForest,98,0,0.280425,1
Cleveland,Track_A,RandomForest,103,0,0.185601,1
Cleveland,Track_A,RandomForest,107,1,0.512268,1
Cleveland,Track_A,RandomForest,108,1,0.953733,1
Cleveland,Track_A,RandomForest,112,0,0.22593,1
Cleveland,Track_A,RandomForest,114,1,0.579061,1
Cleveland,Track_A,RandomForest,122,0,0.468236,1
Cleveland,Track_A,RandomForest,124,1,0.439326,1
Cleveland,Track_A,RandomForest,129,0,0.217756,1
Cleveland,Track_A,RandomForest,135,0,0.107804,1
Cleveland,Track_A,RandomForest,138,1,0.84051,1
Cleveland,Track_A,RandomForest,142,0,0.045686,1
Cleveland,Track_A,RandomForest,144,0,0.496645,1
Cleveland,Track_A,RandomForest,146,1,0.922779,1
Cleveland,Track_A,RandomForest,155,1,0.692178,1
Cleveland,Track_A,RandomForest,156,1,0.630633,1
Cleveland,Track_A,RandomForest,170,1,0.857182,1
Cleveland,Track_A,RandomForest,183,0,0.741892,1
Cleveland,Track_A,RandomForest,191,1,0.973512,1
Cleveland,Track_A,RandomForest,192,1,0.777233,1
Cleveland,Track_A,RandomForest,202,0,0.413073,1
Cleveland,Track_A,RandomForest,213,1,0.819679,1
Cleveland,Track_A,RandomForest,219,0,0.270558,1
Cleveland,Track_A,RandomForest,222,0,0.052886,1
Cleveland,Track_A,RandomForest,223,1,0.957842,1
Cleveland,Track_A,RandomForest,227,0,0.218656,1
Cleveland,Track_A,RandomForest,230,0,0.055046,1
Cleveland,Track_A,RandomForest,245,1,0.39613,1
Cleveland,Track_A,RandomForest,254,0,0.284732,1
Cleveland,Track_A,RandomForest,262,0,0.200409,1
Cleveland,Track_A,RandomForest,264,1,0.881431,1
Cleveland,Track_A,RandomForest,270,1,0.901006,1
Cleveland,Track_A,RandomForest,284,1,0.713522,1
Cleveland,Track_A,RandomForest,287,0,0.583165,1
Cleveland,Track_A,RandomForest,291,0,0.091563,1
Cleveland,Track_A,RandomForest,300,1,0.907137,1
Cleveland,Track_A,RandomForest,1,1,0.85063,2
Cleveland,Track_A,RandomForest,5,0,0.07373,2
Cleveland,Track_A,RandomForest,8,1,0.89059,2
Cleveland,Track_A,RandomForest,13,0,0.187637,2
Cleveland,Track_A,RandomForest,16,1,0.251054,2
Cleveland,Track_A,RandomForest,22,1,0.21786,2
Cleveland,Track_A,RandomForest,31,1,0.763472,2
Cleveland,Track_A,RandomForest,46,0,0.239538,2
Cleveland,Track_A,RandomForest,52,1,0.463653,2
Cleveland,Track_A,RandomForest,53,0,0.062054,2
Cleveland,Track_A,RandomForest,62,1,0.987129,2
Cleveland,Track_A,RandomForest,63,0,0.064203,2
Cleveland,Track_A,RandomForest,64,1,0.905876,2
Cleveland,Track_A,RandomForest,67,0,0.29651,2
Cleveland,Track_A,RandomForest,76,1,0.987185,2
Cleveland,Track_A,RandomForest,84,0,0.116689,2
Cleveland,Track_A,RandomForest,92,0,0.803718,2
Cleveland,Track_A,RandomForest,96,1,0.928677,2
Cleveland,Track_A,RandomForest,97,1,0.896077,2
Cleveland,Track_A,RandomForest,101,0,0.101525,2
Cleveland,Track_A,RandomForest,102,0,0.503035,2
Cleveland,Track_A,RandomForest,106,1,0.722478,2
Cleveland,Track_A,RandomForest,119,1,0.961925,2
Cleveland,Track_A,RandomForest,120,1,0.784781,2
Cleveland,Track_A,RandomForest,121,1,0.858934,2
Cleveland,Track_A,RandomForest,132,0,0.064197,2
Cleveland,Track_A,RandomForest,133,0,0.279007,2
Cleveland,Track_A,RandomForest,139,0,0.210038,2
Cleveland,Track_A,RandomForest,143,1,0.701364,2
Cleveland,Track_A,RandomForest,150,0,0.28474,2
Cleveland,Track_A,RandomForest,162,0,0.088737,2
Cleveland,Track_A,RandomForest,164,0,0.213064,2
Cleveland,Track_A,RandomForest,166,0,0.160854,2
Cleveland,Track_A,RandomForest,168,1,0.621634,2
Cleveland,Track_A,RandomForest,173,0,0.355261,2
Cleveland,Track_A,RandomForest,175,1,0.973311,2
Cleveland,Track_A,RandomForest,182,0,0.356531,2
Cleveland,Track_A,RandomForest,188,1,0.415343,2
Cleveland,Track_A,RandomForest,194,0,0.2182,2
Cleveland,Track_A,RandomForest,195,1,0.692479,2
Cleveland,Track_A,RandomForest,196,0,0.46494,2
Cleveland,Track_A,RandomForest,200,0,0.170655,2
Cleveland,Track_A,RandomForest,201,0,0.503465,2
Cleveland,Track_A,RandomForest,203,0,0.40705,2
Cleveland,Track_A,RandomForest,209,1,0.420559,2
Cleveland,Track_A,RandomForest,214,1,0.436189,2
Cleveland,Track_A,RandomForest,225,0,0.021312,2
Cleveland,Track_A,RandomForest,231,1,0.730409,2
Cleveland,Track_A,RandomForest,236,1,0.916121,2
Cleveland,Track_A,RandomForest,240,0,0.147942,2
Cleveland,Track_A,RandomForest,241,0,0.038294,2
Cleveland,Track_A,RandomForest,244,0,0.293857,2
Cleveland,Track_A,RandomForest,248,1,0.681897,2
Cleveland,Track_A,RandomForest,250,0,0.799737,2
Cleveland,Track_A,RandomForest,252,0,0.949822,2
Cleveland,Track_A,RandomForest,255,0,0.026061,2
Cleveland,Track_A,RandomForest,258,0,0.377572,2
Cleveland,Track_A,RandomForest,259,1,0.313356,2
Cleveland,Track_A,RandomForest,263,0,0.047244,2
Cleveland,Track_A,RandomForest,294,1,0.445146,2
Cleveland,Track_A,RandomForest,297,1,0.703644,2
Cleveland,Track_A,RandomForest,7,0,0.418846,3
Cleveland,Track_A,RandomForest,18,0,0.115785,3
Cleveland,Track_A,RandomForest,20,0,0.434904,3
Cleveland,Track_A,RandomForest,23,1,0.517996,3
Cleveland,Track_A,RandomForest,24,1,0.984791,3
Cleveland,Track_A,RandomForest,33,0,0.588253,3
Cleveland,Track_A,RandomForest,37,1,0.887562,3
Cleveland,Track_A,RandomForest,43,0,0.09407,3
Cleveland,Track_A,RandomForest,47,1,0.784427,3
Cleveland,Track_A,RandomForest,51,0,0.547216,3
Cleveland,Track_A,RandomForest,57,1,0.445661,3
Cleveland,Track_A,RandomForest,58,0,0.411698,3
Cleveland,Track_A,RandomForest,60,1,0.824632,3
Cleveland,Track_A,RandomForest,61,0,0.169667,3
Cleveland,Track_A,RandomForest,66,1,0.332315,3
Cleveland,Track_A,RandomForest,70,0,0.197254,3
Cleveland,Track_A,RandomForest,72,1,0.904399,3
Cleveland,Track_A,RandomForest,81,0,0.28079,3
Cleveland,Track_A,RandomForest,83,1,0.499119,3
Cleveland,Track_A,RandomForest,85,0,0.047715,3
Cleveland,Track_A,RandomForest,88,0,0.163965,3
Cleveland,Track_A,RandomForest,89,0,0.077947,3
Cleveland,Track_A,RandomForest,93,0,0.092027,3
Cleveland,Track_A,RandomForest,99,0,0.168244,3
Cleveland,Track_A,RandomForest,110,1,0.795617,3
Cleveland,Track_A,RandomForest,117,0,0.141259,3
Cleveland,Track_A,RandomForest,125,0,0.074562,3
Cleveland,Track_A,RandomForest,127,1,0.930842,3
Cleveland,Track_A,RandomForest,136,1,0.847371,3
Cleveland,Track_A,RandomForest,137,1,0.704998,3
Cleveland,Track_A,RandomForest,145,1,0.046496,3
Cleveland,Track_A,RandomForest,148,0,0.090204,3
Cleveland,Track_A,RandomForest,149,0,0.21912,3
Cleveland,Track_A,RandomForest,151,0,0.2901,3
Cleveland,Track_A,RandomForest,157,1,0.773137,3
Cleveland,Track_A,RandomForest,158,1,0.858419,3
Cleveland,Track_A,RandomForest,165,0,0.600739,3
Cleveland,Track_A,RandomForest,177,1,0.908853,3
Cleveland,Track_A,RandomForest,180,1,0.558663,3
Cleveland,Track_A,RandomForest,197,0,0.287687,3
Cleveland,Track_A,RandomForest,198,0,0.051312,3
Cleveland,Track_A,RandomForest,204,0,0.459255,3
Cleveland,Track_A,RandomForest,207,1,0.818191,3
Cleveland,Track_A,RandomForest,212,0,0.227146,3
Cleveland,Track_A,RandomForest,215,0,0.42054,3
Cleveland,Track_A,RandomForest,218,0,0.828535,3
Cleveland,Track_A,RandomForest,228,1,0.720033,3
Cleveland,Track_A,RandomForest,233,0,0.394481,3
Cleveland,Track_A,RandomForest,237,1,0.590412,3
Cleveland,Track_A,RandomForest,243,1,0.568055,3
Cleveland,Track_A,RandomForest,253,0,0.111902,3
Cleveland,Track_A,RandomForest,266,1,0.349684,3
Cleveland,Track_A,RandomForest,267,1,0.574774,3
Cleveland,Track_A,RandomForest,274,1,0.250937,3
Cleveland,Track_A,RandomForest,277,0,0.04207,3
Cleveland,Track_A,RandomForest,279,0,0.35746,3
Cleveland,Track_A,RandomForest,282,1,0.94724,3
Cleveland,Track_A,RandomForest,288,0,0.265094,3
Cleveland,Track_A,RandomForest,293,1,0.906789,3
Cleveland,Track_A,RandomForest,295,0,0.055755,3
Cleveland,Track_A,RandomForest,296,1,0.842254,3
Cleveland,Track_A,RandomForest,3,0,0.477516,4
Cleveland,Track_A,RandomForest,4,0,0.04267,4
Cleveland,Track_A,RandomForest,14,0,0.215031,4
Cleveland,Track_A,RandomForest,27,0,0.48779,4
Cleveland,Track_A,RandomForest,54,1,0.888284,4
Cleveland,Track_A,RandomForest,68,1,0.919883,4
Cleveland,Track_A,RandomForest,74,1,0.370215,4
Cleveland,Track_A,RandomForest,79,1,0.803746,4
Cleveland,Track_A,RandomForest,80,0,0.674239,4
Cleveland,Track_A,RandomForest,87,0,0.260491,4
Cleveland,Track_A,RandomForest,95,1,0.754186,4
Cleveland,Track_A,RandomForest,111,1,0.756502,4
Cleveland,Track_A,RandomForest,113,1,0.916946,4
Cleveland,Track_A,RandomForest,116,0,0.170334,4
Cleveland,Track_A,RandomForest,118,1,0.894885,4
Cleveland,Track_A,RandomForest,123,1,0.907082,4
Cleveland,Track_A,RandomForest,126,1,0.983012,4
Cleveland,Track_A,RandomForest,128,0,0.039038,4
Cleveland,Track_A,RandomForest,130,0,0.431186,4
Cleveland,Track_A,RandomForest,131,0,0.426306,4
Cleveland,Track_A,RandomForest,140,0,0.205083,4
Cleveland,Track_A,RandomForest,141,1,0.381079,4
Cleveland,Track_A,RandomForest,147,0,0.080263,4
Cleveland,Track_A,RandomForest,152,0,0.445831,4
Cleveland,Track_A,RandomForest,154,1,0.79702,4
Cleveland,Track_A,RandomForest,161,1,0.588463,4
Cleveland,Track_A,RandomForest,163,0,0.374938,4
Cleveland,Track_A,RandomForest,167,0,0.224444,4
Cleveland,Track_A,RandomForest,169,0,0.116775,4
Cleveland,Track_A,RandomForest,171,0,0.667055,4
Cleveland,Track_A,RandomForest,172,1,0.465414,4
Cleveland,Track_A,RandomForest,178,0,0.316094,4
Cleveland,Track_A,RandomForest,179,0,0.266091,4
Cleveland,Track_A,RandomForest,184,1,0.215507,4
Cleveland,Track_A,RandomForest,185,0,0.251367,4
Cleveland,Track_A,RandomForest,186,0,0.349495,4
Cleveland,Track_A,RandomForest,187,1,0.604126,4
Cleveland,Track_A,RandomForest,189,1,0.71445,4
Cleveland,Track_A,RandomForest,193,1,0.628326,4
Cleveland,Track_A,RandomForest,206,1,0.976808,4
Cleveland,Track_A,RandomForest,208,0,0.109138,4
Cleveland,Track_A,RandomForest,210,0,0.028443,4
Cleveland,Track_A,RandomForest,221,0,0.095106,4
Cleveland,Track_A,RandomForest,232,1,0.312278,4
Cleveland,Track_A,RandomForest,235,1,0.908303,4
Cleveland,Track_A,RandomForest,242,0,0.096969,4
Cleveland,Track_A,RandomForest,247,1,0.717388,4
Cleveland,Track_A,RandomForest,251,1,0.921536,4
Cleveland,Track_A,RandomForest,257,0,0.2154,4
Cleveland,Track_A,RandomForest,268,1,0.273154,4
Cleveland,Track_A,RandomForest,271,0,0.68456,4
Cleveland,Track_A,RandomForest,272,1,0.943092,4
Cleveland,Track_A,RandomForest,273,0,0.449407,4
Cleveland,Track_A,RandomForest,275,0,0.394819,4
Cleveland,Track_A,RandomForest,276,0,0.323753,4
Cleveland,Track_A,RandomForest,281,0,0.062648,4
Cleveland,Track_A,RandomForest,289,0,0.126258,4
Cleveland,Track_A,RandomForest,290,1,0.416679,4
Cleveland,Track_A,RandomForest,298,1,0.551511,4
Cleveland,Track_A,RandomForest,302,0,0.039497,4
Cleveland,Track_A,RandomForest,0,0,0.434404,5
Cleveland,Track_A,RandomForest,9,1,0.721401,5
Cleveland,Track_A,RandomForest,11,0,0.165169,5
Cleveland,Track_A,RandomForest,15,0,0.128562,5
Cleveland,Track_A,RandomForest,26,0,0.072777,5
Cleveland,Track_A,RandomForest,28,0,0.260485,5
Cleveland,Track_A,RandomForest,32,1,0.177954,5
Cleveland,Track_A,RandomForest,38,1,0.943842,5
Cleveland,Track_A,RandomForest,42,0,0.243873,5
Cleveland,Track_A,RandomForest,48,0,0.186899,5
Cleveland,Track_A,RandomForest,49,0,0.204395,5
Cleveland,Track_A,RandomForest,50,0,0.089854,5
Cleveland,Track_A,RandomForest,55,1,0.974126,5
Cleveland,Track_A,RandomForest,65,1,0.992189,5
Cleveland,Track_A,RandomForest,69,1,0.30482,5
Cleveland,Track_A,RandomForest,71,1,0.689133,5
Cleveland,Track_A,RandomForest,75,0,0.192672,5
Cleveland,Track_A,RandomForest,78,0,0.083779,5
Cleveland,Track_A,RandomForest,82,0,0.087001,5
Cleveland,Track_A,RandomForest,91,1,0.85567,5
Cleveland,Track_A,RandomForest,100,0,0.23166,5
Cleveland,Track_A,RandomForest,104,1,0.708258,5
Cleveland,Track_A,RandomForest,105,0,0.221675,5
Cleveland,Track_A,RandomForest,109,1,0.706396,5
Cleveland,Track_A,RandomForest,115,0,0.305409,5
Cleveland,Track_A,RandomForest,134,0,0.026522,5
Cleveland,Track_A,RandomForest,153,1,0.96857,5
Cleveland,Track_A,RandomForest,159,0,0.642793,5
Cleveland,Track_A,RandomForest,160,0,0.219147,5
Cleveland,Track_A,RandomForest,174,1,0.836013,5
Cleveland,Track_A,RandomForest,176,0,0.789088,5
Cleveland,Track_A,RandomForest,181,1,0.926626,5
Cleveland,Track_A,RandomForest,190,0,0.066325,5
Cleveland,Track_A,RandomForest,199,1,0.242989,5
Cleveland,Track_A,RandomForest,205,1,0.837548,5
Cleveland,Track_A,RandomForest,211,1,0.390416,5
Cleveland,Track_A,RandomForest,216,0,0.069302,5
Cleveland,Track_A,RandomForest,217,0,0.357736,5
Cleveland,Track_A,RandomForest,220,0,0.052351,5
Cleveland,Track_A,RandomForest,224,1,0.72786,5
Cleveland,Track_A,RandomForest,226,0,0.350174,5
Cleveland,Track_A,RandomForest,229,1,0.591249,5
Cleveland,Track_A,RandomForest,234,0,0.132214,5
Cleveland,Track_A,RandomForest,238,0,0.07873,5
Cleveland,Track_A,RandomForest,239,0,0.105633,5
Cleveland,Track_A,RandomForest,246,1,0.68669,5
Cleveland,Track_A,RandomForest,249,0,0.137973,5
Cleveland,Track_A,RandomForest,256,0,0.400893,5
Cleveland,Track_A,RandomForest,260,0,0.186129,5
Cleveland,Track_A,RandomForest,261,1,0.142999,5
Cleveland,Track_A,RandomForest,265,1,0.729852,5
Cleveland,Track_A,RandomForest,269,0,0.122414,5
Cleveland,Track_A,RandomForest,278,1,0.231643,5
Cleveland,Track_A,RandomForest,280,1,0.923794,5
Cleveland,Track_A,RandomForest,283,0,0.038797,5
Cleveland,Track_A,RandomForest,285,1,0.82113,5
Cleveland,Track_A,RandomForest,286,1,0.872172,5
Cleveland,Track_A,RandomForest,292,1,0.591893,5
Cleveland,Track_A,RandomForest,299,1,0.858484,5
Cleveland,Track_A,RandomForest,301,1,0.146894,5
Cleveland,Track_A,SVM,2,1,0.970273,1
Cleveland,Track_A,SVM,6,1,0.725969,1
Cleveland,Track_A,SVM,10,0,0.470595,1
Cleveland,Track_A,SVM,12,1,0.871261,1
Cleveland,Track_A,SVM,17,0,0.145628,1
Cleveland,Track_A,SVM,19,0,0.069249,1
Cleveland,Track_A,SVM,21,0,0.091024,1
Cleveland,Track_A,SVM,25,0,0.089738,1
Cleveland,Track_A,SVM,29,1,0.831278,1
Cleveland,Track_A,SVM,30,0,0.226843,1
Cleveland,Track_A,SVM,34,0,0.115931,1
Cleveland,Track_A,SVM,35,0,0.106531,1
Cleveland,Track_A,SVM,36,1,0.877923,1
Cleveland,Track_A,SVM,39,0,0.781736,1
Cleveland,Track_A,SVM,40,1,0.813678,1
Cleveland,Track_A,SVM,41,0,0.379842,1
Cleveland,Track_A,SVM,44,1,0.073478,1
Cleveland,Track_A,SVM,45,1,0.820981,1
Cleveland,Track_A,SVM,56,1,0.691369,1
Cleveland,Track_A,SVM,59,0,0.413044,1
Cleveland,Track_A,SVM,73,1,0.877107,1
Cleveland,Track_A,SVM,77,0,0.182773,1
Cleveland,Track_A,SVM,86,0,0.14934,1
Cleveland,Track_A,SVM,90,0,0.339145,1
Cleveland,Track_A,SVM,94,0,0.046238,1
Cleveland,Track_A,SVM,98,0,0.230634,1
Cleveland,Track_A,SVM,103,0,0.17516,1
Cleveland,Track_A,SVM,107,1,0.758096,1
Cleveland,Track_A,SVM,108,1,0.961695,1
Cleveland,Track_A,SVM,112,0,0.094829,1
Cleveland,Track_A,SVM,114,1,0.527928,1
Cleveland,Track_A,SVM,122,0,0.419356,1
Cleveland,Track_A,SVM,124,1,0.114823,1
Cleveland,Track_A,SVM,129,0,0.052679,1
Cleveland,Track_A,SVM,135,0,0.061228,1
Cleveland,Track_A,SVM,138,1,0.890048,1
Cleveland,Track_A,SVM,142,0,0.044075,1
Cleveland,Track_A,SVM,144,0,0.590604,1
Cleveland,Track_A,SVM,146,1,0.897596,1
Cleveland,Track_A,SVM,155,1,0.84811,1
Cleveland,Track_A,SVM,156,1,0.73393,1
Cleveland,Track_A,SVM,170,1,0.937154,1
Cleveland,Track_A,SVM,183,0,0.609762,1
Cleveland,Track_A,SVM,191,1,0.938552,1
Cleveland,Track_A,SVM,192,1,0.906698,1
Cleveland,Track_A,SVM,202,0,0.221669,1
Cleveland,Track_A,SVM,213,1,0.880732,1
Cleveland,Track_A,SVM,219,0,0.152462,1
Cleveland,Track_A,SVM,222,0,0.106553,1
Cleveland,Track_A,SVM,223,1,0.950178,1
Cleveland,Track_A,SVM,227,0,0.078629,1
Cleveland,Track_A,SVM,230,0,0.046266,1
Cleveland,Track_A,SVM,245,1,0.45886,1
Cleveland,Track_A,SVM,254,0,0.147041,1
Cleveland,Track_A,SVM,262,0,0.085729,1
Cleveland,Track_A,SVM,264,1,0.894534,1
Cleveland,Track_A,SVM,270,1,0.935006,1
Cleveland,Track_A,SVM,284,1,0.547305,1
Cleveland,Track_A,SVM,287,0,0.7211,1
Cleveland,Track_A,SVM,291,0,0.060464,1
Cleveland,Track_A,SVM,300,1,0.891718,1
Cleveland,Track_A,SVM,1,1,0.95055,2
Cleveland,Track_A,SVM,5,0,0.034615,2
Cleveland,Track_A,SVM,8,1,0.964667,2
Cleveland,Track_A,SVM,13,0,0.105703,2
Cleveland,Track_A,SVM,16,1,0.177431,2
Cleveland,Track_A,SVM,22,1,0.114841,2
Cleveland,Track_A,SVM,31,1,0.841176,2
Cleveland,Track_A,SVM,46,0,0.129444,2
Cleveland,Track_A,SVM,52,1,0.429338,2
Cleveland,Track_A,SVM,53,0,0.075655,2
Cleveland,Track_A,SVM,62,1,0.991619,2
Cleveland,Track_A,SVM,63,0,0.072159,2
Cleveland,Track_A,SVM,64,1,0.937555,2
Cleveland,Track_A,SVM,67,0,0.5,2
Cleveland,Track_A,SVM,76,1,0.988521,2
Cleveland,Track_A,SVM,84,0,0.066954,2
Cleveland,Track_A,SVM,92,0,0.96374,2
Cleveland,Track_A,SVM,96,1,0.965173,2
Cleveland,Track_A,SVM,97,1,0.962698,2
Cleveland,Track_A,SVM,101,0,0.127663,2
Cleveland,Track_A,SVM,102,0,0.138339,2
Cleveland,Track_A,SVM,106,1,0.617536,2
Cleveland,Track_A,SVM,119,1,0.978325,2
Cleveland,Track_A,SVM,120,1,0.887653,2
Cleveland,Track_A,SVM,121,1,0.774613,2
Cleveland,Track_A,SVM,132,0,0.153696,2
Cleveland,Track_A,SVM,133,0,0.230711,2
Cleveland,Track_A,SVM,139,0,0.223038,2
Cleveland,Track_A,SVM,143,1,0.854667,2
Cleveland,Track_A,SVM,150,0,0.223231,2
Cleveland,Track_A,SVM,162,0,0.038716,2
Cleveland,Track_A,SVM,164,0,0.191688,2
Cleveland,Track_A,SVM,166,0,0.12495,2
Cleveland,Track_A,SVM,168,1,0.772137,2
Cleveland,Track_A,SVM,173,0,0.148152,2
Cleveland,Track_A,SVM,175,1,0.97734,2
Cleveland,Track_A,SVM,182,0,0.485538,2
Cleveland,Track_A,SVM,188,1,0.665509,2
Cleveland,Track_A,SVM,194,0,0.114172,2
Cleveland,Track_A,SVM,195,1,0.931377,2
Cleveland,Track_A,SVM,196,0,0.489719,2
Cleveland,Track_A,SVM,200,0,0.062032,2
Cleveland,Track_A,SVM,201,0,0.601824,2
Cleveland,Track_A,SVM,203,0,0.217339,2
Cleveland,Track_A,SVM,209,1,0.505881,2
Cleveland,Track_A,SVM,214,1,0.187811,2
Cleveland,Track_A,SVM,225,0,0.07992,2
Cleveland,Track_A,SVM,231,1,0.750646,2
Cleveland,Track_A,SVM,236,1,0.944255,2
Cleveland,Track_A,SVM,240,0,0.05822,2
Cleveland,Track_A,SVM,241,0,0.048516,2
Cleveland,Track_A,SVM,244,0,0.194208,2
Cleveland,Track_A,SVM,248,1,0.82863,2
Cleveland,Track_A,SVM,250,0,0.795459,2
Cleveland,Track_A,SVM,252,0,0.960005,2
Cleveland,Track_A,SVM,255,0,0.034941,2
Cleveland,Track_A,SVM,258,0,0.355089,2
Cleveland,Track_A,SVM,259,1,0.100374,2
Cleveland,Track_A,SVM,263,0,0.040378,2
Cleveland,Track_A,SVM,294,1,0.177886,2
Cleveland,Track_A,SVM,297,1,0.826953,2
Cleveland,Track_A,SVM,7,0,0.358094,3
Cleveland,Track_A,SVM,18,0,0.046619,3
Cleveland,Track_A,SVM,20,0,0.196277,3
Cleveland,Track_A,SVM,23,1,0.821862,3
Cleveland,Track_A,SVM,24,1,0.986992,3
Cleveland,Track_A,SVM,33,0,0.721971,3
Cleveland,Track_A,SVM,37,1,0.966399,3
Cleveland,Track_A,SVM,43,0,0.057299,3
Cleveland,Track_A,SVM,47,1,0.839685,3
Cleveland,Track_A,SVM,51,0,0.444516,3
Cleveland,Track_A,SVM,57,1,0.608596,3
Cleveland,Track_A,SVM,58,0,0.5,3
Cleveland,Track_A,SVM,60,1,0.916531,3
Cleveland,Track_A,SVM,61,0,0.477386,3
Cleveland,Track_A,SVM,66,1,0.260033,3
Cleveland,Track_A,SVM,70,0,0.078131,3
Cleveland,Track_A,SVM,72,1,0.955037,3
Cleveland,Track_A,SVM,81,0,0.111865,3
Cleveland,Track_A,SVM,83,1,0.69568,3
Cleveland,Track_A,SVM,85,0,0.079834,3
Cleveland,Track_A,SVM,88,0,0.082366,3
Cleveland,Track_A,SVM,89,0,0.043586,3
Cleveland,Track_A,SVM,93,0,0.116079,3
Cleveland,Track_A,SVM,99,0,0.134772,3
Cleveland,Track_A,SVM,110,1,0.855427,3
Cleveland,Track_A,SVM,117,0,0.163695,3
Cleveland,Track_A,SVM,125,0,0.080065,3
Cleveland,Track_A,SVM,127,1,0.959399,3
Cleveland,Track_A,SVM,136,1,0.875811,3
Cleveland,Track_A,SVM,137,1,0.735146,3
Cleveland,Track_A,SVM,145,1,0.061132,3
Cleveland,Track_A,SVM,148,0,0.089474,3
Cleveland,Track_A,SVM,149,0,0.080921,3
Cleveland,Track_A,SVM,151,0,0.200662,3
Cleveland,Track_A,SVM,157,1,0.881968,3
Cleveland,Track_A,SVM,158,1,0.953794,3
Cleveland,Track_A,SVM,165,0,0.755244,3
Cleveland,Track_A,SVM,177,1,0.961231,3
Cleveland,Track_A,SVM,180,1,0.669561,3
Cleveland,Track_A,SVM,197,0,0.379783,3
Cleveland,Track_A,SVM,198,0,0.028909,3
Cleveland,Track_A,SVM,204,0,0.535568,3
Cleveland,Track_A,SVM,207,1,0.909723,3
Cleveland,Track_A,SVM,212,0,0.14331,3
Cleveland,Track_A,SVM,215,0,0.259619,3
Cleveland,Track_A,SVM,218,0,0.740639,3
Cleveland,Track_A,SVM,228,1,0.844305,3
Cleveland,Track_A,SVM,233,0,0.293656,3
Cleveland,Track_A,SVM,237,1,0.646993,3
Cleveland,Track_A,SVM,243,1,0.334038,3
Cleveland,Track_A,SVM,253,0,0.046048,3
Cleveland,Track_A,SVM,266,1,0.383013,3
Cleveland,Track_A,SVM,267,1,0.590146,3
Cleveland,Track_A,SVM,274,1,0.132058,3
Cleveland,Track_A,SVM,277,0,0.099045,3
Cleveland,Track_A,SVM,279,0,0.171901,3
Cleveland,Track_A,SVM,282,1,0.963254,3
Cleveland,Track_A,SVM,288,0,0.167281,3
Cleveland,Track_A,SVM,293,1,0.923717,3
Cleveland,Track_A,SVM,295,0,0.052734,3
Cleveland,Track_A,SVM,296,1,0.763502,3
Cleveland,Track_A,SVM,3,0,0.584147,4
Cleveland,Track_A,SVM,4,0,0.052837,4
Cleveland,Track_A,SVM,14,0,0.194528,4
Cleveland,Track_A,SVM,27,0,0.476131,4
Cleveland,Track_A,SVM,54,1,0.925891,4
Cleveland,Track_A,SVM,68,1,0.909716,4
Cleveland,Track_A,SVM,74,1,0.384126,4
Cleveland,Track_A,SVM,79,1,0.913425,4
Cleveland,Track_A,SVM,80,0,0.564033,4
Cleveland,Track_A,SVM,87,0,0.240261,4
Cleveland,Track_A,SVM,95,1,0.852215,4
Cleveland,Track_A,SVM,111,1,0.80494,4
Cleveland,Track_A,SVM,113,1,0.811403,4
Cleveland,Track_A,SVM,116,0,0.080682,4
Cleveland,Track_A,SVM,118,1,0.893832,4
Cleveland,Track_A,SVM,123,1,0.895,4
Cleveland,Track_A,SVM,126,1,0.789488,4
Cleveland,Track_A,SVM,128,0,0.043505,4
Cleveland,Track_A,SVM,130,0,0.658251,4
Cleveland,Track_A,SVM,131,0,0.5481,4
Cleveland,Track_A,SVM,140,0,0.085566,4
Cleveland,Track_A,SVM,141,1,0.383562,4
Cleveland,Track_A,SVM,147,0,0.063866,4
Cleveland,Track_A,SVM,152,0,0.441715,4
Cleveland,Track_A,SVM,154,1,0.882243,4
Cleveland,Track_A,SVM,161,1,0.75364,4
Cleveland,Track_A,SVM,163,0,0.128544,4
Cleveland,Track_A,SVM,167,0,0.242062,4
Cleveland,Track_A,SVM,169,0,0.079855,4
Cleveland,Track_A,SVM,171,0,0.886987,4
Cleveland,Track_A,SVM,172,1,0.512316,4
Cleveland,Track_A,SVM,178,0,0.316923,4
Cleveland,Track_A,SVM,179,0,0.436585,4
Cleveland,Track_A,SVM,184,1,0.096935,4
Cleveland,Track_A,SVM,185,0,0.1816,4
Cleveland,Track_A,SVM,186,0,0.449895,4
Cleveland,Track_A,SVM,187,1,0.696298,4
Cleveland,Track_A,SVM,189,1,0.938239,4
Cleveland,Track_A,SVM,193,1,0.591417,4
Cleveland,Track_A,SVM,206,1,0.988207,4
Cleveland,Track_A,SVM,208,0,0.067029,4
Cleveland,Track_A,SVM,210,0,0.055754,4
Cleveland,Track_A,SVM,221,0,0.062463,4
Cleveland,Track_A,SVM,232,1,0.709916,4
Cleveland,Track_A,SVM,235,1,0.944218,4
Cleveland,Track_A,SVM,242,0,0.040828,4
Cleveland,Track_A,SVM,247,1,0.823995,4
Cleveland,Track_A,SVM,251,1,0.946581,4
Cleveland,Track_A,SVM,257,0,0.182506,4
Cleveland,Track_A,SVM,268,1,0.352014,4
Cleveland,Track_A,SVM,271,0,0.696705,4
Cleveland,Track_A,SVM,272,1,0.967542,4
Cleveland,Track_A,SVM,273,0,0.248043,4
Cleveland,Track_A,SVM,275,0,0.24958,4
Cleveland,Track_A,SVM,276,0,0.188012,4
Cleveland,Track_A,SVM,281,0,0.045575,4
Cleveland,Track_A,SVM,289,0,0.176982,4
Cleveland,Track_A,SVM,290,1,0.466125,4
Cleveland,Track_A,SVM,298,1,0.425086,4
Cleveland,Track_A,SVM,302,0,0.049099,4
Cleveland,Track_A,SVM,0,0,0.337434,5
Cleveland,Track_A,SVM,9,1,0.851116,5
Cleveland,Track_A,SVM,11,0,0.057786,5
Cleveland,Track_A,SVM,15,0,0.08146,5
Cleveland,Track_A,SVM,26,0,0.041653,5
Cleveland,Track_A,SVM,28,0,0.153579,5
Cleveland,Track_A,SVM,32,1,0.110499,5
Cleveland,Track_A,SVM,38,1,0.953371,5
Cleveland,Track_A,SVM,42,0,0.167188,5
Cleveland,Track_A,SVM,48,0,0.248548,5
Cleveland,Track_A,SVM,49,0,0.228068,5
Cleveland,Track_A,SVM,50,0,0.090381,5
Cleveland,Track_A,SVM,55,1,0.984459,5
Cleveland,Track_A,SVM,65,1,0.988186,5
Cleveland,Track_A,SVM,69,1,0.32145,5
Cleveland,Track_A,SVM,71,1,0.664268,5
Cleveland,Track_A,SVM,75,0,0.14781,5
Cleveland,Track_A,SVM,78,0,0.053544,5
Cleveland,Track_A,SVM,82,0,0.159508,5
Cleveland,Track_A,SVM,91,1,0.703808,5
Cleveland,Track_A,SVM,100,0,0.231447,5
Cleveland,Track_A,SVM,104,1,0.888046,5
Cleveland,Track_A,SVM,105,0,0.262724,5
Cleveland,Track_A,SVM,109,1,0.771145,5
Cleveland,Track_A,SVM,115,0,0.345691,5
Cleveland,Track_A,SVM,134,0,0.04772,5
Cleveland,Track_A,SVM,153,1,0.978561,5
Cleveland,Track_A,SVM,159,0,0.5,5
Cleveland,Track_A,SVM,160,0,0.132385,5
Cleveland,Track_A,SVM,174,1,0.964978,5
Cleveland,Track_A,SVM,176,0,0.675642,5
Cleveland,Track_A,SVM,181,1,0.847051,5
Cleveland,Track_A,SVM,190,0,0.050648,5
Cleveland,Track_A,SVM,199,1,0.123723,5
Cleveland,Track_A,SVM,205,1,0.948959,5
Cleveland,Track_A,SVM,211,1,0.321611,5
Cleveland,Track_A,SVM,216,0,0.043813,5
Cleveland,Track_A,SVM,217,0,0.196966,5
Cleveland,Track_A,SVM,220,0,0.068334,5
Cleveland,Track_A,SVM,224,1,0.574,5
Cleveland,Track_A,SVM,226,0,0.187897,5
Cleveland,Track_A,SVM,229,1,0.645836,5
Cleveland,Track_A,SVM,234,0,0.127248,5
Cleveland,Track_A,SVM,238,0,0.042371,5
Cleveland,Track_A,SVM,239,0,0.085947,5
Cleveland,Track_A,SVM,246,1,0.508001,5
Cleveland,Track_A,SVM,249,0,0.061303,5
Cleveland,Track_A,SVM,256,0,0.252875,5
Cleveland,Track_A,SVM,260,0,0.104233,5
Cleveland,Track_A,SVM,261,1,0.125166,5
Cleveland,Track_A,SVM,265,1,0.939813,5
Cleveland,Track_A,SVM,269,0,0.091701,5
Cleveland,Track_A,SVM,278,1,0.111498,5
Cleveland,Track_A,SVM,280,1,0.918504,5
Cleveland,Track_A,SVM,283,0,0.073384,5
Cleveland,Track_A,SVM,285,1,0.854467,5
Cleveland,Track_A,SVM,286,1,0.944969,5
Cleveland,Track_A,SVM,292,1,0.718607,5
Cleveland,Track_A,SVM,299,1,0.885798,5
Cleveland,Track_A,SVM,301,1,0.051588,5
Cleveland,Track_A,XGBoost,2,1,0.94577,1
Cleveland,Track_A,XGBoost,6,1,0.86104,1
Cleveland,Track_A,XGBoost,10,0,0.288044,1
Cleveland,Track_A,XGBoost,12,1,0.56977,1
Cleveland,Track_A,XGBoost,17,0,0.166058,1
Cleveland,Track_A,XGBoost,19,0,0.039569,1
Cleveland,Track_A,XGBoost,21,0,0.137199,1
Cleveland,Track_A,XGBoost,25,0,0.039944,1
Cleveland,Track_A,XGBoost,29,1,0.862018,1
Cleveland,Track_A,XGBoost,30,0,0.126393,1
Cleveland,Track_A,XGBoost,34,0,0.039068,1
Cleveland,Track_A,XGBoost,35,0,0.088366,1
Cleveland,Track_A,XGBoost,36,1,0.921202,1
Cleveland,Track_A,XGBoost,39,0,0.670381,1
Cleveland,Track_A,XGBoost,40,1,0.80045,1
Cleveland,Track_A,XGBoost,41,0,0.218885,1
Cleveland,Track_A,XGBoost,44,1,0.092473,1
Cleveland,Track_A,XGBoost,45,1,0.867352,1
Cleveland,Track_A,XGBoost,56,1,0.327988,1
Cleveland,Track_A,XGBoost,59,0,0.617095,1
Cleveland,Track_A,XGBoost,73,1,0.782804,1
Cleveland,Track_A,XGBoost,77,0,0.197298,1
Cleveland,Track_A,XGBoost,86,0,0.094365,1
Cleveland,Track_A,XGBoost,90,0,0.293846,1
Cleveland,Track_A,XGBoost,94,0,0.045699,1
Cleveland,Track_A,XGBoost,98,0,0.197806,1
Cleveland,Track_A,XGBoost,103,0,0.087679,1
Cleveland,Track_A,XGBoost,107,1,0.678899,1
Cleveland,Track_A,XGBoost,108,1,0.981826,1
Cleveland,Track_A,XGBoost,112,0,0.054242,1
Cleveland,Track_A,XGBoost,114,1,0.47905,1
Cleveland,Track_A,XGBoost,122,0,0.190532,1
Cleveland,Track_A,XGBoost,124,1,0.359608,1
Cleveland,Track_A,XGBoost,129,0,0.055866,1
Cleveland,Track_A,XGBoost,135,0,0.038147,1
Cleveland,Track_A,XGBoost,138,1,0.925326,1
Cleveland,Track_A,XGBoost,142,0,0.025535,1
Cleveland,Track_A,XGBoost,144,0,0.470504,1
Cleveland,Track_A,XGBoost,146,1,0.982242,1
Cleveland,Track_A,XGBoost,155,1,0.853657,1
Cleveland,Track_A,XGBoost,156,1,0.734204,1
Cleveland,Track_A,XGBoost,170,1,0.879082,1
Cleveland,Track_A,XGBoost,183,0,0.933487,1
Cleveland,Track_A,XGBoost,191,1,0.981335,1
Cleveland,Track_A,XGBoost,192,1,0.923701,1
Cleveland,Track_A,XGBoost,202,0,0.494807,1
Cleveland,Track_A,XGBoost,213,1,0.867141,1
Cleveland,Track_A,XGBoost,219,0,0.20594,1
Cleveland,Track_A,XGBoost,222,0,0.024836,1
Cleveland,Track_A,XGBoost,223,1,0.975058,1
Cleveland,Track_A,XGBoost,227,0,0.114025,1
Cleveland,Track_A,XGBoost,230,0,0.021109,1
Cleveland,Track_A,XGBoost,245,1,0.242288,1
Cleveland,Track_A,XGBoost,254,0,0.2085,1
Cleveland,Track_A,XGBoost,262,0,0.098784,1
Cleveland,Track_A,XGBoost,264,1,0.975852,1
Cleveland,Track_A,XGBoost,270,1,0.967795,1
Cleveland,Track_A,XGBoost,284,1,0.81464,1
Cleveland,Track_A,XGBoost,287,0,0.617977,1
Cleveland,Track_A,XGBoost,291,0,0.023107,1
Cleveland,Track_A,XGBoost,300,1,0.965788,1
Cleveland,Track_A,XGBoost,1,1,0.969191,2
Cleveland,Track_A,XGBoost,5,0,0.03948,2
Cleveland,Track_A,XGBoost,8,1,0.968641,2
Cleveland,Track_A,XGBoost,13,0,0.141835,2
Cleveland,Track_A,XGBoost,16,1,0.197273,2
Cleveland,Track_A,XGBoost,22,1,0.159221,2
Cleveland,Track_A,XGBoost,31,1,0.926878,2
Cleveland,Track_A,XGBoost,46,0,0.133915,2
Cleveland,Track_A,XGBoost,52,1,0.728811,2
Cleveland,Track_A,XGBoost,53,0,0.030248,2
Cleveland,Track_A,XGBoost,62,1,0.986119,2
Cleveland,Track_A,XGBoost,63,0,0.054552,2
Cleveland,Track_A,XGBoost,64,1,0.963652,2
Cleveland,Track_A,XGBoost,67,0,0.194863,2
Cleveland,Track_A,XGBoost,76,1,0.986619,2
Cleveland,Track_A,XGBoost,84,0,0.050805,2
Cleveland,Track_A,XGBoost,92,0,0.905439,2
Cleveland,Track_A,XGBoost,96,1,0.977054,2
Cleveland,Track_A,XGBoost,97,1,0.975492,2
Cleveland,Track_A,XGBoost,101,0,0.042266,2
Cleveland,Track_A,XGBoost,102,0,0.724456,2
Cleveland,Track_A,XGBoost,106,1,0.802419,2
Cleveland,Track_A,XGBoost,119,1,0.97927,2
Cleveland,Track_A,XGBoost,120,1,0.893288,2
Cleveland,Track_A,XGBoost,121,1,0.965054,2
Cleveland,Track_A,XGBoost,132,0,0.037788,2
Cleveland,Track_A,XGBoost,133,0,0.17986,2
Cleveland,Track_A,XGBoost,139,0,0.189876,2
Cleveland,Track_A,XGBoost,143,1,0.775005,2
Cleveland,Track_A,XGBoost,150,0,0.393743,2
Cleveland,Track_A,XGBoost,162,0,0.032982,2
Cleveland,Track_A,XGBoost,164,0,0.221053,2
Cleveland,Track_A,XGBoost,166,0,0.119179,2
Cleveland,Track_A,XGBoost,168,1,0.750998,2
Cleveland,Track_A,XGBoost,173,0,0.472968,2
Cleveland,Track_A,XGBoost,175,1,0.98808,2
Cleveland,Track_A,XGBoost,182,0,0.325015,2
Cleveland,Track_A,XGBoost,188,1,0.435215,2
Cleveland,Track_A,XGBoost,194,0,0.071205,2
Cleveland,Track_A,XGBoost,195,1,0.915818,2
Cleveland,Track_A,XGBoost,196,0,0.798225,2
Cleveland,Track_A,XGBoost,200,0,0.11283,2
Cleveland,Track_A,XGBoost,201,0,0.570714,2
Cleveland,Track_A,XGBoost,203,0,0.161874,2
Cleveland,Track_A,XGBoost,209,1,0.460385,2
Cleveland,Track_A,XGBoost,214,1,0.566638,2
Cleveland,Track_A,XGBoost,225,0,0.023375,2
Cleveland,Track_A,XGBoost,231,1,0.736599,2
Cleveland,Track_A,XGBoost,236,1,0.942121,2
Cleveland,Track_A,XGBoost,240,0,0.080708,2
Cleveland,Track_A,XGBoost,241,0,0.046295,2
Cleveland,Track_A,XGBoost,244,0,0.121992,2
Cleveland,Track_A,XGBoost,248,1,0.788438,2
Cleveland,Track_A,XGBoost,250,0,0.763504,2
Cleveland,Track_A,XGBoost,252,0,0.964453,2
Cleveland,Track_A,XGBoost,255,0,0.028796,2
Cleveland,Track_A,XGBoost,258,0,0.2552,2
Cleveland,Track_A,XGBoost,259,1,0.191674,2
Cleveland,Track_A,XGBoost,263,0,0.030145,2
Cleveland,Track_A,XGBoost,294,1,0.196281,2
Cleveland,Track_A,XGBoost,297,1,0.735378,2
Cleveland,Track_A,XGBoost,7,0,0.443057,3
Cleveland,Track_A,XGBoost,18,0,0.063583,3
Cleveland,Track_A,XGBoost,20,0,0.20805,3
Cleveland,Track_A,XGBoost,23,1,0.5506,3
Cleveland,Track_A,XGBoost,24,1,0.983934,3
Cleveland,Track_A,XGBoost,33,0,0.820983,3
Cleveland,Track_A,XGBoost,37,1,0.977828,3
Cleveland,Track_A,XGBoost,43,0,0.060585,3
Cleveland,Track_A,XGBoost,47,1,0.936127,3
Cleveland,Track_A,XGBoost,51,0,0.54953,3
Cleveland,Track_A,XGBoost,57,1,0.432127,3
Cleveland,Track_A,XGBoost,58,0,0.43073,3
Cleveland,Track_A,XGBoost,60,1,0.917627,3
Cleveland,Track_A,XGBoost,61,0,0.077127,3
Cleveland,Track_A,XGBoost,66,1,0.167311,3
Cleveland,Track_A,XGBoost,70,0,0.050946,3
Cleveland,Track_A,XGBoost,72,1,0.968609,3
Cleveland,Track_A,XGBoost,81,0,0.226747,3
Cleveland,Track_A,XGBoost,83,1,0.59946,3
Cleveland,Track_A,XGBoost,85,0,0.027101,3
Cleveland,Track_A,XGBoost,88,0,0.136867,3
Cleveland,Track_A,XGBoost,89,0,0.023899,3
Cleveland,Track_A,XGBoost,93,0,0.03331,3
Cleveland,Track_A,XGBoost,99,0,0.077333,3
Cleveland,Track_A,XGBoost,110,1,0.868106,3
Cleveland,Track_A,XGBoost,117,0,0.135937,3
Cleveland,Track_A,XGBoost,125,0,0.060358,3
Cleveland,Track_A,XGBoost,127,1,0.969488,3
Cleveland,Track_A,XGBoost,136,1,0.915186,3
Cleveland,Track_A,XGBoost,137,1,0.923103,3
Cleveland,Track_A,XGBoost,145,1,0.024513,3
Cleveland,Track_A,XGBoost,148,0,0.076467,3
Cleveland,Track_A,XGBoost,149,0,0.137696,3
Cleveland,Track_A,XGBoost,151,0,0.192752,3
Cleveland,Track_A,XGBoost,157,1,0.932448,3
Cleveland,Track_A,XGBoost,158,1,0.971195,3
Cleveland,Track_A,XGBoost,165,0,0.635793,3
Cleveland,Track_A,XGBoost,177,1,0.970859,3
Cleveland,Track_A,XGBoost,180,1,0.796169,3
Cleveland,Track_A,XGBoost,197,0,0.260656,3
Cleveland,Track_A,XGBoost,198,0,0.024003,3
Cleveland,Track_A,XGBoost,204,0,0.450266,3
Cleveland,Track_A,XGBoost,207,1,0.915403,3
Cleveland,Track_A,XGBoost,212,0,0.129181,3
Cleveland,Track_A,XGBoost,215,0,0.420212,3
Cleveland,Track_A,XGBoost,218,0,0.919353,3
Cleveland,Track_A,XGBoost,228,1,0.76279,3
Cleveland,Track_A,XGBoost,233,0,0.220004,3
Cleveland,Track_A,XGBoost,237,1,0.769572,3
Cleveland,Track_A,XGBoost,243,1,0.551412,3
Cleveland,Track_A,XGBoost,253,0,0.036606,3
Cleveland,Track_A,XGBoost,266,1,0.304058,3
Cleveland,Track_A,XGBoost,267,1,0.674637,3
Cleveland,Track_A,XGBoost,274,1,0.155616,3
Cleveland,Track_A,XGBoost,277,0,0.032515,3
Cleveland,Track_A,XGBoost,279,0,0.371566,3
Cleveland,Track_A,XGBoost,282,1,0.97749,3
Cleveland,Track_A,XGBoost,288,0,0.1335,3
Cleveland,Track_A,XGBoost,293,1,0.957787,3
Cleveland,Track_A,XGBoost,295,0,0.025154,3
Cleveland,Track_A,XGBoost,296,1,0.946644,3
Cleveland,Track_A,XGBoost,3,0,0.452902,4
Cleveland,Track_A,XGBoost,4,0,0.02029,4
Cleveland,Track_A,XGBoost,14,0,0.116623,4
Cleveland,Track_A,XGBoost,27,0,0.507957,4
Cleveland,Track_A,XGBoost,54,1,0.944565,4
Cleveland,Track_A,XGBoost,68,1,0.956702,4
Cleveland,Track_A,XGBoost,74,1,0.490465,4
Cleveland,Track_A,XGBoost,79,1,0.910035,4
Cleveland,Track_A,XGBoost,80,0,0.811438,4
Cleveland,Track_A,XGBoost,87,0,0.17146,4
Cleveland,Track_A,XGBoost,95,1,0.834906,4
Cleveland,Track_A,XGBoost,111,1,0.897018,4
Cleveland,Track_A,XGBoost,113,1,0.951164,4
Cleveland,Track_A,XGBoost,116,0,0.090652,4
Cleveland,Track_A,XGBoost,118,1,0.963604,4
Cleveland,Track_A,XGBoost,123,1,0.961896,4
Cleveland,Track_A,XGBoost,126,1,0.984164,4
Cleveland,Track_A,XGBoost,128,0,0.020843,4
Cleveland,Track_A,XGBoost,130,0,0.391125,4
Cleveland,Track_A,XGBoost,131,0,0.351688,4
Cleveland,Track_A,XGBoost,140,0,0.105126,4
Cleveland,Track_A,XGBoost,141,1,0.491215,4
Cleveland,Track_A,XGBoost,147,0,0.034655,4
Cleveland,Track_A,XGBoost,152,0,0.49918,4
Cleveland,Track_A,XGBoost,154,1,0.943735,4
Cleveland,Track_A,XGBoost,161,1,0.807932,4
Cleveland,Track_A,XGBoost,163,0,0.383408,4
Cleveland,Track_A,XGBoost,167,0,0.232437,4
Cleveland,Track_A,XGBoost,169,0,0.041019,4
Cleveland,Track_A,XGBoost,171,0,0.769271,4
Cleveland,Track_A,XGBoost,172,1,0.362128,4
Cleveland,Track_A,XGBoost,178,0,0.298408,4
Cleveland,Track_A,XGBoost,179,0,0.343434,4
Cleveland,Track_A,XGBoost,184,1,0.157747,4
Cleveland,Track_A,XGBoost,185,0,0.161527,4
Cleveland,Track_A,XGBoost,186,0,0.286678,4
Cleveland,Track_A,XGBoost,187,1,0.401962,4
Cleveland,Track_A,XGBoost,189,1,0.734616,4
Cleveland,Track_A,XGBoost,193,1,0.717591,4
Cleveland,Track_A,XGBoost,206,1,0.985209,4
Cleveland,Track_A,XGBoost,208,0,0.115531,4
Cleveland,Track_A,XGBoost,210,0,0.019043,4
Cleveland,Track_A,XGBoost,221,0,0.039553,4
Cleveland,Track_A,XGBoost,232,1,0.204865,4
Cleveland,Track_A,XGBoost,235,1,0.963328,4
Cleveland,Track_A,XGBoost,242,0,0.040346,4
Cleveland,Track_A,XGBoost,247,1,0.850154,4
Cleveland,Track_A,XGBoost,251,1,0.955151,4
Cleveland,Track_A,XGBoost,257,0,0.11133,4
Cleveland,Track_A,XGBoost,268,1,0.206078,4
Cleveland,Track_A,XGBoost,271,0,0.747231,4
Cleveland,Track_A,XGBoost,272,1,0.961497,4
Cleveland,Track_A,XGBoost,273,0,0.362178,4
Cleveland,Track_A,XGBoost,275,0,0.242004,4
Cleveland,Track_A,XGBoost,276,0,0.289408,4
Cleveland,Track_A,XGBoost,281,0,0.031423,4
Cleveland,Track_A,XGBoost,289,0,0.070326,4
Cleveland,Track_A,XGBoost,290,1,0.354983,4
Cleveland,Track_A,XGBoost,298,1,0.449191,4
Cleveland,Track_A,XGBoost,302,0,0.017822,4
Cleveland,Track_A,XGBoost,0,0,0.449366,5
Cleveland,Track_A,XGBoost,9,1,0.863177,5
Cleveland,Track_A,XGBoost,11,0,0.084866,5
Cleveland,Track_A,XGBoost,15,0,0.051958,5
Cleveland,Track_A,XGBoost,26,0,0.041201,5
Cleveland,Track_A,XGBoost,28,0,0.155034,5
Cleveland,Track_A,XGBoost,32,1,0.094703,5
Cleveland,Track_A,XGBoost,38,1,0.96213,5
Cleveland,Track_A,XGBoost,42,0,0.11808,5
Cleveland,Track_A,XGBoost,48,0,0.088026,5
Cleveland,Track_A,XGBoost,49,0,0.124855,5
Cleveland,Track_A,XGBoost,50,0,0.067864,5
Cleveland,Track_A,XGBoost,55,1,0.976492,5
Cleveland,Track_A,XGBoost,65,1,0.988556,5
Cleveland,Track_A,XGBoost,69,1,0.175683,5
Cleveland,Track_A,XGBoost,71,1,0.732122,5
Cleveland,Track_A,XGBoost,75,0,0.086147,5
Cleveland,Track_A,XGBoost,78,0,0.035698,5
Cleveland,Track_A,XGBoost,82,0,0.067033,5
Cleveland,Track_A,XGBoost,91,1,0.946501,5
Cleveland,Track_A,XGBoost,100,0,0.117141,5
Cleveland,Track_A,XGBoost,104,1,0.80774,5
Cleveland,Track_A,XGBoost,105,0,0.36183,5
Cleveland,Track_A,XGBoost,109,1,0.801325,5
Cleveland,Track_A,XGBoost,115,0,0.18521,5
Cleveland,Track_A,XGBoost,134,0,0.023559,5
Cleveland,Track_A,XGBoost,153,1,0.984343,5
Cleveland,Track_A,XGBoost,159,0,0.781687,5
Cleveland,Track_A,XGBoost,160,0,0.241641,5
Cleveland,Track_A,XGBoost,174,1,0.91714,5
Cleveland,Track_A,XGBoost,176,0,0.791802,5
Cleveland,Track_A,XGBoost,181,1,0.932292,5
Cleveland,Track_A,XGBoost,190,0,0.035578,5
Cleveland,Track_A,XGBoost,199,1,0.194111,5
Cleveland,Track_A,XGBoost,205,1,0.892432,5
Cleveland,Track_A,XGBoost,211,1,0.257416,5
Cleveland,Track_A,XGBoost,216,0,0.030459,5
Cleveland,Track_A,XGBoost,217,0,0.336319,5
Cleveland,Track_A,XGBoost,220,0,0.050688,5
Cleveland,Track_A,XGBoost,224,1,0.8503,5
Cleveland,Track_A,XGBoost,226,0,0.221755,5
Cleveland,Track_A,XGBoost,229,1,0.704403,5
Cleveland,Track_A,XGBoost,234,0,0.076751,5
Cleveland,Track_A,XGBoost,238,0,0.027879,5
Cleveland,Track_A,XGBoost,239,0,0.058217,5
Cleveland,Track_A,XGBoost,246,1,0.765465,5
Cleveland,Track_A,XGBoost,249,0,0.07463,5
Cleveland,Track_A,XGBoost,256,0,0.49033,5
Cleveland,Track_A,XGBoost,260,0,0.067214,5
Cleveland,Track_A,XGBoost,261,1,0.098449,5
Cleveland,Track_A,XGBoost,265,1,0.694628,5
Cleveland,Track_A,XGBoost,269,0,0.07055,5
Cleveland,Track_A,XGBoost,278,1,0.158441,5
Cleveland,Track_A,XGBoost,280,1,0.935469,5
Cleveland,Track_A,XGBoost,283,0,0.034724,5
Cleveland,Track_A,XGBoost,285,1,0.923007,5
Cleveland,Track_A,XGBoost,286,1,0.934928,5
Cleveland,Track_A,XGBoost,292,1,0.618403,5
Cleveland,Track_A,XGBoost,299,1,0.956325,5
Cleveland,Track_A,XGBoost,301,1,0.077505,5
Cleveland,Track_B,LogisticRegression,2,1,0.969986,1
Cleveland,Track_B,LogisticRegression,6,1,0.693656,1
Cleveland,Track_B,LogisticRegression,10,0,0.627792,1
Cleveland,Track_B,LogisticRegression,12,1,0.73864,1
Cleveland,Track_B,LogisticRegression,17,0,0.594942,1
Cleveland,Track_B,LogisticRegression,19,0,0.146221,1
Cleveland,Track_B,LogisticRegression,21,0,0.031234,1
Cleveland,Track_B,LogisticRegression,25,0,0.105614,1
Cleveland,Track_B,LogisticRegression,29,1,0.935489,1
Cleveland,Track_B,LogisticRegression,30,0,0.06298,1
Cleveland,Track_B,LogisticRegression,34,0,0.439743,1
Cleveland,Track_B,LogisticRegression,35,0,0.299277,1
Cleveland,Track_B,LogisticRegression,36,1,0.955991,1
Cleveland,Track_B,LogisticRegression,39,0,0.812331,1
Cleveland,Track_B,LogisticRegression,40,1,0.57692,1
Cleveland,Track_B,LogisticRegression,41,0,0.285838,1
Cleveland,Track_B,LogisticRegression,44,1,0.119106,1
Cleveland,Track_B,LogisticRegression,45,1,0.622904,1
Cleveland,Track_B,LogisticRegression,56,1,0.384425,1
Cleveland,Track_B,LogisticRegression,59,0,0.602373,1
Cleveland,Track_B,LogisticRegression,73,1,0.534982,1
Cleveland,Track_B,LogisticRegression,77,0,0.200852,1
Cleveland,Track_B,LogisticRegression,86,0,0.341746,1
Cleveland,Track_B,LogisticRegression,90,0,0.656318,1
Cleveland,Track_B,LogisticRegression,94,0,0.070281,1
Cleveland,Track_B,LogisticRegression,98,0,0.219212,1
Cleveland,Track_B,LogisticRegression,103,0,0.075296,1
Cleveland,Track_B,LogisticRegression,107,1,0.49056,1
Cleveland,Track_B,LogisticRegression,108,1,0.964307,1
Cleveland,Track_B,LogisticRegression,112,0,0.066942,1
Cleveland,Track_B,LogisticRegression,114,1,0.324089,1
Cleveland,Track_B,LogisticRegression,122,0,0.67139,1
Cleveland,Track_B,LogisticRegression,124,1,0.205179,1
Cleveland,Track_B,LogisticRegression,129,0,0.087297,1
Cleveland,Track_B,LogisticRegression,135,0,0.099696,1
Cleveland,Track_B,LogisticRegression,138,1,0.866709,1
Cleveland,Track_B,LogisticRegression,142,0,0.061405,1
Cleveland,Track_B,LogisticRegression,144,0,0.690303,1
Cleveland,Track_B,LogisticRegression,146,1,0.847749,1
Cleveland,Track_B,LogisticRegression,155,1,0.941616,1
Cleveland,Track_B,LogisticRegression,156,1,0.818888,1
Cleveland,Track_B,LogisticRegression,170,1,0.977093,1
Cleveland,Track_B,LogisticRegression,183,0,0.880801,1
Cleveland,Track_B,LogisticRegression,191,1,0.984045,1
Cleveland,Track_B,LogisticRegression,192,1,0.764328,1
Cleveland,Track_B,LogisticRegression,202,0,0.227372,1
Cleveland,Track_B,LogisticRegression,213,1,0.580411,1
Cleveland,Track_B,LogisticRegression,219,0,0.442426,1
Cleveland,Track_B,LogisticRegression,222,0,0.012371,1
Cleveland,Track_B,LogisticRegression,223,1,0.960667,1
Cleveland,Track_B,LogisticRegression,227,0,0.073019,1
Cleveland,Track_B,LogisticRegression,230,0,0.081449,1
Cleveland,Track_B,LogisticRegression,245,1,0.895099,1
Cleveland,Track_B,LogisticRegression,254,0,0.386698,1
Cleveland,Track_B,LogisticRegression,262,0,0.027647,1
Cleveland,Track_B,LogisticRegression,264,1,0.986522,1
Cleveland,Track_B,LogisticRegression,270,1,0.94875,1
Cleveland,Track_B,LogisticRegression,284,1,0.508628,1
Cleveland,Track_B,LogisticRegression,287,0,0.271071,1
Cleveland,Track_B,LogisticRegression,291,0,0.04336,1
Cleveland,Track_B,LogisticRegression,300,1,0.931544,1
Cleveland,Track_B,LogisticRegression,1,1,0.986086,2
Cleveland,Track_B,LogisticRegression,5,0,0.093676,2
Cleveland,Track_B,LogisticRegression,8,1,0.81658,2
Cleveland,Track_B,LogisticRegression,13,0,0.050204,2
Cleveland,Track_B,LogisticRegression,16,1,0.119892,2
Cleveland,Track_B,LogisticRegression,22,1,0.374467,2
Cleveland,Track_B,LogisticRegression,31,1,0.729251,2
Cleveland,Track_B,LogisticRegression,46,0,0.35965,2
Cleveland,Track_B,LogisticRegression,52,1,0.366975,2
Cleveland,Track_B,LogisticRegression,53,0,0.069899,2
Cleveland,Track_B,LogisticRegression,62,1,0.956562,2
Cleveland,Track_B,LogisticRegression,63,0,0.036956,2
Cleveland,Track_B,LogisticRegression,64,1,0.791291,2
Cleveland,Track_B,LogisticRegression,67,0,0.5742,2
Cleveland,Track_B,LogisticRegression,76,1,0.958796,2
Cleveland,Track_B,LogisticRegression,84,0,0.07227,2
Cleveland,Track_B,LogisticRegression,92,0,0.598788,2
Cleveland,Track_B,LogisticRegression,96,1,0.877799,2
Cleveland,Track_B,LogisticRegression,97,1,0.610077,2
Cleveland,Track_B,LogisticRegression,101,0,0.027755,2
Cleveland,Track_B,LogisticRegression,102,0,0.159812,2
Cleveland,Track_B,LogisticRegression,106,1,0.675479,2
Cleveland,Track_B,LogisticRegression,119,1,0.946951,2
Cleveland,Track_B,LogisticRegression,120,1,0.718505,2
Cleveland,Track_B,LogisticRegression,121,1,0.791599,2
Cleveland,Track_B,LogisticRegression,132,0,0.031262,2
Cleveland,Track_B,LogisticRegression,133,0,0.597058,2
Cleveland,Track_B,LogisticRegression,139,0,0.548601,2
Cleveland,Track_B,LogisticRegression,143,1,0.849883,2
Cleveland,Track_B,LogisticRegression,150,0,0.100569,2
Cleveland,Track_B,LogisticRegression,162,0,0.084775,2
Cleveland,Track_B,LogisticRegression,164,0,0.109337,2
Cleveland,Track_B,LogisticRegression,166,0,0.188869,2
Cleveland,Track_B,LogisticRegression,168,1,0.587695,2
Cleveland,Track_B,LogisticRegression,173,0,0.400869,2
Cleveland,Track_B,LogisticRegression,175,1,0.973362,2
Cleveland,Track_B,LogisticRegression,182,0,0.084332,2
Cleveland,Track_B,LogisticRegression,188,1,0.233299,2
Cleveland,Track_B,LogisticRegression,194,0,0.464139,2
Cleveland,Track_B,LogisticRegression,195,1,0.90979,2
Cleveland,Track_B,LogisticRegression,196,0,0.424268,2
Cleveland,Track_B,LogisticRegression,200,0,0.095276,2
Cleveland,Track_B,LogisticRegression,201,0,0.549691,2
Cleveland,Track_B,LogisticRegression,203,0,0.152598,2
Cleveland,Track_B,LogisticRegression,209,1,0.60646,2
Cleveland,Track_B,LogisticRegression,214,1,0.269799,2
Cleveland,Track_B,LogisticRegression,225,0,0.005813,2
Cleveland,Track_B,LogisticRegression,231,1,0.954249,2
Cleveland,Track_B,LogisticRegression,236,1,0.973196,2
Cleveland,Track_B,LogisticRegression,240,0,0.061237,2
Cleveland,Track_B,LogisticRegression,241,0,0.012499,2
Cleveland,Track_B,LogisticRegression,244,0,0.185238,2
Cleveland,Track_B,LogisticRegression,248,1,0.394583,2
Cleveland,Track_B,LogisticRegression,250,0,0.873776,2
Cleveland,Track_B,LogisticRegression,252,0,0.916786,2
Cleveland,Track_B,LogisticRegression,255,0,0.022641,2
Cleveland,Track_B,LogisticRegression,258,0,0.482586,2
Cleveland,Track_B,LogisticRegression,259,1,0.187309,2
Cleveland,Track_B,LogisticRegression,263,0,0.110942,2
Cleveland,Track_B,LogisticRegression,294,1,0.42223,2
Cleveland,Track_B,LogisticRegression,297,1,0.561472,2
Cleveland,Track_B,LogisticRegression,7,0,0.329582,3
Cleveland,Track_B,LogisticRegression,18,0,0.081888,3
Cleveland,Track_B,LogisticRegression,20,0,0.471374,3
Cleveland,Track_B,LogisticRegression,23,1,0.554902,3
Cleveland,Track_B,LogisticRegression,24,1,0.95548,3
Cleveland,Track_B,LogisticRegression,33,0,0.601411,3
Cleveland,Track_B,LogisticRegression,37,1,0.955353,3
Cleveland,Track_B,LogisticRegression,43,0,0.369832,3
Cleveland,Track_B,LogisticRegression,47,1,0.904234,3
Cleveland,Track_B,LogisticRegression,51,0,0.510895,3
Cleveland,Track_B,LogisticRegression,57,1,0.338528,3
Cleveland,Track_B,LogisticRegression,58,0,0.610168,3
Cleveland,Track_B,LogisticRegression,60,1,0.60214,3
Cleveland,Track_B,LogisticRegression,61,0,0.623674,3
Cleveland,Track_B,LogisticRegression,66,1,0.764378,3
Cleveland,Track_B,LogisticRegression,70,0,0.189559,3
Cleveland,Track_B,LogisticRegression,72,1,0.939511,3
Cleveland,Track_B,LogisticRegression,81,0,0.397313,3
Cleveland,Track_B,LogisticRegression,83,1,0.924209,3
Cleveland,Track_B,LogisticRegression,85,0,0.229629,3
Cleveland,Track_B,LogisticRegression,88,0,0.22917,3
Cleveland,Track_B,LogisticRegression,89,0,0.130742,3
Cleveland,Track_B,LogisticRegression,93,0,0.055183,3
Cleveland,Track_B,LogisticRegression,99,0,0.327748,3
Cleveland,Track_B,LogisticRegression,110,1,0.788818,3
Cleveland,Track_B,LogisticRegression,117,0,0.116335,3
Cleveland,Track_B,LogisticRegression,125,0,0.06153,3
Cleveland,Track_B,LogisticRegression,127,1,0.906317,3
Cleveland,Track_B,LogisticRegression,136,1,0.978418,3
Cleveland,Track_B,LogisticRegression,137,1,0.572047,3
Cleveland,Track_B,LogisticRegression,145,1,0.142107,3
Cleveland,Track_B,LogisticRegression,148,0,0.110575,3
Cleveland,Track_B,LogisticRegression,149,0,0.04478,3
Cleveland,Track_B,LogisticRegression,151,0,0.306864,3
Cleveland,Track_B,LogisticRegression,157,1,0.45734,3
Cleveland,Track_B,LogisticRegression,158,1,0.756905,3
Cleveland,Track_B,LogisticRegression,165,0,0.638706,3
Cleveland,Track_B,LogisticRegression,177,1,0.965597,3
Cleveland,Track_B,LogisticRegression,180,1,0.587039,3
Cleveland,Track_B,LogisticRegression,197,0,0.600976,3
Cleveland,Track_B,LogisticRegression,198,0,0.030937,3
Cleveland,Track_B,LogisticRegression,204,0,0.236442,3
Cleveland,Track_B,LogisticRegression,207,1,0.934303,3
Cleveland,Track_B,LogisticRegression,212,0,0.488488,3
Cleveland,Track_B,LogisticRegression,215,0,0.187572,3
Cleveland,Track_B,LogisticRegression,218,0,0.562777,3
Cleveland,Track_B,LogisticRegression,228,1,0.889053,3
Cleveland,Track_B,LogisticRegression,233,0,0.286734,3
Cleveland,Track_B,LogisticRegression,237,1,0.537665,3
Cleveland,Track_B,LogisticRegression,243,1,0.25741,3
Cleveland,Track_B,LogisticRegression,253,0,0.101689,3
Cleveland,Track_B,LogisticRegression,266,1,0.756607,3
Cleveland,Track_B,LogisticRegression,267,1,0.531349,3
Cleveland,Track_B,LogisticRegression,274,1,0.0725,3
Cleveland,Track_B,LogisticRegression,277,0,0.096789,3
Cleveland,Track_B,LogisticRegression,279,0,0.369875,3
Cleveland,Track_B,LogisticRegression,282,1,0.768802,3
Cleveland,Track_B,LogisticRegression,288,0,0.159682,3
Cleveland,Track_B,LogisticRegression,293,1,0.959483,3
Cleveland,Track_B,LogisticRegression,295,0,0.045924,3
Cleveland,Track_B,LogisticRegression,296,1,0.922202,3
Cleveland,Track_B,LogisticRegression,3,0,0.560828,4
Cleveland,Track_B,LogisticRegression,4,0,0.046127,4
Cleveland,Track_B,LogisticRegression,14,0,0.295965,4
Cleveland,Track_B,LogisticRegression,27,0,0.272405,4
Cleveland,Track_B,LogisticRegression,54,1,0.864291,4
Cleveland,Track_B,LogisticRegression,68,1,0.990603,4
Cleveland,Track_B,LogisticRegression,74,1,0.293435,4
Cleveland,Track_B,LogisticRegression,79,1,0.944595,4
Cleveland,Track_B,LogisticRegression,80,0,0.943425,4
Cleveland,Track_B,LogisticRegression,87,0,0.164168,4
Cleveland,Track_B,LogisticRegression,95,1,0.574641,4
Cleveland,Track_B,LogisticRegression,111,1,0.89449,4
Cleveland,Track_B,LogisticRegression,113,1,0.809187,4
Cleveland,Track_B,LogisticRegression,116,0,0.304863,4
Cleveland,Track_B,LogisticRegression,118,1,0.945256,4
Cleveland,Track_B,LogisticRegression,123,1,0.996414,4
Cleveland,Track_B,LogisticRegression,126,1,0.97268,4
Cleveland,Track_B,LogisticRegression,128,0,0.055677,4
Cleveland,Track_B,LogisticRegression,130,0,0.457672,4
Cleveland,Track_B,LogisticRegression,131,0,0.313684,4
Cleveland,Track_B,LogisticRegression,140,0,0.267371,4
Cleveland,Track_B,LogisticRegression,141,1,0.192246,4
Cleveland,Track_B,LogisticRegression,147,0,0.084102,4
Cleveland,Track_B,LogisticRegression,152,0,0.286948,4
Cleveland,Track_B,LogisticRegression,154,1,0.987301,4
Cleveland,Track_B,LogisticRegression,161,1,0.843337,4
Cleveland,Track_B,LogisticRegression,163,0,0.445067,4
Cleveland,Track_B,LogisticRegression,167,0,0.080325,4
Cleveland,Track_B,LogisticRegression,169,0,0.023991,4
Cleveland,Track_B,LogisticRegression,171,0,0.886002,4
Cleveland,Track_B,LogisticRegression,172,1,0.488336,4
Cleveland,Track_B,LogisticRegression,178,0,0.36871,4
Cleveland,Track_B,LogisticRegression,179,0,0.220361,4
Cleveland,Track_B,LogisticRegression,184,1,0.240691,4
Cleveland,Track_B,LogisticRegression,185,0,0.021901,4
Cleveland,Track_B,LogisticRegression,186,0,0.143317,4
Cleveland,Track_B,LogisticRegression,187,1,0.630037,4
Cleveland,Track_B,LogisticRegression,189,1,0.837097,4
Cleveland,Track_B,LogisticRegression,193,1,0.618418,4
Cleveland,Track_B,LogisticRegression,206,1,0.979748,4
Cleveland,Track_B,LogisticRegression,208,0,0.11424,4
Cleveland,Track_B,LogisticRegression,210,0,0.019383,4
Cleveland,Track_B,LogisticRegression,221,0,0.055378,4
Cleveland,Track_B,LogisticRegression,232,1,0.524519,4
Cleveland,Track_B,LogisticRegression,235,1,0.983409,4
Cleveland,Track_B,LogisticRegression,242,0,0.07924,4
Cleveland,Track_B,LogisticRegression,247,1,0.902438,4
Cleveland,Track_B,LogisticRegression,251,1,0.914151,4
Cleveland,Track_B,LogisticRegression,257,0,0.480624,4
Cleveland,Track_B,LogisticRegression,268,1,0.230038,4
Cleveland,Track_B,LogisticRegression,271,0,0.937405,4
Cleveland,Track_B,LogisticRegression,272,1,0.919123,4
Cleveland,Track_B,LogisticRegression,273,0,0.528841,4
Cleveland,Track_B,LogisticRegression,275,0,0.284445,4
Cleveland,Track_B,LogisticRegression,276,0,0.183039,4
Cleveland,Track_B,LogisticRegression,281,0,0.120988,4
Cleveland,Track_B,LogisticRegression,289,0,0.122254,4
Cleveland,Track_B,LogisticRegression,290,1,0.697144,4
Cleveland,Track_B,LogisticRegression,298,1,0.122524,4
Cleveland,Track_B,LogisticRegression,302,0,0.110519,4
Cleveland,Track_B,LogisticRegression,0,0,0.423409,5
Cleveland,Track_B,LogisticRegression,9,1,0.95782,5
Cleveland,Track_B,LogisticRegression,11,0,0.099969,5
Cleveland,Track_B,LogisticRegression,15,0,0.392682,5
Cleveland,Track_B,LogisticRegression,26,0,0.028544,5
Cleveland,Track_B,LogisticRegression,28,0,0.557399,5
Cleveland,Track_B,LogisticRegression,32,1,0.299824,5
Cleveland,Track_B,LogisticRegression,38,1,0.87505,5
Cleveland,Track_B,LogisticRegression,42,0,0.050676,5
Cleveland,Track_B,LogisticRegression,48,0,0.135043,5
Cleveland,Track_B,LogisticRegression,49,0,0.614271,5
Cleveland,Track_B,LogisticRegression,50,0,0.006838,5
Cleveland,Track_B,LogisticRegression,55,1,0.962249,5
Cleveland,Track_B,LogisticRegression,65,1,0.964389,5
Cleveland,Track_B,LogisticRegression,69,1,0.765295,5
Cleveland,Track_B,LogisticRegression,71,1,0.499076,5
Cleveland,Track_B,LogisticRegression,75,0,0.231955,5
Cleveland,Track_B,LogisticRegression,78,0,0.136139,5
Cleveland,Track_B,LogisticRegression,82,0,0.204276,5
Cleveland,Track_B,LogisticRegression,91,1,0.942956,5
Cleveland,Track_B,LogisticRegression,100,0,0.280147,5
Cleveland,Track_B,LogisticRegression,104,1,0.521086,5
Cleveland,Track_B,LogisticRegression,105,0,0.070738,5
Cleveland,Track_B,LogisticRegression,109,1,0.59509,5
Cleveland,Track_B,LogisticRegression,115,0,0.203427,5
Cleveland,Track_B,LogisticRegression,134,0,0.03949,5
Cleveland,Track_B,LogisticRegression,153,1,0.92953,5
Cleveland,Track_B,LogisticRegression,159,0,0.344828,5
Cleveland,Track_B,LogisticRegression,160,0,0.048776,5
Cleveland,Track_B,LogisticRegression,174,1,0.922505,5
Cleveland,Track_B,LogisticRegression,176,0,0.343367,5
Cleveland,Track_B,LogisticRegression,181,1,0.644138,5
Cleveland,Track_B,LogisticRegression,190,0,0.188333,5
Cleveland,Track_B,LogisticRegression,199,1,0.258963,5
Cleveland,Track_B,LogisticRegression,205,1,0.833709,5
Cleveland,Track_B,LogisticRegression,211,1,0.204531,5
Cleveland,Track_B,LogisticRegression,216,0,0.00685,5
Cleveland,Track_B,LogisticRegression,217,0,0.404382,5
Cleveland,Track_B,LogisticRegression,220,0,0.061402,5
Cleveland,Track_B,LogisticRegression,224,1,0.305129,5
Cleveland,Track_B,LogisticRegression,226,0,0.384806,5
Cleveland,Track_B,LogisticRegression,229,1,0.807258,5
Cleveland,Track_B,LogisticRegression,234,0,0.072853,5
Cleveland,Track_B,LogisticRegression,238,0,0.023068,5
Cleveland,Track_B,LogisticRegression,239,0,0.063912,5
Cleveland,Track_B,LogisticRegression,246,1,0.30624,5
Cleveland,Track_B,LogisticRegression,249,0,0.229106,5
Cleveland,Track_B,LogisticRegression,256,0,0.12699,5
Cleveland,Track_B,LogisticRegression,260,0,0.054958,5
Cleveland,Track_B,LogisticRegression,261,1,0.03868,5
Cleveland,Track_B,LogisticRegression,265,1,0.901249,5
Cleveland,Track_B,LogisticRegression,269,0,0.215857,5
Cleveland,Track_B,LogisticRegression,278,1,0.229281,5
Cleveland,Track_B,LogisticRegression,280,1,0.885916,5
Cleveland,Track_B,LogisticRegression,283,0,0.045207,5
Cleveland,Track_B,LogisticRegression,285,1,0.933406,5
Cleveland,Track_B,LogisticRegression,286,1,0.856624,5
Cleveland,Track_B,LogisticRegression,292,1,0.903241,5
Cleveland,Track_B,LogisticRegression,299,1,0.911142,5
Cleveland,Track_B,LogisticRegression,301,1,0.030912,5
Cleveland,Track_B,RandomForest,2,1,0.902101,1
Cleveland,Track_B,RandomForest,6,1,0.710276,1
Cleveland,Track_B,RandomForest,10,0,0.584375,1
Cleveland,Track_B,RandomForest,12,1,0.516326,1
Cleveland,Track_B,RandomForest,17,0,0.533757,1
Cleveland,Track_B,RandomForest,19,0,0.069229,1
Cleveland,Track_B,RandomForest,21,0,0.375715,1
Cleveland,Track_B,RandomForest,25,0,0.090945,1
Cleveland,Track_B,RandomForest,29,1,0.781723,1
Cleveland,Track_B,RandomForest,30,0,0.23377,1
Cleveland,Track_B,RandomForest,34,0,0.146314,1
Cleveland,Track_B,RandomForest,35,0,0.444803,1
Cleveland,Track_B,RandomForest,36,1,0.914403,1
Cleveland,Track_B,RandomForest,39,0,0.716798,1
Cleveland,Track_B,RandomForest,40,1,0.536052,1
Cleveland,Track_B,RandomForest,41,0,0.319049,1
Cleveland,Track_B,RandomForest,44,1,0.380413,1
Cleveland,Track_B,RandomForest,45,1,0.542702,1
Cleveland,Track_B,RandomForest,56,1,0.1132,1
Cleveland,Track_B,RandomForest,59,0,0.647118,1
Cleveland,Track_B,RandomForest,73,1,0.507274,1
Cleveland,Track_B,RandomForest,77,0,0.25162,1
Cleveland,Track_B,RandomForest,86,0,0.179536,1
Cleveland,Track_B,RandomForest,90,0,0.53884,1
Cleveland,Track_B,RandomForest,94,0,0.236398,1
Cleveland,Track_B,RandomForest,98,0,0.200681,1
Cleveland,Track_B,RandomForest,103,0,0.111528,1
Cleveland,Track_B,RandomForest,107,1,0.346592,1
Cleveland,Track_B,RandomForest,108,1,0.964391,1
Cleveland,Track_B,RandomForest,112,0,0.181008,1
Cleveland,Track_B,RandomForest,114,1,0.332073,1
Cleveland,Track_B,RandomForest,122,0,0.56203,1
Cleveland,Track_B,RandomForest,124,1,0.393504,1
Cleveland,Track_B,RandomForest,129,0,0.3226,1
Cleveland,Track_B,RandomForest,135,0,0.130412,1
Cleveland,Track_B,RandomForest,138,1,0.898888,1
Cleveland,Track_B,RandomForest,142,0,0.061043,1
Cleveland,Track_B,RandomForest,144,0,0.426229,1
Cleveland,Track_B,RandomForest,146,1,0.856577,1
Cleveland,Track_B,RandomForest,155,1,0.742386,1
Cleveland,Track_B,RandomForest,156,1,0.527789,1
Cleveland,Track_B,RandomForest,170,1,0.754215,1
Cleveland,Track_B,RandomForest,183,0,0.695475,1
Cleveland,Track_B,RandomForest,191,1,0.945323,1
Cleveland,Track_B,RandomForest,192,1,0.689051,1
Cleveland,Track_B,RandomForest,202,0,0.259763,1
Cleveland,Track_B,RandomForest,213,1,0.676676,1
Cleveland,Track_B,RandomForest,219,0,0.480661,1
Cleveland,Track_B,RandomForest,222,0,0.055059,1
Cleveland,Track_B,RandomForest,223,1,0.947261,1
Cleveland,Track_B,RandomForest,227,0,0.212079,1
Cleveland,Track_B,RandomForest,230,0,0.082431,1
Cleveland,Track_B,RandomForest,245,1,0.690903,1
Cleveland,Track_B,RandomForest,254,0,0.489979,1
Cleveland,Track_B,RandomForest,262,0,0.291609,1
Cleveland,Track_B,RandomForest,264,1,0.976539,1
Cleveland,Track_B,RandomForest,270,1,0.92593,1
Cleveland,Track_B,RandomForest,284,1,0.586312,1
Cleveland,Track_B,RandomForest,287,0,0.424056,1
Cleveland,Track_B,RandomForest,291,0,0.0755,1
Cleveland,Track_B,RandomForest,300,1,0.904347,1
Cleveland,Track_B,RandomForest,1,1,0.910563,2
Cleveland,Track_B,RandomForest,5,0,0.092504,2
Cleveland,Track_B,RandomForest,8,1,0.691057,2
Cleveland,Track_B,RandomForest,13,0,0.050039,2
Cleveland,Track_B,RandomForest,16,1,0.179395,2
Cleveland,Track_B,RandomForest,22,1,0.455025,2
Cleveland,Track_B,RandomForest,31,1,0.65464,2
Cleveland,Track_B,RandomForest,46,0,0.338274,2
Cleveland,Track_B,RandomForest,52,1,0.383682,2
Cleveland,Track_B,RandomForest,53,0,0.072537,2
Cleveland,Track_B,RandomForest,62,1,0.970028,2
Cleveland,Track_B,RandomForest,63,0,0.065742,2
Cleveland,Track_B,RandomForest,64,1,0.729163,2
Cleveland,Track_B,RandomForest,67,0,0.193334,2
Cleveland,Track_B,RandomForest,76,1,0.979885,2
Cleveland,Track_B,RandomForest,84,0,0.049214,2
Cleveland,Track_B,RandomForest,92,0,0.617644,2
Cleveland,Track_B,RandomForest,96,1,0.866527,2
Cleveland,Track_B,RandomForest,97,1,0.754912,2
Cleveland,Track_B,RandomForest,101,0,0.152534,2
Cleveland,Track_B,RandomForest,102,0,0.419069,2
Cleveland,Track_B,RandomForest,106,1,0.534826,2
Cleveland,Track_B,RandomForest,119,1,0.834633,2
Cleveland,Track_B,RandomForest,120,1,0.514059,2
Cleveland,Track_B,RandomForest,121,1,0.775373,2
Cleveland,Track_B,RandomForest,132,0,0.075473,2
Cleveland,Track_B,RandomForest,133,0,0.3886,2
Cleveland,Track_B,RandomForest,139,0,0.472953,2
Cleveland,Track_B,RandomForest,143,1,0.704322,2
Cleveland,Track_B,RandomForest,150,0,0.360219,2
Cleveland,Track_B,RandomForest,162,0,0.115562,2
Cleveland,Track_B,RandomForest,164,0,0.069116,2
Cleveland,Track_B,RandomForest,166,0,0.080892,2
Cleveland,Track_B,RandomForest,168,1,0.487953,2
Cleveland,Track_B,RandomForest,173,0,0.53968,2
Cleveland,Track_B,RandomForest,175,1,0.955158,2
Cleveland,Track_B,RandomForest,182,0,0.189894,2
Cleveland,Track_B,RandomForest,188,1,0.230741,2
Cleveland,Track_B,RandomForest,194,0,0.408,2
Cleveland,Track_B,RandomForest,195,1,0.693337,2
Cleveland,Track_B,RandomForest,196,0,0.571995,2
Cleveland,Track_B,RandomForest,200,0,0.318723,2
Cleveland,Track_B,RandomForest,201,0,0.56783,2
Cleveland,Track_B,RandomForest,203,0,0.138649,2
Cleveland,Track_B,RandomForest,209,1,0.713533,2
Cleveland,Track_B,RandomForest,214,1,0.3262,2
Cleveland,Track_B,RandomForest,225,0,0.029978,2
Cleveland,Track_B,RandomForest,231,1,0.951508,2
Cleveland,Track_B,RandomForest,236,1,0.972019,2
Cleveland,Track_B,RandomForest,240,0,0.188036,2
Cleveland,Track_B,RandomForest,241,0,0.036745,2
Cleveland,Track_B,RandomForest,244,0,0.310225,2
Cleveland,Track_B,RandomForest,248,1,0.360615,2
Cleveland,Track_B,RandomForest,250,0,0.877042,2
Cleveland,Track_B,RandomForest,252,0,0.830448,2
Cleveland,Track_B,RandomForest,255,0,0.052424,2
Cleveland,Track_B,RandomForest,258,0,0.441627,2
Cleveland,Track_B,RandomForest,259,1,0.242832,2
Cleveland,Track_B,RandomForest,263,0,0.065161,2
Cleveland,Track_B,RandomForest,294,1,0.648516,2
Cleveland,Track_B,RandomForest,297,1,0.667653,2
Cleveland,Track_B,RandomForest,7,0,0.679658,3
Cleveland,Track_B,RandomForest,18,0,0.146391,3
Cleveland,Track_B,RandomForest,20,0,0.608879,3
Cleveland,Track_B,RandomForest,23,1,0.386985,3
Cleveland,Track_B,RandomForest,24,1,0.983816,3
Cleveland,Track_B,RandomForest,33,0,0.55023,3
Cleveland,Track_B,RandomForest,37,1,0.921861,3
Cleveland,Track_B,RandomForest,43,0,0.200682,3
Cleveland,Track_B,RandomForest,47,1,0.860271,3
Cleveland,Track_B,RandomForest,51,0,0.503387,3
Cleveland,Track_B,RandomForest,57,1,0.579458,3
Cleveland,Track_B,RandomForest,58,0,0.212073,3
Cleveland,Track_B,RandomForest,60,1,0.790484,3
Cleveland,Track_B,RandomForest,61,0,0.312983,3
Cleveland,Track_B,RandomForest,66,1,0.564957,3
Cleveland,Track_B,RandomForest,70,0,0.205456,3
Cleveland,Track_B,RandomForest,72,1,0.951506,3
Cleveland,Track_B,RandomForest,81,0,0.454916,3
Cleveland,Track_B,RandomForest,83,1,0.565488,3
Cleveland,Track_B,RandomForest,85,0,0.06776,3
Cleveland,Track_B,RandomForest,88,0,0.338629,3
Cleveland,Track_B,RandomForest,89,0,0.147447,3
Cleveland,Track_B,RandomForest,93,0,0.154861,3
Cleveland,Track_B,RandomForest,99,0,0.383015,3
Cleveland,Track_B,RandomForest,110,1,0.855287,3
Cleveland,Track_B,RandomForest,117,0,0.326866,3
Cleveland,Track_B,RandomForest,125,0,0.161982,3
Cleveland,Track_B,RandomForest,127,1,0.870062,3
Cleveland,Track_B,RandomForest,136,1,0.918709,3
Cleveland,Track_B,RandomForest,137,1,0.52485,3
Cleveland,Track_B,RandomForest,145,1,0.080848,3
Cleveland,Track_B,RandomForest,148,0,0.05976,3
Cleveland,Track_B,RandomForest,149,0,0.137497,3
Cleveland,Track_B,RandomForest,151,0,0.440181,3
Cleveland,Track_B,RandomForest,157,1,0.475153,3
Cleveland,Track_B,RandomForest,158,1,0.580372,3
Cleveland,Track_B,RandomForest,165,0,0.673436,3
Cleveland,Track_B,RandomForest,177,1,0.971302,3
Cleveland,Track_B,RandomForest,180,1,0.479685,3
Cleveland,Track_B,RandomForest,197,0,0.51817,3
Cleveland,Track_B,RandomForest,198,0,0.067084,3
Cleveland,Track_B,RandomForest,204,0,0.510176,3
Cleveland,Track_B,RandomForest,207,1,0.861712,3
Cleveland,Track_B,RandomForest,212,0,0.344115,3
Cleveland,Track_B,RandomForest,215,0,0.440265,3
Cleveland,Track_B,RandomForest,218,0,0.821133,3
Cleveland,Track_B,RandomForest,228,1,0.694282,3
Cleveland,Track_B,RandomForest,233,0,0.32524,3
Cleveland,Track_B,RandomForest,237,1,0.563828,3
Cleveland,Track_B,RandomForest,243,1,0.503401,3
Cleveland,Track_B,RandomForest,253,0,0.087689,3
Cleveland,Track_B,RandomForest,266,1,0.779929,3
Cleveland,Track_B,RandomForest,267,1,0.642763,3
Cleveland,Track_B,RandomForest,274,1,0.225701,3
Cleveland,Track_B,RandomForest,277,0,0.112148,3
Cleveland,Track_B,RandomForest,279,0,0.616981,3
Cleveland,Track_B,RandomForest,282,1,0.936053,3
Cleveland,Track_B,RandomForest,288,0,0.158942,3
Cleveland,Track_B,RandomForest,293,1,0.882747,3
Cleveland,Track_B,RandomForest,295,0,0.035929,3
Cleveland,Track_B,RandomForest,296,1,0.818583,3
Cleveland,Track_B,RandomForest,3,0,0.591063,4
Cleveland,Track_B,RandomForest,4,0,0.061588,4
Cleveland,Track_B,RandomForest,14,0,0.218301,4
Cleveland,Track_B,RandomForest,27,0,0.602111,4
Cleveland,Track_B,RandomForest,54,1,0.760279,4
Cleveland,Track_B,RandomForest,68,1,0.954715,4
Cleveland,Track_B,RandomForest,74,1,0.263426,4
Cleveland,Track_B,RandomForest,79,1,0.842665,4
Cleveland,Track_B,RandomForest,80,0,0.861724,4
Cleveland,Track_B,RandomForest,87,0,0.155462,4
Cleveland,Track_B,RandomForest,95,1,0.535121,4
Cleveland,Track_B,RandomForest,111,1,0.875821,4
Cleveland,Track_B,RandomForest,113,1,0.883941,4
Cleveland,Track_B,RandomForest,116,0,0.361847,4
Cleveland,Track_B,RandomForest,118,1,0.874971,4
Cleveland,Track_B,RandomForest,123,1,0.967269,4
Cleveland,Track_B,RandomForest,126,1,0.928741,4
Cleveland,Track_B,RandomForest,128,0,0.047594,4
Cleveland,Track_B,RandomForest,130,0,0.330676,4
Cleveland,Track_B,RandomForest,131,0,0.24892,4
Cleveland,Track_B,RandomForest,140,0,0.430202,4
Cleveland,Track_B,RandomForest,141,1,0.451674,4
Cleveland,Track_B,RandomForest,147,0,0.047146,4
Cleveland,Track_B,RandomForest,152,0,0.374918,4
Cleveland,Track_B,RandomForest,154,1,0.936876,4
Cleveland,Track_B,RandomForest,161,1,0.657359,4
Cleveland,Track_B,RandomForest,163,0,0.628298,4
Cleveland,Track_B,RandomForest,167,0,0.193147,4
Cleveland,Track_B,RandomForest,169,0,0.217356,4
Cleveland,Track_B,RandomForest,171,0,0.695516,4
Cleveland,Track_B,RandomForest,172,1,0.665862,4
Cleveland,Track_B,RandomForest,178,0,0.198908,4
Cleveland,Track_B,RandomForest,179,0,0.089838,4
Cleveland,Track_B,RandomForest,184,1,0.424175,4
Cleveland,Track_B,RandomForest,185,0,0.161596,4
Cleveland,Track_B,RandomForest,186,0,0.208677,4
Cleveland,Track_B,RandomForest,187,1,0.476677,4
Cleveland,Track_B,RandomForest,189,1,0.55264,4
Cleveland,Track_B,RandomForest,193,1,0.696865,4
Cleveland,Track_B,RandomForest,206,1,0.978785,4
Cleveland,Track_B,RandomForest,208,0,0.172556,4
Cleveland,Track_B,RandomForest,210,0,0.043519,4
Cleveland,Track_B,RandomForest,221,0,0.097666,4
Cleveland,Track_B,RandomForest,232,1,0.273886,4
Cleveland,Track_B,RandomForest,235,1,0.984069,4
Cleveland,Track_B,RandomForest,242,0,0.183728,4
Cleveland,Track_B,RandomForest,247,1,0.817441,4
Cleveland,Track_B,RandomForest,251,1,0.87194,4
Cleveland,Track_B,RandomForest,257,0,0.438071,4
Cleveland,Track_B,RandomForest,268,1,0.183463,4
Cleveland,Track_B,RandomForest,271,0,0.762213,4
Cleveland,Track_B,RandomForest,272,1,0.92586,4
Cleveland,Track_B,RandomForest,273,0,0.576025,4
Cleveland,Track_B,RandomForest,275,0,0.448756,4
Cleveland,Track_B,RandomForest,276,0,0.295312,4
Cleveland,Track_B,RandomForest,281,0,0.046018,4
Cleveland,Track_B,RandomForest,289,0,0.282779,4
Cleveland,Track_B,RandomForest,290,1,0.444743,4
Cleveland,Track_B,RandomForest,298,1,0.439132,4
Cleveland,Track_B,RandomForest,302,0,0.054682,4
Cleveland,Track_B,RandomForest,0,0,0.564054,5
Cleveland,Track_B,RandomForest,9,1,0.809008,5
Cleveland,Track_B,RandomForest,11,0,0.223006,5
Cleveland,Track_B,RandomForest,15,0,0.222295,5
Cleveland,Track_B,RandomForest,26,0,0.061983,5
Cleveland,Track_B,RandomForest,28,0,0.5256,5
Cleveland,Track_B,RandomForest,32,1,0.187089,5
Cleveland,Track_B,RandomForest,38,1,0.882673,5
Cleveland,Track_B,RandomForest,42,0,0.134124,5
Cleveland,Track_B,RandomForest,48,0,0.178452,5
Cleveland,Track_B,RandomForest,49,0,0.33772,5
Cleveland,Track_B,RandomForest,50,0,0.055554,5
Cleveland,Track_B,RandomForest,55,1,0.973141,5
Cleveland,Track_B,RandomForest,65,1,0.964252,5
Cleveland,Track_B,RandomForest,69,1,0.448953,5
Cleveland,Track_B,RandomForest,71,1,0.424401,5
Cleveland,Track_B,RandomForest,75,0,0.254056,5
Cleveland,Track_B,RandomForest,78,0,0.135201,5
Cleveland,Track_B,RandomForest,82,0,0.093713,5
Cleveland,Track_B,RandomForest,91,1,0.807141,5
Cleveland,Track_B,RandomForest,100,0,0.429452,5
Cleveland,Track_B,RandomForest,104,1,0.468808,5
Cleveland,Track_B,RandomForest,105,0,0.217752,5
Cleveland,Track_B,RandomForest,109,1,0.663515,5
Cleveland,Track_B,RandomForest,115,0,0.332228,5
Cleveland,Track_B,RandomForest,134,0,0.054782,5
Cleveland,Track_B,RandomForest,153,1,0.843478,5
Cleveland,Track_B,RandomForest,159,0,0.340822,5
Cleveland,Track_B,RandomForest,160,0,0.210247,5
Cleveland,Track_B,RandomForest,174,1,0.805801,5
Cleveland,Track_B,RandomForest,176,0,0.515677,5
Cleveland,Track_B,RandomForest,181,1,0.742421,5
Cleveland,Track_B,RandomForest,190,0,0.106894,5
Cleveland,Track_B,RandomForest,199,1,0.346175,5
Cleveland,Track_B,RandomForest,205,1,0.646973,5
Cleveland,Track_B,RandomForest,211,1,0.31278,5
Cleveland,Track_B,RandomForest,216,0,0.06499,5
Cleveland,Track_B,RandomForest,217,0,0.454526,5
Cleveland,Track_B,RandomForest,220,0,0.072841,5
Cleveland,Track_B,RandomForest,224,1,0.528076,5
Cleveland,Track_B,RandomForest,226,0,0.556485,5
Cleveland,Track_B,RandomForest,229,1,0.6917,5
Cleveland,Track_B,RandomForest,234,0,0.142024,5
Cleveland,Track_B,RandomForest,238,0,0.096279,5
Cleveland,Track_B,RandomForest,239,0,0.089883,5
Cleveland,Track_B,RandomForest,246,1,0.488597,5
Cleveland,Track_B,RandomForest,249,0,0.274675,5
Cleveland,Track_B,RandomForest,256,0,0.206649,5
Cleveland,Track_B,RandomForest,260,0,0.119217,5
Cleveland,Track_B,RandomForest,261,1,0.109651,5
Cleveland,Track_B,RandomForest,265,1,0.898728,5
Cleveland,Track_B,RandomForest,269,0,0.205006,5
Cleveland,Track_B,RandomForest,278,1,0.198825,5
Cleveland,Track_B,RandomForest,280,1,0.735045,5
Cleveland,Track_B,RandomForest,283,0,0.063717,5
Cleveland,Track_B,RandomForest,285,1,0.669138,5
Cleveland,Track_B,RandomForest,286,1,0.898975,5
Cleveland,Track_B,RandomForest,292,1,0.793262,5
Cleveland,Track_B,RandomForest,299,1,0.738394,5
Cleveland,Track_B,RandomForest,301,1,0.119411,5
Cleveland,Track_B,SVM,2,1,0.945619,1
Cleveland,Track_B,SVM,6,1,0.762702,1
Cleveland,Track_B,SVM,10,0,0.556318,1
Cleveland,Track_B,SVM,12,1,0.703895,1
Cleveland,Track_B,SVM,17,0,0.330636,1
Cleveland,Track_B,SVM,19,0,0.08817,1
Cleveland,Track_B,SVM,21,0,0.148646,1
Cleveland,Track_B,SVM,25,0,0.136799,1
Cleveland,Track_B,SVM,29,1,0.834407,1
Cleveland,Track_B,SVM,30,0,0.215502,1
Cleveland,Track_B,SVM,34,0,0.261513,1
Cleveland,Track_B,SVM,35,0,0.206577,1
Cleveland,Track_B,SVM,36,1,0.889372,1
Cleveland,Track_B,SVM,39,0,0.872226,1
Cleveland,Track_B,SVM,40,1,0.383514,1
Cleveland,Track_B,SVM,41,0,0.297548,1
Cleveland,Track_B,SVM,44,1,0.158466,1
Cleveland,Track_B,SVM,45,1,0.650153,1
Cleveland,Track_B,SVM,56,1,0.225073,1
Cleveland,Track_B,SVM,59,0,0.420121,1
Cleveland,Track_B,SVM,73,1,0.781065,1
Cleveland,Track_B,SVM,77,0,0.134316,1
Cleveland,Track_B,SVM,86,0,0.338732,1
Cleveland,Track_B,SVM,90,0,0.784384,1
Cleveland,Track_B,SVM,94,0,0.09028,1
Cleveland,Track_B,SVM,98,0,0.142314,1
Cleveland,Track_B,SVM,103,0,0.16456,1
Cleveland,Track_B,SVM,107,1,0.5,1
Cleveland,Track_B,SVM,108,1,0.937145,1
Cleveland,Track_B,SVM,112,0,0.113317,1
Cleveland,Track_B,SVM,114,1,0.178348,1
Cleveland,Track_B,SVM,122,0,0.645024,1
Cleveland,Track_B,SVM,124,1,0.090815,1
Cleveland,Track_B,SVM,129,0,0.092086,1
Cleveland,Track_B,SVM,135,0,0.092282,1
Cleveland,Track_B,SVM,138,1,0.841466,1
Cleveland,Track_B,SVM,142,0,0.078172,1
Cleveland,Track_B,SVM,144,0,0.592671,1
Cleveland,Track_B,SVM,146,1,0.786059,1
Cleveland,Track_B,SVM,155,1,0.879883,1
Cleveland,Track_B,SVM,156,1,0.701536,1
Cleveland,Track_B,SVM,170,1,0.897745,1
Cleveland,Track_B,SVM,183,0,0.62694,1
Cleveland,Track_B,SVM,191,1,0.944715,1
Cleveland,Track_B,SVM,192,1,0.812982,1
Cleveland,Track_B,SVM,202,0,0.103656,1
Cleveland,Track_B,SVM,213,1,0.791809,1
Cleveland,Track_B,SVM,219,0,0.566908,1
Cleveland,Track_B,SVM,222,0,0.137358,1
Cleveland,Track_B,SVM,223,1,0.888176,1
Cleveland,Track_B,SVM,227,0,0.105737,1
Cleveland,Track_B,SVM,230,0,0.063472,1
Cleveland,Track_B,SVM,245,1,0.567899,1
Cleveland,Track_B,SVM,254,0,0.378542,1
Cleveland,Track_B,SVM,262,0,0.201512,1
Cleveland,Track_B,SVM,264,1,0.959208,1
Cleveland,Track_B,SVM,270,1,0.922897,1
Cleveland,Track_B,SVM,284,1,0.337033,1
Cleveland,Track_B,SVM,287,0,0.30863,1
Cleveland,Track_B,SVM,291,0,0.071601,1
Cleveland,Track_B,SVM,300,1,0.929184,1
Cleveland,Track_B,SVM,1,1,0.958358,2
Cleveland,Track_B,SVM,5,0,0.110914,2
Cleveland,Track_B,SVM,8,1,0.878851,2
Cleveland,Track_B,SVM,13,0,0.080975,2
Cleveland,Track_B,SVM,16,1,0.166071,2
Cleveland,Track_B,SVM,22,1,0.397857,2
Cleveland,Track_B,SVM,31,1,0.649383,2
Cleveland,Track_B,SVM,46,0,0.386449,2
Cleveland,Track_B,SVM,52,1,0.546239,2
Cleveland,Track_B,SVM,53,0,0.112498,2
Cleveland,Track_B,SVM,62,1,0.968528,2
Cleveland,Track_B,SVM,63,0,0.103103,2
Cleveland,Track_B,SVM,64,1,0.816333,2
Cleveland,Track_B,SVM,67,0,0.487835,2
Cleveland,Track_B,SVM,76,1,0.961935,2
Cleveland,Track_B,SVM,84,0,0.086106,2
Cleveland,Track_B,SVM,92,0,0.571306,2
Cleveland,Track_B,SVM,96,1,0.863394,2
Cleveland,Track_B,SVM,97,1,0.765056,2
Cleveland,Track_B,SVM,101,0,0.178392,2
Cleveland,Track_B,SVM,102,0,0.159692,2
Cleveland,Track_B,SVM,106,1,0.602639,2
Cleveland,Track_B,SVM,119,1,0.951591,2
Cleveland,Track_B,SVM,120,1,0.696045,2
Cleveland,Track_B,SVM,121,1,0.876924,2
Cleveland,Track_B,SVM,132,0,0.170006,2
Cleveland,Track_B,SVM,133,0,0.558988,2
Cleveland,Track_B,SVM,139,0,0.46829,2
Cleveland,Track_B,SVM,143,1,0.845193,2
Cleveland,Track_B,SVM,150,0,0.248392,2
Cleveland,Track_B,SVM,162,0,0.112028,2
Cleveland,Track_B,SVM,164,0,0.070948,2
Cleveland,Track_B,SVM,166,0,0.08096,2
Cleveland,Track_B,SVM,168,1,0.530839,2
Cleveland,Track_B,SVM,173,0,0.431725,2
Cleveland,Track_B,SVM,175,1,0.943221,2
Cleveland,Track_B,SVM,182,0,0.198365,2
Cleveland,Track_B,SVM,188,1,0.542094,2
Cleveland,Track_B,SVM,194,0,0.218577,2
Cleveland,Track_B,SVM,195,1,0.816892,2
Cleveland,Track_B,SVM,196,0,0.46157,2
Cleveland,Track_B,SVM,200,0,0.137849,2
Cleveland,Track_B,SVM,201,0,0.72985,2
Cleveland,Track_B,SVM,203,0,0.079322,2
Cleveland,Track_B,SVM,209,1,0.881174,2
Cleveland,Track_B,SVM,214,1,0.142175,2
Cleveland,Track_B,SVM,225,0,0.147898,2
Cleveland,Track_B,SVM,231,1,0.900978,2
Cleveland,Track_B,SVM,236,1,0.906872,2
Cleveland,Track_B,SVM,240,0,0.155298,2
Cleveland,Track_B,SVM,241,0,0.07721,2
Cleveland,Track_B,SVM,244,0,0.407063,2
Cleveland,Track_B,SVM,248,1,0.133537,2
Cleveland,Track_B,SVM,250,0,0.869696,2
Cleveland,Track_B,SVM,252,0,0.896892,2
Cleveland,Track_B,SVM,255,0,0.066153,2
Cleveland,Track_B,SVM,258,0,0.668522,2
Cleveland,Track_B,SVM,259,1,0.198141,2
Cleveland,Track_B,SVM,263,0,0.07246,2
Cleveland,Track_B,SVM,294,1,0.541203,2
Cleveland,Track_B,SVM,297,1,0.771392,2
Cleveland,Track_B,SVM,7,0,0.602277,3
Cleveland,Track_B,SVM,18,0,0.094056,3
Cleveland,Track_B,SVM,20,0,0.392748,3
Cleveland,Track_B,SVM,23,1,0.454637,3
Cleveland,Track_B,SVM,24,1,0.962013,3
Cleveland,Track_B,SVM,33,0,0.559205,3
Cleveland,Track_B,SVM,37,1,0.944244,3
Cleveland,Track_B,SVM,43,0,0.215593,3
Cleveland,Track_B,SVM,47,1,0.924716,3
Cleveland,Track_B,SVM,51,0,0.605329,3
Cleveland,Track_B,SVM,57,1,0.522719,3
Cleveland,Track_B,SVM,58,0,0.493806,3
Cleveland,Track_B,SVM,60,1,0.850681,3
Cleveland,Track_B,SVM,61,0,0.665917,3
Cleveland,Track_B,SVM,66,1,0.824176,3
Cleveland,Track_B,SVM,70,0,0.137949,3
Cleveland,Track_B,SVM,72,1,0.89271,3
Cleveland,Track_B,SVM,81,0,0.277659,3
Cleveland,Track_B,SVM,83,1,0.743586,3
Cleveland,Track_B,SVM,85,0,0.131508,3
Cleveland,Track_B,SVM,88,0,0.178822,3
Cleveland,Track_B,SVM,89,0,0.095287,3
Cleveland,Track_B,SVM,93,0,0.106845,3
Cleveland,Track_B,SVM,99,0,0.269895,3
Cleveland,Track_B,SVM,110,1,0.847804,3
Cleveland,Track_B,SVM,117,0,0.165026,3
Cleveland,Track_B,SVM,125,0,0.132028,3
Cleveland,Track_B,SVM,127,1,0.887391,3
Cleveland,Track_B,SVM,136,1,0.912013,3
Cleveland,Track_B,SVM,137,1,0.646672,3
Cleveland,Track_B,SVM,145,1,0.191316,3
Cleveland,Track_B,SVM,148,0,0.120212,3
Cleveland,Track_B,SVM,149,0,0.089204,3
Cleveland,Track_B,SVM,151,0,0.310285,3
Cleveland,Track_B,SVM,157,1,0.474638,3
Cleveland,Track_B,SVM,158,1,0.712327,3
Cleveland,Track_B,SVM,165,0,0.788374,3
Cleveland,Track_B,SVM,177,1,0.950701,3
Cleveland,Track_B,SVM,180,1,0.506311,3
Cleveland,Track_B,SVM,197,0,0.617747,3
Cleveland,Track_B,SVM,198,0,0.064891,3
Cleveland,Track_B,SVM,204,0,0.316745,3
Cleveland,Track_B,SVM,207,1,0.946888,3
Cleveland,Track_B,SVM,212,0,0.430731,3
Cleveland,Track_B,SVM,215,0,0.405205,3
Cleveland,Track_B,SVM,218,0,0.519793,3
Cleveland,Track_B,SVM,228,1,0.821313,3
Cleveland,Track_B,SVM,233,0,0.247332,3
Cleveland,Track_B,SVM,237,1,0.636299,3
Cleveland,Track_B,SVM,243,1,0.397763,3
Cleveland,Track_B,SVM,253,0,0.085933,3
Cleveland,Track_B,SVM,266,1,0.854769,3
Cleveland,Track_B,SVM,267,1,0.57574,3
Cleveland,Track_B,SVM,274,1,0.152063,3
Cleveland,Track_B,SVM,277,0,0.189159,3
Cleveland,Track_B,SVM,279,0,0.347321,3
Cleveland,Track_B,SVM,282,1,0.893894,3
Cleveland,Track_B,SVM,288,0,0.188194,3
Cleveland,Track_B,SVM,293,1,0.84181,3
Cleveland,Track_B,SVM,295,0,0.071359,3
Cleveland,Track_B,SVM,296,1,0.846806,3
Cleveland,Track_B,SVM,3,0,0.707708,4
Cleveland,Track_B,SVM,4,0,0.096567,4
Cleveland,Track_B,SVM,14,0,0.215885,4
Cleveland,Track_B,SVM,27,0,0.556198,4
Cleveland,Track_B,SVM,54,1,0.770884,4
Cleveland,Track_B,SVM,68,1,0.876211,4
Cleveland,Track_B,SVM,74,1,0.439803,4
Cleveland,Track_B,SVM,79,1,0.894406,4
Cleveland,Track_B,SVM,80,0,0.888292,4
Cleveland,Track_B,SVM,87,0,0.158826,4
Cleveland,Track_B,SVM,95,1,0.448122,4
Cleveland,Track_B,SVM,111,1,0.946097,4
Cleveland,Track_B,SVM,113,1,0.782284,4
Cleveland,Track_B,SVM,116,0,0.24107,4
Cleveland,Track_B,SVM,118,1,0.92224,4
Cleveland,Track_B,SVM,123,1,0.821939,4
Cleveland,Track_B,SVM,126,1,0.716171,4
Cleveland,Track_B,SVM,128,0,0.094331,4
Cleveland,Track_B,SVM,130,0,0.469794,4
Cleveland,Track_B,SVM,131,0,0.275961,4
Cleveland,Track_B,SVM,140,0,0.184038,4
Cleveland,Track_B,SVM,141,1,0.392017,4
Cleveland,Track_B,SVM,147,0,0.120155,4
Cleveland,Track_B,SVM,152,0,0.317143,4
Cleveland,Track_B,SVM,154,1,0.872195,4
Cleveland,Track_B,SVM,161,1,0.728711,4
Cleveland,Track_B,SVM,163,0,0.249036,4
Cleveland,Track_B,SVM,167,0,0.331712,4
Cleveland,Track_B,SVM,169,0,0.091087,4
Cleveland,Track_B,SVM,171,0,0.883597,4
Cleveland,Track_B,SVM,172,1,0.659006,4
Cleveland,Track_B,SVM,178,0,0.251098,4
Cleveland,Track_B,SVM,179,0,0.215398,4
Cleveland,Track_B,SVM,184,1,0.169421,4
Cleveland,Track_B,SVM,185,0,0.108662,4
Cleveland,Track_B,SVM,186,0,0.319675,4
Cleveland,Track_B,SVM,187,1,0.536891,4
Cleveland,Track_B,SVM,189,1,0.786166,4
Cleveland,Track_B,SVM,193,1,0.63862,4
Cleveland,Track_B,SVM,206,1,0.974391,4
Cleveland,Track_B,SVM,208,0,0.124777,4
Cleveland,Track_B,SVM,210,0,0.06895,4
Cleveland,Track_B,SVM,221,0,0.11533,4
Cleveland,Track_B,SVM,232,1,0.685205,4
Cleveland,Track_B,SVM,235,1,0.961741,4
Cleveland,Track_B,SVM,242,0,0.059358,4
Cleveland,Track_B,SVM,247,1,0.89827,4
Cleveland,Track_B,SVM,251,1,0.894898,4
Cleveland,Track_B,SVM,257,0,0.374048,4
Cleveland,Track_B,SVM,268,1,0.099391,4
Cleveland,Track_B,SVM,271,0,0.729351,4
Cleveland,Track_B,SVM,272,1,0.936929,4
Cleveland,Track_B,SVM,273,0,0.343226,4
Cleveland,Track_B,SVM,275,0,0.382738,4
Cleveland,Track_B,SVM,276,0,0.204376,4
Cleveland,Track_B,SVM,281,0,0.075212,4
Cleveland,Track_B,SVM,289,0,0.277654,4
Cleveland,Track_B,SVM,290,1,0.558164,4
Cleveland,Track_B,SVM,298,1,0.383914,4
Cleveland,Track_B,SVM,302,0,0.080529,4
Cleveland,Track_B,SVM,0,0,0.467977,5
Cleveland,Track_B,SVM,9,1,0.83585,5
Cleveland,Track_B,SVM,11,0,0.094899,5
Cleveland,Track_B,SVM,15,0,0.256629,5
Cleveland,Track_B,SVM,26,0,0.055152,5
Cleveland,Track_B,SVM,28,0,0.265611,5
Cleveland,Track_B,SVM,32,1,0.223761,5
Cleveland,Track_B,SVM,38,1,0.897817,5
Cleveland,Track_B,SVM,42,0,0.159025,5
Cleveland,Track_B,SVM,48,0,0.178903,5
Cleveland,Track_B,SVM,49,0,0.507228,5
Cleveland,Track_B,SVM,50,0,0.079355,5
Cleveland,Track_B,SVM,55,1,0.94927,5
Cleveland,Track_B,SVM,65,1,0.954241,5
Cleveland,Track_B,SVM,69,1,0.512122,5
Cleveland,Track_B,SVM,71,1,0.423693,5
Cleveland,Track_B,SVM,75,0,0.242376,5
Cleveland,Track_B,SVM,78,0,0.106782,5
Cleveland,Track_B,SVM,82,0,0.164082,5
Cleveland,Track_B,SVM,91,1,0.746292,5
Cleveland,Track_B,SVM,100,0,0.604815,5
Cleveland,Track_B,SVM,104,1,0.494157,5
Cleveland,Track_B,SVM,105,0,0.173743,5
Cleveland,Track_B,SVM,109,1,0.450212,5
Cleveland,Track_B,SVM,115,0,0.312052,5
Cleveland,Track_B,SVM,134,0,0.053739,5
Cleveland,Track_B,SVM,153,1,0.880689,5
Cleveland,Track_B,SVM,159,0,0.390405,5
Cleveland,Track_B,SVM,160,0,0.214496,5
Cleveland,Track_B,SVM,174,1,0.926761,5
Cleveland,Track_B,SVM,176,0,0.457185,5
Cleveland,Track_B,SVM,181,1,0.774285,5
Cleveland,Track_B,SVM,190,0,0.144608,5
Cleveland,Track_B,SVM,199,1,0.20678,5
Cleveland,Track_B,SVM,205,1,0.709036,5
Cleveland,Track_B,SVM,211,1,0.28694,5
Cleveland,Track_B,SVM,216,0,0.067736,5
Cleveland,Track_B,SVM,217,0,0.360982,5
Cleveland,Track_B,SVM,220,0,0.107886,5
Cleveland,Track_B,SVM,224,1,0.44975,5
Cleveland,Track_B,SVM,226,0,0.463625,5
Cleveland,Track_B,SVM,229,1,0.86262,5
Cleveland,Track_B,SVM,234,0,0.144706,5
Cleveland,Track_B,SVM,238,0,0.063,5
Cleveland,Track_B,SVM,239,0,0.113884,5
Cleveland,Track_B,SVM,246,1,0.42902,5
Cleveland,Track_B,SVM,249,0,0.165537,5
Cleveland,Track_B,SVM,256,0,0.106266,5
Cleveland,Track_B,SVM,260,0,0.062129,5
Cleveland,Track_B,SVM,261,1,0.069774,5
Cleveland,Track_B,SVM,265,1,0.90189,5
Cleveland,Track_B,SVM,269,0,0.192213,5
Cleveland,Track_B,SVM,278,1,0.150616,5
Cleveland,Track_B,SVM,280,1,0.803878,5
Cleveland,Track_B,SVM,283,0,0.107622,5
Cleveland,Track_B,SVM,285,1,0.773268,5
Cleveland,Track_B,SVM,286,1,0.93382,5
Cleveland,Track_B,SVM,292,1,0.656523,5
Cleveland,Track_B,SVM,299,1,0.805566,5
Cleveland,Track_B,SVM,301,1,0.04678,5
Cleveland,Track_B,XGBoost,2,1,0.935265,1
Cleveland,Track_B,XGBoost,6,1,0.856061,1
Cleveland,Track_B,XGBoost,10,0,0.609533,1
Cleveland,Track_B,XGBoost,12,1,0.399752,1
Cleveland,Track_B,XGBoost,17,0,0.657247,1
Cleveland,Track_B,XGBoost,19,0,0.056327,1
Cleveland,Track_B,XGBoost,21,0,0.26101,1
Cleveland,Track_B,XGBoost,25,0,0.048125,1
Cleveland,Track_B,XGBoost,29,1,0.866234,1
Cleveland,Track_B,XGBoost,30,0,0.114497,1
Cleveland,Track_B,XGBoost,34,0,0.06251,1
Cleveland,Track_B,XGBoost,35,0,0.249475,1
Cleveland,Track_B,XGBoost,36,1,0.937794,1
Cleveland,Track_B,XGBoost,39,0,0.827348,1
Cleveland,Track_B,XGBoost,40,1,0.290399,1
Cleveland,Track_B,XGBoost,41,0,0.097401,1
Cleveland,Track_B,XGBoost,44,1,0.197366,1
Cleveland,Track_B,XGBoost,45,1,0.696198,1
Cleveland,Track_B,XGBoost,56,1,0.093135,1
Cleveland,Track_B,XGBoost,59,0,0.670524,1
Cleveland,Track_B,XGBoost,73,1,0.639892,1
Cleveland,Track_B,XGBoost,77,0,0.094879,1
Cleveland,Track_B,XGBoost,86,0,0.123902,1
Cleveland,Track_B,XGBoost,90,0,0.614867,1
Cleveland,Track_B,XGBoost,94,0,0.100862,1
Cleveland,Track_B,XGBoost,98,0,0.177651,1
Cleveland,Track_B,XGBoost,103,0,0.05306,1
Cleveland,Track_B,XGBoost,107,1,0.487775,1
Cleveland,Track_B,XGBoost,108,1,0.968547,1
Cleveland,Track_B,XGBoost,112,0,0.124254,1
Cleveland,Track_B,XGBoost,114,1,0.185741,1
Cleveland,Track_B,XGBoost,122,0,0.523488,1
Cleveland,Track_B,XGBoost,124,1,0.302368,1
Cleveland,Track_B,XGBoost,129,0,0.149871,1
Cleveland,Track_B,XGBoost,135,0,0.097602,1
Cleveland,Track_B,XGBoost,138,1,0.932993,1
Cleveland,Track_B,XGBoost,142,0,0.048493,1
Cleveland,Track_B,XGBoost,144,0,0.593836,1
Cleveland,Track_B,XGBoost,146,1,0.914222,1
Cleveland,Track_B,XGBoost,155,1,0.837189,1
Cleveland,Track_B,XGBoost,156,1,0.565904,1
Cleveland,Track_B,XGBoost,170,1,0.854598,1
Cleveland,Track_B,XGBoost,183,0,0.917919,1
Cleveland,Track_B,XGBoost,191,1,0.967857,1
Cleveland,Track_B,XGBoost,192,1,0.730841,1
Cleveland,Track_B,XGBoost,202,0,0.285022,1
Cleveland,Track_B,XGBoost,213,1,0.665086,1
Cleveland,Track_B,XGBoost,219,0,0.538236,1
Cleveland,Track_B,XGBoost,222,0,0.027775,1
Cleveland,Track_B,XGBoost,223,1,0.953555,1
Cleveland,Track_B,XGBoost,227,0,0.085036,1
Cleveland,Track_B,XGBoost,230,0,0.038782,1
Cleveland,Track_B,XGBoost,245,1,0.769577,1
Cleveland,Track_B,XGBoost,254,0,0.528405,1
Cleveland,Track_B,XGBoost,262,0,0.182752,1
Cleveland,Track_B,XGBoost,264,1,0.976897,1
Cleveland,Track_B,XGBoost,270,1,0.930361,1
Cleveland,Track_B,XGBoost,284,1,0.688665,1
Cleveland,Track_B,XGBoost,287,0,0.501056,1
Cleveland,Track_B,XGBoost,291,0,0.055131,1
Cleveland,Track_B,XGBoost,300,1,0.948496,1
Cleveland,Track_B,XGBoost,1,1,0.971534,2
Cleveland,Track_B,XGBoost,5,0,0.068757,2
Cleveland,Track_B,XGBoost,8,1,0.806738,2
Cleveland,Track_B,XGBoost,13,0,0.069352,2
Cleveland,Track_B,XGBoost,16,1,0.180242,2
Cleveland,Track_B,XGBoost,22,1,0.49242,2
Cleveland,Track_B,XGBoost,31,1,0.78958,2
Cleveland,Track_B,XGBoost,46,0,0.474017,2
Cleveland,Track_B,XGBoost,52,1,0.45365,2
Cleveland,Track_B,XGBoost,53,0,0.04316,2
Cleveland,Track_B,XGBoost,62,1,0.969629,2
Cleveland,Track_B,XGBoost,63,0,0.046003,2
Cleveland,Track_B,XGBoost,64,1,0.867772,2
Cleveland,Track_B,XGBoost,67,0,0.12715,2
Cleveland,Track_B,XGBoost,76,1,0.969455,2
Cleveland,Track_B,XGBoost,84,0,0.058605,2
Cleveland,Track_B,XGBoost,92,0,0.614128,2
Cleveland,Track_B,XGBoost,96,1,0.932716,2
Cleveland,Track_B,XGBoost,97,1,0.835132,2
Cleveland,Track_B,XGBoost,101,0,0.114254,2
Cleveland,Track_B,XGBoost,102,0,0.431013,2
Cleveland,Track_B,XGBoost,106,1,0.624281,2
Cleveland,Track_B,XGBoost,119,1,0.918877,2
Cleveland,Track_B,XGBoost,120,1,0.513531,2
Cleveland,Track_B,XGBoost,121,1,0.816006,2
Cleveland,Track_B,XGBoost,132,0,0.05371,2
Cleveland,Track_B,XGBoost,133,0,0.245768,2
Cleveland,Track_B,XGBoost,139,0,0.603765,2
Cleveland,Track_B,XGBoost,143,1,0.797226,2
Cleveland,Track_B,XGBoost,150,0,0.196145,2
Cleveland,Track_B,XGBoost,162,0,0.064263,2
Cleveland,Track_B,XGBoost,164,0,0.079196,2
Cleveland,Track_B,XGBoost,166,0,0.074556,2
Cleveland,Track_B,XGBoost,168,1,0.564242,2
Cleveland,Track_B,XGBoost,173,0,0.709003,2
Cleveland,Track_B,XGBoost,175,1,0.972327,2
Cleveland,Track_B,XGBoost,182,0,0.087488,2
Cleveland,Track_B,XGBoost,188,1,0.099117,2
Cleveland,Track_B,XGBoost,194,0,0.211113,2
Cleveland,Track_B,XGBoost,195,1,0.83006,2
Cleveland,Track_B,XGBoost,196,0,0.682839,2
Cleveland,Track_B,XGBoost,200,0,0.236694,2
Cleveland,Track_B,XGBoost,201,0,0.619682,2
Cleveland,Track_B,XGBoost,203,0,0.072011,2
Cleveland,Track_B,XGBoost,209,1,0.791923,2
Cleveland,Track_B,XGBoost,214,1,0.240304,2
Cleveland,Track_B,XGBoost,225,0,0.038639,2
Cleveland,Track_B,XGBoost,231,1,0.919582,2
Cleveland,Track_B,XGBoost,236,1,0.973423,2
Cleveland,Track_B,XGBoost,240,0,0.126848,2
Cleveland,Track_B,XGBoost,241,0,0.02703,2
Cleveland,Track_B,XGBoost,244,0,0.325572,2
Cleveland,Track_B,XGBoost,248,1,0.297266,2
Cleveland,Track_B,XGBoost,250,0,0.945122,2
Cleveland,Track_B,XGBoost,252,0,0.921232,2
Cleveland,Track_B,XGBoost,255,0,0.049597,2
Cleveland,Track_B,XGBoost,258,0,0.423923,2
Cleveland,Track_B,XGBoost,259,1,0.169581,2
Cleveland,Track_B,XGBoost,263,0,0.081559,2
Cleveland,Track_B,XGBoost,294,1,0.56552,2
Cleveland,Track_B,XGBoost,297,1,0.601966,2
Cleveland,Track_B,XGBoost,7,0,0.72491,3
Cleveland,Track_B,XGBoost,18,0,0.0651,3
Cleveland,Track_B,XGBoost,20,0,0.622411,3
Cleveland,Track_B,XGBoost,23,1,0.385646,3
Cleveland,Track_B,XGBoost,24,1,0.976429,3
Cleveland,Track_B,XGBoost,33,0,0.874276,3
Cleveland,Track_B,XGBoost,37,1,0.93065,3
Cleveland,Track_B,XGBoost,43,0,0.172645,3
Cleveland,Track_B,XGBoost,47,1,0.937382,3
Cleveland,Track_B,XGBoost,51,0,0.650554,3
Cleveland,Track_B,XGBoost,57,1,0.623182,3
Cleveland,Track_B,XGBoost,58,0,0.22439,3
Cleveland,Track_B,XGBoost,60,1,0.832591,3
Cleveland,Track_B,XGBoost,61,0,0.202427,3
Cleveland,Track_B,XGBoost,66,1,0.630789,3
Cleveland,Track_B,XGBoost,70,0,0.117047,3
Cleveland,Track_B,XGBoost,72,1,0.955082,3
Cleveland,Track_B,XGBoost,81,0,0.333667,3
Cleveland,Track_B,XGBoost,83,1,0.526252,3
Cleveland,Track_B,XGBoost,85,0,0.04759,3
Cleveland,Track_B,XGBoost,88,0,0.215957,3
Cleveland,Track_B,XGBoost,89,0,0.046543,3
Cleveland,Track_B,XGBoost,93,0,0.060382,3
Cleveland,Track_B,XGBoost,99,0,0.210145,3
Cleveland,Track_B,XGBoost,110,1,0.880634,3
Cleveland,Track_B,XGBoost,117,0,0.160546,3
Cleveland,Track_B,XGBoost,125,0,0.113851,3
Cleveland,Track_B,XGBoost,127,1,0.913441,3
Cleveland,Track_B,XGBoost,136,1,0.954089,3
Cleveland,Track_B,XGBoost,137,1,0.645754,3
Cleveland,Track_B,XGBoost,145,1,0.076041,3
Cleveland,Track_B,XGBoost,148,0,0.076581,3
Cleveland,Track_B,XGBoost,149,0,0.075922,3
Cleveland,Track_B,XGBoost,151,0,0.338063,3
Cleveland,Track_B,XGBoost,157,1,0.611988,3
Cleveland,Track_B,XGBoost,158,1,0.758199,3
Cleveland,Track_B,XGBoost,165,0,0.790556,3
Cleveland,Track_B,XGBoost,177,1,0.967344,3
Cleveland,Track_B,XGBoost,180,1,0.765352,3
Cleveland,Track_B,XGBoost,197,0,0.487412,3
Cleveland,Track_B,XGBoost,198,0,0.030511,3
Cleveland,Track_B,XGBoost,204,0,0.615886,3
Cleveland,Track_B,XGBoost,207,1,0.931898,3
Cleveland,Track_B,XGBoost,212,0,0.427471,3
Cleveland,Track_B,XGBoost,215,0,0.50997,3
Cleveland,Track_B,XGBoost,218,0,0.883979,3
Cleveland,Track_B,XGBoost,228,1,0.657553,3
Cleveland,Track_B,XGBoost,233,0,0.16261,3
Cleveland,Track_B,XGBoost,237,1,0.692407,3
Cleveland,Track_B,XGBoost,243,1,0.568955,3
Cleveland,Track_B,XGBoost,253,0,0.031869,3
Cleveland,Track_B,XGBoost,266,1,0.841165,3
Cleveland,Track_B,XGBoost,267,1,0.729421,3
Cleveland,Track_B,XGBoost,274,1,0.246151,3
Cleveland,Track_B,XGBoost,277,0,0.077664,3
Cleveland,Track_B,XGBoost,279,0,0.773868,3
Cleveland,Track_B,XGBoost,282,1,0.94453,3
Cleveland,Track_B,XGBoost,288,0,0.222773,3
Cleveland,Track_B,XGBoost,293,1,0.922676,3
Cleveland,Track_B,XGBoost,295,0,0.042872,3
Cleveland,Track_B,XGBoost,296,1,0.915879,3
Cleveland,Track_B,XGBoost,3,0,0.734286,4
Cleveland,Track_B,XGBoost,4,0,0.033265,4
Cleveland,Track_B,XGBoost,14,0,0.142027,4
Cleveland,Track_B,XGBoost,27,0,0.590197,4
Cleveland,Track_B,XGBoost,54,1,0.8602,4
Cleveland,Track_B,XGBoost,68,1,0.973413,4
Cleveland,Track_B,XGBoost,74,1,0.136622,4
Cleveland,Track_B,XGBoost,79,1,0.93327,4
Cleveland,Track_B,XGBoost,80,0,0.958027,4
Cleveland,Track_B,XGBoost,87,0,0.075905,4
Cleveland,Track_B,XGBoost,95,1,0.554085,4
Cleveland,Track_B,XGBoost,111,1,0.922258,4
Cleveland,Track_B,XGBoost,113,1,0.95036,4
Cleveland,Track_B,XGBoost,116,0,0.555562,4
Cleveland,Track_B,XGBoost,118,1,0.931768,4
Cleveland,Track_B,XGBoost,123,1,0.974748,4
Cleveland,Track_B,XGBoost,126,1,0.964565,4
Cleveland,Track_B,XGBoost,128,0,0.04666,4
Cleveland,Track_B,XGBoost,130,0,0.223075,4
Cleveland,Track_B,XGBoost,131,0,0.144236,4
Cleveland,Track_B,XGBoost,140,0,0.429158,4
Cleveland,Track_B,XGBoost,141,1,0.461751,4
Cleveland,Track_B,XGBoost,147,0,0.039318,4
Cleveland,Track_B,XGBoost,152,0,0.193447,4
Cleveland,Track_B,XGBoost,154,1,0.956208,4
Cleveland,Track_B,XGBoost,161,1,0.831652,4
Cleveland,Track_B,XGBoost,163,0,0.626645,4
Cleveland,Track_B,XGBoost,167,0,0.080514,4
Cleveland,Track_B,XGBoost,169,0,0.072337,4
Cleveland,Track_B,XGBoost,171,0,0.839191,4
Cleveland,Track_B,XGBoost,172,1,0.592652,4
Cleveland,Track_B,XGBoost,178,0,0.122867,4
Cleveland,Track_B,XGBoost,179,0,0.135783,4
Cleveland,Track_B,XGBoost,184,1,0.369945,4
Cleveland,Track_B,XGBoost,185,0,0.131124,4
Cleveland,Track_B,XGBoost,186,0,0.09152,4
Cleveland,Track_B,XGBoost,187,1,0.470265,4
Cleveland,Track_B,XGBoost,189,1,0.500136,4
Cleveland,Track_B,XGBoost,193,1,0.776851,4
Cleveland,Track_B,XGBoost,206,1,0.979125,4
Cleveland,Track_B,XGBoost,208,0,0.156861,4
Cleveland,Track_B,XGBoost,210,0,0.020239,4
Cleveland,Track_B,XGBoost,221,0,0.050284,4
Cleveland,Track_B,XGBoost,232,1,0.204337,4
Cleveland,Track_B,XGBoost,235,1,0.977667,4
Cleveland,Track_B,XGBoost,242,0,0.078013,4
Cleveland,Track_B,XGBoost,247,1,0.900119,4
Cleveland,Track_B,XGBoost,251,1,0.907875,4
Cleveland,Track_B,XGBoost,257,0,0.230429,4
Cleveland,Track_B,XGBoost,268,1,0.063876,4
Cleveland,Track_B,XGBoost,271,0,0.836288,4
Cleveland,Track_B,XGBoost,272,1,0.948512,4
Cleveland,Track_B,XGBoost,273,0,0.470661,4
Cleveland,Track_B,XGBoost,275,0,0.331878,4
Cleveland,Track_B,XGBoost,276,0,0.223787,4
Cleveland,Track_B,XGBoost,281,0,0.04542,4
Cleveland,Track_B,XGBoost,289,0,0.22759,4
Cleveland,Track_B,XGBoost,290,1,0.39788,4
Cleveland,Track_B,XGBoost,298,1,0.229999,4
Cleveland,Track_B,XGBoost,302,0,0.047166,4
Cleveland,Track_B,XGBoost,0,0,0.571131,5
Cleveland,Track_B,XGBoost,9,1,0.891254,5
Cleveland,Track_B,XGBoost,11,0,0.071174,5
Cleveland,Track_B,XGBoost,15,0,0.182084,5
Cleveland,Track_B,XGBoost,26,0,0.032437,5
Cleveland,Track_B,XGBoost,28,0,0.63333,5
Cleveland,Track_B,XGBoost,32,1,0.151614,5
Cleveland,Track_B,XGBoost,38,1,0.916829,5
Cleveland,Track_B,XGBoost,42,0,0.071543,5
Cleveland,Track_B,XGBoost,48,0,0.079315,5
Cleveland,Track_B,XGBoost,49,0,0.301888,5
Cleveland,Track_B,XGBoost,50,0,0.028623,5
Cleveland,Track_B,XGBoost,55,1,0.957053,5
Cleveland,Track_B,XGBoost,65,1,0.968511,5
Cleveland,Track_B,XGBoost,69,1,0.37925,5
Cleveland,Track_B,XGBoost,71,1,0.356325,5
Cleveland,Track_B,XGBoost,75,0,0.140448,5
Cleveland,Track_B,XGBoost,78,0,0.131542,5
Cleveland,Track_B,XGBoost,82,0,0.069578,5
Cleveland,Track_B,XGBoost,91,1,0.845935,5
Cleveland,Track_B,XGBoost,100,0,0.304263,5
Cleveland,Track_B,XGBoost,104,1,0.528116,5
Cleveland,Track_B,XGBoost,105,0,0.165605,5
Cleveland,Track_B,XGBoost,109,1,0.801851,5
Cleveland,Track_B,XGBoost,115,0,0.348706,5
Cleveland,Track_B,XGBoost,134,0,0.039035,5
Cleveland,Track_B,XGBoost,153,1,0.913236,5
Cleveland,Track_B,XGBoost,159,0,0.463173,5
Cleveland,Track_B,XGBoost,160,0,0.133352,5
Cleveland,Track_B,XGBoost,174,1,0.844877,5
Cleveland,Track_B,XGBoost,176,0,0.456248,5
Cleveland,Track_B,XGBoost,181,1,0.714818,5
Cleveland,Track_B,XGBoost,190,0,0.120564,5
Cleveland,Track_B,XGBoost,199,1,0.46401,5
Cleveland,Track_B,XGBoost,205,1,0.716332,5
Cleveland,Track_B,XGBoost,211,1,0.132204,5
Cleveland,Track_B,XGBoost,216,0,0.025496,5
Cleveland,Track_B,XGBoost,217,0,0.367347,5
Cleveland,Track_B,XGBoost,220,0,0.058149,5
Cleveland,Track_B,XGBoost,224,1,0.492115,5
Cleveland,Track_B,XGBoost,226,0,0.590359,5
Cleveland,Track_B,XGBoost,229,1,0.672556,5
Cleveland,Track_B,XGBoost,234,0,0.089073,5
Cleveland,Track_B,XGBoost,238,0,0.038582,5
Cleveland,Track_B,XGBoost,239,0,0.111017,5
Cleveland,Track_B,XGBoost,246,1,0.370857,5
Cleveland,Track_B,XGBoost,249,0,0.329239,5
Cleveland,Track_B,XGBoost,256,0,0.079607,5
Cleveland,Track_B,XGBoost,260,0,0.046976,5
Cleveland,Track_B,XGBoost,261,1,0.041921,5
Cleveland,Track_B,XGBoost,265,1,0.915188,5
Cleveland,Track_B,XGBoost,269,0,0.137409,5
Cleveland,Track_B,XGBoost,278,1,0.283529,5
Cleveland,Track_B,XGBoost,280,1,0.815376,5
Cleveland,Track_B,XGBoost,283,0,0.069247,5
Cleveland,Track_B,XGBoost,285,1,0.855726,5
Cleveland,Track_B,XGBoost,286,1,0.934172,5
Cleveland,Track_B,XGBoost,292,1,0.862682,5
Cleveland,Track_B,XGBoost,299,1,0.838278,5
Cleveland,Track_B,XGBoost,301,1,0.053619,5
Hungarian,Track_B,LogisticRegression,5,0,0.014299,1
Hungarian,Track_B,LogisticRegression,13,0,0.12674,1
Hungarian,Track_B,LogisticRegression,15,0,0.074564,1
Hungarian,Track_B,LogisticRegression,19,0,0.176739,1
Hungarian,Track_B,LogisticRegression,22,0,0.072407,1
Hungarian,Track_B,LogisticRegression,24,0,0.175447,1
Hungarian,Track_B,LogisticRegression,26,0,0.35449,1
Hungarian,Track_B,LogisticRegression,30,0,0.026135,1
Hungarian,Track_B,LogisticRegression,35,0,0.12785,1
Hungarian,Track_B,LogisticRegression,41,0,0.022875,1
Hungarian,Track_B,LogisticRegression,45,0,0.012154,1
Hungarian,Track_B,LogisticRegression,46,0,0.016916,1
Hungarian,Track_B,LogisticRegression,52,0,0.034106,1
Hungarian,Track_B,LogisticRegression,59,0,0.006692,1
Hungarian,Track_B,LogisticRegression,67,0,0.100142,1
Hungarian,Track_B,LogisticRegression,69,0,0.085303,1
Hungarian,Track_B,LogisticRegression,73,0,0.139013,1
Hungarian,Track_B,LogisticRegression,76,0,0.383642,1
Hungarian,Track_B,LogisticRegression,77,0,0.409303,1
Hungarian,Track_B,LogisticRegression,79,0,0.083176,1
Hungarian,Track_B,LogisticRegression,80,0,0.183186,1
Hungarian,Track_B,LogisticRegression,85,0,0.018405,1
Hungarian,Track_B,LogisticRegression,89,0,0.908903,1
Hungarian,Track_B,LogisticRegression,97,0,0.027593,1
Hungarian,Track_B,LogisticRegression,101,0,0.005611,1
Hungarian,Track_B,LogisticRegression,102,0,0.006012,1
Hungarian,Track_B,LogisticRegression,119,0,0.086161,1
Hungarian,Track_B,LogisticRegression,126,0,0.095187,1
Hungarian,Track_B,LogisticRegression,133,0,0.090666,1
Hungarian,Track_B,LogisticRegression,134,0,0.028199,1
Hungarian,Track_B,LogisticRegression,141,0,0.08266,1
Hungarian,Track_B,LogisticRegression,142,0,0.004567,1
Hungarian,Track_B,LogisticRegression,146,0,0.063931,1
Hungarian,Track_B,LogisticRegression,160,0,0.096981,1
Hungarian,Track_B,LogisticRegression,165,0,0.011948,1
Hungarian,Track_B,LogisticRegression,168,0,0.436789,1
Hungarian,Track_B,LogisticRegression,180,0,0.329289,1
Hungarian,Track_B,LogisticRegression,183,0,0.555995,1
Hungarian,Track_B,LogisticRegression,187,1,0.870554,1
Hungarian,Track_B,LogisticRegression,188,1,0.488556,1
Hungarian,Track_B,LogisticRegression,189,1,0.025637,1
Hungarian,Track_B,LogisticRegression,190,1,0.066724,1
Hungarian,Track_B,LogisticRegression,192,1,0.901903,1
Hungarian,Track_B,LogisticRegression,201,1,0.401821,1
Hungarian,Track_B,LogisticRegression,202,1,0.854777,1
Hungarian,Track_B,LogisticRegression,203,1,0.696471,1
Hungarian,Track_B,LogisticRegression,215,1,0.419015,1
Hungarian,Track_B,LogisticRegression,219,1,0.160943,1
Hungarian,Track_B,LogisticRegression,235,1,0.956592,1
Hungarian,Track_B,LogisticRegression,241,1,0.890912,1
Hungarian,Track_B,LogisticRegression,251,1,0.852927,1
Hungarian,Track_B,LogisticRegression,254,1,0.421677,1
Hungarian,Track_B,LogisticRegression,255,1,0.057345,1
Hungarian,Track_B,LogisticRegression,259,1,0.622666,1
Hungarian,Track_B,LogisticRegression,270,1,0.055189,1
Hungarian,Track_B,LogisticRegression,271,1,0.894093,1
Hungarian,Track_B,LogisticRegression,278,1,0.972836,1
Hungarian,Track_B,LogisticRegression,279,1,0.93884,1
Hungarian,Track_B,LogisticRegression,281,1,0.806265,1
Hungarian,Track_B,LogisticRegression,2,0,0.059519,2
Hungarian,Track_B,LogisticRegression,6,0,0.075841,2
Hungarian,Track_B,LogisticRegression,11,0,0.083192,2
Hungarian,Track_B,LogisticRegression,14,0,0.022624,2
Hungarian,Track_B,LogisticRegression,33,0,0.082967,2
Hungarian,Track_B,LogisticRegression,34,0,0.077558,2
Hungarian,Track_B,LogisticRegression,39,0,0.306424,2
Hungarian,Track_B,LogisticRegression,43,0,0.168198,2
Hungarian,Track_B,LogisticRegression,47,0,0.031336,2
Hungarian,Track_B,LogisticRegression,48,0,0.048185,2
Hungarian,Track_B,LogisticRegression,53,0,0.08925,2
Hungarian,Track_B,LogisticRegression,54,0,0.089496,2
Hungarian,Track_B,LogisticRegression,61,0,0.018936,2
Hungarian,Track_B,LogisticRegression,62,0,0.018948,2
Hungarian,Track_B,LogisticRegression,63,0,0.034188,2
Hungarian,Track_B,LogisticRegression,92,0,0.038724,2
Hungarian,Track_B,LogisticRegression,94,0,0.504023,2
Hungarian,Track_B,LogisticRegression,95,0,0.098699,2
Hungarian,Track_B,LogisticRegression,98,0,0.097856,2
Hungarian,Track_B,LogisticRegression,107,0,0.348653,2
Hungarian,Track_B,LogisticRegression,113,0,0.355185,2
Hungarian,Track_B,LogisticRegression,117,0,0.529544,2
Hungarian,Track_B,LogisticRegression,118,0,0.05833,2
Hungarian,Track_B,LogisticRegression,120,0,0.104287,2
Hungarian,Track_B,LogisticRegression,123,0,0.038656,2
Hungarian,Track_B,LogisticRegression,128,0,0.091926,2
Hungarian,Track_B,LogisticRegression,131,0,0.540811,2
Hungarian,Track_B,LogisticRegression,143,0,0.02181,2
Hungarian,Track_B,LogisticRegression,147,0,0.054746,2
Hungarian,Track_B,LogisticRegression,152,0,0.110422,2
Hungarian,Track_B,LogisticRegression,153,0,0.200461,2
Hungarian,Track_B,LogisticRegression,155,0,0.026829,2
Hungarian,Track_B,LogisticRegression,157,0,0.012687,2
Hungarian,Track_B,LogisticRegression,158,0,0.204332,2
Hungarian,Track_B,LogisticRegression,161,0,0.249348,2
Hungarian,Track_B,LogisticRegression,169,0,0.229721,2
Hungarian,Track_B,LogisticRegression,177,0,0.141416,2
Hungarian,Track_B,LogisticRegression,181,0,0.410291,2
Hungarian,Track_B,LogisticRegression,195,1,0.96499,2
Hungarian,Track_B,LogisticRegression,196,1,0.808818,2
Hungarian,Track_B,LogisticRegression,206,1,0.860706,2
Hungarian,Track_B,LogisticRegression,209,1,0.103174,2
Hungarian,Track_B,LogisticRegression,214,1,0.945547,2
Hungarian,Track_B,LogisticRegression,217,1,0.983066,2
Hungarian,Track_B,LogisticRegression,226,1,0.333038,2
Hungarian,Track_B,LogisticRegression,227,1,0.604973,2
Hungarian,Track_B,LogisticRegression,228,1,0.022785,2
Hungarian,Track_B,LogisticRegression,229,1,0.702246,2
Hungarian,Track_B,LogisticRegression,230,1,0.596629,2
Hungarian,Track_B,LogisticRegression,231,1,0.341973,2
Hungarian,Track_B,LogisticRegression,237,1,0.396599,2
Hungarian,Track_B,LogisticRegression,238,1,0.884342,2
Hungarian,Track_B,LogisticRegression,239,1,0.639075,2
Hungarian,Track_B,LogisticRegression,246,1,0.960312,2
Hungarian,Track_B,LogisticRegression,248,1,0.383834,2
Hungarian,Track_B,LogisticRegression,258,1,0.824808,2
Hungarian,Track_B,LogisticRegression,280,1,0.327189,2
Hungarian,Track_B,LogisticRegression,288,1,0.962862,2
Hungarian,Track_B,LogisticRegression,291,1,0.241839,2
Hungarian,Track_B,LogisticRegression,1,0,0.123836,3
Hungarian,Track_B,LogisticRegression,18,0,0.066269,3
Hungarian,Track_B,LogisticRegression,32,0,0.636565,3
Hungarian,Track_B,LogisticRegression,36,0,0.079414,3
Hungarian,Track_B,LogisticRegression,38,0,0.461112,3
Hungarian,Track_B,LogisticRegression,40,0,0.133223,3
Hungarian,Track_B,LogisticRegression,50,0,0.144834,3
Hungarian,Track_B,LogisticRegression,56,0,0.869292,3
Hungarian,Track_B,LogisticRegression,65,0,0.012419,3
Hungarian,Track_B,LogisticRegression,68,0,0.361279,3
Hungarian,Track_B,LogisticRegression,74,0,0.382971,3
Hungarian,Track_B,LogisticRegression,78,0,0.14843,3
Hungarian,Track_B,LogisticRegression,81,0,0.075058,3
Hungarian,Track_B,LogisticRegression,83,0,0.402951,3
Hungarian,Track_B,LogisticRegression,87,0,0.096406,3
Hungarian,Track_B,LogisticRegression,93,0,0.080589,3
Hungarian,Track_B,LogisticRegression,96,0,0.565464,3
Hungarian,Track_B,LogisticRegression,104,0,0.05821,3
Hungarian,Track_B,LogisticRegression,105,0,0.072744,3
Hungarian,Track_B,LogisticRegression,106,0,0.724993,3
Hungarian,Track_B,LogisticRegression,109,0,0.674177,3
Hungarian,Track_B,LogisticRegression,110,0,0.163183,3
Hungarian,Track_B,LogisticRegression,114,0,0.365562,3
Hungarian,Track_B,LogisticRegression,127,0,0.378689,3
Hungarian,Track_B,LogisticRegression,132,0,0.024121,3
Hungarian,Track_B,LogisticRegression,135,0,0.106362,3
Hungarian,Track_B,LogisticRegression,136,0,0.985143,3
Hungarian,Track_B,LogisticRegression,137,0,0.440391,3
Hungarian,Track_B,LogisticRegression,140,0,0.043332,3
Hungarian,Track_B,LogisticRegression,154,0,0.276208,3
Hungarian,Track_B,LogisticRegression,159,0,0.146367,3
Hungarian,Track_B,LogisticRegression,173,0,0.168419,3
Hungarian,Track_B,LogisticRegression,174,0,0.189418,3
Hungarian,Track_B,LogisticRegression,176,0,0.487126,3
Hungarian,Track_B,LogisticRegression,182,0,0.066903,3
Hungarian,Track_B,LogisticRegression,184,0,0.734324,3
Hungarian,Track_B,LogisticRegression,186,0,0.130631,3
Hungarian,Track_B,LogisticRegression,191,1,0.806616,3
Hungarian,Track_B,LogisticRegression,197,1,0.16998,3
Hungarian,Track_B,LogisticRegression,200,1,0.761033,3
Hungarian,Track_B,LogisticRegression,205,1,0.530931,3
Hungarian,Track_B,LogisticRegression,207,1,0.863774,3
Hungarian,Track_B,LogisticRegression,208,1,0.127912,3
Hungarian,Track_B,LogisticRegression,213,1,0.529287,3
Hungarian,Track_B,LogisticRegression,216,1,0.892256,3
Hungarian,Track_B,LogisticRegression,221,1,0.802826,3
Hungarian,Track_B,LogisticRegression,223,1,0.986502,3
Hungarian,Track_B,LogisticRegression,234,1,0.919279,3
Hungarian,Track_B,LogisticRegression,244,1,0.917575,3
Hungarian,Track_B,LogisticRegression,250,1,0.819044,3
Hungarian,Track_B,LogisticRegression,262,1,0.959563,3
Hungarian,Track_B,LogisticRegression,268,1,0.943558,3
Hungarian,Track_B,LogisticRegression,272,1,0.928084,3
Hungarian,Track_B,LogisticRegression,277,1,0.916531,3
Hungarian,Track_B,LogisticRegression,283,1,0.765046,3
Hungarian,Track_B,LogisticRegression,284,1,0.850185,3
Hungarian,Track_B,LogisticRegression,285,1,0.997625,3
Hungarian,Track_B,LogisticRegression,289,1,0.194947,3
Hungarian,Track_B,LogisticRegression,292,1,0.891891,3
Hungarian,Track_B,LogisticRegression,3,0,0.012438,4
Hungarian,Track_B,LogisticRegression,8,0,0.195875,4
Hungarian,Track_B,LogisticRegression,20,0,0.035996,4
Hungarian,Track_B,LogisticRegression,21,0,0.076864,4
Hungarian,Track_B,LogisticRegression,23,0,0.095833,4
Hungarian,Track_B,LogisticRegression,27,0,0.036423,4
Hungarian,Track_B,LogisticRegression,28,0,0.102807,4
Hungarian,Track_B,LogisticRegression,37,0,0.574773,4
Hungarian,Track_B,LogisticRegression,42,0,0.213116,4
Hungarian,Track_B,LogisticRegression,44,0,0.205608,4
Hungarian,Track_B,LogisticRegression,51,0,0.386466,4
Hungarian,Track_B,LogisticRegression,57,0,0.211552,4
Hungarian,Track_B,LogisticRegression,60,0,0.037536,4
Hungarian,Track_B,LogisticRegression,64,0,0.036873,4
Hungarian,Track_B,LogisticRegression,66,0,0.108914,4
Hungarian,Track_B,LogisticRegression,70,0,0.381845,4
Hungarian,Track_B,LogisticRegression,72,0,0.010755,4
Hungarian,Track_B,LogisticRegression,75,0,0.225713,4
Hungarian,Track_B,LogisticRegression,82,0,0.826121,4
Hungarian,Track_B,LogisticRegression,84,0,0.142045,4
Hungarian,Track_B,LogisticRegression,86,0,0.458895,4
Hungarian,Track_B,LogisticRegression,91,0,0.164396,4
Hungarian,Track_B,LogisticRegression,99,0,0.036815,4
Hungarian,Track_B,LogisticRegression,100,0,0.080699,4
Hungarian,Track_B,LogisticRegression,103,0,0.02431,4
Hungarian,Track_B,LogisticRegression,108,0,0.012412,4
Hungarian,Track_B,LogisticRegression,115,0,0.039499,4
Hungarian,Track_B,LogisticRegression,121,0,0.417665,4
Hungarian,Track_B,LogisticRegression,122,0,0.041958,4
Hungarian,Track_B,LogisticRegression,125,0,0.756396,4
Hungarian,Track_B,LogisticRegression,145,0,0.01257,4
Hungarian,Track_B,LogisticRegression,149,0,0.126153,4
Hungarian,Track_B,LogisticRegression,164,0,0.771822,4
Hungarian,Track_B,LogisticRegression,170,0,0.059606,4
Hungarian,Track_B,LogisticRegression,171,0,0.567198,4
Hungarian,Track_B,LogisticRegression,175,0,0.086241,4
Hungarian,Track_B,LogisticRegression,178,0,0.12733,4
Hungarian,Track_B,LogisticRegression,194,1,0.371862,4
Hungarian,Track_B,LogisticRegression,198,1,0.832965,4
Hungarian,Track_B,LogisticRegression,199,1,0.937798,4
Hungarian,Track_B,LogisticRegression,204,1,0.902958,4
Hungarian,Track_B,LogisticRegression,211,1,0.201904,4
Hungarian,Track_B,LogisticRegression,222,1,0.444497,4
Hungarian,Track_B,LogisticRegression,224,1,0.363018,4
Hungarian,Track_B,LogisticRegression,225,1,0.828118,4
Hungarian,Track_B,LogisticRegression,233,1,0.979892,4
Hungarian,Track_B,LogisticRegression,242,1,0.968284,4
Hungarian,Track_B,LogisticRegression,243,1,0.656844,4
Hungarian,Track_B,LogisticRegression,245,1,0.909662,4
Hungarian,Track_B,LogisticRegression,247,1,0.98212,4
Hungarian,Track_B,LogisticRegression,249,1,0.947655,4
Hungarian,Track_B,LogisticRegression,256,1,0.750877,4
Hungarian,Track_B,LogisticRegression,261,1,0.851317,4
Hungarian,Track_B,LogisticRegression,263,1,0.99288,4
Hungarian,Track_B,LogisticRegression,264,1,0.237927,4
Hungarian,Track_B,LogisticRegression,265,1,0.895075,4
Hungarian,Track_B,LogisticRegression,276,1,0.990277,4
Hungarian,Track_B,LogisticRegression,290,1,0.99635,4
Hungarian,Track_B,LogisticRegression,0,0,0.030452,5
Hungarian,Track_B,LogisticRegression,4,0,0.022591,5
Hungarian,Track_B,LogisticRegression,7,0,0.099498,5
Hungarian,Track_B,LogisticRegression,9,0,0.029204,5
Hungarian,Track_B,LogisticRegression,10,0,0.053658,5
Hungarian,Track_B,LogisticRegression,12,0,0.008247,5
Hungarian,Track_B,LogisticRegression,16,0,0.087153,5
Hungarian,Track_B,LogisticRegression,17,0,0.395155,5
Hungarian,Track_B,LogisticRegression,25,0,0.326229,5
Hungarian,Track_B,LogisticRegression,29,0,0.208423,5
Hungarian,Track_B,LogisticRegression,31,0,0.094548,5
Hungarian,Track_B,LogisticRegression,49,0,0.090361,5
Hungarian,Track_B,LogisticRegression,55,0,0.102542,5
Hungarian,Track_B,LogisticRegression,58,0,0.313164,5
Hungarian,Track_B,LogisticRegression,71,0,0.031438,5
Hungarian,Track_B,LogisticRegression,88,0,0.081956,5
Hungarian,Track_B,LogisticRegression,90,0,0.031523,5
Hungarian,Track_B,LogisticRegression,111,0,0.085382,5
Hungarian,Track_B,LogisticRegression,112,0,0.065221,5
Hungarian,Track_B,LogisticRegression,116,0,0.086725,5
Hungarian,Track_B,LogisticRegression,124,0,0.07665,5
Hungarian,Track_B,LogisticRegression,129,0,0.104759,5
Hungarian,Track_B,LogisticRegression,130,0,0.039739,5
Hungarian,Track_B,LogisticRegression,138,0,0.323549,5
Hungarian,Track_B,LogisticRegression,139,0,0.018716,5
Hungarian,Track_B,LogisticRegression,144,0,0.036805,5
Hungarian,Track_B,LogisticRegression,148,0,0.094285,5
Hungarian,Track_B,LogisticRegression,150,0,0.031168,5
Hungarian,Track_B,LogisticRegression,151,0,0.079804,5
Hungarian,Track_B,LogisticRegression,156,0,0.033448,5
Hungarian,Track_B,LogisticRegression,162,0,0.078163,5
Hungarian,Track_B,LogisticRegression,163,0,0.348074,5
Hungarian,Track_B,LogisticRegression,166,0,0.121215,5
Hungarian,Track_B,LogisticRegression,167,0,0.217524,5
Hungarian,Track_B,LogisticRegression,172,0,0.33257,5
Hungarian,Track_B,LogisticRegression,179,0,0.692217,5
Hungarian,Track_B,LogisticRegression,185,0,0.017843,5
Hungarian,Track_B,LogisticRegression,193,1,0.33153,5
Hungarian,Track_B,LogisticRegression,210,1,0.311611,5
Hungarian,Track_B,LogisticRegression,212,1,0.330175,5
Hungarian,Track_B,LogisticRegression,218,1,0.339282,5
Hungarian,Track_B,LogisticRegression,220,1,0.881146,5
Hungarian,Track_B,LogisticRegression,232,1,0.995753,5
Hungarian,Track_B,LogisticRegression,236,1,0.940907,5
Hungarian,Track_B,LogisticRegression,240,1,0.777448,5
Hungarian,Track_B,LogisticRegression,252,1,0.898989,5
Hungarian,Track_B,LogisticRegression,253,1,0.948142,5
Hungarian,Track_B,LogisticRegression,257,1,0.835275,5
Hungarian,Track_B,LogisticRegression,260,1,0.773913,5
Hungarian,Track_B,LogisticRegression,266,1,0.780846,5
Hungarian,Track_B,LogisticRegression,267,1,0.048514,5
Hungarian,Track_B,LogisticRegression,269,1,0.94623,5
Hungarian,Track_B,LogisticRegression,273,1,0.678942,5
Hungarian,Track_B,LogisticRegression,274,1,0.360677,5
Hungarian,Track_B,LogisticRegression,275,1,0.702969,5
Hungarian,Track_B,LogisticRegression,282,1,0.958,5
Hungarian,Track_B,LogisticRegression,286,1,0.940399,5
Hungarian,Track_B,LogisticRegression,287,1,0.93534,5
Hungarian,Track_B,RandomForest,5,0,0.044514,1
Hungarian,Track_B,RandomForest,13,0,0.341218,1
Hungarian,Track_B,RandomForest,15,0,0.040584,1
Hungarian,Track_B,RandomForest,19,0,0.072373,1
Hungarian,Track_B,RandomForest,22,0,0.316627,1
Hungarian,Track_B,RandomForest,24,0,0.060523,1
Hungarian,Track_B,RandomForest,26,0,0.435449,1
Hungarian,Track_B,RandomForest,30,0,0.076124,1
Hungarian,Track_B,RandomForest,35,0,0.142338,1
Hungarian,Track_B,RandomForest,41,0,0.034546,1
Hungarian,Track_B,RandomForest,45,0,0.024625,1
Hungarian,Track_B,RandomForest,46,0,0.021878,1
Hungarian,Track_B,RandomForest,52,0,0.055199,1
Hungarian,Track_B,RandomForest,59,0,0.091465,1
Hungarian,Track_B,RandomForest,67,0,0.272637,1
Hungarian,Track_B,RandomForest,69,0,0.066024,1
Hungarian,Track_B,RandomForest,73,0,0.265721,1
Hungarian,Track_B,RandomForest,76,0,0.311196,1
Hungarian,Track_B,RandomForest,77,0,0.276763,1
Hungarian,Track_B,RandomForest,79,0,0.296503,1
Hungarian,Track_B,RandomForest,80,0,0.075528,1
Hungarian,Track_B,RandomForest,85,0,0.17303,1
Hungarian,Track_B,RandomForest,89,0,0.746065,1
Hungarian,Track_B,RandomForest,97,0,0.141058,1
Hungarian,Track_B,RandomForest,101,0,0.076179,1
Hungarian,Track_B,RandomForest,102,0,0.059549,1
Hungarian,Track_B,RandomForest,119,0,0.055306,1
Hungarian,Track_B,RandomForest,126,0,0.081562,1
Hungarian,Track_B,RandomForest,133,0,0.077987,1
Hungarian,Track_B,RandomForest,134,0,0.041466,1
Hungarian,Track_B,RandomForest,141,0,0.208587,1
Hungarian,Track_B,RandomForest,142,0,0.027901,1
Hungarian,Track_B,RandomForest,146,0,0.312296,1
Hungarian,Track_B,RandomForest,160,0,0.11267,1
Hungarian,Track_B,RandomForest,165,0,0.050832,1
Hungarian,Track_B,RandomForest,168,0,0.467433,1
Hungarian,Track_B,RandomForest,180,0,0.378355,1
Hungarian,Track_B,RandomForest,183,0,0.607505,1
Hungarian,Track_B,RandomForest,187,1,0.72339,1
Hungarian,Track_B,RandomForest,188,1,0.52794,1
Hungarian,Track_B,RandomForest,189,1,0.129264,1
Hungarian,Track_B,RandomForest,190,1,0.056894,1
Hungarian,Track_B,RandomForest,192,1,0.902041,1
Hungarian,Track_B,RandomForest,201,1,0.486625,1
Hungarian,Track_B,RandomForest,202,1,0.831901,1
Hungarian,Track_B,RandomForest,203,1,0.628747,1
Hungarian,Track_B,RandomForest,215,1,0.297045,1
Hungarian,Track_B,RandomForest,219,1,0.091847,1
Hungarian,Track_B,RandomForest,235,1,0.972276,1
Hungarian,Track_B,RandomForest,241,1,0.896738,1
Hungarian,Track_B,RandomForest,251,1,0.83602,1
Hungarian,Track_B,RandomForest,254,1,0.404137,1
Hungarian,Track_B,RandomForest,255,1,0.047674,1
Hungarian,Track_B,RandomForest,259,1,0.417735,1
Hungarian,Track_B,RandomForest,270,1,0.110749,1
Hungarian,Track_B,RandomForest,271,1,0.931457,1
Hungarian,Track_B,RandomForest,278,1,0.848465,1
Hungarian,Track_B,RandomForest,279,1,0.901018,1
Hungarian,Track_B,RandomForest,281,1,0.647846,1
Hungarian,Track_B,RandomForest,2,0,0.113786,2
Hungarian,Track_B,RandomForest,6,0,0.138704,2
Hungarian,Track_B,RandomForest,11,0,0.172019,2
Hungarian,Track_B,RandomForest,14,0,0.075292,2
Hungarian,Track_B,RandomForest,33,0,0.05547,2
Hungarian,Track_B,RandomForest,34,0,0.069023,2
Hungarian,Track_B,RandomForest,39,0,0.273976,2
Hungarian,Track_B,RandomForest,43,0,0.065811,2
Hungarian,Track_B,RandomForest,47,0,0.033849,2
Hungarian,Track_B,RandomForest,48,0,0.049315,2
Hungarian,Track_B,RandomForest,53,0,0.053417,2
Hungarian,Track_B,RandomForest,54,0,0.049897,2
Hungarian,Track_B,RandomForest,61,0,0.022682,2
Hungarian,Track_B,RandomForest,62,0,0.022682,2
Hungarian,Track_B,RandomForest,63,0,0.038544,2
Hungarian,Track_B,RandomForest,92,0,0.0439,2
Hungarian,Track_B,RandomForest,94,0,0.436442,2
Hungarian,Track_B,RandomForest,95,0,0.231634,2
Hungarian,Track_B,RandomForest,98,0,0.058252,2
Hungarian,Track_B,RandomForest,107,0,0.380811,2
Hungarian,Track_B,RandomForest,113,0,0.317341,2
Hungarian,Track_B,RandomForest,117,0,0.473857,2
Hungarian,Track_B,RandomForest,118,0,0.094066,2
Hungarian,Track_B,RandomForest,120,0,0.06927,2
Hungarian,Track_B,RandomForest,123,0,0.084417,2
Hungarian,Track_B,RandomForest,128,0,0.075281,2
Hungarian,Track_B,RandomForest,131,0,0.734948,2
Hungarian,Track_B,RandomForest,143,0,0.09696,2
Hungarian,Track_B,RandomForest,147,0,0.103385,2
Hungarian,Track_B,RandomForest,152,0,0.069009,2
Hungarian,Track_B,RandomForest,153,0,0.157007,2
Hungarian,Track_B,RandomForest,155,0,0.081437,2
Hungarian,Track_B,RandomForest,157,0,0.060401,2
Hungarian,Track_B,RandomForest,158,0,0.1349,2
Hungarian,Track_B,RandomForest,161,0,0.154524,2
Hungarian,Track_B,RandomForest,169,0,0.353948,2
Hungarian,Track_B,RandomForest,177,0,0.256663,2
Hungarian,Track_B,RandomForest,181,0,0.415794,2
Hungarian,Track_B,RandomForest,195,1,0.871743,2
Hungarian,Track_B,RandomForest,196,1,0.711896,2
Hungarian,Track_B,RandomForest,206,1,0.709193,2
Hungarian,Track_B,RandomForest,209,1,0.075606,2
Hungarian,Track_B,RandomForest,214,1,0.909136,2
Hungarian,Track_B,RandomForest,217,1,0.927846,2
Hungarian,Track_B,RandomForest,226,1,0.420644,2
Hungarian,Track_B,RandomForest,227,1,0.513687,2
Hungarian,Track_B,RandomForest,228,1,0.098691,2
Hungarian,Track_B,RandomForest,229,1,0.720216,2
Hungarian,Track_B,RandomForest,230,1,0.619792,2
Hungarian,Track_B,RandomForest,231,1,0.352846,2
Hungarian,Track_B,RandomForest,237,1,0.309531,2
Hungarian,Track_B,RandomForest,238,1,0.920736,2
Hungarian,Track_B,RandomForest,239,1,0.63024,2
Hungarian,Track_B,RandomForest,246,1,0.828635,2
Hungarian,Track_B,RandomForest,248,1,0.253985,2
Hungarian,Track_B,RandomForest,258,1,0.762484,2
Hungarian,Track_B,RandomForest,280,1,0.244024,2
Hungarian,Track_B,RandomForest,288,1,0.971101,2
Hungarian,Track_B,RandomForest,291,1,0.471142,2
Hungarian,Track_B,RandomForest,1,0,0.087624,3
Hungarian,Track_B,RandomForest,18,0,0.082141,3
Hungarian,Track_B,RandomForest,32,0,0.626818,3
Hungarian,Track_B,RandomForest,36,0,0.085708,3
Hungarian,Track_B,RandomForest,38,0,0.510717,3
Hungarian,Track_B,RandomForest,40,0,0.078687,3
Hungarian,Track_B,RandomForest,50,0,0.078262,3
Hungarian,Track_B,RandomForest,56,0,0.772777,3
Hungarian,Track_B,RandomForest,65,0,0.077657,3
Hungarian,Track_B,RandomForest,68,0,0.276698,3
Hungarian,Track_B,RandomForest,74,0,0.191147,3
Hungarian,Track_B,RandomForest,78,0,0.333221,3
Hungarian,Track_B,RandomForest,81,0,0.10631,3
Hungarian,Track_B,RandomForest,83,0,0.382331,3
Hungarian,Track_B,RandomForest,87,0,0.30263,3
Hungarian,Track_B,RandomForest,93,0,0.051259,3
Hungarian,Track_B,RandomForest,96,0,0.808985,3
Hungarian,Track_B,RandomForest,104,0,0.126971,3
Hungarian,Track_B,RandomForest,105,0,0.157197,3
Hungarian,Track_B,RandomForest,106,0,0.68099,3
Hungarian,Track_B,RandomForest,109,0,0.814673,3
Hungarian,Track_B,RandomForest,110,0,0.097172,3
Hungarian,Track_B,RandomForest,114,0,0.523616,3
Hungarian,Track_B,RandomForest,127,0,0.473782,3
Hungarian,Track_B,RandomForest,132,0,0.039813,3
Hungarian,Track_B,RandomForest,135,0,0.105181,3
Hungarian,Track_B,RandomForest,136,0,0.968648,3
Hungarian,Track_B,RandomForest,137,0,0.387998,3
Hungarian,Track_B,RandomForest,140,0,0.089716,3
Hungarian,Track_B,RandomForest,154,0,0.445944,3
Hungarian,Track_B,RandomForest,159,0,0.127874,3
Hungarian,Track_B,RandomForest,173,0,0.197748,3
Hungarian,Track_B,RandomForest,174,0,0.19125,3
Hungarian,Track_B,RandomForest,176,0,0.5473,3
Hungarian,Track_B,RandomForest,182,0,0.202649,3
Hungarian,Track_B,RandomForest,184,0,0.693202,3
Hungarian,Track_B,RandomForest,186,0,0.255543,3
Hungarian,Track_B,RandomForest,191,1,0.372201,3
Hungarian,Track_B,RandomForest,197,1,0.339377,3
Hungarian,Track_B,RandomForest,200,1,0.675171,3
Hungarian,Track_B,RandomForest,205,1,0.44931,3
Hungarian,Track_B,RandomForest,207,1,0.950909,3
Hungarian,Track_B,RandomForest,208,1,0.212362,3
Hungarian,Track_B,RandomForest,213,1,0.6443,3
Hungarian,Track_B,RandomForest,216,1,0.814481,3
Hungarian,Track_B,RandomForest,221,1,0.705932,3
Hungarian,Track_B,RandomForest,223,1,0.894018,3
Hungarian,Track_B,RandomForest,234,1,0.986968,3
Hungarian,Track_B,RandomForest,244,1,0.879231,3
Hungarian,Track_B,RandomForest,250,1,0.692468,3
Hungarian,Track_B,RandomForest,262,1,0.976928,3
Hungarian,Track_B,RandomForest,268,1,0.722355,3
Hungarian,Track_B,RandomForest,272,1,0.959643,3
Hungarian,Track_B,RandomForest,277,1,0.840381,3
Hungarian,Track_B,RandomForest,283,1,0.755023,3
Hungarian,Track_B,RandomForest,284,1,0.815752,3
Hungarian,Track_B,RandomForest,285,1,0.910001,3
Hungarian,Track_B,RandomForest,289,1,0.450057,3
Hungarian,Track_B,RandomForest,292,1,0.770512,3
Hungarian,Track_B,RandomForest,3,0,0.314751,4
Hungarian,Track_B,RandomForest,8,0,0.121761,4
Hungarian,Track_B,RandomForest,20,0,0.042852,4
Hungarian,Track_B,RandomForest,21,0,0.062988,4
Hungarian,Track_B,RandomForest,23,0,0.183271,4
Hungarian,Track_B,RandomForest,27,0,0.040352,4
Hungarian,Track_B,RandomForest,28,0,0.072628,4
Hungarian,Track_B,RandomForest,37,0,0.291591,4
Hungarian,Track_B,RandomForest,42,0,0.101111,4
Hungarian,Track_B,RandomForest,44,0,0.136385,4
Hungarian,Track_B,RandomForest,51,0,0.433784,4
Hungarian,Track_B,RandomForest,57,0,0.128286,4
Hungarian,Track_B,RandomForest,60,0,0.058324,4
Hungarian,Track_B,RandomForest,64,0,0.068205,4
Hungarian,Track_B,RandomForest,66,0,0.079922,4
Hungarian,Track_B,RandomForest,70,0,0.257156,4
Hungarian,Track_B,RandomForest,72,0,0.087964,4
Hungarian,Track_B,RandomForest,75,0,0.158309,4
Hungarian,Track_B,RandomForest,82,0,0.824541,4
Hungarian,Track_B,RandomForest,84,0,0.327022,4
Hungarian,Track_B,RandomForest,86,0,0.451993,4
Hungarian,Track_B,RandomForest,91,0,0.179265,4
Hungarian,Track_B,RandomForest,99,0,0.043649,4
Hungarian,Track_B,RandomForest,100,0,0.118999,4
Hungarian,Track_B,RandomForest,103,0,0.059025,4
Hungarian,Track_B,RandomForest,108,0,0.046764,4
Hungarian,Track_B,RandomForest,115,0,0.089118,4
Hungarian,Track_B,RandomForest,121,0,0.501488,4
Hungarian,Track_B,RandomForest,122,0,0.051408,4
Hungarian,Track_B,RandomForest,125,0,0.696698,4
Hungarian,Track_B,RandomForest,145,0,0.054936,4
Hungarian,Track_B,RandomForest,149,0,0.116766,4
Hungarian,Track_B,RandomForest,164,0,0.655295,4
Hungarian,Track_B,RandomForest,170,0,0.439464,4
Hungarian,Track_B,RandomForest,171,0,0.742345,4
Hungarian,Track_B,RandomForest,175,0,0.135352,4
Hungarian,Track_B,RandomForest,178,0,0.137776,4
Hungarian,Track_B,RandomForest,194,1,0.320295,4
Hungarian,Track_B,RandomForest,198,1,0.817951,4
Hungarian,Track_B,RandomForest,199,1,0.966118,4
Hungarian,Track_B,RandomForest,204,1,0.967503,4
Hungarian,Track_B,RandomForest,211,1,0.260339,4
Hungarian,Track_B,RandomForest,222,1,0.459986,4
Hungarian,Track_B,RandomForest,224,1,0.412171,4
Hungarian,Track_B,RandomForest,225,1,0.827081,4
Hungarian,Track_B,RandomForest,233,1,0.931021,4
Hungarian,Track_B,RandomForest,242,1,0.835844,4
Hungarian,Track_B,RandomForest,243,1,0.659717,4
Hungarian,Track_B,RandomForest,245,1,0.935516,4
Hungarian,Track_B,RandomForest,247,1,0.916591,4
Hungarian,Track_B,RandomForest,249,1,0.891452,4
Hungarian,Track_B,RandomForest,256,1,0.697216,4
Hungarian,Track_B,RandomForest,261,1,0.828142,4
Hungarian,Track_B,RandomForest,263,1,0.879995,4
Hungarian,Track_B,RandomForest,264,1,0.101108,4
Hungarian,Track_B,RandomForest,265,1,0.92323,4
Hungarian,Track_B,RandomForest,276,1,0.882898,4
Hungarian,Track_B,RandomForest,290,1,0.885143,4
Hungarian,Track_B,RandomForest,0,0,0.146351,5
Hungarian,Track_B,RandomForest,4,0,0.07332,5
Hungarian,Track_B,RandomForest,7,0,0.092178,5
Hungarian,Track_B,RandomForest,9,0,0.113277,5
Hungarian,Track_B,RandomForest,10,0,0.125385,5
Hungarian,Track_B,RandomForest,12,0,0.196501,5
Hungarian,Track_B,RandomForest,16,0,0.125673,5
Hungarian,Track_B,RandomForest,17,0,0.311107,5
Hungarian,Track_B,RandomForest,25,0,0.390457,5
Hungarian,Track_B,RandomForest,29,0,0.160783,5
Hungarian,Track_B,RandomForest,31,0,0.288806,5
Hungarian,Track_B,RandomForest,49,0,0.07008,5
Hungarian,Track_B,RandomForest,55,0,0.057313,5
Hungarian,Track_B,RandomForest,58,0,0.250565,5
Hungarian,Track_B,RandomForest,71,0,0.049661,5
Hungarian,Track_B,RandomForest,88,0,0.085291,5
Hungarian,Track_B,RandomForest,90,0,0.270364,5
Hungarian,Track_B,RandomForest,111,0,0.073536,5
Hungarian,Track_B,RandomForest,112,0,0.141111,5
Hungarian,Track_B,RandomForest,116,0,0.129615,5
Hungarian,Track_B,RandomForest,124,0,0.094965,5
Hungarian,Track_B,RandomForest,129,0,0.151938,5
Hungarian,Track_B,RandomForest,130,0,0.105453,5
Hungarian,Track_B,RandomForest,138,0,0.233774,5
Hungarian,Track_B,RandomForest,139,0,0.107197,5
Hungarian,Track_B,RandomForest,144,0,0.072732,5
Hungarian,Track_B,RandomForest,148,0,0.061306,5
Hungarian,Track_B,RandomForest,150,0,0.23545,5
Hungarian,Track_B,RandomForest,151,0,0.11051,5
Hungarian,Track_B,RandomForest,156,0,0.059606,5
Hungarian,Track_B,RandomForest,162,0,0.132145,5
Hungarian,Track_B,RandomForest,163,0,0.316824,5
Hungarian,Track_B,RandomForest,166,0,0.11065,5
Hungarian,Track_B,RandomForest,167,0,0.199832,5
Hungarian,Track_B,RandomForest,172,0,0.200951,5
Hungarian,Track_B,RandomForest,179,0,0.607439,5
Hungarian,Track_B,RandomForest,185,0,0.243384,5
Hungarian,Track_B,RandomForest,193,1,0.458737,5
Hungarian,Track_B,RandomForest,210,1,0.296901,5
Hungarian,Track_B,RandomForest,212,1,0.235232,5
Hungarian,Track_B,RandomForest,218,1,0.541245,5
Hungarian,Track_B,RandomForest,220,1,0.504135,5
Hungarian,Track_B,RandomForest,232,1,0.761614,5
Hungarian,Track_B,RandomForest,236,1,0.933083,5
Hungarian,Track_B,RandomForest,240,1,0.483724,5
Hungarian,Track_B,RandomForest,252,1,0.581282,5
Hungarian,Track_B,RandomForest,253,1,0.949127,5
Hungarian,Track_B,RandomForest,257,1,0.899346,5
Hungarian,Track_B,RandomForest,260,1,0.710597,5
Hungarian,Track_B,RandomForest,266,1,0.680249,5
Hungarian,Track_B,RandomForest,267,1,0.171178,5
Hungarian,Track_B,RandomForest,269,1,0.967358,5
Hungarian,Track_B,RandomForest,273,1,0.653863,5
Hungarian,Track_B,RandomForest,274,1,0.394351,5
Hungarian,Track_B,RandomForest,275,1,0.523848,5
Hungarian,Track_B,RandomForest,282,1,0.706929,5
Hungarian,Track_B,RandomForest,286,1,0.864107,5
Hungarian,Track_B,RandomForest,287,1,0.895167,5
Hungarian,Track_B,SVM,5,0,0.119263,1
Hungarian,Track_B,SVM,13,0,0.224635,1
Hungarian,Track_B,SVM,15,0,0.07724,1
Hungarian,Track_B,SVM,19,0,0.087382,1
Hungarian,Track_B,SVM,22,0,0.164707,1
Hungarian,Track_B,SVM,24,0,0.097329,1
Hungarian,Track_B,SVM,26,0,0.217394,1
Hungarian,Track_B,SVM,30,0,0.102608,1
Hungarian,Track_B,SVM,35,0,0.260003,1
Hungarian,Track_B,SVM,41,0,0.079808,1
Hungarian,Track_B,SVM,45,0,0.074314,1
Hungarian,Track_B,SVM,46,0,0.074501,1
Hungarian,Track_B,SVM,52,0,0.072491,1
Hungarian,Track_B,SVM,59,0,0.097221,1
Hungarian,Track_B,SVM,67,0,0.130358,1
Hungarian,Track_B,SVM,69,0,0.061984,1
Hungarian,Track_B,SVM,73,0,0.128918,1
Hungarian,Track_B,SVM,76,0,0.230762,1
Hungarian,Track_B,SVM,77,0,0.156232,1
Hungarian,Track_B,SVM,79,0,0.125206,1
Hungarian,Track_B,SVM,80,0,0.085802,1
Hungarian,Track_B,SVM,85,0,0.064916,1
Hungarian,Track_B,SVM,89,0,0.769038,1
Hungarian,Track_B,SVM,97,0,0.14734,1
Hungarian,Track_B,SVM,101,0,0.075005,1
Hungarian,Track_B,SVM,102,0,0.064558,1
Hungarian,Track_B,SVM,119,0,0.06296,1
Hungarian,Track_B,SVM,126,0,0.087677,1
Hungarian,Track_B,SVM,133,0,0.077448,1
Hungarian,Track_B,SVM,134,0,0.066519,1
Hungarian,Track_B,SVM,141,0,0.080827,1
Hungarian,Track_B,SVM,142,0,0.082434,1
Hungarian,Track_B,SVM,146,0,0.18537,1
Hungarian,Track_B,SVM,160,0,0.093226,1
Hungarian,Track_B,SVM,165,0,0.093792,1
Hungarian,Track_B,SVM,168,0,0.252783,1
Hungarian,Track_B,SVM,180,0,0.360176,1
Hungarian,Track_B,SVM,183,0,0.655759,1
Hungarian,Track_B,SVM,187,1,0.847425,1
Hungarian,Track_B,SVM,188,1,0.509028,1
Hungarian,Track_B,SVM,189,1,0.109764,1
Hungarian,Track_B,SVM,190,1,0.102369,1
Hungarian,Track_B,SVM,192,1,0.925658,1
Hungarian,Track_B,SVM,201,1,0.260938,1
Hungarian,Track_B,SVM,202,1,0.936103,1
Hungarian,Track_B,SVM,203,1,0.755442,1
Hungarian,Track_B,SVM,215,1,0.21354,1
Hungarian,Track_B,SVM,219,1,0.107607,1
Hungarian,Track_B,SVM,235,1,0.953639,1
Hungarian,Track_B,SVM,241,1,0.926903,1
Hungarian,Track_B,SVM,251,1,0.936598,1
Hungarian,Track_B,SVM,254,1,0.31981,1
Hungarian,Track_B,SVM,255,1,0.17364,1
Hungarian,Track_B,SVM,259,1,0.658876,1
Hungarian,Track_B,SVM,270,1,0.066318,1
Hungarian,Track_B,SVM,271,1,0.936522,1
Hungarian,Track_B,SVM,278,1,0.945512,1
Hungarian,Track_B,SVM,279,1,0.954392,1
Hungarian,Track_B,SVM,281,1,0.608977,1
Hungarian,Track_B,SVM,2,0,0.149816,2
Hungarian,Track_B,SVM,6,0,0.157635,2
Hungarian,Track_B,SVM,11,0,0.163994,2
Hungarian,Track_B,SVM,14,0,0.144691,2
Hungarian,Track_B,SVM,33,0,0.077238,2
Hungarian,Track_B,SVM,34,0,0.084137,2
Hungarian,Track_B,SVM,39,0,0.13647,2
Hungarian,Track_B,SVM,43,0,0.080934,2
Hungarian,Track_B,SVM,47,0,0.067894,2
Hungarian,Track_B,SVM,48,0,0.079942,2
Hungarian,Track_B,SVM,53,0,0.070057,2
Hungarian,Track_B,SVM,54,0,0.071137,2
Hungarian,Track_B,SVM,61,0,0.093418,2
Hungarian,Track_B,SVM,62,0,0.094596,2
Hungarian,Track_B,SVM,63,0,0.074634,2
Hungarian,Track_B,SVM,92,0,0.070245,2
Hungarian,Track_B,SVM,94,0,0.3491,2
Hungarian,Track_B,SVM,95,0,0.16187,2
Hungarian,Track_B,SVM,98,0,0.072161,2
Hungarian,Track_B,SVM,107,0,0.144124,2
Hungarian,Track_B,SVM,113,0,0.148051,2
Hungarian,Track_B,SVM,117,0,0.274342,2
Hungarian,Track_B,SVM,118,0,0.108393,2
Hungarian,Track_B,SVM,120,0,0.076927,2
Hungarian,Track_B,SVM,123,0,0.077554,2
Hungarian,Track_B,SVM,128,0,0.122901,2
Hungarian,Track_B,SVM,131,0,0.520084,2
Hungarian,Track_B,SVM,143,0,0.133195,2
Hungarian,Track_B,SVM,147,0,0.088472,2
Hungarian,Track_B,SVM,152,0,0.09684,2
Hungarian,Track_B,SVM,153,0,0.117282,2
Hungarian,Track_B,SVM,155,0,0.16027,2
Hungarian,Track_B,SVM,157,0,0.285999,2
Hungarian,Track_B,SVM,158,0,0.320125,2
Hungarian,Track_B,SVM,161,0,0.156304,2
Hungarian,Track_B,SVM,169,0,0.1909,2
Hungarian,Track_B,SVM,177,0,0.148251,2
Hungarian,Track_B,SVM,181,0,0.262544,2
Hungarian,Track_B,SVM,195,1,0.872324,2
Hungarian,Track_B,SVM,196,1,0.810769,2
Hungarian,Track_B,SVM,206,1,0.806778,2
Hungarian,Track_B,SVM,209,1,0.163606,2
Hungarian,Track_B,SVM,214,1,0.943699,2
Hungarian,Track_B,SVM,217,1,0.952553,2
Hungarian,Track_B,SVM,226,1,0.200157,2
Hungarian,Track_B,SVM,227,1,0.505934,2
Hungarian,Track_B,SVM,228,1,0.133915,2
Hungarian,Track_B,SVM,229,1,0.738444,2
Hungarian,Track_B,SVM,230,1,0.724361,2
Hungarian,Track_B,SVM,231,1,0.157963,2
Hungarian,Track_B,SVM,237,1,0.182376,2
Hungarian,Track_B,SVM,238,1,0.902168,2
Hungarian,Track_B,SVM,239,1,0.710217,2
Hungarian,Track_B,SVM,246,1,0.820869,2
Hungarian,Track_B,SVM,248,1,0.433529,2
Hungarian,Track_B,SVM,258,1,0.83481,2
Hungarian,Track_B,SVM,280,1,0.125045,2
Hungarian,Track_B,SVM,288,1,0.938925,2
Hungarian,Track_B,SVM,291,1,0.445036,2
Hungarian,Track_B,SVM,1,0,0.148291,3
Hungarian,Track_B,SVM,18,0,0.122854,3
Hungarian,Track_B,SVM,32,0,0.712149,3
Hungarian,Track_B,SVM,36,0,0.121129,3
Hungarian,Track_B,SVM,38,0,0.411058,3
Hungarian,Track_B,SVM,40,0,0.109215,3
Hungarian,Track_B,SVM,50,0,0.11567,3
Hungarian,Track_B,SVM,56,0,0.898724,3
Hungarian,Track_B,SVM,65,0,0.090334,3
Hungarian,Track_B,SVM,68,0,0.264469,3
Hungarian,Track_B,SVM,74,0,0.132223,3
Hungarian,Track_B,SVM,78,0,0.304097,3
Hungarian,Track_B,SVM,81,0,0.058025,3
Hungarian,Track_B,SVM,83,0,0.274934,3
Hungarian,Track_B,SVM,87,0,0.184028,3
Hungarian,Track_B,SVM,93,0,0.109268,3
Hungarian,Track_B,SVM,96,0,0.766887,3
Hungarian,Track_B,SVM,104,0,0.161435,3
Hungarian,Track_B,SVM,105,0,0.101413,3
Hungarian,Track_B,SVM,106,0,0.637124,3
Hungarian,Track_B,SVM,109,0,0.823453,3
Hungarian,Track_B,SVM,110,0,0.127322,3
Hungarian,Track_B,SVM,114,0,0.242845,3
Hungarian,Track_B,SVM,127,0,0.618842,3
Hungarian,Track_B,SVM,132,0,0.069718,3
Hungarian,Track_B,SVM,135,0,0.070693,3
Hungarian,Track_B,SVM,136,0,0.926159,3
Hungarian,Track_B,SVM,137,0,0.216902,3
Hungarian,Track_B,SVM,140,0,0.27949,3
Hungarian,Track_B,SVM,154,0,0.198947,3
Hungarian,Track_B,SVM,159,0,0.117674,3
Hungarian,Track_B,SVM,173,0,0.137742,3
Hungarian,Track_B,SVM,174,0,0.131242,3
Hungarian,Track_B,SVM,176,0,0.358649,3
Hungarian,Track_B,SVM,182,0,0.165991,3
Hungarian,Track_B,SVM,184,0,0.774141,3
Hungarian,Track_B,SVM,186,0,0.114591,3
Hungarian,Track_B,SVM,191,1,0.535757,3
Hungarian,Track_B,SVM,197,1,0.229048,3
Hungarian,Track_B,SVM,200,1,0.827582,3
Hungarian,Track_B,SVM,205,1,0.301669,3
Hungarian,Track_B,SVM,207,1,0.899475,3
Hungarian,Track_B,SVM,208,1,0.150913,3
Hungarian,Track_B,SVM,213,1,0.584903,3
Hungarian,Track_B,SVM,216,1,0.871107,3
Hungarian,Track_B,SVM,221,1,0.596642,3
Hungarian,Track_B,SVM,223,1,0.880324,3
Hungarian,Track_B,SVM,234,1,0.925505,3
Hungarian,Track_B,SVM,244,1,0.731112,3
Hungarian,Track_B,SVM,250,1,0.678074,3
Hungarian,Track_B,SVM,262,1,0.965952,3
Hungarian,Track_B,SVM,268,1,0.806974,3
Hungarian,Track_B,SVM,272,1,0.92339,3
Hungarian,Track_B,SVM,277,1,0.781619,3
Hungarian,Track_B,SVM,283,1,0.860044,3
Hungarian,Track_B,SVM,284,1,0.863301,3
Hungarian,Track_B,SVM,285,1,0.739193,3
Hungarian,Track_B,SVM,289,1,0.392012,3
Hungarian,Track_B,SVM,292,1,0.831216,3
Hungarian,Track_B,SVM,3,0,0.318485,4
Hungarian,Track_B,SVM,8,0,0.115554,4
Hungarian,Track_B,SVM,20,0,0.091806,4
Hungarian,Track_B,SVM,21,0,0.080113,4
Hungarian,Track_B,SVM,23,0,0.295335,4
Hungarian,Track_B,SVM,27,0,0.087151,4
Hungarian,Track_B,SVM,28,0,0.080462,4
Hungarian,Track_B,SVM,37,0,0.345049,4
Hungarian,Track_B,SVM,42,0,0.085367,4
Hungarian,Track_B,SVM,44,0,0.113815,4
Hungarian,Track_B,SVM,51,0,0.27504,4
Hungarian,Track_B,SVM,57,0,0.079494,4
Hungarian,Track_B,SVM,60,0,0.072709,4
Hungarian,Track_B,SVM,64,0,0.105147,4
Hungarian,Track_B,SVM,66,0,0.066865,4
Hungarian,Track_B,SVM,70,0,0.143926,4
Hungarian,Track_B,SVM,72,0,0.354115,4
Hungarian,Track_B,SVM,75,0,0.12029,4
Hungarian,Track_B,SVM,82,0,0.85979,4
Hungarian,Track_B,SVM,84,0,0.178237,4
Hungarian,Track_B,SVM,86,0,0.488546,4
Hungarian,Track_B,SVM,91,0,0.416256,4
Hungarian,Track_B,SVM,99,0,0.04875,4
Hungarian,Track_B,SVM,100,0,0.102224,4
Hungarian,Track_B,SVM,103,0,0.05809,4
Hungarian,Track_B,SVM,108,0,0.066468,4
Hungarian,Track_B,SVM,115,0,0.188434,4
Hungarian,Track_B,SVM,121,0,0.311967,4
Hungarian,Track_B,SVM,122,0,0.065331,4
Hungarian,Track_B,SVM,125,0,0.647654,4
Hungarian,Track_B,SVM,145,0,0.106449,4
Hungarian,Track_B,SVM,149,0,0.151179,4
Hungarian,Track_B,SVM,164,0,0.867972,4
Hungarian,Track_B,SVM,170,0,0.195284,4
Hungarian,Track_B,SVM,171,0,0.727805,4
Hungarian,Track_B,SVM,175,0,0.0924,4
Hungarian,Track_B,SVM,178,0,0.102686,4
Hungarian,Track_B,SVM,194,1,0.177947,4
Hungarian,Track_B,SVM,198,1,0.915474,4
Hungarian,Track_B,SVM,199,1,0.954723,4
Hungarian,Track_B,SVM,204,1,0.93792,4
Hungarian,Track_B,SVM,211,1,0.279869,4
Hungarian,Track_B,SVM,222,1,0.206911,4
Hungarian,Track_B,SVM,224,1,0.279237,4
Hungarian,Track_B,SVM,225,1,0.892792,4
Hungarian,Track_B,SVM,233,1,0.947279,4
Hungarian,Track_B,SVM,242,1,0.864304,4
Hungarian,Track_B,SVM,243,1,0.765656,4
Hungarian,Track_B,SVM,245,1,0.937825,4
Hungarian,Track_B,SVM,247,1,0.931621,4
Hungarian,Track_B,SVM,249,1,0.934223,4
Hungarian,Track_B,SVM,256,1,0.762934,4
Hungarian,Track_B,SVM,261,1,0.934595,4
Hungarian,Track_B,SVM,263,1,0.815873,4
Hungarian,Track_B,SVM,264,1,0.074249,4
Hungarian,Track_B,SVM,265,1,0.860833,4
Hungarian,Track_B,SVM,276,1,0.896875,4
Hungarian,Track_B,SVM,290,1,0.910087,4
Hungarian,Track_B,SVM,0,0,0.174719,5
Hungarian,Track_B,SVM,4,0,0.180546,5
Hungarian,Track_B,SVM,7,0,0.127484,5
Hungarian,Track_B,SVM,9,0,0.133298,5
Hungarian,Track_B,SVM,10,0,0.160697,5
Hungarian,Track_B,SVM,12,0,0.194813,5
Hungarian,Track_B,SVM,16,0,0.125361,5
Hungarian,Track_B,SVM,17,0,0.302928,5
Hungarian,Track_B,SVM,25,0,0.229326,5
Hungarian,Track_B,SVM,29,0,0.109243,5
Hungarian,Track_B,SVM,31,0,0.262026,5
Hungarian,Track_B,SVM,49,0,0.101792,5
Hungarian,Track_B,SVM,55,0,0.088639,5
Hungarian,Track_B,SVM,58,0,0.153125,5
Hungarian,Track_B,SVM,71,0,0.094093,5
Hungarian,Track_B,SVM,88,0,0.133323,5
Hungarian,Track_B,SVM,90,0,0.179565,5
Hungarian,Track_B,SVM,111,0,0.110208,5
Hungarian,Track_B,SVM,112,0,0.186206,5
Hungarian,Track_B,SVM,116,0,0.103299,5
Hungarian,Track_B,SVM,124,0,0.089719,5
Hungarian,Track_B,SVM,129,0,0.177234,5
Hungarian,Track_B,SVM,130,0,0.084951,5
Hungarian,Track_B,SVM,138,0,0.156152,5
Hungarian,Track_B,SVM,139,0,0.124127,5
Hungarian,Track_B,SVM,144,0,0.121317,5
Hungarian,Track_B,SVM,148,0,0.100913,5
Hungarian,Track_B,SVM,150,0,0.175986,5
Hungarian,Track_B,SVM,151,0,0.161934,5
Hungarian,Track_B,SVM,156,0,0.099749,5
Hungarian,Track_B,SVM,162,0,0.131667,5
Hungarian,Track_B,SVM,163,0,0.217595,5
Hungarian,Track_B,SVM,166,0,0.131605,5
Hungarian,Track_B,SVM,167,0,0.153268,5
Hungarian,Track_B,SVM,172,0,0.284419,5
Hungarian,Track_B,SVM,179,0,0.762116,5
Hungarian,Track_B,SVM,185,0,0.227533,5
Hungarian,Track_B,SVM,193,1,0.273335,5
Hungarian,Track_B,SVM,210,1,0.172257,5
Hungarian,Track_B,SVM,212,1,0.140463,5
Hungarian,Track_B,SVM,218,1,0.461196,5
Hungarian,Track_B,SVM,220,1,0.528737,5
Hungarian,Track_B,SVM,232,1,0.42012,5
Hungarian,Track_B,SVM,236,1,0.948083,5
Hungarian,Track_B,SVM,240,1,0.632687,5
Hungarian,Track_B,SVM,252,1,0.714923,5
Hungarian,Track_B,SVM,253,1,0.948597,5
Hungarian,Track_B,SVM,257,1,0.918718,5
Hungarian,Track_B,SVM,260,1,0.667482,5
Hungarian,Track_B,SVM,266,1,0.721201,5
Hungarian,Track_B,SVM,267,1,0.124363,5
Hungarian,Track_B,SVM,269,1,0.942125,5
Hungarian,Track_B,SVM,273,1,0.662746,5
Hungarian,Track_B,SVM,274,1,0.230674,5
Hungarian,Track_B,SVM,275,1,0.466954,5
Hungarian,Track_B,SVM,282,1,0.889472,5
Hungarian,Track_B,SVM,286,1,0.90263,5
Hungarian,Track_B,SVM,287,1,0.937722,5
Hungarian,Track_B,XGBoost,5,0,0.030066,1
Hungarian,Track_B,XGBoost,13,0,0.374283,1
Hungarian,Track_B,XGBoost,15,0,0.027816,1
Hungarian,Track_B,XGBoost,19,0,0.075738,1
Hungarian,Track_B,XGBoost,22,0,0.244206,1
Hungarian,Track_B,XGBoost,24,0,0.096361,1
Hungarian,Track_B,XGBoost,26,0,0.510682,1
Hungarian,Track_B,XGBoost,30,0,0.068648,1
Hungarian,Track_B,XGBoost,35,0,0.055677,1
Hungarian,Track_B,XGBoost,41,0,0.031499,1
Hungarian,Track_B,XGBoost,45,0,0.023678,1
Hungarian,Track_B,XGBoost,46,0,0.017439,1
Hungarian,Track_B,XGBoost,52,0,0.047345,1
Hungarian,Track_B,XGBoost,59,0,0.061259,1
Hungarian,Track_B,XGBoost,67,0,0.201968,1
Hungarian,Track_B,XGBoost,69,0,0.03588,1
Hungarian,Track_B,XGBoost,73,0,0.139318,1
Hungarian,Track_B,XGBoost,76,0,0.243952,1
Hungarian,Track_B,XGBoost,77,0,0.262513,1
Hungarian,Track_B,XGBoost,79,0,0.202631,1
Hungarian,Track_B,XGBoost,80,0,0.13621,1
Hungarian,Track_B,XGBoost,85,0,0.037884,1
Hungarian,Track_B,XGBoost,89,0,0.81091,1
Hungarian,Track_B,XGBoost,97,0,0.048539,1
Hungarian,Track_B,XGBoost,101,0,0.029308,1
Hungarian,Track_B,XGBoost,102,0,0.020951,1
Hungarian,Track_B,XGBoost,119,0,0.026294,1
Hungarian,Track_B,XGBoost,126,0,0.048437,1
Hungarian,Track_B,XGBoost,133,0,0.033658,1
Hungarian,Track_B,XGBoost,134,0,0.031638,1
Hungarian,Track_B,XGBoost,141,0,0.093884,1
Hungarian,Track_B,XGBoost,142,0,0.022483,1
Hungarian,Track_B,XGBoost,146,0,0.215755,1
Hungarian,Track_B,XGBoost,160,0,0.08669,1
Hungarian,Track_B,XGBoost,165,0,0.045942,1
Hungarian,Track_B,XGBoost,168,0,0.435845,1
Hungarian,Track_B,XGBoost,180,0,0.259445,1
Hungarian,Track_B,XGBoost,183,0,0.389733,1
Hungarian,Track_B,XGBoost,187,1,0.869725,1
Hungarian,Track_B,XGBoost,188,1,0.444911,1
Hungarian,Track_B,XGBoost,189,1,0.095148,1
Hungarian,Track_B,XGBoost,190,1,0.032396,1
Hungarian,Track_B,XGBoost,192,1,0.955283,1
Hungarian,Track_B,XGBoost,201,1,0.560158,1
Hungarian,Track_B,XGBoost,202,1,0.796038,1
Hungarian,Track_B,XGBoost,203,1,0.591388,1
Hungarian,Track_B,XGBoost,215,1,0.223916,1
Hungarian,Track_B,XGBoost,219,1,0.06683,1
Hungarian,Track_B,XGBoost,235,1,0.9704,1
Hungarian,Track_B,XGBoost,241,1,0.9022,1
Hungarian,Track_B,XGBoost,251,1,0.80206,1
Hungarian,Track_B,XGBoost,254,1,0.610693,1
Hungarian,Track_B,XGBoost,255,1,0.117402,1
Hungarian,Track_B,XGBoost,259,1,0.584371,1
Hungarian,Track_B,XGBoost,270,1,0.051702,1
Hungarian,Track_B,XGBoost,271,1,0.941971,1
Hungarian,Track_B,XGBoost,278,1,0.902591,1
Hungarian,Track_B,XGBoost,279,1,0.941435,1
Hungarian,Track_B,XGBoost,281,1,0.390344,1
Hungarian,Track_B,XGBoost,2,0,0.108095,2
Hungarian,Track_B,XGBoost,6,0,0.198212,2
Hungarian,Track_B,XGBoost,11,0,0.167413,2
Hungarian,Track_B,XGBoost,14,0,0.097052,2
Hungarian,Track_B,XGBoost,33,0,0.028198,2
Hungarian,Track_B,XGBoost,34,0,0.032958,2
Hungarian,Track_B,XGBoost,39,0,0.197442,2
Hungarian,Track_B,XGBoost,43,0,0.049644,2
Hungarian,Track_B,XGBoost,47,0,0.024788,2
Hungarian,Track_B,XGBoost,48,0,0.023241,2
Hungarian,Track_B,XGBoost,53,0,0.028461,2
Hungarian,Track_B,XGBoost,54,0,0.024872,2
Hungarian,Track_B,XGBoost,61,0,0.026304,2
Hungarian,Track_B,XGBoost,62,0,0.026304,2
Hungarian,Track_B,XGBoost,63,0,0.018609,2
Hungarian,Track_B,XGBoost,92,0,0.023482,2
Hungarian,Track_B,XGBoost,94,0,0.479728,2
Hungarian,Track_B,XGBoost,95,0,0.109193,2
Hungarian,Track_B,XGBoost,98,0,0.034842,2
Hungarian,Track_B,XGBoost,107,0,0.435484,2
Hungarian,Track_B,XGBoost,113,0,0.313489,2
Hungarian,Track_B,XGBoost,117,0,0.454377,2
Hungarian,Track_B,XGBoost,118,0,0.088748,2
Hungarian,Track_B,XGBoost,120,0,0.045054,2
Hungarian,Track_B,XGBoost,123,0,0.043436,2
Hungarian,Track_B,XGBoost,128,0,0.048575,2
Hungarian,Track_B,XGBoost,131,0,0.679229,2
Hungarian,Track_B,XGBoost,143,0,0.056285,2
Hungarian,Track_B,XGBoost,147,0,0.040206,2
Hungarian,Track_B,XGBoost,152,0,0.071986,2
Hungarian,Track_B,XGBoost,153,0,0.160527,2
Hungarian,Track_B,XGBoost,155,0,0.070324,2
Hungarian,Track_B,XGBoost,157,0,0.07014,2
Hungarian,Track_B,XGBoost,158,0,0.099863,2
Hungarian,Track_B,XGBoost,161,0,0.170679,2
Hungarian,Track_B,XGBoost,169,0,0.335345,2
Hungarian,Track_B,XGBoost,177,0,0.130497,2
Hungarian,Track_B,XGBoost,181,0,0.457973,2
Hungarian,Track_B,XGBoost,195,1,0.897246,2
Hungarian,Track_B,XGBoost,196,1,0.684987,2
Hungarian,Track_B,XGBoost,206,1,0.807366,2
Hungarian,Track_B,XGBoost,209,1,0.10229,2
Hungarian,Track_B,XGBoost,214,1,0.937837,2
Hungarian,Track_B,XGBoost,217,1,0.968333,2
Hungarian,Track_B,XGBoost,226,1,0.450323,2
Hungarian,Track_B,XGBoost,227,1,0.562547,2
Hungarian,Track_B,XGBoost,228,1,0.04639,2
Hungarian,Track_B,XGBoost,229,1,0.740628,2
Hungarian,Track_B,XGBoost,230,1,0.475052,2
Hungarian,Track_B,XGBoost,231,1,0.269571,2
Hungarian,Track_B,XGBoost,237,1,0.383942,2
Hungarian,Track_B,XGBoost,238,1,0.956832,2
Hungarian,Track_B,XGBoost,239,1,0.581326,2
Hungarian,Track_B,XGBoost,246,1,0.905627,2
Hungarian,Track_B,XGBoost,248,1,0.217482,2
Hungarian,Track_B,XGBoost,258,1,0.841881,2
Hungarian,Track_B,XGBoost,280,1,0.168455,2
Hungarian,Track_B,XGBoost,288,1,0.970966,2
Hungarian,Track_B,XGBoost,291,1,0.473076,2
Hungarian,Track_B,XGBoost,1,0,0.068083,3
Hungarian,Track_B,XGBoost,18,0,0.09284,3
Hungarian,Track_B,XGBoost,32,0,0.587771,3
Hungarian,Track_B,XGBoost,36,0,0.097223,3
Hungarian,Track_B,XGBoost,38,0,0.68634,3
Hungarian,Track_B,XGBoost,40,0,0.047186,3
Hungarian,Track_B,XGBoost,50,0,0.055147,3
Hungarian,Track_B,XGBoost,56,0,0.813309,3
Hungarian,Track_B,XGBoost,65,0,0.076242,3
Hungarian,Track_B,XGBoost,68,0,0.170618,3
Hungarian,Track_B,XGBoost,74,0,0.127895,3
Hungarian,Track_B,XGBoost,78,0,0.166809,3
Hungarian,Track_B,XGBoost,81,0,0.081701,3
Hungarian,Track_B,XGBoost,83,0,0.423026,3
Hungarian,Track_B,XGBoost,87,0,0.443166,3
Hungarian,Track_B,XGBoost,93,0,0.057658,3
Hungarian,Track_B,XGBoost,96,0,0.75838,3
Hungarian,Track_B,XGBoost,104,0,0.081255,3
Hungarian,Track_B,XGBoost,105,0,0.127159,3
Hungarian,Track_B,XGBoost,106,0,0.831916,3
Hungarian,Track_B,XGBoost,109,0,0.736,3
Hungarian,Track_B,XGBoost,110,0,0.062853,3
Hungarian,Track_B,XGBoost,114,0,0.365173,3
Hungarian,Track_B,XGBoost,127,0,0.304786,3
Hungarian,Track_B,XGBoost,132,0,0.041403,3
Hungarian,Track_B,XGBoost,135,0,0.10152,3
Hungarian,Track_B,XGBoost,136,0,0.960361,3
Hungarian,Track_B,XGBoost,137,0,0.4923,3
Hungarian,Track_B,XGBoost,140,0,0.041182,3
Hungarian,Track_B,XGBoost,154,0,0.416133,3
Hungarian,Track_B,XGBoost,159,0,0.075298,3
Hungarian,Track_B,XGBoost,173,0,0.126893,3
Hungarian,Track_B,XGBoost,174,0,0.118209,3
Hungarian,Track_B,XGBoost,176,0,0.672949,3
Hungarian,Track_B,XGBoost,182,0,0.160928,3
Hungarian,Track_B,XGBoost,184,0,0.756113,3
Hungarian,Track_B,XGBoost,186,0,0.09959,3
Hungarian,Track_B,XGBoost,191,1,0.215547,3
Hungarian,Track_B,XGBoost,197,1,0.420232,3
Hungarian,Track_B,XGBoost,200,1,0.785419,3
Hungarian,Track_B,XGBoost,205,1,0.542847,3
Hungarian,Track_B,XGBoost,207,1,0.926151,3
Hungarian,Track_B,XGBoost,208,1,0.272809,3
Hungarian,Track_B,XGBoost,213,1,0.749994,3
Hungarian,Track_B,XGBoost,216,1,0.908693,3
Hungarian,Track_B,XGBoost,221,1,0.818002,3
Hungarian,Track_B,XGBoost,223,1,0.960699,3
Hungarian,Track_B,XGBoost,234,1,0.973008,3
Hungarian,Track_B,XGBoost,244,1,0.955683,3
Hungarian,Track_B,XGBoost,250,1,0.824297,3
Hungarian,Track_B,XGBoost,262,1,0.964763,3
Hungarian,Track_B,XGBoost,268,1,0.854996,3
Hungarian,Track_B,XGBoost,272,1,0.961474,3
Hungarian,Track_B,XGBoost,277,1,0.883596,3
Hungarian,Track_B,XGBoost,283,1,0.754894,3
Hungarian,Track_B,XGBoost,284,1,0.915098,3
Hungarian,Track_B,XGBoost,285,1,0.941359,3
Hungarian,Track_B,XGBoost,289,1,0.133673,3
Hungarian,Track_B,XGBoost,292,1,0.868423,3
Hungarian,Track_B,XGBoost,3,0,0.2543,4
Hungarian,Track_B,XGBoost,8,0,0.084729,4
Hungarian,Track_B,XGBoost,20,0,0.019479,4
Hungarian,Track_B,XGBoost,21,0,0.040509,4
Hungarian,Track_B,XGBoost,23,0,0.120228,4
Hungarian,Track_B,XGBoost,27,0,0.019479,4
Hungarian,Track_B,XGBoost,28,0,0.043937,4
Hungarian,Track_B,XGBoost,37,0,0.172161,4
Hungarian,Track_B,XGBoost,42,0,0.099244,4
Hungarian,Track_B,XGBoost,44,0,0.075272,4
Hungarian,Track_B,XGBoost,51,0,0.562506,4
Hungarian,Track_B,XGBoost,57,0,0.086195,4
Hungarian,Track_B,XGBoost,60,0,0.031393,4
Hungarian,Track_B,XGBoost,64,0,0.042841,4
Hungarian,Track_B,XGBoost,66,0,0.043917,4
Hungarian,Track_B,XGBoost,70,0,0.299809,4
Hungarian,Track_B,XGBoost,72,0,0.041187,4
Hungarian,Track_B,XGBoost,75,0,0.165893,4
Hungarian,Track_B,XGBoost,82,0,0.882294,4
Hungarian,Track_B,XGBoost,84,0,0.181351,4
Hungarian,Track_B,XGBoost,86,0,0.424724,4
Hungarian,Track_B,XGBoost,91,0,0.071359,4
Hungarian,Track_B,XGBoost,99,0,0.021983,4
Hungarian,Track_B,XGBoost,100,0,0.123146,4
Hungarian,Track_B,XGBoost,103,0,0.045163,4
Hungarian,Track_B,XGBoost,108,0,0.020844,4
Hungarian,Track_B,XGBoost,115,0,0.038019,4
Hungarian,Track_B,XGBoost,121,0,0.562843,4
Hungarian,Track_B,XGBoost,122,0,0.028594,4
Hungarian,Track_B,XGBoost,125,0,0.674292,4
Hungarian,Track_B,XGBoost,145,0,0.023699,4
Hungarian,Track_B,XGBoost,149,0,0.077712,4
Hungarian,Track_B,XGBoost,164,0,0.789354,4
Hungarian,Track_B,XGBoost,170,0,0.559444,4
Hungarian,Track_B,XGBoost,171,0,0.43804,4
Hungarian,Track_B,XGBoost,175,0,0.117945,4
Hungarian,Track_B,XGBoost,178,0,0.091069,4
Hungarian,Track_B,XGBoost,194,1,0.311594,4
Hungarian,Track_B,XGBoost,198,1,0.813927,4
Hungarian,Track_B,XGBoost,199,1,0.949424,4
Hungarian,Track_B,XGBoost,204,1,0.964698,4
Hungarian,Track_B,XGBoost,211,1,0.103825,4
Hungarian,Track_B,XGBoost,222,1,0.339463,4
Hungarian,Track_B,XGBoost,224,1,0.550532,4
Hungarian,Track_B,XGBoost,225,1,0.914655,4
Hungarian,Track_B,XGBoost,233,1,0.959884,4
Hungarian,Track_B,XGBoost,242,1,0.92324,4
Hungarian,Track_B,XGBoost,243,1,0.599667,4
Hungarian,Track_B,XGBoost,245,1,0.952396,4
Hungarian,Track_B,XGBoost,247,1,0.960485,4
Hungarian,Track_B,XGBoost,249,1,0.928807,4
Hungarian,Track_B,XGBoost,256,1,0.763469,4
Hungarian,Track_B,XGBoost,261,1,0.893879,4
Hungarian,Track_B,XGBoost,263,1,0.954702,4
Hungarian,Track_B,XGBoost,264,1,0.096781,4
Hungarian,Track_B,XGBoost,265,1,0.93692,4
Hungarian,Track_B,XGBoost,276,1,0.948079,4
Hungarian,Track_B,XGBoost,290,1,0.967912,4
Hungarian,Track_B,XGBoost,0,0,0.160143,5
Hungarian,Track_B,XGBoost,4,0,0.135591,5
Hungarian,Track_B,XGBoost,7,0,0.117442,5
Hungarian,Track_B,XGBoost,9,0,0.095584,5
Hungarian,Track_B,XGBoost,10,0,0.110822,5
Hungarian,Track_B,XGBoost,12,0,0.130054,5
Hungarian,Track_B,XGBoost,16,0,0.092626,5
Hungarian,Track_B,XGBoost,17,0,0.569694,5
Hungarian,Track_B,XGBoost,25,0,0.407017,5
Hungarian,Track_B,XGBoost,29,0,0.119259,5
Hungarian,Track_B,XGBoost,31,0,0.195312,5
Hungarian,Track_B,XGBoost,49,0,0.044473,5
Hungarian,Track_B,XGBoost,55,0,0.033715,5
Hungarian,Track_B,XGBoost,58,0,0.235612,5
Hungarian,Track_B,XGBoost,71,0,0.031363,5
Hungarian,Track_B,XGBoost,88,0,0.058052,5
Hungarian,Track_B,XGBoost,90,0,0.218601,5
Hungarian,Track_B,XGBoost,111,0,0.046478,5
Hungarian,Track_B,XGBoost,112,0,0.07598,5
Hungarian,Track_B,XGBoost,116,0,0.099279,5
Hungarian,Track_B,XGBoost,124,0,0.063637,5
Hungarian,Track_B,XGBoost,129,0,0.182503,5
Hungarian,Track_B,XGBoost,130,0,0.026287,5
Hungarian,Track_B,XGBoost,138,0,0.30529,5
Hungarian,Track_B,XGBoost,139,0,0.02656,5
Hungarian,Track_B,XGBoost,144,0,0.034211,5
Hungarian,Track_B,XGBoost,148,0,0.054223,5
Hungarian,Track_B,XGBoost,150,0,0.115483,5
Hungarian,Track_B,XGBoost,151,0,0.077769,5
Hungarian,Track_B,XGBoost,156,0,0.043239,5
Hungarian,Track_B,XGBoost,162,0,0.130284,5
Hungarian,Track_B,XGBoost,163,0,0.333109,5
Hungarian,Track_B,XGBoost,166,0,0.080404,5
Hungarian,Track_B,XGBoost,167,0,0.203547,5
Hungarian,Track_B,XGBoost,172,0,0.09894,5
Hungarian,Track_B,XGBoost,179,0,0.582879,5
Hungarian,Track_B,XGBoost,185,0,0.080446,5
Hungarian,Track_B,XGBoost,193,1,0.570273,5
Hungarian,Track_B,XGBoost,210,1,0.316896,5
Hungarian,Track_B,XGBoost,212,1,0.283567,5
Hungarian,Track_B,XGBoost,218,1,0.597291,5
Hungarian,Track_B,XGBoost,220,1,0.343469,5
Hungarian,Track_B,XGBoost,232,1,0.729958,5
Hungarian,Track_B,XGBoost,236,1,0.932252,5
Hungarian,Track_B,XGBoost,240,1,0.58786,5
Hungarian,Track_B,XGBoost,252,1,0.737867,5
Hungarian,Track_B,XGBoost,253,1,0.945628,5
Hungarian,Track_B,XGBoost,257,1,0.878834,5
Hungarian,Track_B,XGBoost,260,1,0.762794,5
Hungarian,Track_B,XGBoost,266,1,0.914986,5
Hungarian,Track_B,XGBoost,267,1,0.057714,5
Hungarian,Track_B,XGBoost,269,1,0.973252,5
Hungarian,Track_B,XGBoost,273,1,0.796037,5
Hungarian,Track_B,XGBoost,274,1,0.396802,5
Hungarian,Track_B,XGBoost,275,1,0.459982,5
Hungarian,Track_B,XGBoost,282,1,0.900215,5
Hungarian,Track_B,XGBoost,286,1,0.925853,5
Hungarian,Track_B,XGBoost,287,1,0.941514,5
Zurich,Track_B,LogisticRegression,1,1,0.843668,1
Zurich,Track_B,LogisticRegression,4,1,0.953212,1
Zurich,Track_B,LogisticRegression,10,1,0.892832,1
Zurich,Track_B,LogisticRegression,15,1,0.91191,1
Zurich,Track_B,LogisticRegression,16,1,0.960565,1
Zurich,Track_B,LogisticRegression,24,1,0.874106,1
Zurich,Track_B,LogisticRegression,29,1,0.985418,1
Zurich,Track_B,LogisticRegression,33,1,0.903625,1
Zurich,Track_B,LogisticRegression,36,1,0.902123,1
Zurich,Track_B,LogisticRegression,43,1,0.96928,1
Zurich,Track_B,LogisticRegression,49,1,0.95786,1
Zurich,Track_B,LogisticRegression,51,0,0.825293,1
Zurich,Track_B,LogisticRegression,54,1,0.946563,1
Zurich,Track_B,LogisticRegression,60,1,0.900619,1
Zurich,Track_B,LogisticRegression,64,1,0.959404,1
Zurich,Track_B,LogisticRegression,67,1,0.9716,1
Zurich,Track_B,LogisticRegression,70,1,0.973631,1
Zurich,Track_B,LogisticRegression,71,1,0.979238,1
Zurich,Track_B,LogisticRegression,74,1,0.902763,1
Zurich,Track_B,LogisticRegression,101,1,0.974356,1
Zurich,Track_B,LogisticRegression,103,1,0.978813,1
Zurich,Track_B,LogisticRegression,104,1,0.990579,1
Zurich,Track_B,LogisticRegression,114,1,0.9711,1
Zurich,Track_B,LogisticRegression,118,1,0.972297,1
Zurich,Track_B,LogisticRegression,120,0,0.963006,1
Zurich,Track_B,LogisticRegression,2,1,0.947408,2
Zurich,Track_B,LogisticRegression,5,1,0.962022,2
Zurich,Track_B,LogisticRegression,6,0,0.884872,2
Zurich,Track_B,LogisticRegression,12,1,0.925764,2
Zurich,Track_B,LogisticRegression,19,1,0.939248,2
Zurich,Track_B,LogisticRegression,25,1,0.979007,2
Zurich,Track_B,LogisticRegression,30,1,0.909451,2
Zurich,Track_B,LogisticRegression,34,1,0.937209,2
Zurich,Track_B,LogisticRegression,37,1,0.941091,2
Zurich,Track_B,LogisticRegression,40,1,0.72268,2
Zurich,Track_B,LogisticRegression,42,1,0.811546,2
Zurich,Track_B,LogisticRegression,46,1,0.935334,2
Zurich,Track_B,LogisticRegression,48,1,0.897798,2
Zurich,Track_B,LogisticRegression,52,1,0.891444,2
Zurich,Track_B,LogisticRegression,56,1,0.887672,2
Zurich,Track_B,LogisticRegression,59,1,0.926959,2
Zurich,Track_B,LogisticRegression,63,1,0.782614,2
Zurich,Track_B,LogisticRegression,69,1,0.93754,2
Zurich,Track_B,LogisticRegression,72,1,0.721423,2
Zurich,Track_B,LogisticRegression,87,1,0.89907,2
Zurich,Track_B,LogisticRegression,93,1,0.956095,2
Zurich,Track_B,LogisticRegression,98,1,0.904118,2
Zurich,Track_B,LogisticRegression,99,1,0.908251,2
Zurich,Track_B,LogisticRegression,105,1,0.905067,2
Zurich,Track_B,LogisticRegression,109,0,0.949057,2
Zurich,Track_B,LogisticRegression,8,1,0.876565,3
Zurich,Track_B,LogisticRegression,9,1,0.961051,3
Zurich,Track_B,LogisticRegression,21,1,0.936094,3
Zurich,Track_B,LogisticRegression,26,1,0.950628,3
Zurich,Track_B,LogisticRegression,38,1,0.934005,3
Zurich,Track_B,LogisticRegression,39,1,0.976818,3
Zurich,Track_B,LogisticRegression,41,0,0.893119,3
Zurich,Track_B,LogisticRegression,44,1,0.933921,3
Zurich,Track_B,LogisticRegression,45,1,0.911178,3
Zurich,Track_B,LogisticRegression,53,1,0.949502,3
Zurich,Track_B,LogisticRegression,55,0,0.936059,3
Zurich,Track_B,LogisticRegression,57,1,0.937343,3
Zurich,Track_B,LogisticRegression,66,1,0.965433,3
Zurich,Track_B,LogisticRegression,78,1,0.92121,3
Zurich,Track_B,LogisticRegression,79,1,0.947757,3
Zurich,Track_B,LogisticRegression,81,1,0.965614,3
Zurich,Track_B,LogisticRegression,83,1,0.96541,3
Zurich,Track_B,LogisticRegression,88,1,0.968568,3
Zurich,Track_B,LogisticRegression,89,1,0.959705,3
Zurich,Track_B,LogisticRegression,91,1,0.94521,3
Zurich,Track_B,LogisticRegression,95,1,0.969907,3
Zurich,Track_B,LogisticRegression,96,1,0.945256,3
Zurich,Track_B,LogisticRegression,102,1,0.806667,3
Zurich,Track_B,LogisticRegression,115,1,0.852962,3
Zurich,Track_B,LogisticRegression,121,1,0.950455,3
Zurich,Track_B,LogisticRegression,0,1,0.340534,4
Zurich,Track_B,LogisticRegression,3,1,0.966975,4
Zurich,Track_B,LogisticRegression,7,1,0.909173,4
Zurich,Track_B,LogisticRegression,13,1,0.967609,4
Zurich,Track_B,LogisticRegression,18,1,0.913001,4
Zurich,Track_B,LogisticRegression,32,1,0.773126,4
Zurich,Track_B,LogisticRegression,35,1,0.930779,4
Zurich,Track_B,LogisticRegression,47,0,0.978919,4
Zurich,Track_B,LogisticRegression,61,1,0.989217,4
Zurich,Track_B,LogisticRegression,65,1,0.968212,4
Zurich,Track_B,LogisticRegression,68,1,0.879573,4
Zurich,Track_B,LogisticRegression,73,1,0.941313,4
Zurich,Track_B,LogisticRegression,75,1,0.961983,4
Zurich,Track_B,LogisticRegression,77,1,0.753391,4
Zurich,Track_B,LogisticRegression,80,1,0.979835,4
Zurich,Track_B,LogisticRegression,82,1,0.923916,4
Zurich,Track_B,LogisticRegression,85,1,0.93388,4
Zurich,Track_B,LogisticRegression,86,1,0.978959,4
Zurich,Track_B,LogisticRegression,92,1,0.49998,4
Zurich,Track_B,LogisticRegression,107,1,0.979554,4
Zurich,Track_B,LogisticRegression,110,1,0.963083,4
Zurich,Track_B,LogisticRegression,111,1,0.973979,4
Zurich,Track_B,LogisticRegression,112,1,0.972198,4
Zurich,Track_B,LogisticRegression,116,1,0.895049,4
Zurich,Track_B,LogisticRegression,11,1,0.908839,5
Zurich,Track_B,LogisticRegression,14,1,0.923738,5
Zurich,Track_B,LogisticRegression,17,0,0.871278,5
Zurich,Track_B,LogisticRegression,20,1,0.901569,5
Zurich,Track_B,LogisticRegression,22,1,0.900743,5
Zurich,Track_B,LogisticRegression,23,1,0.962445,5
Zurich,Track_B,LogisticRegression,27,1,0.916293,5
Zurich,Track_B,LogisticRegression,28,1,0.942788,5
Zurich,Track_B,LogisticRegression,31,1,0.98688,5
Zurich,Track_B,LogisticRegression,50,1,0.888384,5
Zurich,Track_B,LogisticRegression,58,1,0.96567,5
Zurich,Track_B,LogisticRegression,62,1,0.967283,5
Zurich,Track_B,LogisticRegression,76,1,0.952112,5
Zurich,Track_B,LogisticRegression,84,1,0.967722,5
Zurich,Track_B,LogisticRegression,90,1,0.947754,5
Zurich,Track_B,LogisticRegression,94,1,0.127245,5
Zurich,Track_B,LogisticRegression,97,1,0.977514,5
Zurich,Track_B,LogisticRegression,100,1,0.782122,5
Zurich,Track_B,LogisticRegression,106,1,0.915755,5
Zurich,Track_B,LogisticRegression,108,1,0.951055,5
Zurich,Track_B,LogisticRegression,113,1,0.1335,5
Zurich,Track_B,LogisticRegression,117,1,0.89795,5
Zurich,Track_B,LogisticRegression,119,1,0.952549,5
Zurich,Track_B,LogisticRegression,122,1,0.456743,5
Zurich,Track_B,RandomForest,1,1,0.876152,1
Zurich,Track_B,RandomForest,4,1,0.87043,1
Zurich,Track_B,RandomForest,10,1,0.827993,1
Zurich,Track_B,RandomForest,15,1,0.955317,1
Zurich,Track_B,RandomForest,16,1,0.938929,1
Zurich,Track_B,RandomForest,24,1,0.995074,1
Zurich,Track_B,RandomForest,29,1,0.998,1
Zurich,Track_B,RandomForest,33,1,0.921778,1
Zurich,Track_B,RandomForest,36,1,0.990827,1
Zurich,Track_B,RandomForest,43,1,0.94181,1
Zurich,Track_B,RandomForest,49,1,0.985,1
Zurich,Track_B,RandomForest,51,0,0.90031,1
Zurich,Track_B,RandomForest,54,1,0.985342,1
Zurich,Track_B,RandomForest,60,1,0.979374,1
Zurich,Track_B,RandomForest,64,1,0.987,1
Zurich,Track_B,RandomForest,67,1,0.967262,1
Zurich,Track_B,RandomForest,70,1,0.995,1
Zurich,Track_B,RandomForest,71,1,0.993333,1
Zurich,Track_B,RandomForest,74,1,0.981535,1
Zurich,Track_B,RandomForest,101,1,1.0,1
Zurich,Track_B,RandomForest,103,1,0.976333,1
Zurich,Track_B,RandomForest,104,1,0.921988,1
Zurich,Track_B,RandomForest,114,1,0.985417,1
Zurich,Track_B,RandomForest,118,1,0.98675,1
Zurich,Track_B,RandomForest,120,0,0.956095,1
Zurich,Track_B,RandomForest,2,1,0.997571,2
Zurich,Track_B,RandomForest,5,1,0.979405,2
Zurich,Track_B,RandomForest,6,0,0.647066,2
Zurich,Track_B,RandomForest,12,1,0.847643,2
Zurich,Track_B,RandomForest,19,1,1.0,2
Zurich,Track_B,RandomForest,25,1,0.992515,2
Zurich,Track_B,RandomForest,30,1,0.970193,2
Zurich,Track_B,RandomForest,34,1,0.971193,2
Zurich,Track_B,RandomForest,37,1,0.991071,2
Zurich,Track_B,RandomForest,40,1,0.583426,2
Zurich,Track_B,RandomForest,42,1,0.715452,2
Zurich,Track_B,RandomForest,46,1,0.941833,2
Zurich,Track_B,RandomForest,48,1,0.988368,2
Zurich,Track_B,RandomForest,52,1,0.978368,2
Zurich,Track_B,RandomForest,56,1,0.681996,2
Zurich,Track_B,RandomForest,59,1,0.883643,2
Zurich,Track_B,RandomForest,63,1,0.720019,2
Zurich,Track_B,RandomForest,69,1,0.986963,2
Zurich,Track_B,RandomForest,72,1,0.7824,2
Zurich,Track_B,RandomForest,87,1,0.954654,2
Zurich,Track_B,RandomForest,93,1,0.907667,2
Zurich,Track_B,RandomForest,98,1,0.982859,2
Zurich,Track_B,RandomForest,99,1,0.972115,2
Zurich,Track_B,RandomForest,105,1,0.841833,2
Zurich,Track_B,RandomForest,109,0,0.98138,2
Zurich,Track_B,RandomForest,8,1,0.906564,3
Zurich,Track_B,RandomForest,9,1,0.996232,3
Zurich,Track_B,RandomForest,21,1,0.928208,3
Zurich,Track_B,RandomForest,26,1,0.999565,3
Zurich,Track_B,RandomForest,38,1,0.94981,3
Zurich,Track_B,RandomForest,39,1,0.928338,3
Zurich,Track_B,RandomForest,41,0,0.915952,3
Zurich,Track_B,RandomForest,44,1,0.997778,3
Zurich,Track_B,RandomForest,45,1,0.979325,3
Zurich,Track_B,RandomForest,53,1,0.984535,3
Zurich,Track_B,RandomForest,55,0,0.957833,3
Zurich,Track_B,RandomForest,57,1,0.90721,3
Zurich,Track_B,RandomForest,66,1,0.999565,3
Zurich,Track_B,RandomForest,78,1,0.993333,3
Zurich,Track_B,RandomForest,79,1,0.972841,3
Zurich,Track_B,RandomForest,81,1,0.999091,3
Zurich,Track_B,RandomForest,83,1,0.911043,3
Zurich,Track_B,RandomForest,88,1,0.992305,3
Zurich,Track_B,RandomForest,89,1,0.999565,3
Zurich,Track_B,RandomForest,91,1,0.925043,3
Zurich,Track_B,RandomForest,95,1,0.939899,3
Zurich,Track_B,RandomForest,96,1,0.959311,3
Zurich,Track_B,RandomForest,102,1,0.803091,3
Zurich,Track_B,RandomForest,115,1,0.927881,3
Zurich,Track_B,RandomForest,121,1,0.722452,3
Zurich,Track_B,RandomForest,0,1,0.60633,4
Zurich,Track_B,RandomForest,3,1,0.981064,4
Zurich,Track_B,RandomForest,7,1,0.862405,4
Zurich,Track_B,RandomForest,13,1,1.0,4
Zurich,Track_B,RandomForest,18,1,0.881585,4
Zurich,Track_B,RandomForest,32,1,0.9138,4
Zurich,Track_B,RandomForest,35,1,0.986163,4
Zurich,Track_B,RandomForest,47,0,0.980643,4
Zurich,Track_B,RandomForest,61,1,0.994731,4
Zurich,Track_B,RandomForest,65,1,0.9975,4
Zurich,Track_B,RandomForest,68,1,0.873591,4
Zurich,Track_B,RandomForest,73,1,0.972077,4
Zurich,Track_B,RandomForest,75,1,0.998361,4
Zurich,Track_B,RandomForest,77,1,0.788167,4
Zurich,Track_B,RandomForest,80,1,0.99913,4
Zurich,Track_B,RandomForest,82,1,0.969385,4
Zurich,Track_B,RandomForest,85,1,0.989063,4
Zurich,Track_B,RandomForest,86,1,0.989167,4
Zurich,Track_B,RandomForest,92,1,0.76454,4
Zurich,Track_B,RandomForest,107,1,0.957333,4
Zurich,Track_B,RandomForest,110,1,0.861116,4
Zurich,Track_B,RandomForest,111,1,0.882694,4
Zurich,Track_B,RandomForest,112,1,0.9465,4
Zurich,Track_B,RandomForest,116,1,0.930321,4
Zurich,Track_B,RandomForest,11,1,0.864563,5
Zurich,Track_B,RandomForest,14,1,0.818389,5
Zurich,Track_B,RandomForest,17,0,0.912499,5
Zurich,Track_B,RandomForest,20,1,0.93233,5
Zurich,Track_B,RandomForest,22,1,0.942446,5
Zurich,Track_B,RandomForest,23,1,0.997948,5
Zurich,Track_B,RandomForest,27,1,0.945615,5
Zurich,Track_B,RandomForest,28,1,0.989524,5
Zurich,Track_B,RandomForest,31,1,0.990804,5
Zurich,Track_B,RandomForest,50,1,0.866048,5
Zurich,Track_B,RandomForest,58,1,0.967424,5
Zurich,Track_B,RandomForest,62,1,0.991905,5
Zurich,Track_B,RandomForest,76,1,0.998095,5
Zurich,Track_B,RandomForest,84,1,0.99,5
Zurich,Track_B,RandomForest,90,1,0.99119,5
Zurich,Track_B,RandomForest,94,1,0.812881,5
Zurich,Track_B,RandomForest,97,1,0.996167,5
Zurich,Track_B,RandomForest,100,1,0.861335,5
Zurich,Track_B,RandomForest,106,1,0.951389,5
Zurich,Track_B,RandomForest,108,1,0.939271,5
Zurich,Track_B,RandomForest,113,1,0.821841,5
Zurich,Track_B,RandomForest,117,1,0.957679,5
Zurich,Track_B,RandomForest,119,1,0.774913,5
Zurich,Track_B,RandomForest,122,1,0.657452,5
Zurich,Track_B,SVM,1,1,0.956616,1
Zurich,Track_B,SVM,4,1,0.939987,1
Zurich,Track_B,SVM,10,1,0.954764,1
Zurich,Track_B,SVM,15,1,0.938938,1
Zurich,Track_B,SVM,16,1,0.93499,1
Zurich,Track_B,SVM,24,1,0.929988,1
Zurich,Track_B,SVM,29,1,0.938785,1
Zurich,Track_B,SVM,33,1,0.936342,1
Zurich,Track_B,SVM,36,1,0.926626,1
Zurich,Track_B,SVM,43,1,0.937803,1
Zurich,Track_B,SVM,49,1,0.92886,1
Zurich,Track_B,SVM,51,0,0.948621,1
Zurich,Track_B,SVM,54,1,0.934317,1
Zurich,Track_B,SVM,60,1,0.929005,1
Zurich,Track_B,SVM,64,1,0.936977,1
Zurich,Track_B,SVM,67,1,0.927623,1
Zurich,Track_B,SVM,70,1,0.930253,1
Zurich,Track_B,SVM,71,1,0.930143,1
Zurich,Track_B,SVM,74,1,0.926582,1
Zurich,Track_B,SVM,101,1,0.927386,1
Zurich,Track_B,SVM,103,1,0.941363,1
Zurich,Track_B,SVM,104,1,0.940962,1
Zurich,Track_B,SVM,114,1,0.93388,1
Zurich,Track_B,SVM,118,1,0.933722,1
Zurich,Track_B,SVM,120,0,0.939445,1
Zurich,Track_B,SVM,2,1,0.971686,2
Zurich,Track_B,SVM,5,1,0.943868,2
Zurich,Track_B,SVM,6,0,0.839095,2
Zurich,Track_B,SVM,12,1,0.964217,2
Zurich,Track_B,SVM,19,1,0.967132,2
Zurich,Track_B,SVM,25,1,0.948263,2
Zurich,Track_B,SVM,30,1,0.936117,2
Zurich,Track_B,SVM,34,1,0.959145,2
Zurich,Track_B,SVM,37,1,0.973289,2
Zurich,Track_B,SVM,40,1,0.56709,2
Zurich,Track_B,SVM,42,1,0.667843,2
Zurich,Track_B,SVM,46,1,0.943977,2
Zurich,Track_B,SVM,48,1,0.944086,2
Zurich,Track_B,SVM,52,1,0.941299,2
Zurich,Track_B,SVM,56,1,0.858296,2
Zurich,Track_B,SVM,59,1,0.96414,2
Zurich,Track_B,SVM,63,1,0.708906,2
Zurich,Track_B,SVM,69,1,0.931407,2
Zurich,Track_B,SVM,72,1,0.923903,2
Zurich,Track_B,SVM,87,1,0.927287,2
Zurich,Track_B,SVM,93,1,0.938988,2
Zurich,Track_B,SVM,98,1,0.94334,2
Zurich,Track_B,SVM,99,1,0.928673,2
Zurich,Track_B,SVM,105,1,0.938628,2
Zurich,Track_B,SVM,109,0,0.963378,2
Zurich,Track_B,SVM,8,1,0.944791,3
Zurich,Track_B,SVM,9,1,0.972729,3
Zurich,Track_B,SVM,21,1,0.958216,3
Zurich,Track_B,SVM,26,1,0.96175,3
Zurich,Track_B,SVM,38,1,0.939961,3
Zurich,Track_B,SVM,39,1,0.954402,3
Zurich,Track_B,SVM,41,0,0.940896,3
Zurich,Track_B,SVM,44,1,0.971206,3
Zurich,Track_B,SVM,45,1,0.94253,3
Zurich,Track_B,SVM,53,1,0.947481,3
Zurich,Track_B,SVM,55,0,0.953262,3
Zurich,Track_B,SVM,57,1,0.905191,3
Zurich,Track_B,SVM,66,1,0.972216,3
Zurich,Track_B,SVM,78,1,0.931154,3
Zurich,Track_B,SVM,79,1,0.946309,3
Zurich,Track_B,SVM,81,1,0.957212,3
Zurich,Track_B,SVM,83,1,0.908496,3
Zurich,Track_B,SVM,88,1,0.962117,3
Zurich,Track_B,SVM,89,1,0.968623,3
Zurich,Track_B,SVM,91,1,0.936018,3
Zurich,Track_B,SVM,95,1,0.960146,3
Zurich,Track_B,SVM,96,1,0.892899,3
Zurich,Track_B,SVM,102,1,0.928935,3
Zurich,Track_B,SVM,115,1,0.869077,3
Zurich,Track_B,SVM,121,1,0.919882,3
Zurich,Track_B,SVM,0,1,0.768286,4
Zurich,Track_B,SVM,3,1,0.961771,4
Zurich,Track_B,SVM,7,1,0.904171,4
Zurich,Track_B,SVM,13,1,0.959286,4
Zurich,Track_B,SVM,18,1,0.913464,4
Zurich,Track_B,SVM,32,1,0.822972,4
Zurich,Track_B,SVM,35,1,0.970234,4
Zurich,Track_B,SVM,47,0,0.950296,4
Zurich,Track_B,SVM,61,1,0.926452,4
Zurich,Track_B,SVM,65,1,0.957698,4
Zurich,Track_B,SVM,68,1,0.961615,4
Zurich,Track_B,SVM,73,1,0.953847,4
Zurich,Track_B,SVM,75,1,0.944526,4
Zurich,Track_B,SVM,77,1,0.922974,4
Zurich,Track_B,SVM,80,1,0.938949,4
Zurich,Track_B,SVM,82,1,0.927724,4
Zurich,Track_B,SVM,85,1,0.967754,4
Zurich,Track_B,SVM,86,1,0.943699,4
Zurich,Track_B,SVM,92,1,0.897031,4
Zurich,Track_B,SVM,107,1,0.949721,4
Zurich,Track_B,SVM,110,1,0.927034,4
Zurich,Track_B,SVM,111,1,0.931756,4
Zurich,Track_B,SVM,112,1,0.945094,4
Zurich,Track_B,SVM,116,1,0.943039,4
Zurich,Track_B,SVM,11,1,0.938199,5
Zurich,Track_B,SVM,14,1,0.869755,5
Zurich,Track_B,SVM,17,0,0.851398,5
Zurich,Track_B,SVM,20,1,0.935224,5
Zurich,Track_B,SVM,22,1,0.944524,5
Zurich,Track_B,SVM,23,1,0.966036,5
Zurich,Track_B,SVM,27,1,0.944524,5
Zurich,Track_B,SVM,28,1,0.964993,5
Zurich,Track_B,SVM,31,1,0.92134,5
Zurich,Track_B,SVM,50,1,0.92558,5
Zurich,Track_B,SVM,58,1,0.955464,5
Zurich,Track_B,SVM,62,1,0.955753,5
Zurich,Track_B,SVM,76,1,0.965805,5
Zurich,Track_B,SVM,84,1,0.947255,5
Zurich,Track_B,SVM,90,1,0.964958,5
Zurich,Track_B,SVM,94,1,0.586285,5
Zurich,Track_B,SVM,97,1,0.937453,5
Zurich,Track_B,SVM,100,1,0.842816,5
Zurich,Track_B,SVM,106,1,0.921305,5
Zurich,Track_B,SVM,108,1,0.936109,5
Zurich,Track_B,SVM,113,1,0.5,5
Zurich,Track_B,SVM,117,1,0.9463,5
Zurich,Track_B,SVM,119,1,0.916578,5
Zurich,Track_B,SVM,122,1,0.529074,5
Zurich,Track_B,XGBoost,1,1,0.893878,1
Zurich,Track_B,XGBoost,4,1,0.845443,1
Zurich,Track_B,XGBoost,10,1,0.879256,1
Zurich,Track_B,XGBoost,15,1,0.879914,1
Zurich,Track_B,XGBoost,16,1,0.937397,1
Zurich,Track_B,XGBoost,24,1,0.986773,1
Zurich,Track_B,XGBoost,29,1,0.977974,1
Zurich,Track_B,XGBoost,33,1,0.910267,1
Zurich,Track_B,XGBoost,36,1,0.988336,1
Zurich,Track_B,XGBoost,43,1,0.84632,1
Zurich,Track_B,XGBoost,49,1,0.978049,1
Zurich,Track_B,XGBoost,51,0,0.633634,1
Zurich,Track_B,XGBoost,54,1,0.981302,1
Zurich,Track_B,XGBoost,60,1,0.924195,1
Zurich,Track_B,XGBoost,64,1,0.983642,1
Zurich,Track_B,XGBoost,67,1,0.983093,1
Zurich,Track_B,XGBoost,70,1,0.984503,1
Zurich,Track_B,XGBoost,71,1,0.992297,1
Zurich,Track_B,XGBoost,74,1,0.993087,1
Zurich,Track_B,XGBoost,101,1,0.982922,1
Zurich,Track_B,XGBoost,103,1,0.988868,1
Zurich,Track_B,XGBoost,104,1,0.957713,1
Zurich,Track_B,XGBoost,114,1,0.991386,1
Zurich,Track_B,XGBoost,118,1,0.989339,1
Zurich,Track_B,XGBoost,120,0,0.961607,1
Zurich,Track_B,XGBoost,2,1,0.987134,2
Zurich,Track_B,XGBoost,5,1,0.963711,2
Zurich,Track_B,XGBoost,6,0,0.713029,2
Zurich,Track_B,XGBoost,12,1,0.990269,2
Zurich,Track_B,XGBoost,19,1,0.97633,2
Zurich,Track_B,XGBoost,25,1,0.989469,2
Zurich,Track_B,XGBoost,30,1,0.983197,2
Zurich,Track_B,XGBoost,34,1,0.989141,2
Zurich,Track_B,XGBoost,37,1,0.985673,2
Zurich,Track_B,XGBoost,40,1,0.532298,2
Zurich,Track_B,XGBoost,42,1,0.607119,2
Zurich,Track_B,XGBoost,46,1,0.955604,2
Zurich,Track_B,XGBoost,48,1,0.914888,2
Zurich,Track_B,XGBoost,52,1,0.910587,2
Zurich,Track_B,XGBoost,56,1,0.635951,2
Zurich,Track_B,XGBoost,59,1,0.968761,2
Zurich,Track_B,XGBoost,63,1,0.729816,2
Zurich,Track_B,XGBoost,69,1,0.974465,2
Zurich,Track_B,XGBoost,72,1,0.754393,2
Zurich,Track_B,XGBoost,87,1,0.992555,2
Zurich,Track_B,XGBoost,93,1,0.987338,2
Zurich,Track_B,XGBoost,98,1,0.982759,2
Zurich,Track_B,XGBoost,99,1,0.988492,2
Zurich,Track_B,XGBoost,105,1,0.967499,2
Zurich,Track_B,XGBoost,109,0,0.980561,2
Zurich,Track_B,XGBoost,8,1,0.923245,3
Zurich,Track_B,XGBoost,9,1,0.98975,3
Zurich,Track_B,XGBoost,21,1,0.8955,3
Zurich,Track_B,XGBoost,26,1,0.995688,3
Zurich,Track_B,XGBoost,38,1,0.979157,3
Zurich,Track_B,XGBoost,39,1,0.991933,3
Zurich,Track_B,XGBoost,41,0,0.957453,3
Zurich,Track_B,XGBoost,44,1,0.995263,3
Zurich,Track_B,XGBoost,45,1,0.983562,3
Zurich,Track_B,XGBoost,53,1,0.993103,3
Zurich,Track_B,XGBoost,55,0,0.964693,3
Zurich,Track_B,XGBoost,57,1,0.92117,3
Zurich,Track_B,XGBoost,66,1,0.990304,3
Zurich,Track_B,XGBoost,78,1,0.992761,3
Zurich,Track_B,XGBoost,79,1,0.989623,3
Zurich,Track_B,XGBoost,81,1,0.984892,3
Zurich,Track_B,XGBoost,83,1,0.9168,3
Zurich,Track_B,XGBoost,88,1,0.983025,3
Zurich,Track_B,XGBoost,89,1,0.987023,3
Zurich,Track_B,XGBoost,91,1,0.893439,3
Zurich,Track_B,XGBoost,95,1,0.921494,3
Zurich,Track_B,XGBoost,96,1,0.984841,3
Zurich,Track_B,XGBoost,102,1,0.80842,3
Zurich,Track_B,XGBoost,115,1,0.950862,3
Zurich,Track_B,XGBoost,121,1,0.905448,3
Zurich,Track_B,XGBoost,0,1,0.472844,4
Zurich,Track_B,XGBoost,3,1,0.990788,4
Zurich,Track_B,XGBoost,7,1,0.898019,4
Zurich,Track_B,XGBoost,13,1,0.989995,4
Zurich,Track_B,XGBoost,18,1,0.990628,4
Zurich,Track_B,XGBoost,32,1,0.918028,4
Zurich,Track_B,XGBoost,35,1,0.987574,4
Zurich,Track_B,XGBoost,47,0,0.989155,4
Zurich,Track_B,XGBoost,61,1,0.986041,4
Zurich,Track_B,XGBoost,65,1,0.991042,4
Zurich,Track_B,XGBoost,68,1,0.965634,4
Zurich,Track_B,XGBoost,73,1,0.985778,4
Zurich,Track_B,XGBoost,75,1,0.979784,4
Zurich,Track_B,XGBoost,77,1,0.664321,4
Zurich,Track_B,XGBoost,80,1,0.981377,4
Zurich,Track_B,XGBoost,82,1,0.974828,4
Zurich,Track_B,XGBoost,85,1,0.976608,4
Zurich,Track_B,XGBoost,86,1,0.991258,4
Zurich,Track_B,XGBoost,92,1,0.74632,4
Zurich,Track_B,XGBoost,107,1,0.988448,4
Zurich,Track_B,XGBoost,110,1,0.982525,4
Zurich,Track_B,XGBoost,111,1,0.982804,4
Zurich,Track_B,XGBoost,112,1,0.983144,4
Zurich,Track_B,XGBoost,116,1,0.991351,4
Zurich,Track_B,XGBoost,11,1,0.887969,5
Zurich,Track_B,XGBoost,14,1,0.975281,5
Zurich,Track_B,XGBoost,17,0,0.90928,5
Zurich,Track_B,XGBoost,20,1,0.909896,5
Zurich,Track_B,XGBoost,22,1,0.898266,5
Zurich,Track_B,XGBoost,23,1,0.993451,5
Zurich,Track_B,XGBoost,27,1,0.939929,5
Zurich,Track_B,XGBoost,28,1,0.981983,5
Zurich,Track_B,XGBoost,31,1,0.991925,5
Zurich,Track_B,XGBoost,50,1,0.711916,5
Zurich,Track_B,XGBoost,58,1,0.983186,5
Zurich,Track_B,XGBoost,62,1,0.951658,5
Zurich,Track_B,XGBoost,76,1,0.970136,5
Zurich,Track_B,XGBoost,84,1,0.974991,5
Zurich,Track_B,XGBoost,90,1,0.958722,5
Zurich,Track_B,XGBoost,94,1,0.906162,5
Zurich,Track_B,XGBoost,97,1,0.990081,5
Zurich,Track_B,XGBoost,100,1,0.862884,5
Zurich,Track_B,XGBoost,106,1,0.971562,5
Zurich,Track_B,XGBoost,108,1,0.966361,5
Zurich,Track_B,XGBoost,113,1,0.908259,5
Zurich,Track_B,XGBoost,117,1,0.985207,5
Zurich,Track_B,XGBoost,119,1,0.831693,5
Zurich,Track_B,XGBoost,122,1,0.698755,5
VA Long Beach,Track_B,LogisticRegression,6,1,0.881002,1
VA Long Beach,Track_B,LogisticRegression,9,1,0.316641,1
VA Long Beach,Track_B,LogisticRegression,14,1,0.85895,1
VA Long Beach,Track_B,LogisticRegression,16,1,0.951988,1
VA Long Beach,Track_B,LogisticRegression,25,1,0.852497,1
VA Long Beach,Track_B,LogisticRegression,29,1,0.704568,1
VA Long Beach,Track_B,LogisticRegression,34,1,0.737606,1
VA Long Beach,Track_B,LogisticRegression,39,0,0.846337,1
VA Long Beach,Track_B,LogisticRegression,40,1,0.64288,1
VA Long Beach,Track_B,LogisticRegression,45,1,0.846349,1
VA Long Beach,Track_B,LogisticRegression,46,1,0.867764,1
VA Long Beach,Track_B,LogisticRegression,49,0,0.281476,1
VA Long Beach,Track_B,LogisticRegression,55,1,0.944613,1
VA Long Beach,Track_B,LogisticRegression,56,1,0.811447,1
VA Long Beach,Track_B,LogisticRegression,58,0,0.392346,1
VA Long Beach,Track_B,LogisticRegression,60,0,0.750149,1
VA Long Beach,Track_B,LogisticRegression,66,1,0.430321,1
VA Long Beach,Track_B,LogisticRegression,69,1,0.544914,1
VA Long Beach,Track_B,LogisticRegression,74,1,0.763024,1
VA Long Beach,Track_B,LogisticRegression,75,1,0.864672,1
VA Long Beach,Track_B,LogisticRegression,76,1,0.153596,1
VA Long Beach,Track_B,LogisticRegression,80,0,0.902997,1
VA Long Beach,Track_B,LogisticRegression,82,1,0.873659,1
VA Long Beach,Track_B,LogisticRegression,102,1,0.514788,1
VA Long Beach,Track_B,LogisticRegression,104,0,0.682132,1
VA Long Beach,Track_B,LogisticRegression,115,1,0.896729,1
VA Long Beach,Track_B,LogisticRegression,124,1,0.652318,1
VA Long Beach,Track_B,LogisticRegression,125,1,0.73094,1
VA Long Beach,Track_B,LogisticRegression,128,0,0.238134,1
VA Long Beach,Track_B,LogisticRegression,129,0,0.625948,1
VA Long Beach,Track_B,LogisticRegression,130,1,0.38177,1
VA Long Beach,Track_B,LogisticRegression,131,1,0.270473,1
VA Long Beach,Track_B,LogisticRegression,137,1,0.577195,1
VA Long Beach,Track_B,LogisticRegression,138,0,0.620578,1
VA Long Beach,Track_B,LogisticRegression,142,1,0.516686,1
VA Long Beach,Track_B,LogisticRegression,165,1,0.806464,1
VA Long Beach,Track_B,LogisticRegression,177,1,0.700156,1
VA Long Beach,Track_B,LogisticRegression,181,0,0.704568,1
VA Long Beach,Track_B,LogisticRegression,191,1,0.894337,1
VA Long Beach,Track_B,LogisticRegression,194,1,0.380435,1
VA Long Beach,Track_B,LogisticRegression,2,1,0.79867,2
VA Long Beach,Track_B,LogisticRegression,4,0,0.849751,2
VA Long Beach,Track_B,LogisticRegression,5,0,0.387618,2
VA Long Beach,Track_B,LogisticRegression,7,0,0.791558,2
VA Long Beach,Track_B,LogisticRegression,12,1,0.801248,2
VA Long Beach,Track_B,LogisticRegression,23,0,0.888273,2
VA Long Beach,Track_B,LogisticRegression,28,1,0.858035,2
VA Long Beach,Track_B,LogisticRegression,31,1,0.929094,2
VA Long Beach,Track_B,LogisticRegression,33,1,0.548463,2
VA Long Beach,Track_B,LogisticRegression,42,1,0.877667,2
VA Long Beach,Track_B,LogisticRegression,43,0,0.382369,2
VA Long Beach,Track_B,LogisticRegression,54,1,0.569752,2
VA Long Beach,Track_B,LogisticRegression,62,1,0.919612,2
VA Long Beach,Track_B,LogisticRegression,71,1,0.851762,2
VA Long Beach,Track_B,LogisticRegression,81,1,0.918689,2
VA Long Beach,Track_B,LogisticRegression,84,1,0.952243,2
VA Long Beach,Track_B,LogisticRegression,88,1,0.97392,2
VA Long Beach,Track_B,LogisticRegression,91,0,0.583893,2
VA Long Beach,Track_B,LogisticRegression,92,1,0.826066,2
VA Long Beach,Track_B,LogisticRegression,94,0,0.910832,2
VA Long Beach,Track_B,LogisticRegression,99,0,0.819159,2
VA Long Beach,Track_B,LogisticRegression,101,1,0.903561,2
VA Long Beach,Track_B,LogisticRegression,106,1,0.77434,2
VA Long Beach,Track_B,LogisticRegression,107,1,0.843738,2
VA Long Beach,Track_B,LogisticRegression,113,1,0.901906,2
VA Long Beach,Track_B,LogisticRegression,116,1,0.693403,2
VA Long Beach,Track_B,LogisticRegression,132,1,0.753799,2
VA Long Beach,Track_B,LogisticRegression,147,1,0.70597,2
VA Long Beach,Track_B,LogisticRegression,149,1,0.927711,2
VA Long Beach,Track_B,LogisticRegression,150,0,0.830146,2
VA Long Beach,Track_B,LogisticRegression,152,1,0.773634,2
VA Long Beach,Track_B,LogisticRegression,157,1,0.831916,2
VA Long Beach,Track_B,LogisticRegression,159,1,0.876469,2
VA Long Beach,Track_B,LogisticRegression,160,1,0.920729,2
VA Long Beach,Track_B,LogisticRegression,162,1,0.89091,2
VA Long Beach,Track_B,LogisticRegression,166,1,0.876914,2
VA Long Beach,Track_B,LogisticRegression,169,1,0.561521,2
VA Long Beach,Track_B,LogisticRegression,173,1,0.771098,2
VA Long Beach,Track_B,LogisticRegression,178,1,0.916446,2
VA Long Beach,Track_B,LogisticRegression,195,0,0.295311,2
VA Long Beach,Track_B,LogisticRegression,11,1,0.768013,3
VA Long Beach,Track_B,LogisticRegression,13,1,0.630888,3
VA Long Beach,Track_B,LogisticRegression,21,1,0.898636,3
VA Long Beach,Track_B,LogisticRegression,24,1,0.72474,3
VA Long Beach,Track_B,LogisticRegression,26,1,0.839598,3
VA Long Beach,Track_B,LogisticRegression,35,1,0.795217,3
VA Long Beach,Track_B,LogisticRegression,37,0,0.9073,3
VA Long Beach,Track_B,LogisticRegression,38,1,0.844662,3
VA Long Beach,Track_B,LogisticRegression,51,0,0.429925,3
VA Long Beach,Track_B,LogisticRegression,59,1,0.698296,3
VA Long Beach,Track_B,LogisticRegression,67,1,0.694861,3
VA Long Beach,Track_B,LogisticRegression,68,1,0.932525,3
VA Long Beach,Track_B,LogisticRegression,73,1,0.913567,3
VA Long Beach,Track_B,LogisticRegression,78,1,0.914962,3
VA Long Beach,Track_B,LogisticRegression,85,1,0.895138,3
VA Long Beach,Track_B,LogisticRegression,93,1,0.587026,3
VA Long Beach,Track_B,LogisticRegression,96,0,0.383431,3
VA Long Beach,Track_B,LogisticRegression,97,1,0.35062,3
VA Long Beach,Track_B,LogisticRegression,100,1,0.719143,3
VA Long Beach,Track_B,LogisticRegression,108,0,0.520598,3
VA Long Beach,Track_B,LogisticRegression,109,0,0.458124,3
VA Long Beach,Track_B,LogisticRegression,110,1,0.557339,3
VA Long Beach,Track_B,LogisticRegression,112,1,0.526127,3
VA Long Beach,Track_B,LogisticRegression,117,1,0.852669,3
VA Long Beach,Track_B,LogisticRegression,119,1,0.723622,3
VA Long Beach,Track_B,LogisticRegression,122,1,0.93202,3
VA Long Beach,Track_B,LogisticRegression,133,0,0.472622,3
VA Long Beach,Track_B,LogisticRegression,134,1,0.840463,3
VA Long Beach,Track_B,LogisticRegression,135,0,0.347787,3
VA Long Beach,Track_B,LogisticRegression,143,1,0.954647,3
VA Long Beach,Track_B,LogisticRegression,146,0,0.879415,3
VA Long Beach,Track_B,LogisticRegression,154,1,0.794696,3
VA Long Beach,Track_B,LogisticRegression,156,1,0.74633,3
VA Long Beach,Track_B,LogisticRegression,163,1,0.857874,3
VA Long Beach,Track_B,LogisticRegression,168,1,0.872402,3
VA Long Beach,Track_B,LogisticRegression,171,0,0.244589,3
VA Long Beach,Track_B,LogisticRegression,175,0,0.553613,3
VA Long Beach,Track_B,LogisticRegression,185,1,0.618611,3
VA Long Beach,Track_B,LogisticRegression,186,1,0.609096,3
VA Long Beach,Track_B,LogisticRegression,192,1,0.68128,3
VA Long Beach,Track_B,LogisticRegression,1,0,0.391062,4
VA Long Beach,Track_B,LogisticRegression,8,1,0.765617,4
VA Long Beach,Track_B,LogisticRegression,15,0,0.631816,4
VA Long Beach,Track_B,LogisticRegression,17,1,0.786392,4
VA Long Beach,Track_B,LogisticRegression,19,0,0.634351,4
VA Long Beach,Track_B,LogisticRegression,30,1,0.717443,4
VA Long Beach,Track_B,LogisticRegression,32,1,0.912026,4
VA Long Beach,Track_B,LogisticRegression,53,0,0.754268,4
VA Long Beach,Track_B,LogisticRegression,57,1,0.793477,4
VA Long Beach,Track_B,LogisticRegression,63,1,0.626289,4
VA Long Beach,Track_B,LogisticRegression,65,1,0.908466,4
VA Long Beach,Track_B,LogisticRegression,70,0,0.62376,4
VA Long Beach,Track_B,LogisticRegression,72,0,0.532596,4
VA Long Beach,Track_B,LogisticRegression,77,1,0.570237,4
VA Long Beach,Track_B,LogisticRegression,83,1,0.820248,4
VA Long Beach,Track_B,LogisticRegression,86,1,0.870216,4
VA Long Beach,Track_B,LogisticRegression,89,1,0.720752,4
VA Long Beach,Track_B,LogisticRegression,90,1,0.952728,4
VA Long Beach,Track_B,LogisticRegression,95,1,0.918327,4
VA Long Beach,Track_B,LogisticRegression,105,1,0.933227,4
VA Long Beach,Track_B,LogisticRegression,114,1,0.733942,4
VA Long Beach,Track_B,LogisticRegression,118,1,0.902296,4
VA Long Beach,Track_B,LogisticRegression,123,0,0.501271,4
VA Long Beach,Track_B,LogisticRegression,139,1,0.47121,4
VA Long Beach,Track_B,LogisticRegression,141,1,0.696681,4
VA Long Beach,Track_B,LogisticRegression,145,0,0.425605,4
VA Long Beach,Track_B,LogisticRegression,151,1,0.77645,4
VA Long Beach,Track_B,LogisticRegression,153,1,0.839422,4
VA Long Beach,Track_B,LogisticRegression,158,1,0.895038,4
VA Long Beach,Track_B,LogisticRegression,161,1,0.888389,4
VA Long Beach,Track_B,LogisticRegression,164,1,0.730281,4
VA Long Beach,Track_B,LogisticRegression,174,0,0.560674,4
VA Long Beach,Track_B,LogisticRegression,180,1,0.481642,4
VA Long Beach,Track_B,LogisticRegression,182,1,0.738351,4
VA Long Beach,Track_B,LogisticRegression,183,1,0.887205,4
VA Long Beach,Track_B,LogisticRegression,188,0,0.850614,4
VA Long Beach,Track_B,LogisticRegression,189,0,0.555746,4
VA Long Beach,Track_B,LogisticRegression,193,1,0.493881,4
VA Long Beach,Track_B,LogisticRegression,196,1,0.749053,4
VA Long Beach,Track_B,LogisticRegression,198,1,0.347205,4
VA Long Beach,Track_B,LogisticRegression,0,1,0.943089,5
VA Long Beach,Track_B,LogisticRegression,3,1,0.800713,5
VA Long Beach,Track_B,LogisticRegression,10,0,0.1943,5
VA Long Beach,Track_B,LogisticRegression,18,0,0.821938,5
VA Long Beach,Track_B,LogisticRegression,20,1,0.51794,5
VA Long Beach,Track_B,LogisticRegression,22,1,0.752178,5
VA Long Beach,Track_B,LogisticRegression,27,1,0.884919,5
VA Long Beach,Track_B,LogisticRegression,36,1,0.873645,5
VA Long Beach,Track_B,LogisticRegression,41,1,0.485992,5
VA Long Beach,Track_B,LogisticRegression,44,1,0.90746,5
VA Long Beach,Track_B,LogisticRegression,47,0,0.639627,5
VA Long Beach,Track_B,LogisticRegression,48,1,0.865355,5
VA Long Beach,Track_B,LogisticRegression,50,1,0.76666,5
VA Long Beach,Track_B,LogisticRegression,52,1,0.875704,5
VA Long Beach,Track_B,LogisticRegression,61,1,0.922099,5
VA Long Beach,Track_B,LogisticRegression,64,1,0.854967,5
VA Long Beach,Track_B,LogisticRegression,79,1,0.467198,5
VA Long Beach,Track_B,LogisticRegression,87,0,0.91211,5
VA Long Beach,Track_B,LogisticRegression,98,1,0.332755,5
VA Long Beach,Track_B,LogisticRegression,103,1,0.670944,5
VA Long Beach,Track_B,LogisticRegression,111,0,0.527583,5
VA Long Beach,Track_B,LogisticRegression,120,1,0.872774,5
VA Long Beach,Track_B,LogisticRegression,121,1,0.994192,5
VA Long Beach,Track_B,LogisticRegression,126,1,0.495792,5
VA Long Beach,Track_B,LogisticRegression,127,1,0.978215,5
VA Long Beach,Track_B,LogisticRegression,136,1,0.837326,5
VA Long Beach,Track_B,LogisticRegression,140,0,0.990783,5
VA Long Beach,Track_B,LogisticRegression,144,0,0.499489,5
VA Long Beach,Track_B,LogisticRegression,148,1,0.930401,5
VA Long Beach,Track_B,LogisticRegression,155,1,0.953191,5
VA Long Beach,Track_B,LogisticRegression,167,0,0.826879,5
VA Long Beach,Track_B,LogisticRegression,170,1,0.844535,5
VA Long Beach,Track_B,LogisticRegression,172,1,0.917235,5
VA Long Beach,Track_B,LogisticRegression,176,1,0.979073,5
VA Long Beach,Track_B,LogisticRegression,179,1,0.873103,5
VA Long Beach,Track_B,LogisticRegression,184,0,0.83724,5
VA Long Beach,Track_B,LogisticRegression,187,1,0.966474,5
VA Long Beach,Track_B,LogisticRegression,190,1,0.982762,5
VA Long Beach,Track_B,LogisticRegression,197,0,0.90824,5
VA Long Beach,Track_B,RandomForest,6,1,0.826682,1
VA Long Beach,Track_B,RandomForest,9,1,0.399953,1
VA Long Beach,Track_B,RandomForest,14,1,0.818606,1
VA Long Beach,Track_B,RandomForest,16,1,0.852863,1
VA Long Beach,Track_B,RandomForest,25,1,0.836246,1
VA Long Beach,Track_B,RandomForest,29,1,0.86302,1
VA Long Beach,Track_B,RandomForest,34,1,0.811619,1
VA Long Beach,Track_B,RandomForest,39,0,0.876358,1
VA Long Beach,Track_B,RandomForest,40,1,0.62423,1
VA Long Beach,Track_B,RandomForest,45,1,0.721554,1
VA Long Beach,Track_B,RandomForest,46,1,0.879418,1
VA Long Beach,Track_B,RandomForest,49,0,0.330677,1
VA Long Beach,Track_B,RandomForest,55,1,0.923468,1
VA Long Beach,Track_B,RandomForest,56,1,0.85227,1
VA Long Beach,Track_B,RandomForest,58,0,0.37221,1
VA Long Beach,Track_B,RandomForest,60,0,0.788739,1
VA Long Beach,Track_B,RandomForest,66,1,0.579029,1
VA Long Beach,Track_B,RandomForest,69,1,0.426254,1
VA Long Beach,Track_B,RandomForest,74,1,0.682267,1
VA Long Beach,Track_B,RandomForest,75,1,0.735125,1
VA Long Beach,Track_B,RandomForest,76,1,0.514177,1
VA Long Beach,Track_B,RandomForest,80,0,0.813208,1
VA Long Beach,Track_B,RandomForest,82,1,0.778089,1
VA Long Beach,Track_B,RandomForest,102,1,0.581321,1
VA Long Beach,Track_B,RandomForest,104,0,0.695938,1
VA Long Beach,Track_B,RandomForest,115,1,0.890613,1
VA Long Beach,Track_B,RandomForest,124,1,0.741755,1
VA Long Beach,Track_B,RandomForest,125,1,0.59643,1
VA Long Beach,Track_B,RandomForest,128,0,0.589648,1
VA Long Beach,Track_B,RandomForest,129,0,0.765297,1
VA Long Beach,Track_B,RandomForest,130,1,0.487818,1
VA Long Beach,Track_B,RandomForest,131,1,0.64027,1
VA Long Beach,Track_B,RandomForest,137,1,0.517373,1
VA Long Beach,Track_B,RandomForest,138,0,0.637504,1
VA Long Beach,Track_B,RandomForest,142,1,0.71885,1
VA Long Beach,Track_B,RandomForest,165,1,0.696064,1
VA Long Beach,Track_B,RandomForest,177,1,0.768582,1
VA Long Beach,Track_B,RandomForest,181,0,0.86302,1
VA Long Beach,Track_B,RandomForest,191,1,0.912228,1
VA Long Beach,Track_B,RandomForest,194,1,0.650775,1
VA Long Beach,Track_B,RandomForest,2,1,0.831171,2
VA Long Beach,Track_B,RandomForest,4,0,0.768604,2
VA Long Beach,Track_B,RandomForest,5,0,0.594658,2
VA Long Beach,Track_B,RandomForest,7,0,0.802813,2
VA Long Beach,Track_B,RandomForest,12,1,0.749882,2
VA Long Beach,Track_B,RandomForest,23,0,0.783776,2
VA Long Beach,Track_B,RandomForest,28,1,0.845739,2
VA Long Beach,Track_B,RandomForest,31,1,0.821022,2
VA Long Beach,Track_B,RandomForest,33,1,0.59208,2
VA Long Beach,Track_B,RandomForest,42,1,0.782948,2
VA Long Beach,Track_B,RandomForest,43,0,0.341889,2
VA Long Beach,Track_B,RandomForest,54,1,0.558416,2
VA Long Beach,Track_B,RandomForest,62,1,0.828446,2
VA Long Beach,Track_B,RandomForest,71,1,0.768688,2
VA Long Beach,Track_B,RandomForest,81,1,0.881446,2
VA Long Beach,Track_B,RandomForest,84,1,0.911482,2
VA Long Beach,Track_B,RandomForest,88,1,0.924401,2
VA Long Beach,Track_B,RandomForest,91,0,0.52527,2
VA Long Beach,Track_B,RandomForest,92,1,0.792245,2
VA Long Beach,Track_B,RandomForest,94,0,0.83508,2
VA Long Beach,Track_B,RandomForest,99,0,0.694969,2
VA Long Beach,Track_B,RandomForest,101,1,0.881207,2
VA Long Beach,Track_B,RandomForest,106,1,0.770031,2
VA Long Beach,Track_B,RandomForest,107,1,0.821813,2
VA Long Beach,Track_B,RandomForest,113,1,0.879882,2
VA Long Beach,Track_B,RandomForest,116,1,0.573434,2
VA Long Beach,Track_B,RandomForest,132,1,0.761015,2
VA Long Beach,Track_B,RandomForest,147,1,0.636027,2
VA Long Beach,Track_B,RandomForest,149,1,0.903739,2
VA Long Beach,Track_B,RandomForest,150,0,0.719793,2
VA Long Beach,Track_B,RandomForest,152,1,0.730637,2
VA Long Beach,Track_B,RandomForest,157,1,0.807963,2
VA Long Beach,Track_B,RandomForest,159,1,0.832362,2
VA Long Beach,Track_B,RandomForest,160,1,0.865078,2
VA Long Beach,Track_B,RandomForest,162,1,0.89245,2
VA Long Beach,Track_B,RandomForest,166,1,0.729789,2
VA Long Beach,Track_B,RandomForest,169,1,0.525092,2
VA Long Beach,Track_B,RandomForest,173,1,0.792186,2
VA Long Beach,Track_B,RandomForest,178,1,0.790255,2
VA Long Beach,Track_B,RandomForest,195,0,0.496537,2
VA Long Beach,Track_B,RandomForest,11,1,0.823686,3
VA Long Beach,Track_B,RandomForest,13,1,0.669864,3
VA Long Beach,Track_B,RandomForest,21,1,0.840888,3
VA Long Beach,Track_B,RandomForest,24,1,0.552478,3
VA Long Beach,Track_B,RandomForest,26,1,0.588209,3
VA Long Beach,Track_B,RandomForest,35,1,0.845941,3
VA Long Beach,Track_B,RandomForest,37,0,0.947299,3
VA Long Beach,Track_B,RandomForest,38,1,0.571914,3
VA Long Beach,Track_B,RandomForest,51,0,0.446099,3
VA Long Beach,Track_B,RandomForest,59,1,0.773752,3
VA Long Beach,Track_B,RandomForest,67,1,0.796153,3
VA Long Beach,Track_B,RandomForest,68,1,0.965181,3
VA Long Beach,Track_B,RandomForest,73,1,0.942556,3
VA Long Beach,Track_B,RandomForest,78,1,0.95432,3
VA Long Beach,Track_B,RandomForest,85,1,0.936423,3
VA Long Beach,Track_B,RandomForest,93,1,0.667076,3
VA Long Beach,Track_B,RandomForest,96,0,0.487139,3
VA Long Beach,Track_B,RandomForest,97,1,0.514836,3
VA Long Beach,Track_B,RandomForest,100,1,0.776658,3
VA Long Beach,Track_B,RandomForest,108,0,0.722067,3
VA Long Beach,Track_B,RandomForest,109,0,0.538438,3
VA Long Beach,Track_B,RandomForest,110,1,0.66661,3
VA Long Beach,Track_B,RandomForest,112,1,0.591804,3
VA Long Beach,Track_B,RandomForest,117,1,0.886915,3
VA Long Beach,Track_B,RandomForest,119,1,0.7379,3
VA Long Beach,Track_B,RandomForest,122,1,0.887432,3
VA Long Beach,Track_B,RandomForest,133,0,0.613629,3
VA Long Beach,Track_B,RandomForest,134,1,0.711959,3
VA Long Beach,Track_B,RandomForest,135,0,0.536094,3
VA Long Beach,Track_B,RandomForest,143,1,0.897764,3
VA Long Beach,Track_B,RandomForest,146,0,0.935192,3
VA Long Beach,Track_B,RandomForest,154,1,0.811834,3
VA Long Beach,Track_B,RandomForest,156,1,0.799515,3
VA Long Beach,Track_B,RandomForest,163,1,0.888687,3
VA Long Beach,Track_B,RandomForest,168,1,0.890402,3
VA Long Beach,Track_B,RandomForest,171,0,0.442994,3
VA Long Beach,Track_B,RandomForest,175,0,0.568908,3
VA Long Beach,Track_B,RandomForest,185,1,0.659869,3
VA Long Beach,Track_B,RandomForest,186,1,0.717533,3
VA Long Beach,Track_B,RandomForest,192,1,0.73483,3
VA Long Beach,Track_B,RandomForest,1,0,0.366566,4
VA Long Beach,Track_B,RandomForest,8,1,0.681354,4
VA Long Beach,Track_B,RandomForest,15,0,0.67791,4
VA Long Beach,Track_B,RandomForest,17,1,0.715548,4
VA Long Beach,Track_B,RandomForest,19,0,0.814195,4
VA Long Beach,Track_B,RandomForest,30,1,0.763011,4
VA Long Beach,Track_B,RandomForest,32,1,0.855416,4
VA Long Beach,Track_B,RandomForest,53,0,0.71646,4
VA Long Beach,Track_B,RandomForest,57,1,0.652148,4
VA Long Beach,Track_B,RandomForest,63,1,0.735485,4
VA Long Beach,Track_B,RandomForest,65,1,0.791226,4
VA Long Beach,Track_B,RandomForest,70,0,0.527379,4
VA Long Beach,Track_B,RandomForest,72,0,0.477307,4
VA Long Beach,Track_B,RandomForest,77,1,0.630988,4
VA Long Beach,Track_B,RandomForest,83,1,0.818698,4
VA Long Beach,Track_B,RandomForest,86,1,0.910493,4
VA Long Beach,Track_B,RandomForest,89,1,0.62846,4
VA Long Beach,Track_B,RandomForest,90,1,0.900123,4
VA Long Beach,Track_B,RandomForest,95,1,0.872662,4
VA Long Beach,Track_B,RandomForest,105,1,0.913221,4
VA Long Beach,Track_B,RandomForest,114,1,0.621452,4
VA Long Beach,Track_B,RandomForest,118,1,0.866789,4
VA Long Beach,Track_B,RandomForest,123,0,0.597333,4
VA Long Beach,Track_B,RandomForest,139,1,0.596105,4
VA Long Beach,Track_B,RandomForest,141,1,0.69779,4
VA Long Beach,Track_B,RandomForest,145,0,0.667048,4
VA Long Beach,Track_B,RandomForest,151,1,0.781617,4
VA Long Beach,Track_B,RandomForest,153,1,0.89543,4
VA Long Beach,Track_B,RandomForest,158,1,0.851217,4
VA Long Beach,Track_B,RandomForest,161,1,0.877197,4
VA Long Beach,Track_B,RandomForest,164,1,0.485746,4
VA Long Beach,Track_B,RandomForest,174,0,0.49137,4
VA Long Beach,Track_B,RandomForest,180,1,0.677032,4
VA Long Beach,Track_B,RandomForest,182,1,0.860096,4
VA Long Beach,Track_B,RandomForest,183,1,0.859277,4
VA Long Beach,Track_B,RandomForest,188,0,0.642224,4
VA Long Beach,Track_B,RandomForest,189,0,0.669754,4
VA Long Beach,Track_B,RandomForest,193,1,0.364493,4
VA Long Beach,Track_B,RandomForest,196,1,0.871175,4
VA Long Beach,Track_B,RandomForest,198,1,0.480821,4
VA Long Beach,Track_B,RandomForest,0,1,0.932223,5
VA Long Beach,Track_B,RandomForest,3,1,0.861531,5
VA Long Beach,Track_B,RandomForest,10,0,0.534063,5
VA Long Beach,Track_B,RandomForest,18,0,0.859637,5
VA Long Beach,Track_B,RandomForest,20,1,0.711097,5
VA Long Beach,Track_B,RandomForest,22,1,0.823871,5
VA Long Beach,Track_B,RandomForest,27,1,0.871181,5
VA Long Beach,Track_B,RandomForest,36,1,0.823458,5
VA Long Beach,Track_B,RandomForest,41,1,0.336613,5
VA Long Beach,Track_B,RandomForest,44,1,0.875492,5
VA Long Beach,Track_B,RandomForest,47,0,0.797533,5
VA Long Beach,Track_B,RandomForest,48,1,0.846699,5
VA Long Beach,Track_B,RandomForest,50,1,0.866438,5
VA Long Beach,Track_B,RandomForest,52,1,0.864558,5
VA Long Beach,Track_B,RandomForest,61,1,0.909278,5
VA Long Beach,Track_B,RandomForest,64,1,0.69464,5
VA Long Beach,Track_B,RandomForest,79,1,0.70008,5
VA Long Beach,Track_B,RandomForest,87,0,0.917576,5
VA Long Beach,Track_B,RandomForest,98,1,0.293658,5
VA Long Beach,Track_B,RandomForest,103,1,0.670143,5
VA Long Beach,Track_B,RandomForest,111,0,0.612481,5
VA Long Beach,Track_B,RandomForest,120,1,0.865363,5
VA Long Beach,Track_B,RandomForest,121,1,0.940939,5
VA Long Beach,Track_B,RandomForest,126,1,0.712753,5
VA Long Beach,Track_B,RandomForest,127,1,0.928107,5
VA Long Beach,Track_B,RandomForest,136,1,0.827964,5
VA Long Beach,Track_B,RandomForest,140,0,0.952072,5
VA Long Beach,Track_B,RandomForest,144,0,0.65247,5
VA Long Beach,Track_B,RandomForest,148,1,0.567976,5
VA Long Beach,Track_B,RandomForest,155,1,0.912589,5
VA Long Beach,Track_B,RandomForest,167,0,0.852673,5
VA Long Beach,Track_B,RandomForest,170,1,0.895705,5
VA Long Beach,Track_B,RandomForest,172,1,0.909691,5
VA Long Beach,Track_B,RandomForest,176,1,0.785542,5
VA Long Beach,Track_B,RandomForest,179,1,0.870927,5
VA Long Beach,Track_B,RandomForest,184,0,0.865115,5
VA Long Beach,Track_B,RandomForest,187,1,0.908092,5
VA Long Beach,Track_B,RandomForest,190,1,0.960637,5
VA Long Beach,Track_B,RandomForest,197,0,0.881839,5
VA Long Beach,Track_B,SVM,6,1,0.882907,1
VA Long Beach,Track_B,SVM,9,1,0.522939,1
VA Long Beach,Track_B,SVM,14,1,0.859482,1
VA Long Beach,Track_B,SVM,16,1,0.797715,1
VA Long Beach,Track_B,SVM,25,1,0.869851,1
VA Long Beach,Track_B,SVM,29,1,0.82437,1
VA Long Beach,Track_B,SVM,34,1,0.860833,1
VA Long Beach,Track_B,SVM,39,0,0.865855,1
VA Long Beach,Track_B,SVM,40,1,0.801868,1
VA Long Beach,Track_B,SVM,45,1,0.829763,1
VA Long Beach,Track_B,SVM,46,1,0.901604,1
VA Long Beach,Track_B,SVM,49,0,0.5,1
VA Long Beach,Track_B,SVM,55,1,0.837178,1
VA Long Beach,Track_B,SVM,56,1,0.771367,1
VA Long Beach,Track_B,SVM,58,0,0.389253,1
VA Long Beach,Track_B,SVM,60,0,0.82509,1
VA Long Beach,Track_B,SVM,66,1,0.459596,1
VA Long Beach,Track_B,SVM,69,1,0.551947,1
VA Long Beach,Track_B,SVM,74,1,0.804382,1
VA Long Beach,Track_B,SVM,75,1,0.794263,1
VA Long Beach,Track_B,SVM,76,1,0.303574,1
VA Long Beach,Track_B,SVM,80,0,0.82686,1
VA Long Beach,Track_B,SVM,82,1,0.83016,1
VA Long Beach,Track_B,SVM,102,1,0.721364,1
VA Long Beach,Track_B,SVM,104,0,0.64798,1
VA Long Beach,Track_B,SVM,115,1,0.874782,1
VA Long Beach,Track_B,SVM,124,1,0.839771,1
VA Long Beach,Track_B,SVM,125,1,0.603991,1
VA Long Beach,Track_B,SVM,128,0,0.556729,1
VA Long Beach,Track_B,SVM,129,0,0.647832,1
VA Long Beach,Track_B,SVM,130,1,0.603833,1
VA Long Beach,Track_B,SVM,131,1,0.568903,1
VA Long Beach,Track_B,SVM,137,1,0.437162,1
VA Long Beach,Track_B,SVM,138,0,0.73441,1
VA Long Beach,Track_B,SVM,142,1,0.79424,1
VA Long Beach,Track_B,SVM,165,1,0.739483,1
VA Long Beach,Track_B,SVM,177,1,0.809875,1
VA Long Beach,Track_B,SVM,181,0,0.82437,1
VA Long Beach,Track_B,SVM,191,1,0.904761,1
VA Long Beach,Track_B,SVM,194,1,0.616279,1
VA Long Beach,Track_B,SVM,2,1,0.753024,2
VA Long Beach,Track_B,SVM,4,0,0.787853,2
VA Long Beach,Track_B,SVM,5,0,0.648977,2
VA Long Beach,Track_B,SVM,7,0,0.785196,2
VA Long Beach,Track_B,SVM,12,1,0.774611,2
VA Long Beach,Track_B,SVM,23,0,0.773872,2
VA Long Beach,Track_B,SVM,28,1,0.786719,2
VA Long Beach,Track_B,SVM,31,1,0.778953,2
VA Long Beach,Track_B,SVM,33,1,0.66688,2
VA Long Beach,Track_B,SVM,42,1,0.761342,2
VA Long Beach,Track_B,SVM,43,0,0.550423,2
VA Long Beach,Track_B,SVM,54,1,0.67604,2
VA Long Beach,Track_B,SVM,62,1,0.784459,2
VA Long Beach,Track_B,SVM,71,1,0.761643,2
VA Long Beach,Track_B,SVM,81,1,0.764457,2
VA Long Beach,Track_B,SVM,84,1,0.774126,2
VA Long Beach,Track_B,SVM,88,1,0.762757,2
VA Long Beach,Track_B,SVM,91,0,0.747933,2
VA Long Beach,Track_B,SVM,92,1,0.745092,2
VA Long Beach,Track_B,SVM,94,0,0.794871,2
VA Long Beach,Track_B,SVM,99,0,0.758523,2
VA Long Beach,Track_B,SVM,101,1,0.795663,2
VA Long Beach,Track_B,SVM,106,1,0.755814,2
VA Long Beach,Track_B,SVM,107,1,0.78582,2
VA Long Beach,Track_B,SVM,113,1,0.778938,2
VA Long Beach,Track_B,SVM,116,1,0.74416,2
VA Long Beach,Track_B,SVM,132,1,0.767033,2
VA Long Beach,Track_B,SVM,147,1,0.749873,2
VA Long Beach,Track_B,SVM,149,1,0.790001,2
VA Long Beach,Track_B,SVM,150,0,0.764921,2
VA Long Beach,Track_B,SVM,152,1,0.775905,2
VA Long Beach,Track_B,SVM,157,1,0.762644,2
VA Long Beach,Track_B,SVM,159,1,0.810165,2
VA Long Beach,Track_B,SVM,160,1,0.794266,2
VA Long Beach,Track_B,SVM,162,1,0.779548,2
VA Long Beach,Track_B,SVM,166,1,0.765819,2
VA Long Beach,Track_B,SVM,169,1,0.783534,2
VA Long Beach,Track_B,SVM,173,1,0.77071,2
VA Long Beach,Track_B,SVM,178,1,0.770839,2
VA Long Beach,Track_B,SVM,195,0,0.610606,2
VA Long Beach,Track_B,SVM,11,1,0.777312,3
VA Long Beach,Track_B,SVM,13,1,0.731397,3
VA Long Beach,Track_B,SVM,21,1,0.775446,3
VA Long Beach,Track_B,SVM,24,1,0.679168,3
VA Long Beach,Track_B,SVM,26,1,0.772816,3
VA Long Beach,Track_B,SVM,35,1,0.778118,3
VA Long Beach,Track_B,SVM,37,0,0.818107,3
VA Long Beach,Track_B,SVM,38,1,0.667157,3
VA Long Beach,Track_B,SVM,51,0,0.689238,3
VA Long Beach,Track_B,SVM,59,1,0.768643,3
VA Long Beach,Track_B,SVM,67,1,0.759786,3
VA Long Beach,Track_B,SVM,68,1,0.804205,3
VA Long Beach,Track_B,SVM,73,1,0.790582,3
VA Long Beach,Track_B,SVM,78,1,0.808884,3
VA Long Beach,Track_B,SVM,85,1,0.799706,3
VA Long Beach,Track_B,SVM,93,1,0.669422,3
VA Long Beach,Track_B,SVM,96,0,0.672326,3
VA Long Beach,Track_B,SVM,97,1,0.520266,3
VA Long Beach,Track_B,SVM,100,1,0.772157,3
VA Long Beach,Track_B,SVM,108,0,0.669973,3
VA Long Beach,Track_B,SVM,109,0,0.66475,3
VA Long Beach,Track_B,SVM,110,1,0.634836,3
VA Long Beach,Track_B,SVM,112,1,0.665596,3
VA Long Beach,Track_B,SVM,117,1,0.768999,3
VA Long Beach,Track_B,SVM,119,1,0.760943,3
VA Long Beach,Track_B,SVM,122,1,0.792934,3
VA Long Beach,Track_B,SVM,133,0,0.720329,3
VA Long Beach,Track_B,SVM,134,1,0.734494,3
VA Long Beach,Track_B,SVM,135,0,0.653087,3
VA Long Beach,Track_B,SVM,143,1,0.787387,3
VA Long Beach,Track_B,SVM,146,0,0.769246,3
VA Long Beach,Track_B,SVM,154,1,0.78484,3
VA Long Beach,Track_B,SVM,156,1,0.758926,3
VA Long Beach,Track_B,SVM,163,1,0.776607,3
VA Long Beach,Track_B,SVM,168,1,0.794843,3
VA Long Beach,Track_B,SVM,171,0,0.620491,3
VA Long Beach,Track_B,SVM,175,0,0.591543,3
VA Long Beach,Track_B,SVM,185,1,0.758361,3
VA Long Beach,Track_B,SVM,186,1,0.750258,3
VA Long Beach,Track_B,SVM,192,1,0.750281,3
VA Long Beach,Track_B,SVM,1,0,0.391729,4
VA Long Beach,Track_B,SVM,8,1,0.771225,4
VA Long Beach,Track_B,SVM,15,0,0.641185,4
VA Long Beach,Track_B,SVM,17,1,0.769326,4
VA Long Beach,Track_B,SVM,19,0,0.785403,4
VA Long Beach,Track_B,SVM,30,1,0.720005,4
VA Long Beach,Track_B,SVM,32,1,0.796796,4
VA Long Beach,Track_B,SVM,53,0,0.805856,4
VA Long Beach,Track_B,SVM,57,1,0.801424,4
VA Long Beach,Track_B,SVM,63,1,0.737096,4
VA Long Beach,Track_B,SVM,65,1,0.786354,4
VA Long Beach,Track_B,SVM,70,0,0.733779,4
VA Long Beach,Track_B,SVM,72,0,0.674025,4
VA Long Beach,Track_B,SVM,77,1,0.695758,4
VA Long Beach,Track_B,SVM,83,1,0.788968,4
VA Long Beach,Track_B,SVM,86,1,0.792449,4
VA Long Beach,Track_B,SVM,89,1,0.755855,4
VA Long Beach,Track_B,SVM,90,1,0.785573,4
VA Long Beach,Track_B,SVM,95,1,0.782372,4
VA Long Beach,Track_B,SVM,105,1,0.815556,4
VA Long Beach,Track_B,SVM,114,1,0.718414,4
VA Long Beach,Track_B,SVM,118,1,0.81448,4
VA Long Beach,Track_B,SVM,123,0,0.507539,4
VA Long Beach,Track_B,SVM,139,1,0.718271,4
VA Long Beach,Track_B,SVM,141,1,0.770847,4
VA Long Beach,Track_B,SVM,145,0,0.662748,4
VA Long Beach,Track_B,SVM,151,1,0.831603,4
VA Long Beach,Track_B,SVM,153,1,0.752574,4
VA Long Beach,Track_B,SVM,158,1,0.79687,4
VA Long Beach,Track_B,SVM,161,1,0.794619,4
VA Long Beach,Track_B,SVM,164,1,0.637432,4
VA Long Beach,Track_B,SVM,174,0,0.718276,4
VA Long Beach,Track_B,SVM,180,1,0.516967,4
VA Long Beach,Track_B,SVM,182,1,0.776423,4
VA Long Beach,Track_B,SVM,183,1,0.828848,4
VA Long Beach,Track_B,SVM,188,0,0.804959,4
VA Long Beach,Track_B,SVM,189,0,0.744528,4
VA Long Beach,Track_B,SVM,193,1,0.580806,4
VA Long Beach,Track_B,SVM,196,1,0.787729,4
VA Long Beach,Track_B,SVM,198,1,0.708332,4
VA Long Beach,Track_B,SVM,0,1,0.835957,5
VA Long Beach,Track_B,SVM,3,1,0.82713,5
VA Long Beach,Track_B,SVM,10,0,0.394907,5
VA Long Beach,Track_B,SVM,18,0,0.793575,5
VA Long Beach,Track_B,SVM,20,1,0.77354,5
VA Long Beach,Track_B,SVM,22,1,0.832502,5
VA Long Beach,Track_B,SVM,27,1,0.828841,5
VA Long Beach,Track_B,SVM,36,1,0.827435,5
VA Long Beach,Track_B,SVM,41,1,0.672357,5
VA Long Beach,Track_B,SVM,44,1,0.801534,5
VA Long Beach,Track_B,SVM,47,0,0.793928,5
VA Long Beach,Track_B,SVM,48,1,0.842876,5
VA Long Beach,Track_B,SVM,50,1,0.812412,5
VA Long Beach,Track_B,SVM,52,1,0.812264,5
VA Long Beach,Track_B,SVM,61,1,0.881373,5
VA Long Beach,Track_B,SVM,64,1,0.807802,5
VA Long Beach,Track_B,SVM,79,1,0.530107,5
VA Long Beach,Track_B,SVM,87,0,0.834856,5
VA Long Beach,Track_B,SVM,98,1,0.689634,5
VA Long Beach,Track_B,SVM,103,1,0.698442,5
VA Long Beach,Track_B,SVM,111,0,0.693152,5
VA Long Beach,Track_B,SVM,120,1,0.855861,5
VA Long Beach,Track_B,SVM,121,1,0.748579,5
VA Long Beach,Track_B,SVM,126,1,0.523665,5
VA Long Beach,Track_B,SVM,127,1,0.762255,5
VA Long Beach,Track_B,SVM,136,1,0.777537,5
VA Long Beach,Track_B,SVM,140,0,0.773578,5
VA Long Beach,Track_B,SVM,144,0,0.667003,5
VA Long Beach,Track_B,SVM,148,1,0.755607,5
VA Long Beach,Track_B,SVM,155,1,0.779662,5
VA Long Beach,Track_B,SVM,167,0,0.823209,5
VA Long Beach,Track_B,SVM,170,1,0.836002,5
VA Long Beach,Track_B,SVM,172,1,0.834564,5
VA Long Beach,Track_B,SVM,176,1,0.705134,5
VA Long Beach,Track_B,SVM,179,1,0.823353,5
VA Long Beach,Track_B,SVM,184,0,0.813986,5
VA Long Beach,Track_B,SVM,187,1,0.796638,5
VA Long Beach,Track_B,SVM,190,1,0.806861,5
VA Long Beach,Track_B,SVM,197,0,0.827765,5
VA Long Beach,Track_B,XGBoost,6,1,0.883924,1
VA Long Beach,Track_B,XGBoost,9,1,0.287639,1
VA Long Beach,Track_B,XGBoost,14,1,0.886074,1
VA Long Beach,Track_B,XGBoost,16,1,0.870076,1
VA Long Beach,Track_B,XGBoost,25,1,0.868316,1
VA Long Beach,Track_B,XGBoost,29,1,0.929863,1
VA Long Beach,Track_B,XGBoost,34,1,0.890224,1
VA Long Beach,Track_B,XGBoost,39,0,0.858141,1
VA Long Beach,Track_B,XGBoost,40,1,0.653091,1
VA Long Beach,Track_B,XGBoost,45,1,0.786343,1
VA Long Beach,Track_B,XGBoost,46,1,0.9258,1
VA Long Beach,Track_B,XGBoost,49,0,0.239773,1
VA Long Beach,Track_B,XGBoost,55,1,0.957155,1
VA Long Beach,Track_B,XGBoost,56,1,0.807574,1
VA Long Beach,Track_B,XGBoost,58,0,0.354329,1
VA Long Beach,Track_B,XGBoost,60,0,0.794372,1
VA Long Beach,Track_B,XGBoost,66,1,0.800725,1
VA Long Beach,Track_B,XGBoost,69,1,0.398574,1
VA Long Beach,Track_B,XGBoost,74,1,0.635037,1
VA Long Beach,Track_B,XGBoost,75,1,0.747312,1
VA Long Beach,Track_B,XGBoost,76,1,0.586454,1
VA Long Beach,Track_B,XGBoost,80,0,0.829257,1
VA Long Beach,Track_B,XGBoost,82,1,0.859482,1
VA Long Beach,Track_B,XGBoost,102,1,0.569663,1
VA Long Beach,Track_B,XGBoost,104,0,0.789523,1
VA Long Beach,Track_B,XGBoost,115,1,0.92699,1
VA Long Beach,Track_B,XGBoost,124,1,0.840883,1
VA Long Beach,Track_B,XGBoost,125,1,0.687053,1
VA Long Beach,Track_B,XGBoost,128,0,0.781559,1
VA Long Beach,Track_B,XGBoost,129,0,0.696446,1
VA Long Beach,Track_B,XGBoost,130,1,0.321712,1
VA Long Beach,Track_B,XGBoost,131,1,0.787623,1
VA Long Beach,Track_B,XGBoost,137,1,0.529213,1
VA Long Beach,Track_B,XGBoost,138,0,0.501339,1
VA Long Beach,Track_B,XGBoost,142,1,0.728353,1
VA Long Beach,Track_B,XGBoost,165,1,0.743888,1
VA Long Beach,Track_B,XGBoost,177,1,0.788127,1
VA Long Beach,Track_B,XGBoost,181,0,0.929863,1
VA Long Beach,Track_B,XGBoost,191,1,0.942702,1
VA Long Beach,Track_B,XGBoost,194,1,0.60253,1
VA Long Beach,Track_B,XGBoost,2,1,0.845846,2
VA Long Beach,Track_B,XGBoost,4,0,0.924956,2
VA Long Beach,Track_B,XGBoost,5,0,0.530373,2
VA Long Beach,Track_B,XGBoost,7,0,0.807234,2
VA Long Beach,Track_B,XGBoost,12,1,0.824674,2
VA Long Beach,Track_B,XGBoost,23,0,0.836701,2
VA Long Beach,Track_B,XGBoost,28,1,0.867384,2
VA Long Beach,Track_B,XGBoost,31,1,0.924176,2
VA Long Beach,Track_B,XGBoost,33,1,0.531711,2
VA Long Beach,Track_B,XGBoost,42,1,0.840441,2
VA Long Beach,Track_B,XGBoost,43,0,0.295826,2
VA Long Beach,Track_B,XGBoost,54,1,0.526106,2
VA Long Beach,Track_B,XGBoost,62,1,0.911344,2
VA Long Beach,Track_B,XGBoost,71,1,0.826647,2
VA Long Beach,Track_B,XGBoost,81,1,0.942566,2
VA Long Beach,Track_B,XGBoost,84,1,0.960471,2
VA Long Beach,Track_B,XGBoost,88,1,0.948608,2
VA Long Beach,Track_B,XGBoost,91,0,0.714076,2
VA Long Beach,Track_B,XGBoost,92,1,0.876388,2
VA Long Beach,Track_B,XGBoost,94,0,0.851447,2
VA Long Beach,Track_B,XGBoost,99,0,0.851571,2
VA Long Beach,Track_B,XGBoost,101,1,0.898926,2
VA Long Beach,Track_B,XGBoost,106,1,0.75957,2
VA Long Beach,Track_B,XGBoost,107,1,0.829125,2
VA Long Beach,Track_B,XGBoost,113,1,0.903614,2
VA Long Beach,Track_B,XGBoost,116,1,0.759196,2
VA Long Beach,Track_B,XGBoost,132,1,0.861248,2
VA Long Beach,Track_B,XGBoost,147,1,0.763724,2
VA Long Beach,Track_B,XGBoost,149,1,0.939168,2
VA Long Beach,Track_B,XGBoost,150,0,0.824423,2
VA Long Beach,Track_B,XGBoost,152,1,0.927496,2
VA Long Beach,Track_B,XGBoost,157,1,0.820652,2
VA Long Beach,Track_B,XGBoost,159,1,0.904544,2
VA Long Beach,Track_B,XGBoost,160,1,0.937331,2
VA Long Beach,Track_B,XGBoost,162,1,0.924827,2
VA Long Beach,Track_B,XGBoost,166,1,0.882218,2
VA Long Beach,Track_B,XGBoost,169,1,0.365917,2
VA Long Beach,Track_B,XGBoost,173,1,0.884384,2
VA Long Beach,Track_B,XGBoost,178,1,0.726732,2
VA Long Beach,Track_B,XGBoost,195,0,0.212413,2
VA Long Beach,Track_B,XGBoost,11,1,0.837685,3
VA Long Beach,Track_B,XGBoost,13,1,0.419161,3
VA Long Beach,Track_B,XGBoost,21,1,0.931575,3
VA Long Beach,Track_B,XGBoost,24,1,0.55753,3
VA Long Beach,Track_B,XGBoost,26,1,0.512304,3
VA Long Beach,Track_B,XGBoost,35,1,0.863471,3
VA Long Beach,Track_B,XGBoost,37,0,0.973188,3
VA Long Beach,Track_B,XGBoost,38,1,0.578262,3
VA Long Beach,Track_B,XGBoost,51,0,0.573031,3
VA Long Beach,Track_B,XGBoost,59,1,0.726196,3
VA Long Beach,Track_B,XGBoost,67,1,0.889732,3
VA Long Beach,Track_B,XGBoost,68,1,0.978255,3
VA Long Beach,Track_B,XGBoost,73,1,0.96844,3
VA Long Beach,Track_B,XGBoost,78,1,0.980423,3
VA Long Beach,Track_B,XGBoost,85,1,0.957675,3
VA Long Beach,Track_B,XGBoost,93,1,0.705677,3
VA Long Beach,Track_B,XGBoost,96,0,0.523456,3
VA Long Beach,Track_B,XGBoost,97,1,0.390595,3
VA Long Beach,Track_B,XGBoost,100,1,0.869203,3
VA Long Beach,Track_B,XGBoost,108,0,0.75931,3
VA Long Beach,Track_B,XGBoost,109,0,0.32889,3
VA Long Beach,Track_B,XGBoost,110,1,0.548431,3
VA Long Beach,Track_B,XGBoost,112,1,0.448756,3
VA Long Beach,Track_B,XGBoost,117,1,0.953475,3
VA Long Beach,Track_B,XGBoost,119,1,0.750225,3
VA Long Beach,Track_B,XGBoost,122,1,0.908495,3
VA Long Beach,Track_B,XGBoost,133,0,0.353444,3
VA Long Beach,Track_B,XGBoost,134,1,0.84073,3
VA Long Beach,Track_B,XGBoost,135,0,0.525832,3
VA Long Beach,Track_B,XGBoost,143,1,0.954237,3
VA Long Beach,Track_B,XGBoost,146,0,0.965976,3
VA Long Beach,Track_B,XGBoost,154,1,0.922058,3
VA Long Beach,Track_B,XGBoost,156,1,0.829204,3
VA Long Beach,Track_B,XGBoost,163,1,0.880027,3
VA Long Beach,Track_B,XGBoost,168,1,0.910862,3
VA Long Beach,Track_B,XGBoost,171,0,0.361996,3
VA Long Beach,Track_B,XGBoost,175,0,0.581973,3
VA Long Beach,Track_B,XGBoost,185,1,0.671984,3
VA Long Beach,Track_B,XGBoost,186,1,0.734794,3
VA Long Beach,Track_B,XGBoost,192,1,0.757612,3
VA Long Beach,Track_B,XGBoost,1,0,0.262307,4
VA Long Beach,Track_B,XGBoost,8,1,0.583305,4
VA Long Beach,Track_B,XGBoost,15,0,0.614158,4
VA Long Beach,Track_B,XGBoost,17,1,0.63759,4
VA Long Beach,Track_B,XGBoost,19,0,0.814435,4
VA Long Beach,Track_B,XGBoost,30,1,0.619523,4
VA Long Beach,Track_B,XGBoost,32,1,0.9169,4
VA Long Beach,Track_B,XGBoost,53,0,0.806304,4
VA Long Beach,Track_B,XGBoost,57,1,0.616599,4
VA Long Beach,Track_B,XGBoost,63,1,0.796587,4
VA Long Beach,Track_B,XGBoost,65,1,0.865995,4
VA Long Beach,Track_B,XGBoost,70,0,0.361315,4
VA Long Beach,Track_B,XGBoost,72,0,0.255765,4
VA Long Beach,Track_B,XGBoost,77,1,0.427925,4
VA Long Beach,Track_B,XGBoost,83,1,0.817268,4
VA Long Beach,Track_B,XGBoost,86,1,0.893164,4
VA Long Beach,Track_B,XGBoost,89,1,0.41096,4
VA Long Beach,Track_B,XGBoost,90,1,0.951338,4
VA Long Beach,Track_B,XGBoost,95,1,0.88617,4
VA Long Beach,Track_B,XGBoost,105,1,0.922964,4
VA Long Beach,Track_B,XGBoost,114,1,0.42666,4
VA Long Beach,Track_B,XGBoost,118,1,0.806019,4
VA Long Beach,Track_B,XGBoost,123,0,0.593739,4
VA Long Beach,Track_B,XGBoost,139,1,0.586639,4
VA Long Beach,Track_B,XGBoost,141,1,0.689959,4
VA Long Beach,Track_B,XGBoost,145,0,0.602112,4
VA Long Beach,Track_B,XGBoost,151,1,0.809966,4
VA Long Beach,Track_B,XGBoost,153,1,0.87335,4
VA Long Beach,Track_B,XGBoost,158,1,0.882131,4
VA Long Beach,Track_B,XGBoost,161,1,0.870605,4
VA Long Beach,Track_B,XGBoost,164,1,0.474017,4
VA Long Beach,Track_B,XGBoost,174,0,0.213712,4
VA Long Beach,Track_B,XGBoost,180,1,0.679821,4
VA Long Beach,Track_B,XGBoost,182,1,0.875324,4
VA Long Beach,Track_B,XGBoost,183,1,0.904058,4
VA Long Beach,Track_B,XGBoost,188,0,0.705362,4
VA Long Beach,Track_B,XGBoost,189,0,0.619099,4
VA Long Beach,Track_B,XGBoost,193,1,0.338739,4
VA Long Beach,Track_B,XGBoost,196,1,0.90643,4
VA Long Beach,Track_B,XGBoost,198,1,0.489745,4
VA Long Beach,Track_B,XGBoost,0,1,0.973195,5
VA Long Beach,Track_B,XGBoost,3,1,0.923758,5
VA Long Beach,Track_B,XGBoost,10,0,0.3868,5
VA Long Beach,Track_B,XGBoost,18,0,0.872417,5
VA Long Beach,Track_B,XGBoost,20,1,0.466294,5
VA Long Beach,Track_B,XGBoost,22,1,0.926896,5
VA Long Beach,Track_B,XGBoost,27,1,0.84934,5
VA Long Beach,Track_B,XGBoost,36,1,0.754331,5
VA Long Beach,Track_B,XGBoost,41,1,0.316392,5
VA Long Beach,Track_B,XGBoost,44,1,0.927417,5
VA Long Beach,Track_B,XGBoost,47,0,0.865507,5
VA Long Beach,Track_B,XGBoost,48,1,0.751421,5
VA Long Beach,Track_B,XGBoost,50,1,0.896479,5
VA Long Beach,Track_B,XGBoost,52,1,0.917675,5
VA Long Beach,Track_B,XGBoost,61,1,0.954907,5
VA Long Beach,Track_B,XGBoost,64,1,0.863028,5
VA Long Beach,Track_B,XGBoost,79,1,0.900428,5
VA Long Beach,Track_B,XGBoost,87,0,0.92387,5
VA Long Beach,Track_B,XGBoost,98,1,0.25728,5
VA Long Beach,Track_B,XGBoost,103,1,0.731175,5
VA Long Beach,Track_B,XGBoost,111,0,0.800989,5
VA Long Beach,Track_B,XGBoost,120,1,0.944524,5
VA Long Beach,Track_B,XGBoost,121,1,0.96562,5
VA Long Beach,Track_B,XGBoost,126,1,0.94313,5
VA Long Beach,Track_B,XGBoost,127,1,0.956773,5
VA Long Beach,Track_B,XGBoost,136,1,0.878942,5
VA Long Beach,Track_B,XGBoost,140,0,0.980974,5
VA Long Beach,Track_B,XGBoost,144,0,0.760333,5
VA Long Beach,Track_B,XGBoost,148,1,0.678155,5
VA Long Beach,Track_B,XGBoost,155,1,0.91793,5
VA Long Beach,Track_B,XGBoost,167,0,0.931105,5
VA Long Beach,Track_B,XGBoost,170,1,0.902481,5
VA Long Beach,Track_B,XGBoost,172,1,0.918537,5
VA Long Beach,Track_B,XGBoost,176,1,0.905034,5
VA Long Beach,Track_B,XGBoost,179,1,0.84172,5
VA Long Beach,Track_B,XGBoost,184,0,0.887253,5
VA Long Beach,Track_B,XGBoost,187,1,0.974367,5
VA Long Beach,Track_B,XGBoost,190,1,0.978447,5
VA Long Beach,Track_B,XGBoost,197,0,0.944436,5
