patient_sample_index,deterministic_rank_stratum,feature,lime_weight,abs_lime_weight,experiment_id,train_dataset,test_dataset,model
12,0,age,-0.083332,0.083332,PAIRWISE_E1_CLEV_TO_HUNG_LogisticRegression,Cleveland,Hungarian,LogisticRegression
12,0,sex,-0.300016,0.300016,PAIRWISE_E1_CLEV_TO_HUNG_LogisticRegression,Cleveland,Hungarian,LogisticRegression
12,0,cp,-0.287419,0.287419,PAIRWISE_E1_CLEV_TO_HUNG_LogisticRegression,Cleveland,Hungarian,LogisticRegression
12,0,trestbps,-0.086457,0.086457,PAIRWISE_E1_CLEV_TO_HUNG_LogisticRegression,Cleveland,Hungarian,LogisticRegression
12,0,fbs,0.055185,0.055185,PAIRWISE_E1_CLEV_TO_HUNG_LogisticRegression,Cleveland,Hungarian,LogisticRegression
12,0,restecg,-0.018115,0.018115,PAIRWISE_E1_CLEV_TO_HUNG_LogisticRegression,Cleveland,Hungarian,LogisticRegression
12,0,thalach,-0.10558,0.10558,PAIRWISE_E1_CLEV_TO_HUNG_LogisticRegression,Cleveland,Hungarian,LogisticRegression
12,0,exang,-0.147456,0.147456,PAIRWISE_E1_CLEV_TO_HUNG_LogisticRegression,Cleveland,Hungarian,LogisticRegression
12,0,oldpeak,-0.127559,0.127559,PAIRWISE_E1_CLEV_TO_HUNG_LogisticRegression,Cleveland,Hungarian,LogisticRegression
12,0,slope,0.043559,0.043559,PAIRWISE_E1_CLEV_TO_HUNG_LogisticRegression,Cleveland,Hungarian,LogisticRegression
102,1,age,-0.01195,0.01195,PAIRWISE_E1_CLEV_TO_HUNG_LogisticRegression,Cleveland,Hungarian,LogisticRegression
102,1,sex,-0.298309,0.298309,PAIRWISE_E1_CLEV_TO_HUNG_LogisticRegression,Cleveland,Hungarian,LogisticRegression
102,1,cp,-0.162339,0.162339,PAIRWISE_E1_CLEV_TO_HUNG_LogisticRegression,Cleveland,Hungarian,LogisticRegression
102,1,trestbps,-0.014363,0.014363,PAIRWISE_E1_CLEV_TO_HUNG_LogisticRegression,Cleveland,Hungarian,LogisticRegression
102,1,fbs,0.042521,0.042521,PAIRWISE_E1_CLEV_TO_HUNG_LogisticRegression,Cleveland,Hungarian,LogisticRegression
102,1,restecg,-0.07986,0.07986,PAIRWISE_E1_CLEV_TO_HUNG_LogisticRegression,Cleveland,Hungarian,LogisticRegression
102,1,thalach,-0.044735,0.044735,PAIRWISE_E1_CLEV_TO_HUNG_LogisticRegression,Cleveland,Hungarian,LogisticRegression
102,1,exang,-0.16905,0.16905,PAIRWISE_E1_CLEV_TO_HUNG_LogisticRegression,Cleveland,Hungarian,LogisticRegression
102,1,oldpeak,-0.139874,0.139874,PAIRWISE_E1_CLEV_TO_HUNG_LogisticRegression,Cleveland,Hungarian,LogisticRegression
102,1,slope,-0.069164,0.069164,PAIRWISE_E1_CLEV_TO_HUNG_LogisticRegression,Cleveland,Hungarian,LogisticRegression
255,2,age,-0.079672,0.079672,PAIRWISE_E1_CLEV_TO_HUNG_LogisticRegression,Cleveland,Hungarian,LogisticRegression
255,2,sex,-0.300696,0.300696,PAIRWISE_E1_CLEV_TO_HUNG_LogisticRegression,Cleveland,Hungarian,LogisticRegression
255,2,cp,-0.043944,0.043944,PAIRWISE_E1_CLEV_TO_HUNG_LogisticRegression,Cleveland,Hungarian,LogisticRegression
255,2,trestbps,0.028979,0.028979,PAIRWISE_E1_CLEV_TO_HUNG_LogisticRegression,Cleveland,Hungarian,LogisticRegression
255,2,fbs,-0.043559,0.043559,PAIRWISE_E1_CLEV_TO_HUNG_LogisticRegression,Cleveland,Hungarian,LogisticRegression
255,2,restecg,-0.078571,0.078571,PAIRWISE_E1_CLEV_TO_HUNG_LogisticRegression,Cleveland,Hungarian,LogisticRegression
255,2,thalach,-0.122187,0.122187,PAIRWISE_E1_CLEV_TO_HUNG_LogisticRegression,Cleveland,Hungarian,LogisticRegression
255,2,exang,-0.187831,0.187831,PAIRWISE_E1_CLEV_TO_HUNG_LogisticRegression,Cleveland,Hungarian,LogisticRegression
255,2,oldpeak,-0.136514,0.136514,PAIRWISE_E1_CLEV_TO_HUNG_LogisticRegression,Cleveland,Hungarian,LogisticRegression
255,2,slope,-0.062863,0.062863,PAIRWISE_E1_CLEV_TO_HUNG_LogisticRegression,Cleveland,Hungarian,LogisticRegression
63,3,age,-0.07571,0.07571,PAIRWISE_E1_CLEV_TO_HUNG_LogisticRegression,Cleveland,Hungarian,LogisticRegression
63,3,sex,-0.287318,0.287318,PAIRWISE_E1_CLEV_TO_HUNG_LogisticRegression,Cleveland,Hungarian,LogisticRegression
63,3,cp,-0.184265,0.184265,PAIRWISE_E1_CLEV_TO_HUNG_LogisticRegression,Cleveland,Hungarian,LogisticRegression
63,3,trestbps,-0.103983,0.103983,PAIRWISE_E1_CLEV_TO_HUNG_LogisticRegression,Cleveland,Hungarian,LogisticRegression
63,3,fbs,0.041062,0.041062,PAIRWISE_E1_CLEV_TO_HUNG_LogisticRegression,Cleveland,Hungarian,LogisticRegression
63,3,restecg,-0.084205,0.084205,PAIRWISE_E1_CLEV_TO_HUNG_LogisticRegression,Cleveland,Hungarian,LogisticRegression
63,3,thalach,0.166622,0.166622,PAIRWISE_E1_CLEV_TO_HUNG_LogisticRegression,Cleveland,Hungarian,LogisticRegression
63,3,exang,-0.160912,0.160912,PAIRWISE_E1_CLEV_TO_HUNG_LogisticRegression,Cleveland,Hungarian,LogisticRegression
63,3,oldpeak,-0.127134,0.127134,PAIRWISE_E1_CLEV_TO_HUNG_LogisticRegression,Cleveland,Hungarian,LogisticRegression
63,3,slope,0.021893,0.021893,PAIRWISE_E1_CLEV_TO_HUNG_LogisticRegression,Cleveland,Hungarian,LogisticRegression
165,4,age,-0.005878,0.005878,PAIRWISE_E1_CLEV_TO_HUNG_LogisticRegression,Cleveland,Hungarian,LogisticRegression
165,4,sex,-0.313673,0.313673,PAIRWISE_E1_CLEV_TO_HUNG_LogisticRegression,Cleveland,Hungarian,LogisticRegression
165,4,cp,-0.024577,0.024577,PAIRWISE_E1_CLEV_TO_HUNG_LogisticRegression,Cleveland,Hungarian,LogisticRegression
165,4,trestbps,-0.000235,0.000235,PAIRWISE_E1_CLEV_TO_HUNG_LogisticRegression,Cleveland,Hungarian,LogisticRegression
165,4,fbs,0.041499,0.041499,PAIRWISE_E1_CLEV_TO_HUNG_LogisticRegression,Cleveland,Hungarian,LogisticRegression
165,4,restecg,-0.012736,0.012736,PAIRWISE_E1_CLEV_TO_HUNG_LogisticRegression,Cleveland,Hungarian,LogisticRegression
165,4,thalach,-0.045842,0.045842,PAIRWISE_E1_CLEV_TO_HUNG_LogisticRegression,Cleveland,Hungarian,LogisticRegression
165,4,exang,-0.180221,0.180221,PAIRWISE_E1_CLEV_TO_HUNG_LogisticRegression,Cleveland,Hungarian,LogisticRegression
165,4,oldpeak,-0.137981,0.137981,PAIRWISE_E1_CLEV_TO_HUNG_LogisticRegression,Cleveland,Hungarian,LogisticRegression
165,4,slope,-0.062301,0.062301,PAIRWISE_E1_CLEV_TO_HUNG_LogisticRegression,Cleveland,Hungarian,LogisticRegression
0,5,age,-0.07184,0.07184,PAIRWISE_E1_CLEV_TO_HUNG_LogisticRegression,Cleveland,Hungarian,LogisticRegression
0,5,sex,0.291241,0.291241,PAIRWISE_E1_CLEV_TO_HUNG_LogisticRegression,Cleveland,Hungarian,LogisticRegression
0,5,cp,-0.199266,0.199266,PAIRWISE_E1_CLEV_TO_HUNG_LogisticRegression,Cleveland,Hungarian,LogisticRegression
0,5,trestbps,-0.026942,0.026942,PAIRWISE_E1_CLEV_TO_HUNG_LogisticRegression,Cleveland,Hungarian,LogisticRegression
0,5,fbs,0.037928,0.037928,PAIRWISE_E1_CLEV_TO_HUNG_LogisticRegression,Cleveland,Hungarian,LogisticRegression
0,5,restecg,0.088787,0.088787,PAIRWISE_E1_CLEV_TO_HUNG_LogisticRegression,Cleveland,Hungarian,LogisticRegression
0,5,thalach,-0.157953,0.157953,PAIRWISE_E1_CLEV_TO_HUNG_LogisticRegression,Cleveland,Hungarian,LogisticRegression
0,5,exang,-0.185632,0.185632,PAIRWISE_E1_CLEV_TO_HUNG_LogisticRegression,Cleveland,Hungarian,LogisticRegression
0,5,oldpeak,-0.14954,0.14954,PAIRWISE_E1_CLEV_TO_HUNG_LogisticRegression,Cleveland,Hungarian,LogisticRegression
0,5,slope,0.040034,0.040034,PAIRWISE_E1_CLEV_TO_HUNG_LogisticRegression,Cleveland,Hungarian,LogisticRegression
40,6,age,-0.067884,0.067884,PAIRWISE_E1_CLEV_TO_HUNG_LogisticRegression,Cleveland,Hungarian,LogisticRegression
40,6,sex,0.286668,0.286668,PAIRWISE_E1_CLEV_TO_HUNG_LogisticRegression,Cleveland,Hungarian,LogisticRegression
40,6,cp,-0.21175,0.21175,PAIRWISE_E1_CLEV_TO_HUNG_LogisticRegression,Cleveland,Hungarian,LogisticRegression
40,6,trestbps,-0.011643,0.011643,PAIRWISE_E1_CLEV_TO_HUNG_LogisticRegression,Cleveland,Hungarian,LogisticRegression
40,6,fbs,0.064274,0.064274,PAIRWISE_E1_CLEV_TO_HUNG_LogisticRegression,Cleveland,Hungarian,LogisticRegression
40,6,restecg,-0.089034,0.089034,PAIRWISE_E1_CLEV_TO_HUNG_LogisticRegression,Cleveland,Hungarian,LogisticRegression
40,6,thalach,0.028819,0.028819,PAIRWISE_E1_CLEV_TO_HUNG_LogisticRegression,Cleveland,Hungarian,LogisticRegression
40,6,exang,-0.171943,0.171943,PAIRWISE_E1_CLEV_TO_HUNG_LogisticRegression,Cleveland,Hungarian,LogisticRegression
40,6,oldpeak,-0.123211,0.123211,PAIRWISE_E1_CLEV_TO_HUNG_LogisticRegression,Cleveland,Hungarian,LogisticRegression
40,6,slope,-0.059098,0.059098,PAIRWISE_E1_CLEV_TO_HUNG_LogisticRegression,Cleveland,Hungarian,LogisticRegression
44,7,age,-0.059683,0.059683,PAIRWISE_E1_CLEV_TO_HUNG_LogisticRegression,Cleveland,Hungarian,LogisticRegression
44,7,sex,0.300632,0.300632,PAIRWISE_E1_CLEV_TO_HUNG_LogisticRegression,Cleveland,Hungarian,LogisticRegression
44,7,cp,-0.034546,0.034546,PAIRWISE_E1_CLEV_TO_HUNG_LogisticRegression,Cleveland,Hungarian,LogisticRegression
44,7,trestbps,0.01547,0.01547,PAIRWISE_E1_CLEV_TO_HUNG_LogisticRegression,Cleveland,Hungarian,LogisticRegression
44,7,fbs,0.062492,0.062492,PAIRWISE_E1_CLEV_TO_HUNG_LogisticRegression,Cleveland,Hungarian,LogisticRegression
44,7,restecg,-0.07593,0.07593,PAIRWISE_E1_CLEV_TO_HUNG_LogisticRegression,Cleveland,Hungarian,LogisticRegression
44,7,thalach,-0.150195,0.150195,PAIRWISE_E1_CLEV_TO_HUNG_LogisticRegression,Cleveland,Hungarian,LogisticRegression
44,7,exang,-0.173309,0.173309,PAIRWISE_E1_CLEV_TO_HUNG_LogisticRegression,Cleveland,Hungarian,LogisticRegression
44,7,oldpeak,-0.141796,0.141796,PAIRWISE_E1_CLEV_TO_HUNG_LogisticRegression,Cleveland,Hungarian,LogisticRegression
44,7,slope,-0.055761,0.055761,PAIRWISE_E1_CLEV_TO_HUNG_LogisticRegression,Cleveland,Hungarian,LogisticRegression
73,8,age,-0.085587,0.085587,PAIRWISE_E1_CLEV_TO_HUNG_LogisticRegression,Cleveland,Hungarian,LogisticRegression
73,8,sex,-0.290874,0.290874,PAIRWISE_E1_CLEV_TO_HUNG_LogisticRegression,Cleveland,Hungarian,LogisticRegression
73,8,cp,0.228633,0.228633,PAIRWISE_E1_CLEV_TO_HUNG_LogisticRegression,Cleveland,Hungarian,LogisticRegression
73,8,trestbps,0.009998,0.009998,PAIRWISE_E1_CLEV_TO_HUNG_LogisticRegression,Cleveland,Hungarian,LogisticRegression
73,8,fbs,0.031895,0.031895,PAIRWISE_E1_CLEV_TO_HUNG_LogisticRegression,Cleveland,Hungarian,LogisticRegression
73,8,restecg,-0.0867,0.0867,PAIRWISE_E1_CLEV_TO_HUNG_LogisticRegression,Cleveland,Hungarian,LogisticRegression
73,8,thalach,0.016842,0.016842,PAIRWISE_E1_CLEV_TO_HUNG_LogisticRegression,Cleveland,Hungarian,LogisticRegression
73,8,exang,-0.177456,0.177456,PAIRWISE_E1_CLEV_TO_HUNG_LogisticRegression,Cleveland,Hungarian,LogisticRegression
73,8,oldpeak,-0.155985,0.155985,PAIRWISE_E1_CLEV_TO_HUNG_LogisticRegression,Cleveland,Hungarian,LogisticRegression
73,8,slope,0.057842,0.057842,PAIRWISE_E1_CLEV_TO_HUNG_LogisticRegression,Cleveland,Hungarian,LogisticRegression
86,9,age,-0.072904,0.072904,PAIRWISE_E1_CLEV_TO_HUNG_LogisticRegression,Cleveland,Hungarian,LogisticRegression
86,9,sex,-0.3179,0.3179,PAIRWISE_E1_CLEV_TO_HUNG_LogisticRegression,Cleveland,Hungarian,LogisticRegression
86,9,cp,-0.032127,0.032127,PAIRWISE_E1_CLEV_TO_HUNG_LogisticRegression,Cleveland,Hungarian,LogisticRegression
86,9,trestbps,-0.011847,0.011847,PAIRWISE_E1_CLEV_TO_HUNG_LogisticRegression,Cleveland,Hungarian,LogisticRegression
86,9,fbs,0.025313,0.025313,PAIRWISE_E1_CLEV_TO_HUNG_LogisticRegression,Cleveland,Hungarian,LogisticRegression
86,9,restecg,-0.095497,0.095497,PAIRWISE_E1_CLEV_TO_HUNG_LogisticRegression,Cleveland,Hungarian,LogisticRegression
86,9,thalach,0.007007,0.007007,PAIRWISE_E1_CLEV_TO_HUNG_LogisticRegression,Cleveland,Hungarian,LogisticRegression
86,9,exang,-0.171835,0.171835,PAIRWISE_E1_CLEV_TO_HUNG_LogisticRegression,Cleveland,Hungarian,LogisticRegression
86,9,oldpeak,0.249199,0.249199,PAIRWISE_E1_CLEV_TO_HUNG_LogisticRegression,Cleveland,Hungarian,LogisticRegression
86,9,slope,0.039052,0.039052,PAIRWISE_E1_CLEV_TO_HUNG_LogisticRegression,Cleveland,Hungarian,LogisticRegression
68,10,age,-0.072261,0.072261,PAIRWISE_E1_CLEV_TO_HUNG_LogisticRegression,Cleveland,Hungarian,LogisticRegression
68,10,sex,0.2993,0.2993,PAIRWISE_E1_CLEV_TO_HUNG_LogisticRegression,Cleveland,Hungarian,LogisticRegression
68,10,cp,-0.202049,0.202049,PAIRWISE_E1_CLEV_TO_HUNG_LogisticRegression,Cleveland,Hungarian,LogisticRegression
68,10,trestbps,-0.096704,0.096704,PAIRWISE_E1_CLEV_TO_HUNG_LogisticRegression,Cleveland,Hungarian,LogisticRegression
68,10,fbs,0.009191,0.009191,PAIRWISE_E1_CLEV_TO_HUNG_LogisticRegression,Cleveland,Hungarian,LogisticRegression
68,10,restecg,-0.096141,0.096141,PAIRWISE_E1_CLEV_TO_HUNG_LogisticRegression,Cleveland,Hungarian,LogisticRegression
68,10,thalach,0.006981,0.006981,PAIRWISE_E1_CLEV_TO_HUNG_LogisticRegression,Cleveland,Hungarian,LogisticRegression
68,10,exang,-0.176632,0.176632,PAIRWISE_E1_CLEV_TO_HUNG_LogisticRegression,Cleveland,Hungarian,LogisticRegression
68,10,oldpeak,0.023615,0.023615,PAIRWISE_E1_CLEV_TO_HUNG_LogisticRegression,Cleveland,Hungarian,LogisticRegression
68,10,slope,0.022112,0.022112,PAIRWISE_E1_CLEV_TO_HUNG_LogisticRegression,Cleveland,Hungarian,LogisticRegression
126,11,age,-0.028296,0.028296,PAIRWISE_E1_CLEV_TO_HUNG_LogisticRegression,Cleveland,Hungarian,LogisticRegression
126,11,sex,0.318432,0.318432,PAIRWISE_E1_CLEV_TO_HUNG_LogisticRegression,Cleveland,Hungarian,LogisticRegression
126,11,cp,-0.211414,0.211414,PAIRWISE_E1_CLEV_TO_HUNG_LogisticRegression,Cleveland,Hungarian,LogisticRegression
126,11,trestbps,-0.089729,0.089729,PAIRWISE_E1_CLEV_TO_HUNG_LogisticRegression,Cleveland,Hungarian,LogisticRegression
126,11,fbs,0.010567,0.010567,PAIRWISE_E1_CLEV_TO_HUNG_LogisticRegression,Cleveland,Hungarian,LogisticRegression
126,11,restecg,-0.092515,0.092515,PAIRWISE_E1_CLEV_TO_HUNG_LogisticRegression,Cleveland,Hungarian,LogisticRegression
126,11,thalach,0.177758,0.177758,PAIRWISE_E1_CLEV_TO_HUNG_LogisticRegression,Cleveland,Hungarian,LogisticRegression
126,11,exang,-0.182098,0.182098,PAIRWISE_E1_CLEV_TO_HUNG_LogisticRegression,Cleveland,Hungarian,LogisticRegression
126,11,oldpeak,-0.15194,0.15194,PAIRWISE_E1_CLEV_TO_HUNG_LogisticRegression,Cleveland,Hungarian,LogisticRegression
126,11,slope,0.023692,0.023692,PAIRWISE_E1_CLEV_TO_HUNG_LogisticRegression,Cleveland,Hungarian,LogisticRegression
26,12,age,-0.0844,0.0844,PAIRWISE_E1_CLEV_TO_HUNG_LogisticRegression,Cleveland,Hungarian,LogisticRegression
26,12,sex,0.291586,0.291586,PAIRWISE_E1_CLEV_TO_HUNG_LogisticRegression,Cleveland,Hungarian,LogisticRegression
26,12,cp,0.224469,0.224469,PAIRWISE_E1_CLEV_TO_HUNG_LogisticRegression,Cleveland,Hungarian,LogisticRegression
26,12,trestbps,-0.035463,0.035463,PAIRWISE_E1_CLEV_TO_HUNG_LogisticRegression,Cleveland,Hungarian,LogisticRegression
26,12,fbs,0.029383,0.029383,PAIRWISE_E1_CLEV_TO_HUNG_LogisticRegression,Cleveland,Hungarian,LogisticRegression
26,12,restecg,-0.089973,0.089973,PAIRWISE_E1_CLEV_TO_HUNG_LogisticRegression,Cleveland,Hungarian,LogisticRegression
26,12,thalach,-0.032717,0.032717,PAIRWISE_E1_CLEV_TO_HUNG_LogisticRegression,Cleveland,Hungarian,LogisticRegression
26,12,exang,-0.184363,0.184363,PAIRWISE_E1_CLEV_TO_HUNG_LogisticRegression,Cleveland,Hungarian,LogisticRegression
26,12,oldpeak,-0.159969,0.159969,PAIRWISE_E1_CLEV_TO_HUNG_LogisticRegression,Cleveland,Hungarian,LogisticRegression
26,12,slope,-0.06496,0.06496,PAIRWISE_E1_CLEV_TO_HUNG_LogisticRegression,Cleveland,Hungarian,LogisticRegression
29,13,age,-0.083427,0.083427,PAIRWISE_E1_CLEV_TO_HUNG_LogisticRegression,Cleveland,Hungarian,LogisticRegression
29,13,sex,0.286384,0.286384,PAIRWISE_E1_CLEV_TO_HUNG_LogisticRegression,Cleveland,Hungarian,LogisticRegression
29,13,cp,-0.046634,0.046634,PAIRWISE_E1_CLEV_TO_HUNG_LogisticRegression,Cleveland,Hungarian,LogisticRegression
29,13,trestbps,0.12549,0.12549,PAIRWISE_E1_CLEV_TO_HUNG_LogisticRegression,Cleveland,Hungarian,LogisticRegression
29,13,fbs,0.028904,0.028904,PAIRWISE_E1_CLEV_TO_HUNG_LogisticRegression,Cleveland,Hungarian,LogisticRegression
29,13,restecg,-0.091896,0.091896,PAIRWISE_E1_CLEV_TO_HUNG_LogisticRegression,Cleveland,Hungarian,LogisticRegression
29,13,thalach,0.170463,0.170463,PAIRWISE_E1_CLEV_TO_HUNG_LogisticRegression,Cleveland,Hungarian,LogisticRegression
29,13,exang,-0.167928,0.167928,PAIRWISE_E1_CLEV_TO_HUNG_LogisticRegression,Cleveland,Hungarian,LogisticRegression
29,13,oldpeak,-0.153296,0.153296,PAIRWISE_E1_CLEV_TO_HUNG_LogisticRegression,Cleveland,Hungarian,LogisticRegression
29,13,slope,0.052902,0.052902,PAIRWISE_E1_CLEV_TO_HUNG_LogisticRegression,Cleveland,Hungarian,LogisticRegression
201,14,age,-0.076652,0.076652,PAIRWISE_E1_CLEV_TO_HUNG_LogisticRegression,Cleveland,Hungarian,LogisticRegression
201,14,sex,0.293508,0.293508,PAIRWISE_E1_CLEV_TO_HUNG_LogisticRegression,Cleveland,Hungarian,LogisticRegression
201,14,cp,0.227125,0.227125,PAIRWISE_E1_CLEV_TO_HUNG_LogisticRegression,Cleveland,Hungarian,LogisticRegression
201,14,trestbps,-0.078908,0.078908,PAIRWISE_E1_CLEV_TO_HUNG_LogisticRegression,Cleveland,Hungarian,LogisticRegression
201,14,fbs,0.040342,0.040342,PAIRWISE_E1_CLEV_TO_HUNG_LogisticRegression,Cleveland,Hungarian,LogisticRegression
201,14,restecg,-0.088154,0.088154,PAIRWISE_E1_CLEV_TO_HUNG_LogisticRegression,Cleveland,Hungarian,LogisticRegression
201,14,thalach,0.184941,0.184941,PAIRWISE_E1_CLEV_TO_HUNG_LogisticRegression,Cleveland,Hungarian,LogisticRegression
201,14,exang,-0.162659,0.162659,PAIRWISE_E1_CLEV_TO_HUNG_LogisticRegression,Cleveland,Hungarian,LogisticRegression
201,14,oldpeak,-0.145425,0.145425,PAIRWISE_E1_CLEV_TO_HUNG_LogisticRegression,Cleveland,Hungarian,LogisticRegression
201,14,slope,-0.059011,0.059011,PAIRWISE_E1_CLEV_TO_HUNG_LogisticRegression,Cleveland,Hungarian,LogisticRegression
137,15,age,-0.022651,0.022651,PAIRWISE_E1_CLEV_TO_HUNG_LogisticRegression,Cleveland,Hungarian,LogisticRegression
137,15,sex,0.296289,0.296289,PAIRWISE_E1_CLEV_TO_HUNG_LogisticRegression,Cleveland,Hungarian,LogisticRegression
137,15,cp,0.228038,0.228038,PAIRWISE_E1_CLEV_TO_HUNG_LogisticRegression,Cleveland,Hungarian,LogisticRegression
137,15,trestbps,-0.015348,0.015348,PAIRWISE_E1_CLEV_TO_HUNG_LogisticRegression,Cleveland,Hungarian,LogisticRegression
137,15,fbs,0.033104,0.033104,PAIRWISE_E1_CLEV_TO_HUNG_LogisticRegression,Cleveland,Hungarian,LogisticRegression
137,15,restecg,-0.078918,0.078918,PAIRWISE_E1_CLEV_TO_HUNG_LogisticRegression,Cleveland,Hungarian,LogisticRegression
137,15,thalach,0.005006,0.005006,PAIRWISE_E1_CLEV_TO_HUNG_LogisticRegression,Cleveland,Hungarian,LogisticRegression
137,15,exang,-0.189683,0.189683,PAIRWISE_E1_CLEV_TO_HUNG_LogisticRegression,Cleveland,Hungarian,LogisticRegression
137,15,oldpeak,-0.150229,0.150229,PAIRWISE_E1_CLEV_TO_HUNG_LogisticRegression,Cleveland,Hungarian,LogisticRegression
137,15,slope,0.01648,0.01648,PAIRWISE_E1_CLEV_TO_HUNG_LogisticRegression,Cleveland,Hungarian,LogisticRegression
125,16,age,-0.015459,0.015459,PAIRWISE_E1_CLEV_TO_HUNG_LogisticRegression,Cleveland,Hungarian,LogisticRegression
125,16,sex,-0.312134,0.312134,PAIRWISE_E1_CLEV_TO_HUNG_LogisticRegression,Cleveland,Hungarian,LogisticRegression
125,16,cp,0.234588,0.234588,PAIRWISE_E1_CLEV_TO_HUNG_LogisticRegression,Cleveland,Hungarian,LogisticRegression
125,16,trestbps,-0.007869,0.007869,PAIRWISE_E1_CLEV_TO_HUNG_LogisticRegression,Cleveland,Hungarian,LogisticRegression
125,16,fbs,0.0094,0.0094,PAIRWISE_E1_CLEV_TO_HUNG_LogisticRegression,Cleveland,Hungarian,LogisticRegression
125,16,restecg,-0.063737,0.063737,PAIRWISE_E1_CLEV_TO_HUNG_LogisticRegression,Cleveland,Hungarian,LogisticRegression
125,16,thalach,0.026621,0.026621,PAIRWISE_E1_CLEV_TO_HUNG_LogisticRegression,Cleveland,Hungarian,LogisticRegression
125,16,exang,0.176108,0.176108,PAIRWISE_E1_CLEV_TO_HUNG_LogisticRegression,Cleveland,Hungarian,LogisticRegression
125,16,oldpeak,0.026637,0.026637,PAIRWISE_E1_CLEV_TO_HUNG_LogisticRegression,Cleveland,Hungarian,LogisticRegression
125,16,slope,0.027195,0.027195,PAIRWISE_E1_CLEV_TO_HUNG_LogisticRegression,Cleveland,Hungarian,LogisticRegression
220,17,age,0.021489,0.021489,PAIRWISE_E1_CLEV_TO_HUNG_LogisticRegression,Cleveland,Hungarian,LogisticRegression
220,17,sex,-0.316985,0.316985,PAIRWISE_E1_CLEV_TO_HUNG_LogisticRegression,Cleveland,Hungarian,LogisticRegression
220,17,cp,0.225267,0.225267,PAIRWISE_E1_CLEV_TO_HUNG_LogisticRegression,Cleveland,Hungarian,LogisticRegression
220,17,trestbps,-0.031462,0.031462,PAIRWISE_E1_CLEV_TO_HUNG_LogisticRegression,Cleveland,Hungarian,LogisticRegression
220,17,fbs,-0.006957,0.006957,PAIRWISE_E1_CLEV_TO_HUNG_LogisticRegression,Cleveland,Hungarian,LogisticRegression
220,17,restecg,0.008601,0.008601,PAIRWISE_E1_CLEV_TO_HUNG_LogisticRegression,Cleveland,Hungarian,LogisticRegression
220,17,thalach,0.144344,0.144344,PAIRWISE_E1_CLEV_TO_HUNG_LogisticRegression,Cleveland,Hungarian,LogisticRegression
220,17,exang,0.176388,0.176388,PAIRWISE_E1_CLEV_TO_HUNG_LogisticRegression,Cleveland,Hungarian,LogisticRegression
220,17,oldpeak,0.018014,0.018014,PAIRWISE_E1_CLEV_TO_HUNG_LogisticRegression,Cleveland,Hungarian,LogisticRegression
220,17,slope,0.040917,0.040917,PAIRWISE_E1_CLEV_TO_HUNG_LogisticRegression,Cleveland,Hungarian,LogisticRegression
281,18,age,-0.06826,0.06826,PAIRWISE_E1_CLEV_TO_HUNG_LogisticRegression,Cleveland,Hungarian,LogisticRegression
281,18,sex,-0.292829,0.292829,PAIRWISE_E1_CLEV_TO_HUNG_LogisticRegression,Cleveland,Hungarian,LogisticRegression
281,18,cp,0.217858,0.217858,PAIRWISE_E1_CLEV_TO_HUNG_LogisticRegression,Cleveland,Hungarian,LogisticRegression
281,18,trestbps,-0.093316,0.093316,PAIRWISE_E1_CLEV_TO_HUNG_LogisticRegression,Cleveland,Hungarian,LogisticRegression
281,18,fbs,0.042024,0.042024,PAIRWISE_E1_CLEV_TO_HUNG_LogisticRegression,Cleveland,Hungarian,LogisticRegression
281,18,restecg,-0.065686,0.065686,PAIRWISE_E1_CLEV_TO_HUNG_LogisticRegression,Cleveland,Hungarian,LogisticRegression
281,18,thalach,0.154035,0.154035,PAIRWISE_E1_CLEV_TO_HUNG_LogisticRegression,Cleveland,Hungarian,LogisticRegression
281,18,exang,0.174186,0.174186,PAIRWISE_E1_CLEV_TO_HUNG_LogisticRegression,Cleveland,Hungarian,LogisticRegression
281,18,oldpeak,0.210467,0.210467,PAIRWISE_E1_CLEV_TO_HUNG_LogisticRegression,Cleveland,Hungarian,LogisticRegression
281,18,slope,0.04147,0.04147,PAIRWISE_E1_CLEV_TO_HUNG_LogisticRegression,Cleveland,Hungarian,LogisticRegression
206,19,age,-0.096171,0.096171,PAIRWISE_E1_CLEV_TO_HUNG_LogisticRegression,Cleveland,Hungarian,LogisticRegression
206,19,sex,0.30602,0.30602,PAIRWISE_E1_CLEV_TO_HUNG_LogisticRegression,Cleveland,Hungarian,LogisticRegression
206,19,cp,0.225413,0.225413,PAIRWISE_E1_CLEV_TO_HUNG_LogisticRegression,Cleveland,Hungarian,LogisticRegression
206,19,trestbps,-0.079083,0.079083,PAIRWISE_E1_CLEV_TO_HUNG_LogisticRegression,Cleveland,Hungarian,LogisticRegression
206,19,fbs,0.037096,0.037096,PAIRWISE_E1_CLEV_TO_HUNG_LogisticRegression,Cleveland,Hungarian,LogisticRegression
206,19,restecg,-0.079245,0.079245,PAIRWISE_E1_CLEV_TO_HUNG_LogisticRegression,Cleveland,Hungarian,LogisticRegression
206,19,thalach,0.160389,0.160389,PAIRWISE_E1_CLEV_TO_HUNG_LogisticRegression,Cleveland,Hungarian,LogisticRegression
206,19,exang,-0.154968,0.154968,PAIRWISE_E1_CLEV_TO_HUNG_LogisticRegression,Cleveland,Hungarian,LogisticRegression
206,19,oldpeak,0.211504,0.211504,PAIRWISE_E1_CLEV_TO_HUNG_LogisticRegression,Cleveland,Hungarian,LogisticRegression
206,19,slope,0.040025,0.040025,PAIRWISE_E1_CLEV_TO_HUNG_LogisticRegression,Cleveland,Hungarian,LogisticRegression
284,20,age,-0.007074,0.007074,PAIRWISE_E1_CLEV_TO_HUNG_LogisticRegression,Cleveland,Hungarian,LogisticRegression
284,20,sex,0.307749,0.307749,PAIRWISE_E1_CLEV_TO_HUNG_LogisticRegression,Cleveland,Hungarian,LogisticRegression
284,20,cp,0.21699,0.21699,PAIRWISE_E1_CLEV_TO_HUNG_LogisticRegression,Cleveland,Hungarian,LogisticRegression
284,20,trestbps,0.120256,0.120256,PAIRWISE_E1_CLEV_TO_HUNG_LogisticRegression,Cleveland,Hungarian,LogisticRegression
284,20,fbs,0.032514,0.032514,PAIRWISE_E1_CLEV_TO_HUNG_LogisticRegression,Cleveland,Hungarian,LogisticRegression
284,20,restecg,-0.080558,0.080558,PAIRWISE_E1_CLEV_TO_HUNG_LogisticRegression,Cleveland,Hungarian,LogisticRegression
284,20,thalach,0.159857,0.159857,PAIRWISE_E1_CLEV_TO_HUNG_LogisticRegression,Cleveland,Hungarian,LogisticRegression
284,20,exang,-0.178562,0.178562,PAIRWISE_E1_CLEV_TO_HUNG_LogisticRegression,Cleveland,Hungarian,LogisticRegression
284,20,oldpeak,0.212859,0.212859,PAIRWISE_E1_CLEV_TO_HUNG_LogisticRegression,Cleveland,Hungarian,LogisticRegression
284,20,slope,0.039266,0.039266,PAIRWISE_E1_CLEV_TO_HUNG_LogisticRegression,Cleveland,Hungarian,LogisticRegression
275,21,age,0.03625,0.03625,PAIRWISE_E1_CLEV_TO_HUNG_LogisticRegression,Cleveland,Hungarian,LogisticRegression
275,21,sex,0.300068,0.300068,PAIRWISE_E1_CLEV_TO_HUNG_LogisticRegression,Cleveland,Hungarian,LogisticRegression
275,21,cp,0.223404,0.223404,PAIRWISE_E1_CLEV_TO_HUNG_LogisticRegression,Cleveland,Hungarian,LogisticRegression
275,21,trestbps,0.044031,0.044031,PAIRWISE_E1_CLEV_TO_HUNG_LogisticRegression,Cleveland,Hungarian,LogisticRegression
275,21,fbs,-0.054306,0.054306,PAIRWISE_E1_CLEV_TO_HUNG_LogisticRegression,Cleveland,Hungarian,LogisticRegression
275,21,restecg,0.095409,0.095409,PAIRWISE_E1_CLEV_TO_HUNG_LogisticRegression,Cleveland,Hungarian,LogisticRegression
275,21,thalach,0.153316,0.153316,PAIRWISE_E1_CLEV_TO_HUNG_LogisticRegression,Cleveland,Hungarian,LogisticRegression
275,21,exang,0.187072,0.187072,PAIRWISE_E1_CLEV_TO_HUNG_LogisticRegression,Cleveland,Hungarian,LogisticRegression
275,21,oldpeak,-0.13956,0.13956,PAIRWISE_E1_CLEV_TO_HUNG_LogisticRegression,Cleveland,Hungarian,LogisticRegression
275,21,slope,0.037877,0.037877,PAIRWISE_E1_CLEV_TO_HUNG_LogisticRegression,Cleveland,Hungarian,LogisticRegression
241,22,age,-0.008154,0.008154,PAIRWISE_E1_CLEV_TO_HUNG_LogisticRegression,Cleveland,Hungarian,LogisticRegression
241,22,sex,0.306828,0.306828,PAIRWISE_E1_CLEV_TO_HUNG_LogisticRegression,Cleveland,Hungarian,LogisticRegression
241,22,cp,0.211136,0.211136,PAIRWISE_E1_CLEV_TO_HUNG_LogisticRegression,Cleveland,Hungarian,LogisticRegression
241,22,trestbps,-0.005468,0.005468,PAIRWISE_E1_CLEV_TO_HUNG_LogisticRegression,Cleveland,Hungarian,LogisticRegression
241,22,fbs,0.039917,0.039917,PAIRWISE_E1_CLEV_TO_HUNG_LogisticRegression,Cleveland,Hungarian,LogisticRegression
241,22,restecg,-0.086144,0.086144,PAIRWISE_E1_CLEV_TO_HUNG_LogisticRegression,Cleveland,Hungarian,LogisticRegression
241,22,thalach,0.167928,0.167928,PAIRWISE_E1_CLEV_TO_HUNG_LogisticRegression,Cleveland,Hungarian,LogisticRegression
241,22,exang,0.186212,0.186212,PAIRWISE_E1_CLEV_TO_HUNG_LogisticRegression,Cleveland,Hungarian,LogisticRegression
241,22,oldpeak,0.025434,0.025434,PAIRWISE_E1_CLEV_TO_HUNG_LogisticRegression,Cleveland,Hungarian,LogisticRegression
241,22,slope,0.034727,0.034727,PAIRWISE_E1_CLEV_TO_HUNG_LogisticRegression,Cleveland,Hungarian,LogisticRegression
223,23,age,0.074147,0.074147,PAIRWISE_E1_CLEV_TO_HUNG_LogisticRegression,Cleveland,Hungarian,LogisticRegression
223,23,sex,0.30584,0.30584,PAIRWISE_E1_CLEV_TO_HUNG_LogisticRegression,Cleveland,Hungarian,LogisticRegression
223,23,cp,0.216055,0.216055,PAIRWISE_E1_CLEV_TO_HUNG_LogisticRegression,Cleveland,Hungarian,LogisticRegression
223,23,trestbps,0.039466,0.039466,PAIRWISE_E1_CLEV_TO_HUNG_LogisticRegression,Cleveland,Hungarian,LogisticRegression
223,23,fbs,-0.01748,0.01748,PAIRWISE_E1_CLEV_TO_HUNG_LogisticRegression,Cleveland,Hungarian,LogisticRegression
223,23,restecg,-0.082523,0.082523,PAIRWISE_E1_CLEV_TO_HUNG_LogisticRegression,Cleveland,Hungarian,LogisticRegression
223,23,thalach,0.150704,0.150704,PAIRWISE_E1_CLEV_TO_HUNG_LogisticRegression,Cleveland,Hungarian,LogisticRegression
223,23,exang,0.182971,0.182971,PAIRWISE_E1_CLEV_TO_HUNG_LogisticRegression,Cleveland,Hungarian,LogisticRegression
223,23,oldpeak,0.015147,0.015147,PAIRWISE_E1_CLEV_TO_HUNG_LogisticRegression,Cleveland,Hungarian,LogisticRegression
223,23,slope,0.016953,0.016953,PAIRWISE_E1_CLEV_TO_HUNG_LogisticRegression,Cleveland,Hungarian,LogisticRegression
263,24,age,-0.019491,0.019491,PAIRWISE_E1_CLEV_TO_HUNG_LogisticRegression,Cleveland,Hungarian,LogisticRegression
263,24,sex,0.290819,0.290819,PAIRWISE_E1_CLEV_TO_HUNG_LogisticRegression,Cleveland,Hungarian,LogisticRegression
263,24,cp,0.226701,0.226701,PAIRWISE_E1_CLEV_TO_HUNG_LogisticRegression,Cleveland,Hungarian,LogisticRegression
263,24,trestbps,0.108885,0.108885,PAIRWISE_E1_CLEV_TO_HUNG_LogisticRegression,Cleveland,Hungarian,LogisticRegression
263,24,fbs,0.04959,0.04959,PAIRWISE_E1_CLEV_TO_HUNG_LogisticRegression,Cleveland,Hungarian,LogisticRegression
263,24,restecg,0.02161,0.02161,PAIRWISE_E1_CLEV_TO_HUNG_LogisticRegression,Cleveland,Hungarian,LogisticRegression
263,24,thalach,0.159278,0.159278,PAIRWISE_E1_CLEV_TO_HUNG_LogisticRegression,Cleveland,Hungarian,LogisticRegression
263,24,exang,0.187337,0.187337,PAIRWISE_E1_CLEV_TO_HUNG_LogisticRegression,Cleveland,Hungarian,LogisticRegression
263,24,oldpeak,0.217247,0.217247,PAIRWISE_E1_CLEV_TO_HUNG_LogisticRegression,Cleveland,Hungarian,LogisticRegression
263,24,slope,0.032122,0.032122,PAIRWISE_E1_CLEV_TO_HUNG_LogisticRegression,Cleveland,Hungarian,LogisticRegression
62,0,age,-0.052988,0.052988,PAIRWISE_E2_CLEV_TO_HUNG_RandomForest,Cleveland,Hungarian,RandomForest
62,0,sex,-0.140343,0.140343,PAIRWISE_E2_CLEV_TO_HUNG_RandomForest,Cleveland,Hungarian,RandomForest
62,0,cp,-0.129412,0.129412,PAIRWISE_E2_CLEV_TO_HUNG_RandomForest,Cleveland,Hungarian,RandomForest
62,0,trestbps,-0.020862,0.020862,PAIRWISE_E2_CLEV_TO_HUNG_RandomForest,Cleveland,Hungarian,RandomForest
62,0,fbs,0.002319,0.002319,PAIRWISE_E2_CLEV_TO_HUNG_RandomForest,Cleveland,Hungarian,RandomForest
62,0,restecg,-0.002804,0.002804,PAIRWISE_E2_CLEV_TO_HUNG_RandomForest,Cleveland,Hungarian,RandomForest
62,0,thalach,-0.100787,0.100787,PAIRWISE_E2_CLEV_TO_HUNG_RandomForest,Cleveland,Hungarian,RandomForest
62,0,exang,-0.097849,0.097849,PAIRWISE_E2_CLEV_TO_HUNG_RandomForest,Cleveland,Hungarian,RandomForest
62,0,oldpeak,-0.089781,0.089781,PAIRWISE_E2_CLEV_TO_HUNG_RandomForest,Cleveland,Hungarian,RandomForest
62,0,slope,-0.079617,0.079617,PAIRWISE_E2_CLEV_TO_HUNG_RandomForest,Cleveland,Hungarian,RandomForest
65,1,age,-0.044896,0.044896,PAIRWISE_E2_CLEV_TO_HUNG_RandomForest,Cleveland,Hungarian,RandomForest
65,1,sex,-0.129804,0.129804,PAIRWISE_E2_CLEV_TO_HUNG_RandomForest,Cleveland,Hungarian,RandomForest
65,1,cp,-0.157193,0.157193,PAIRWISE_E2_CLEV_TO_HUNG_RandomForest,Cleveland,Hungarian,RandomForest
65,1,trestbps,0.04533,0.04533,PAIRWISE_E2_CLEV_TO_HUNG_RandomForest,Cleveland,Hungarian,RandomForest
65,1,fbs,0.004364,0.004364,PAIRWISE_E2_CLEV_TO_HUNG_RandomForest,Cleveland,Hungarian,RandomForest
65,1,restecg,-0.013542,0.013542,PAIRWISE_E2_CLEV_TO_HUNG_RandomForest,Cleveland,Hungarian,RandomForest
65,1,thalach,-0.108918,0.108918,PAIRWISE_E2_CLEV_TO_HUNG_RandomForest,Cleveland,Hungarian,RandomForest
65,1,exang,-0.111177,0.111177,PAIRWISE_E2_CLEV_TO_HUNG_RandomForest,Cleveland,Hungarian,RandomForest
65,1,oldpeak,-0.102222,0.102222,PAIRWISE_E2_CLEV_TO_HUNG_RandomForest,Cleveland,Hungarian,RandomForest
65,1,slope,-0.09019,0.09019,PAIRWISE_E2_CLEV_TO_HUNG_RandomForest,Cleveland,Hungarian,RandomForest
142,2,age,-0.036184,0.036184,PAIRWISE_E2_CLEV_TO_HUNG_RandomForest,Cleveland,Hungarian,RandomForest
142,2,sex,-0.134164,0.134164,PAIRWISE_E2_CLEV_TO_HUNG_RandomForest,Cleveland,Hungarian,RandomForest
142,2,cp,-0.116985,0.116985,PAIRWISE_E2_CLEV_TO_HUNG_RandomForest,Cleveland,Hungarian,RandomForest
142,2,trestbps,-0.008363,0.008363,PAIRWISE_E2_CLEV_TO_HUNG_RandomForest,Cleveland,Hungarian,RandomForest
142,2,fbs,-0.017736,0.017736,PAIRWISE_E2_CLEV_TO_HUNG_RandomForest,Cleveland,Hungarian,RandomForest
142,2,restecg,-0.029505,0.029505,PAIRWISE_E2_CLEV_TO_HUNG_RandomForest,Cleveland,Hungarian,RandomForest
142,2,thalach,-0.044273,0.044273,PAIRWISE_E2_CLEV_TO_HUNG_RandomForest,Cleveland,Hungarian,RandomForest
142,2,exang,-0.099867,0.099867,PAIRWISE_E2_CLEV_TO_HUNG_RandomForest,Cleveland,Hungarian,RandomForest
142,2,oldpeak,-0.121866,0.121866,PAIRWISE_E2_CLEV_TO_HUNG_RandomForest,Cleveland,Hungarian,RandomForest
142,2,slope,0.083322,0.083322,PAIRWISE_E2_CLEV_TO_HUNG_RandomForest,Cleveland,Hungarian,RandomForest
129,3,age,-0.041946,0.041946,PAIRWISE_E2_CLEV_TO_HUNG_RandomForest,Cleveland,Hungarian,RandomForest
129,3,sex,0.119116,0.119116,PAIRWISE_E2_CLEV_TO_HUNG_RandomForest,Cleveland,Hungarian,RandomForest
129,3,cp,-0.150087,0.150087,PAIRWISE_E2_CLEV_TO_HUNG_RandomForest,Cleveland,Hungarian,RandomForest
129,3,trestbps,-0.00549,0.00549,PAIRWISE_E2_CLEV_TO_HUNG_RandomForest,Cleveland,Hungarian,RandomForest
129,3,fbs,-0.005603,0.005603,PAIRWISE_E2_CLEV_TO_HUNG_RandomForest,Cleveland,Hungarian,RandomForest
129,3,restecg,-0.00026,0.00026,PAIRWISE_E2_CLEV_TO_HUNG_RandomForest,Cleveland,Hungarian,RandomForest
129,3,thalach,-0.096928,0.096928,PAIRWISE_E2_CLEV_TO_HUNG_RandomForest,Cleveland,Hungarian,RandomForest
129,3,exang,-0.115028,0.115028,PAIRWISE_E2_CLEV_TO_HUNG_RandomForest,Cleveland,Hungarian,RandomForest
129,3,oldpeak,-0.087013,0.087013,PAIRWISE_E2_CLEV_TO_HUNG_RandomForest,Cleveland,Hungarian,RandomForest
129,3,slope,-0.074322,0.074322,PAIRWISE_E2_CLEV_TO_HUNG_RandomForest,Cleveland,Hungarian,RandomForest
93,4,age,-0.047512,0.047512,PAIRWISE_E2_CLEV_TO_HUNG_RandomForest,Cleveland,Hungarian,RandomForest
93,4,sex,-0.135873,0.135873,PAIRWISE_E2_CLEV_TO_HUNG_RandomForest,Cleveland,Hungarian,RandomForest
93,4,cp,-0.148939,0.148939,PAIRWISE_E2_CLEV_TO_HUNG_RandomForest,Cleveland,Hungarian,RandomForest
93,4,trestbps,-0.032366,0.032366,PAIRWISE_E2_CLEV_TO_HUNG_RandomForest,Cleveland,Hungarian,RandomForest
93,4,fbs,-0.001283,0.001283,PAIRWISE_E2_CLEV_TO_HUNG_RandomForest,Cleveland,Hungarian,RandomForest
93,4,restecg,-0.021844,0.021844,PAIRWISE_E2_CLEV_TO_HUNG_RandomForest,Cleveland,Hungarian,RandomForest
93,4,thalach,0.1046,0.1046,PAIRWISE_E2_CLEV_TO_HUNG_RandomForest,Cleveland,Hungarian,RandomForest
93,4,exang,-0.121803,0.121803,PAIRWISE_E2_CLEV_TO_HUNG_RandomForest,Cleveland,Hungarian,RandomForest
93,4,oldpeak,-0.095659,0.095659,PAIRWISE_E2_CLEV_TO_HUNG_RandomForest,Cleveland,Hungarian,RandomForest
93,4,slope,-0.079844,0.079844,PAIRWISE_E2_CLEV_TO_HUNG_RandomForest,Cleveland,Hungarian,RandomForest
110,5,age,-0.057001,0.057001,PAIRWISE_E2_CLEV_TO_HUNG_RandomForest,Cleveland,Hungarian,RandomForest
110,5,sex,0.119569,0.119569,PAIRWISE_E2_CLEV_TO_HUNG_RandomForest,Cleveland,Hungarian,RandomForest
110,5,cp,-0.139617,0.139617,PAIRWISE_E2_CLEV_TO_HUNG_RandomForest,Cleveland,Hungarian,RandomForest
110,5,trestbps,-0.008934,0.008934,PAIRWISE_E2_CLEV_TO_HUNG_RandomForest,Cleveland,Hungarian,RandomForest
110,5,fbs,-0.005536,0.005536,PAIRWISE_E2_CLEV_TO_HUNG_RandomForest,Cleveland,Hungarian,RandomForest
110,5,restecg,-0.024338,0.024338,PAIRWISE_E2_CLEV_TO_HUNG_RandomForest,Cleveland,Hungarian,RandomForest
110,5,thalach,-0.04346,0.04346,PAIRWISE_E2_CLEV_TO_HUNG_RandomForest,Cleveland,Hungarian,RandomForest
110,5,exang,-0.109363,0.109363,PAIRWISE_E2_CLEV_TO_HUNG_RandomForest,Cleveland,Hungarian,RandomForest
110,5,oldpeak,-0.099569,0.099569,PAIRWISE_E2_CLEV_TO_HUNG_RandomForest,Cleveland,Hungarian,RandomForest
110,5,slope,-0.081912,0.081912,PAIRWISE_E2_CLEV_TO_HUNG_RandomForest,Cleveland,Hungarian,RandomForest
20,6,age,-0.04334,0.04334,PAIRWISE_E2_CLEV_TO_HUNG_RandomForest,Cleveland,Hungarian,RandomForest
20,6,sex,-0.119741,0.119741,PAIRWISE_E2_CLEV_TO_HUNG_RandomForest,Cleveland,Hungarian,RandomForest
20,6,cp,-0.149635,0.149635,PAIRWISE_E2_CLEV_TO_HUNG_RandomForest,Cleveland,Hungarian,RandomForest
20,6,trestbps,-0.02891,0.02891,PAIRWISE_E2_CLEV_TO_HUNG_RandomForest,Cleveland,Hungarian,RandomForest
20,6,fbs,0.016818,0.016818,PAIRWISE_E2_CLEV_TO_HUNG_RandomForest,Cleveland,Hungarian,RandomForest
20,6,restecg,-0.025857,0.025857,PAIRWISE_E2_CLEV_TO_HUNG_RandomForest,Cleveland,Hungarian,RandomForest
20,6,thalach,0.11219,0.11219,PAIRWISE_E2_CLEV_TO_HUNG_RandomForest,Cleveland,Hungarian,RandomForest
20,6,exang,-0.112615,0.112615,PAIRWISE_E2_CLEV_TO_HUNG_RandomForest,Cleveland,Hungarian,RandomForest
20,6,oldpeak,-0.094628,0.094628,PAIRWISE_E2_CLEV_TO_HUNG_RandomForest,Cleveland,Hungarian,RandomForest
20,6,slope,0.064262,0.064262,PAIRWISE_E2_CLEV_TO_HUNG_RandomForest,Cleveland,Hungarian,RandomForest
11,7,age,-0.043711,0.043711,PAIRWISE_E2_CLEV_TO_HUNG_RandomForest,Cleveland,Hungarian,RandomForest
11,7,sex,0.12744,0.12744,PAIRWISE_E2_CLEV_TO_HUNG_RandomForest,Cleveland,Hungarian,RandomForest
11,7,cp,-0.124389,0.124389,PAIRWISE_E2_CLEV_TO_HUNG_RandomForest,Cleveland,Hungarian,RandomForest
11,7,trestbps,-0.03032,0.03032,PAIRWISE_E2_CLEV_TO_HUNG_RandomForest,Cleveland,Hungarian,RandomForest
11,7,fbs,0.018016,0.018016,PAIRWISE_E2_CLEV_TO_HUNG_RandomForest,Cleveland,Hungarian,RandomForest
11,7,restecg,-0.013514,0.013514,PAIRWISE_E2_CLEV_TO_HUNG_RandomForest,Cleveland,Hungarian,RandomForest
11,7,thalach,0.044568,0.044568,PAIRWISE_E2_CLEV_TO_HUNG_RandomForest,Cleveland,Hungarian,RandomForest
11,7,exang,-0.101103,0.101103,PAIRWISE_E2_CLEV_TO_HUNG_RandomForest,Cleveland,Hungarian,RandomForest
11,7,oldpeak,-0.098397,0.098397,PAIRWISE_E2_CLEV_TO_HUNG_RandomForest,Cleveland,Hungarian,RandomForest
11,7,slope,-0.063262,0.063262,PAIRWISE_E2_CLEV_TO_HUNG_RandomForest,Cleveland,Hungarian,RandomForest
50,8,age,-0.070431,0.070431,PAIRWISE_E2_CLEV_TO_HUNG_RandomForest,Cleveland,Hungarian,RandomForest
50,8,sex,0.111025,0.111025,PAIRWISE_E2_CLEV_TO_HUNG_RandomForest,Cleveland,Hungarian,RandomForest
50,8,cp,-0.137083,0.137083,PAIRWISE_E2_CLEV_TO_HUNG_RandomForest,Cleveland,Hungarian,RandomForest
50,8,trestbps,-0.01235,0.01235,PAIRWISE_E2_CLEV_TO_HUNG_RandomForest,Cleveland,Hungarian,RandomForest
50,8,fbs,0.020568,0.020568,PAIRWISE_E2_CLEV_TO_HUNG_RandomForest,Cleveland,Hungarian,RandomForest
50,8,restecg,-0.011714,0.011714,PAIRWISE_E2_CLEV_TO_HUNG_RandomForest,Cleveland,Hungarian,RandomForest
50,8,thalach,0.049118,0.049118,PAIRWISE_E2_CLEV_TO_HUNG_RandomForest,Cleveland,Hungarian,RandomForest
50,8,exang,-0.118324,0.118324,PAIRWISE_E2_CLEV_TO_HUNG_RandomForest,Cleveland,Hungarian,RandomForest
50,8,oldpeak,-0.115747,0.115747,PAIRWISE_E2_CLEV_TO_HUNG_RandomForest,Cleveland,Hungarian,RandomForest
50,8,slope,0.066978,0.066978,PAIRWISE_E2_CLEV_TO_HUNG_RandomForest,Cleveland,Hungarian,RandomForest
152,9,age,-0.053167,0.053167,PAIRWISE_E2_CLEV_TO_HUNG_RandomForest,Cleveland,Hungarian,RandomForest
152,9,sex,0.144206,0.144206,PAIRWISE_E2_CLEV_TO_HUNG_RandomForest,Cleveland,Hungarian,RandomForest
152,9,cp,-0.145326,0.145326,PAIRWISE_E2_CLEV_TO_HUNG_RandomForest,Cleveland,Hungarian,RandomForest
152,9,trestbps,-0.02474,0.02474,PAIRWISE_E2_CLEV_TO_HUNG_RandomForest,Cleveland,Hungarian,RandomForest
152,9,fbs,-0.017818,0.017818,PAIRWISE_E2_CLEV_TO_HUNG_RandomForest,Cleveland,Hungarian,RandomForest
152,9,restecg,-0.028557,0.028557,PAIRWISE_E2_CLEV_TO_HUNG_RandomForest,Cleveland,Hungarian,RandomForest
152,9,thalach,0.036341,0.036341,PAIRWISE_E2_CLEV_TO_HUNG_RandomForest,Cleveland,Hungarian,RandomForest
152,9,exang,-0.110566,0.110566,PAIRWISE_E2_CLEV_TO_HUNG_RandomForest,Cleveland,Hungarian,RandomForest
152,9,oldpeak,-0.11348,0.11348,PAIRWISE_E2_CLEV_TO_HUNG_RandomForest,Cleveland,Hungarian,RandomForest
152,9,slope,0.055051,0.055051,PAIRWISE_E2_CLEV_TO_HUNG_RandomForest,Cleveland,Hungarian,RandomForest
219,10,age,0.072387,0.072387,PAIRWISE_E2_CLEV_TO_HUNG_RandomForest,Cleveland,Hungarian,RandomForest
219,10,sex,0.125395,0.125395,PAIRWISE_E2_CLEV_TO_HUNG_RandomForest,Cleveland,Hungarian,RandomForest
219,10,cp,-0.153416,0.153416,PAIRWISE_E2_CLEV_TO_HUNG_RandomForest,Cleveland,Hungarian,RandomForest
219,10,trestbps,-0.016138,0.016138,PAIRWISE_E2_CLEV_TO_HUNG_RandomForest,Cleveland,Hungarian,RandomForest
219,10,fbs,-0.018877,0.018877,PAIRWISE_E2_CLEV_TO_HUNG_RandomForest,Cleveland,Hungarian,RandomForest
219,10,restecg,0.015777,0.015777,PAIRWISE_E2_CLEV_TO_HUNG_RandomForest,Cleveland,Hungarian,RandomForest
219,10,thalach,0.03142,0.03142,PAIRWISE_E2_CLEV_TO_HUNG_RandomForest,Cleveland,Hungarian,RandomForest
219,10,exang,-0.091988,0.091988,PAIRWISE_E2_CLEV_TO_HUNG_RandomForest,Cleveland,Hungarian,RandomForest
219,10,oldpeak,-0.095838,0.095838,PAIRWISE_E2_CLEV_TO_HUNG_RandomForest,Cleveland,Hungarian,RandomForest
219,10,slope,-0.07063,0.07063,PAIRWISE_E2_CLEV_TO_HUNG_RandomForest,Cleveland,Hungarian,RandomForest
56,11,age,-0.06631,0.06631,PAIRWISE_E2_CLEV_TO_HUNG_RandomForest,Cleveland,Hungarian,RandomForest
56,11,sex,0.13851,0.13851,PAIRWISE_E2_CLEV_TO_HUNG_RandomForest,Cleveland,Hungarian,RandomForest
56,11,cp,-0.157085,0.157085,PAIRWISE_E2_CLEV_TO_HUNG_RandomForest,Cleveland,Hungarian,RandomForest
56,11,trestbps,-0.028625,0.028625,PAIRWISE_E2_CLEV_TO_HUNG_RandomForest,Cleveland,Hungarian,RandomForest
56,11,fbs,-0.02459,0.02459,PAIRWISE_E2_CLEV_TO_HUNG_RandomForest,Cleveland,Hungarian,RandomForest
56,11,restecg,-0.022454,0.022454,PAIRWISE_E2_CLEV_TO_HUNG_RandomForest,Cleveland,Hungarian,RandomForest
56,11,thalach,0.03228,0.03228,PAIRWISE_E2_CLEV_TO_HUNG_RandomForest,Cleveland,Hungarian,RandomForest
56,11,exang,0.113889,0.113889,PAIRWISE_E2_CLEV_TO_HUNG_RandomForest,Cleveland,Hungarian,RandomForest
56,11,oldpeak,0.023511,0.023511,PAIRWISE_E2_CLEV_TO_HUNG_RandomForest,Cleveland,Hungarian,RandomForest
56,11,slope,0.076419,0.076419,PAIRWISE_E2_CLEV_TO_HUNG_RandomForest,Cleveland,Hungarian,RandomForest
58,12,age,-0.055161,0.055161,PAIRWISE_E2_CLEV_TO_HUNG_RandomForest,Cleveland,Hungarian,RandomForest
58,12,sex,0.128923,0.128923,PAIRWISE_E2_CLEV_TO_HUNG_RandomForest,Cleveland,Hungarian,RandomForest
58,12,cp,0.221175,0.221175,PAIRWISE_E2_CLEV_TO_HUNG_RandomForest,Cleveland,Hungarian,RandomForest
58,12,trestbps,-0.004655,0.004655,PAIRWISE_E2_CLEV_TO_HUNG_RandomForest,Cleveland,Hungarian,RandomForest
58,12,fbs,-0.014765,0.014765,PAIRWISE_E2_CLEV_TO_HUNG_RandomForest,Cleveland,Hungarian,RandomForest
58,12,restecg,-0.022594,0.022594,PAIRWISE_E2_CLEV_TO_HUNG_RandomForest,Cleveland,Hungarian,RandomForest
58,12,thalach,-0.113267,0.113267,PAIRWISE_E2_CLEV_TO_HUNG_RandomForest,Cleveland,Hungarian,RandomForest
58,12,exang,-0.109568,0.109568,PAIRWISE_E2_CLEV_TO_HUNG_RandomForest,Cleveland,Hungarian,RandomForest
58,12,oldpeak,-0.099856,0.099856,PAIRWISE_E2_CLEV_TO_HUNG_RandomForest,Cleveland,Hungarian,RandomForest
58,12,slope,-0.065873,0.065873,PAIRWISE_E2_CLEV_TO_HUNG_RandomForest,Cleveland,Hungarian,RandomForest
166,13,age,-0.077462,0.077462,PAIRWISE_E2_CLEV_TO_HUNG_RandomForest,Cleveland,Hungarian,RandomForest
166,13,sex,0.133848,0.133848,PAIRWISE_E2_CLEV_TO_HUNG_RandomForest,Cleveland,Hungarian,RandomForest
166,13,cp,-0.136126,0.136126,PAIRWISE_E2_CLEV_TO_HUNG_RandomForest,Cleveland,Hungarian,RandomForest
166,13,trestbps,-0.012676,0.012676,PAIRWISE_E2_CLEV_TO_HUNG_RandomForest,Cleveland,Hungarian,RandomForest
166,13,fbs,-0.002114,0.002114,PAIRWISE_E2_CLEV_TO_HUNG_RandomForest,Cleveland,Hungarian,RandomForest
166,13,restecg,-0.034394,0.034394,PAIRWISE_E2_CLEV_TO_HUNG_RandomForest,Cleveland,Hungarian,RandomForest
166,13,thalach,0.119446,0.119446,PAIRWISE_E2_CLEV_TO_HUNG_RandomForest,Cleveland,Hungarian,RandomForest
166,13,exang,-0.093053,0.093053,PAIRWISE_E2_CLEV_TO_HUNG_RandomForest,Cleveland,Hungarian,RandomForest
166,13,oldpeak,-0.114978,0.114978,PAIRWISE_E2_CLEV_TO_HUNG_RandomForest,Cleveland,Hungarian,RandomForest
166,13,slope,0.078498,0.078498,PAIRWISE_E2_CLEV_TO_HUNG_RandomForest,Cleveland,Hungarian,RandomForest
138,14,age,-0.064032,0.064032,PAIRWISE_E2_CLEV_TO_HUNG_RandomForest,Cleveland,Hungarian,RandomForest
138,14,sex,0.120537,0.120537,PAIRWISE_E2_CLEV_TO_HUNG_RandomForest,Cleveland,Hungarian,RandomForest
138,14,cp,0.223768,0.223768,PAIRWISE_E2_CLEV_TO_HUNG_RandomForest,Cleveland,Hungarian,RandomForest
138,14,trestbps,-0.000739,0.000739,PAIRWISE_E2_CLEV_TO_HUNG_RandomForest,Cleveland,Hungarian,RandomForest
138,14,fbs,-0.011407,0.011407,PAIRWISE_E2_CLEV_TO_HUNG_RandomForest,Cleveland,Hungarian,RandomForest
138,14,restecg,-0.016265,0.016265,PAIRWISE_E2_CLEV_TO_HUNG_RandomForest,Cleveland,Hungarian,RandomForest
138,14,thalach,-0.048022,0.048022,PAIRWISE_E2_CLEV_TO_HUNG_RandomForest,Cleveland,Hungarian,RandomForest
138,14,exang,-0.08512,0.08512,PAIRWISE_E2_CLEV_TO_HUNG_RandomForest,Cleveland,Hungarian,RandomForest
138,14,oldpeak,-0.108035,0.108035,PAIRWISE_E2_CLEV_TO_HUNG_RandomForest,Cleveland,Hungarian,RandomForest
138,14,slope,0.074538,0.074538,PAIRWISE_E2_CLEV_TO_HUNG_RandomForest,Cleveland,Hungarian,RandomForest
51,15,age,-0.060418,0.060418,PAIRWISE_E2_CLEV_TO_HUNG_RandomForest,Cleveland,Hungarian,RandomForest
51,15,sex,0.125514,0.125514,PAIRWISE_E2_CLEV_TO_HUNG_RandomForest,Cleveland,Hungarian,RandomForest
51,15,cp,0.230469,0.230469,PAIRWISE_E2_CLEV_TO_HUNG_RandomForest,Cleveland,Hungarian,RandomForest
51,15,trestbps,-0.021623,0.021623,PAIRWISE_E2_CLEV_TO_HUNG_RandomForest,Cleveland,Hungarian,RandomForest
51,15,fbs,-0.005499,0.005499,PAIRWISE_E2_CLEV_TO_HUNG_RandomForest,Cleveland,Hungarian,RandomForest
51,15,restecg,-0.023424,0.023424,PAIRWISE_E2_CLEV_TO_HUNG_RandomForest,Cleveland,Hungarian,RandomForest
51,15,thalach,0.030409,0.030409,PAIRWISE_E2_CLEV_TO_HUNG_RandomForest,Cleveland,Hungarian,RandomForest
51,15,exang,-0.112096,0.112096,PAIRWISE_E2_CLEV_TO_HUNG_RandomForest,Cleveland,Hungarian,RandomForest
51,15,oldpeak,-0.119467,0.119467,PAIRWISE_E2_CLEV_TO_HUNG_RandomForest,Cleveland,Hungarian,RandomForest
51,15,slope,0.054269,0.054269,PAIRWISE_E2_CLEV_TO_HUNG_RandomForest,Cleveland,Hungarian,RandomForest
291,16,age,0.047912,0.047912,PAIRWISE_E2_CLEV_TO_HUNG_RandomForest,Cleveland,Hungarian,RandomForest
291,16,sex,-0.135424,0.135424,PAIRWISE_E2_CLEV_TO_HUNG_RandomForest,Cleveland,Hungarian,RandomForest
291,16,cp,-0.13019,0.13019,PAIRWISE_E2_CLEV_TO_HUNG_RandomForest,Cleveland,Hungarian,RandomForest
291,16,trestbps,0.043419,0.043419,PAIRWISE_E2_CLEV_TO_HUNG_RandomForest,Cleveland,Hungarian,RandomForest
291,16,fbs,-0.006347,0.006347,PAIRWISE_E2_CLEV_TO_HUNG_RandomForest,Cleveland,Hungarian,RandomForest
291,16,restecg,-0.015426,0.015426,PAIRWISE_E2_CLEV_TO_HUNG_RandomForest,Cleveland,Hungarian,RandomForest
291,16,thalach,0.116883,0.116883,PAIRWISE_E2_CLEV_TO_HUNG_RandomForest,Cleveland,Hungarian,RandomForest
291,16,exang,0.107735,0.107735,PAIRWISE_E2_CLEV_TO_HUNG_RandomForest,Cleveland,Hungarian,RandomForest
291,16,oldpeak,0.037057,0.037057,PAIRWISE_E2_CLEV_TO_HUNG_RandomForest,Cleveland,Hungarian,RandomForest
291,16,slope,0.07071,0.07071,PAIRWISE_E2_CLEV_TO_HUNG_RandomForest,Cleveland,Hungarian,RandomForest
231,17,age,-0.058308,0.058308,PAIRWISE_E2_CLEV_TO_HUNG_RandomForest,Cleveland,Hungarian,RandomForest
231,17,sex,0.144894,0.144894,PAIRWISE_E2_CLEV_TO_HUNG_RandomForest,Cleveland,Hungarian,RandomForest
231,17,cp,0.222473,0.222473,PAIRWISE_E2_CLEV_TO_HUNG_RandomForest,Cleveland,Hungarian,RandomForest
231,17,trestbps,-0.006251,0.006251,PAIRWISE_E2_CLEV_TO_HUNG_RandomForest,Cleveland,Hungarian,RandomForest
231,17,fbs,0.004148,0.004148,PAIRWISE_E2_CLEV_TO_HUNG_RandomForest,Cleveland,Hungarian,RandomForest
231,17,restecg,-0.026392,0.026392,PAIRWISE_E2_CLEV_TO_HUNG_RandomForest,Cleveland,Hungarian,RandomForest
231,17,thalach,0.102321,0.102321,PAIRWISE_E2_CLEV_TO_HUNG_RandomForest,Cleveland,Hungarian,RandomForest
231,17,exang,-0.120704,0.120704,PAIRWISE_E2_CLEV_TO_HUNG_RandomForest,Cleveland,Hungarian,RandomForest
231,17,oldpeak,-0.102101,0.102101,PAIRWISE_E2_CLEV_TO_HUNG_RandomForest,Cleveland,Hungarian,RandomForest
231,17,slope,0.059825,0.059825,PAIRWISE_E2_CLEV_TO_HUNG_RandomForest,Cleveland,Hungarian,RandomForest
187,18,age,-0.056791,0.056791,PAIRWISE_E2_CLEV_TO_HUNG_RandomForest,Cleveland,Hungarian,RandomForest
187,18,sex,0.124918,0.124918,PAIRWISE_E2_CLEV_TO_HUNG_RandomForest,Cleveland,Hungarian,RandomForest
187,18,cp,0.235707,0.235707,PAIRWISE_E2_CLEV_TO_HUNG_RandomForest,Cleveland,Hungarian,RandomForest
187,18,trestbps,-0.030277,0.030277,PAIRWISE_E2_CLEV_TO_HUNG_RandomForest,Cleveland,Hungarian,RandomForest
187,18,fbs,-0.016228,0.016228,PAIRWISE_E2_CLEV_TO_HUNG_RandomForest,Cleveland,Hungarian,RandomForest
187,18,restecg,-0.004447,0.004447,PAIRWISE_E2_CLEV_TO_HUNG_RandomForest,Cleveland,Hungarian,RandomForest
187,18,thalach,0.028128,0.028128,PAIRWISE_E2_CLEV_TO_HUNG_RandomForest,Cleveland,Hungarian,RandomForest
187,18,exang,0.114032,0.114032,PAIRWISE_E2_CLEV_TO_HUNG_RandomForest,Cleveland,Hungarian,RandomForest
187,18,oldpeak,0.00994,0.00994,PAIRWISE_E2_CLEV_TO_HUNG_RandomForest,Cleveland,Hungarian,RandomForest
187,18,slope,0.084612,0.084612,PAIRWISE_E2_CLEV_TO_HUNG_RandomForest,Cleveland,Hungarian,RandomForest
243,19,age,-0.032581,0.032581,PAIRWISE_E2_CLEV_TO_HUNG_RandomForest,Cleveland,Hungarian,RandomForest
243,19,sex,0.127987,0.127987,PAIRWISE_E2_CLEV_TO_HUNG_RandomForest,Cleveland,Hungarian,RandomForest
243,19,cp,0.227652,0.227652,PAIRWISE_E2_CLEV_TO_HUNG_RandomForest,Cleveland,Hungarian,RandomForest
243,19,trestbps,-0.012139,0.012139,PAIRWISE_E2_CLEV_TO_HUNG_RandomForest,Cleveland,Hungarian,RandomForest
243,19,fbs,0.006996,0.006996,PAIRWISE_E2_CLEV_TO_HUNG_RandomForest,Cleveland,Hungarian,RandomForest
243,19,restecg,-0.018358,0.018358,PAIRWISE_E2_CLEV_TO_HUNG_RandomForest,Cleveland,Hungarian,RandomForest
243,19,thalach,0.119887,0.119887,PAIRWISE_E2_CLEV_TO_HUNG_RandomForest,Cleveland,Hungarian,RandomForest
243,19,exang,0.109158,0.109158,PAIRWISE_E2_CLEV_TO_HUNG_RandomForest,Cleveland,Hungarian,RandomForest
243,19,oldpeak,-0.114145,0.114145,PAIRWISE_E2_CLEV_TO_HUNG_RandomForest,Cleveland,Hungarian,RandomForest
243,19,slope,0.072487,0.072487,PAIRWISE_E2_CLEV_TO_HUNG_RandomForest,Cleveland,Hungarian,RandomForest
183,20,age,0.070124,0.070124,PAIRWISE_E2_CLEV_TO_HUNG_RandomForest,Cleveland,Hungarian,RandomForest
183,20,sex,-0.13548,0.13548,PAIRWISE_E2_CLEV_TO_HUNG_RandomForest,Cleveland,Hungarian,RandomForest
183,20,cp,0.224754,0.224754,PAIRWISE_E2_CLEV_TO_HUNG_RandomForest,Cleveland,Hungarian,RandomForest
183,20,trestbps,-0.013111,0.013111,PAIRWISE_E2_CLEV_TO_HUNG_RandomForest,Cleveland,Hungarian,RandomForest
183,20,fbs,0.005672,0.005672,PAIRWISE_E2_CLEV_TO_HUNG_RandomForest,Cleveland,Hungarian,RandomForest
183,20,restecg,0.024706,0.024706,PAIRWISE_E2_CLEV_TO_HUNG_RandomForest,Cleveland,Hungarian,RandomForest
183,20,thalach,0.107798,0.107798,PAIRWISE_E2_CLEV_TO_HUNG_RandomForest,Cleveland,Hungarian,RandomForest
183,20,exang,0.115202,0.115202,PAIRWISE_E2_CLEV_TO_HUNG_RandomForest,Cleveland,Hungarian,RandomForest
183,20,oldpeak,0.012364,0.012364,PAIRWISE_E2_CLEV_TO_HUNG_RandomForest,Cleveland,Hungarian,RandomForest
183,20,slope,0.074148,0.074148,PAIRWISE_E2_CLEV_TO_HUNG_RandomForest,Cleveland,Hungarian,RandomForest
258,21,age,-0.050607,0.050607,PAIRWISE_E2_CLEV_TO_HUNG_RandomForest,Cleveland,Hungarian,RandomForest
258,21,sex,0.119143,0.119143,PAIRWISE_E2_CLEV_TO_HUNG_RandomForest,Cleveland,Hungarian,RandomForest
258,21,cp,0.219583,0.219583,PAIRWISE_E2_CLEV_TO_HUNG_RandomForest,Cleveland,Hungarian,RandomForest
258,21,trestbps,-0.011698,0.011698,PAIRWISE_E2_CLEV_TO_HUNG_RandomForest,Cleveland,Hungarian,RandomForest
258,21,fbs,-0.002335,0.002335,PAIRWISE_E2_CLEV_TO_HUNG_RandomForest,Cleveland,Hungarian,RandomForest
258,21,restecg,-0.018357,0.018357,PAIRWISE_E2_CLEV_TO_HUNG_RandomForest,Cleveland,Hungarian,RandomForest
258,21,thalach,0.040598,0.040598,PAIRWISE_E2_CLEV_TO_HUNG_RandomForest,Cleveland,Hungarian,RandomForest
258,21,exang,0.125455,0.125455,PAIRWISE_E2_CLEV_TO_HUNG_RandomForest,Cleveland,Hungarian,RandomForest
258,21,oldpeak,0.025912,0.025912,PAIRWISE_E2_CLEV_TO_HUNG_RandomForest,Cleveland,Hungarian,RandomForest
258,21,slope,0.059528,0.059528,PAIRWISE_E2_CLEV_TO_HUNG_RandomForest,Cleveland,Hungarian,RandomForest
244,22,age,-0.039047,0.039047,PAIRWISE_E2_CLEV_TO_HUNG_RandomForest,Cleveland,Hungarian,RandomForest
244,22,sex,0.143392,0.143392,PAIRWISE_E2_CLEV_TO_HUNG_RandomForest,Cleveland,Hungarian,RandomForest
244,22,cp,0.215201,0.215201,PAIRWISE_E2_CLEV_TO_HUNG_RandomForest,Cleveland,Hungarian,RandomForest
244,22,trestbps,0.049902,0.049902,PAIRWISE_E2_CLEV_TO_HUNG_RandomForest,Cleveland,Hungarian,RandomForest
244,22,fbs,-0.006812,0.006812,PAIRWISE_E2_CLEV_TO_HUNG_RandomForest,Cleveland,Hungarian,RandomForest
244,22,restecg,-0.025692,0.025692,PAIRWISE_E2_CLEV_TO_HUNG_RandomForest,Cleveland,Hungarian,RandomForest
244,22,thalach,0.033382,0.033382,PAIRWISE_E2_CLEV_TO_HUNG_RandomForest,Cleveland,Hungarian,RandomForest
244,22,exang,0.121491,0.121491,PAIRWISE_E2_CLEV_TO_HUNG_RandomForest,Cleveland,Hungarian,RandomForest
244,22,oldpeak,0.174304,0.174304,PAIRWISE_E2_CLEV_TO_HUNG_RandomForest,Cleveland,Hungarian,RandomForest
244,22,slope,0.075758,0.075758,PAIRWISE_E2_CLEV_TO_HUNG_RandomForest,Cleveland,Hungarian,RandomForest
246,23,age,-0.04585,0.04585,PAIRWISE_E2_CLEV_TO_HUNG_RandomForest,Cleveland,Hungarian,RandomForest
246,23,sex,0.139173,0.139173,PAIRWISE_E2_CLEV_TO_HUNG_RandomForest,Cleveland,Hungarian,RandomForest
246,23,cp,0.220239,0.220239,PAIRWISE_E2_CLEV_TO_HUNG_RandomForest,Cleveland,Hungarian,RandomForest
246,23,trestbps,0.06874,0.06874,PAIRWISE_E2_CLEV_TO_HUNG_RandomForest,Cleveland,Hungarian,RandomForest
246,23,fbs,0.010107,0.010107,PAIRWISE_E2_CLEV_TO_HUNG_RandomForest,Cleveland,Hungarian,RandomForest
246,23,restecg,-0.014627,0.014627,PAIRWISE_E2_CLEV_TO_HUNG_RandomForest,Cleveland,Hungarian,RandomForest
246,23,thalach,0.115875,0.115875,PAIRWISE_E2_CLEV_TO_HUNG_RandomForest,Cleveland,Hungarian,RandomForest
246,23,exang,0.126327,0.126327,PAIRWISE_E2_CLEV_TO_HUNG_RandomForest,Cleveland,Hungarian,RandomForest
246,23,oldpeak,0.037213,0.037213,PAIRWISE_E2_CLEV_TO_HUNG_RandomForest,Cleveland,Hungarian,RandomForest
246,23,slope,0.06164,0.06164,PAIRWISE_E2_CLEV_TO_HUNG_RandomForest,Cleveland,Hungarian,RandomForest
217,24,age,-0.035435,0.035435,PAIRWISE_E2_CLEV_TO_HUNG_RandomForest,Cleveland,Hungarian,RandomForest
217,24,sex,0.123148,0.123148,PAIRWISE_E2_CLEV_TO_HUNG_RandomForest,Cleveland,Hungarian,RandomForest
217,24,cp,0.224755,0.224755,PAIRWISE_E2_CLEV_TO_HUNG_RandomForest,Cleveland,Hungarian,RandomForest
217,24,trestbps,-0.014331,0.014331,PAIRWISE_E2_CLEV_TO_HUNG_RandomForest,Cleveland,Hungarian,RandomForest
217,24,fbs,0.003311,0.003311,PAIRWISE_E2_CLEV_TO_HUNG_RandomForest,Cleveland,Hungarian,RandomForest
217,24,restecg,-0.021865,0.021865,PAIRWISE_E2_CLEV_TO_HUNG_RandomForest,Cleveland,Hungarian,RandomForest
217,24,thalach,0.120359,0.120359,PAIRWISE_E2_CLEV_TO_HUNG_RandomForest,Cleveland,Hungarian,RandomForest
217,24,exang,0.118043,0.118043,PAIRWISE_E2_CLEV_TO_HUNG_RandomForest,Cleveland,Hungarian,RandomForest
217,24,oldpeak,0.183454,0.183454,PAIRWISE_E2_CLEV_TO_HUNG_RandomForest,Cleveland,Hungarian,RandomForest
217,24,slope,0.071981,0.071981,PAIRWISE_E2_CLEV_TO_HUNG_RandomForest,Cleveland,Hungarian,RandomForest
165,0,age,-0.002557,0.002557,PAIRWISE_E3_CLEV_TO_HUNG_SVM,Cleveland,Hungarian,SVM
165,0,sex,-0.213956,0.213956,PAIRWISE_E3_CLEV_TO_HUNG_SVM,Cleveland,Hungarian,SVM
165,0,cp,-0.050199,0.050199,PAIRWISE_E3_CLEV_TO_HUNG_SVM,Cleveland,Hungarian,SVM
165,0,trestbps,-0.040639,0.040639,PAIRWISE_E3_CLEV_TO_HUNG_SVM,Cleveland,Hungarian,SVM
165,0,fbs,0.02753,0.02753,PAIRWISE_E3_CLEV_TO_HUNG_SVM,Cleveland,Hungarian,SVM
165,0,restecg,-0.015846,0.015846,PAIRWISE_E3_CLEV_TO_HUNG_SVM,Cleveland,Hungarian,SVM
165,0,thalach,-0.056675,0.056675,PAIRWISE_E3_CLEV_TO_HUNG_SVM,Cleveland,Hungarian,SVM
165,0,exang,-0.114341,0.114341,PAIRWISE_E3_CLEV_TO_HUNG_SVM,Cleveland,Hungarian,SVM
165,0,oldpeak,-0.102725,0.102725,PAIRWISE_E3_CLEV_TO_HUNG_SVM,Cleveland,Hungarian,SVM
165,0,slope,-0.062903,0.062903,PAIRWISE_E3_CLEV_TO_HUNG_SVM,Cleveland,Hungarian,SVM
122,1,age,-0.010952,0.010952,PAIRWISE_E3_CLEV_TO_HUNG_SVM,Cleveland,Hungarian,SVM
122,1,sex,-0.194673,0.194673,PAIRWISE_E3_CLEV_TO_HUNG_SVM,Cleveland,Hungarian,SVM
122,1,cp,-0.115769,0.115769,PAIRWISE_E3_CLEV_TO_HUNG_SVM,Cleveland,Hungarian,SVM
122,1,trestbps,-0.034379,0.034379,PAIRWISE_E3_CLEV_TO_HUNG_SVM,Cleveland,Hungarian,SVM
122,1,fbs,0.04431,0.04431,PAIRWISE_E3_CLEV_TO_HUNG_SVM,Cleveland,Hungarian,SVM
122,1,restecg,-0.062407,0.062407,PAIRWISE_E3_CLEV_TO_HUNG_SVM,Cleveland,Hungarian,SVM
122,1,thalach,0.011837,0.011837,PAIRWISE_E3_CLEV_TO_HUNG_SVM,Cleveland,Hungarian,SVM
122,1,exang,-0.138726,0.138726,PAIRWISE_E3_CLEV_TO_HUNG_SVM,Cleveland,Hungarian,SVM
122,1,oldpeak,-0.110932,0.110932,PAIRWISE_E3_CLEV_TO_HUNG_SVM,Cleveland,Hungarian,SVM
122,1,slope,0.080583,0.080583,PAIRWISE_E3_CLEV_TO_HUNG_SVM,Cleveland,Hungarian,SVM
41,2,age,-0.075221,0.075221,PAIRWISE_E3_CLEV_TO_HUNG_SVM,Cleveland,Hungarian,SVM
41,2,sex,0.205142,0.205142,PAIRWISE_E3_CLEV_TO_HUNG_SVM,Cleveland,Hungarian,SVM
41,2,cp,-0.154026,0.154026,PAIRWISE_E3_CLEV_TO_HUNG_SVM,Cleveland,Hungarian,SVM
41,2,trestbps,0.007252,0.007252,PAIRWISE_E3_CLEV_TO_HUNG_SVM,Cleveland,Hungarian,SVM
41,2,fbs,0.008645,0.008645,PAIRWISE_E3_CLEV_TO_HUNG_SVM,Cleveland,Hungarian,SVM
41,2,restecg,-0.068725,0.068725,PAIRWISE_E3_CLEV_TO_HUNG_SVM,Cleveland,Hungarian,SVM
41,2,thalach,-0.094435,0.094435,PAIRWISE_E3_CLEV_TO_HUNG_SVM,Cleveland,Hungarian,SVM
41,2,exang,-0.147375,0.147375,PAIRWISE_E3_CLEV_TO_HUNG_SVM,Cleveland,Hungarian,SVM
41,2,oldpeak,-0.116933,0.116933,PAIRWISE_E3_CLEV_TO_HUNG_SVM,Cleveland,Hungarian,SVM
41,2,slope,-0.067841,0.067841,PAIRWISE_E3_CLEV_TO_HUNG_SVM,Cleveland,Hungarian,SVM
43,3,age,-0.045758,0.045758,PAIRWISE_E3_CLEV_TO_HUNG_SVM,Cleveland,Hungarian,SVM
43,3,sex,0.174544,0.174544,PAIRWISE_E3_CLEV_TO_HUNG_SVM,Cleveland,Hungarian,SVM
43,3,cp,-0.056327,0.056327,PAIRWISE_E3_CLEV_TO_HUNG_SVM,Cleveland,Hungarian,SVM
43,3,trestbps,-0.027252,0.027252,PAIRWISE_E3_CLEV_TO_HUNG_SVM,Cleveland,Hungarian,SVM
43,3,fbs,0.014559,0.014559,PAIRWISE_E3_CLEV_TO_HUNG_SVM,Cleveland,Hungarian,SVM
43,3,restecg,-0.071099,0.071099,PAIRWISE_E3_CLEV_TO_HUNG_SVM,Cleveland,Hungarian,SVM
43,3,thalach,-0.102985,0.102985,PAIRWISE_E3_CLEV_TO_HUNG_SVM,Cleveland,Hungarian,SVM
43,3,exang,-0.137645,0.137645,PAIRWISE_E3_CLEV_TO_HUNG_SVM,Cleveland,Hungarian,SVM
43,3,oldpeak,-0.101742,0.101742,PAIRWISE_E3_CLEV_TO_HUNG_SVM,Cleveland,Hungarian,SVM
43,3,slope,-0.05957,0.05957,PAIRWISE_E3_CLEV_TO_HUNG_SVM,Cleveland,Hungarian,SVM
54,4,age,-0.058065,0.058065,PAIRWISE_E3_CLEV_TO_HUNG_SVM,Cleveland,Hungarian,SVM
54,4,sex,0.178902,0.178902,PAIRWISE_E3_CLEV_TO_HUNG_SVM,Cleveland,Hungarian,SVM
54,4,cp,-0.157788,0.157788,PAIRWISE_E3_CLEV_TO_HUNG_SVM,Cleveland,Hungarian,SVM
54,4,trestbps,-0.04321,0.04321,PAIRWISE_E3_CLEV_TO_HUNG_SVM,Cleveland,Hungarian,SVM
54,4,fbs,0.030812,0.030812,PAIRWISE_E3_CLEV_TO_HUNG_SVM,Cleveland,Hungarian,SVM
54,4,restecg,-0.058879,0.058879,PAIRWISE_E3_CLEV_TO_HUNG_SVM,Cleveland,Hungarian,SVM
54,4,thalach,-0.056789,0.056789,PAIRWISE_E3_CLEV_TO_HUNG_SVM,Cleveland,Hungarian,SVM
54,4,exang,-0.160184,0.160184,PAIRWISE_E3_CLEV_TO_HUNG_SVM,Cleveland,Hungarian,SVM
54,4,oldpeak,-0.115037,0.115037,PAIRWISE_E3_CLEV_TO_HUNG_SVM,Cleveland,Hungarian,SVM
54,4,slope,-0.07083,0.07083,PAIRWISE_E3_CLEV_TO_HUNG_SVM,Cleveland,Hungarian,SVM
6,5,age,-0.057165,0.057165,PAIRWISE_E3_CLEV_TO_HUNG_SVM,Cleveland,Hungarian,SVM
6,5,sex,0.182098,0.182098,PAIRWISE_E3_CLEV_TO_HUNG_SVM,Cleveland,Hungarian,SVM
6,5,cp,-0.170153,0.170153,PAIRWISE_E3_CLEV_TO_HUNG_SVM,Cleveland,Hungarian,SVM
6,5,trestbps,-0.027076,0.027076,PAIRWISE_E3_CLEV_TO_HUNG_SVM,Cleveland,Hungarian,SVM
6,5,fbs,0.002518,0.002518,PAIRWISE_E3_CLEV_TO_HUNG_SVM,Cleveland,Hungarian,SVM
6,5,restecg,-0.08085,0.08085,PAIRWISE_E3_CLEV_TO_HUNG_SVM,Cleveland,Hungarian,SVM
6,5,thalach,-0.110443,0.110443,PAIRWISE_E3_CLEV_TO_HUNG_SVM,Cleveland,Hungarian,SVM
6,5,exang,-0.141665,0.141665,PAIRWISE_E3_CLEV_TO_HUNG_SVM,Cleveland,Hungarian,SVM
6,5,oldpeak,-0.116553,0.116553,PAIRWISE_E3_CLEV_TO_HUNG_SVM,Cleveland,Hungarian,SVM
6,5,slope,-0.067968,0.067968,PAIRWISE_E3_CLEV_TO_HUNG_SVM,Cleveland,Hungarian,SVM
104,6,age,0.013729,0.013729,PAIRWISE_E3_CLEV_TO_HUNG_SVM,Cleveland,Hungarian,SVM
104,6,sex,0.180572,0.180572,PAIRWISE_E3_CLEV_TO_HUNG_SVM,Cleveland,Hungarian,SVM
104,6,cp,-0.177006,0.177006,PAIRWISE_E3_CLEV_TO_HUNG_SVM,Cleveland,Hungarian,SVM
104,6,trestbps,-0.037301,0.037301,PAIRWISE_E3_CLEV_TO_HUNG_SVM,Cleveland,Hungarian,SVM
104,6,fbs,0.033898,0.033898,PAIRWISE_E3_CLEV_TO_HUNG_SVM,Cleveland,Hungarian,SVM
104,6,restecg,-0.073088,0.073088,PAIRWISE_E3_CLEV_TO_HUNG_SVM,Cleveland,Hungarian,SVM
104,6,thalach,-0.133692,0.133692,PAIRWISE_E3_CLEV_TO_HUNG_SVM,Cleveland,Hungarian,SVM
104,6,exang,-0.144118,0.144118,PAIRWISE_E3_CLEV_TO_HUNG_SVM,Cleveland,Hungarian,SVM
104,6,oldpeak,-0.113135,0.113135,PAIRWISE_E3_CLEV_TO_HUNG_SVM,Cleveland,Hungarian,SVM
104,6,slope,0.072956,0.072956,PAIRWISE_E3_CLEV_TO_HUNG_SVM,Cleveland,Hungarian,SVM
58,7,age,-0.054095,0.054095,PAIRWISE_E3_CLEV_TO_HUNG_SVM,Cleveland,Hungarian,SVM
58,7,sex,0.201048,0.201048,PAIRWISE_E3_CLEV_TO_HUNG_SVM,Cleveland,Hungarian,SVM
58,7,cp,0.168596,0.168596,PAIRWISE_E3_CLEV_TO_HUNG_SVM,Cleveland,Hungarian,SVM
58,7,trestbps,0.003427,0.003427,PAIRWISE_E3_CLEV_TO_HUNG_SVM,Cleveland,Hungarian,SVM
58,7,fbs,0.04154,0.04154,PAIRWISE_E3_CLEV_TO_HUNG_SVM,Cleveland,Hungarian,SVM
58,7,restecg,-0.067257,0.067257,PAIRWISE_E3_CLEV_TO_HUNG_SVM,Cleveland,Hungarian,SVM
58,7,thalach,-0.124009,0.124009,PAIRWISE_E3_CLEV_TO_HUNG_SVM,Cleveland,Hungarian,SVM
58,7,exang,-0.14962,0.14962,PAIRWISE_E3_CLEV_TO_HUNG_SVM,Cleveland,Hungarian,SVM
58,7,oldpeak,-0.106557,0.106557,PAIRWISE_E3_CLEV_TO_HUNG_SVM,Cleveland,Hungarian,SVM
58,7,slope,-0.060181,0.060181,PAIRWISE_E3_CLEV_TO_HUNG_SVM,Cleveland,Hungarian,SVM
13,8,age,-0.061104,0.061104,PAIRWISE_E3_CLEV_TO_HUNG_SVM,Cleveland,Hungarian,SVM
13,8,sex,-0.19262,0.19262,PAIRWISE_E3_CLEV_TO_HUNG_SVM,Cleveland,Hungarian,SVM
13,8,cp,0.177797,0.177797,PAIRWISE_E3_CLEV_TO_HUNG_SVM,Cleveland,Hungarian,SVM
13,8,trestbps,0.001685,0.001685,PAIRWISE_E3_CLEV_TO_HUNG_SVM,Cleveland,Hungarian,SVM
13,8,fbs,0.017881,0.017881,PAIRWISE_E3_CLEV_TO_HUNG_SVM,Cleveland,Hungarian,SVM
13,8,restecg,-0.072297,0.072297,PAIRWISE_E3_CLEV_TO_HUNG_SVM,Cleveland,Hungarian,SVM
13,8,thalach,0.014162,0.014162,PAIRWISE_E3_CLEV_TO_HUNG_SVM,Cleveland,Hungarian,SVM
13,8,exang,-0.156955,0.156955,PAIRWISE_E3_CLEV_TO_HUNG_SVM,Cleveland,Hungarian,SVM
13,8,oldpeak,-0.123122,0.123122,PAIRWISE_E3_CLEV_TO_HUNG_SVM,Cleveland,Hungarian,SVM
13,8,slope,0.068904,0.068904,PAIRWISE_E3_CLEV_TO_HUNG_SVM,Cleveland,Hungarian,SVM
50,9,age,-0.056508,0.056508,PAIRWISE_E3_CLEV_TO_HUNG_SVM,Cleveland,Hungarian,SVM
50,9,sex,0.212268,0.212268,PAIRWISE_E3_CLEV_TO_HUNG_SVM,Cleveland,Hungarian,SVM
50,9,cp,-0.165443,0.165443,PAIRWISE_E3_CLEV_TO_HUNG_SVM,Cleveland,Hungarian,SVM
50,9,trestbps,-0.010607,0.010607,PAIRWISE_E3_CLEV_TO_HUNG_SVM,Cleveland,Hungarian,SVM
50,9,fbs,0.018349,0.018349,PAIRWISE_E3_CLEV_TO_HUNG_SVM,Cleveland,Hungarian,SVM
50,9,restecg,-0.06863,0.06863,PAIRWISE_E3_CLEV_TO_HUNG_SVM,Cleveland,Hungarian,SVM
50,9,thalach,0.009442,0.009442,PAIRWISE_E3_CLEV_TO_HUNG_SVM,Cleveland,Hungarian,SVM
50,9,exang,-0.147668,0.147668,PAIRWISE_E3_CLEV_TO_HUNG_SVM,Cleveland,Hungarian,SVM
50,9,oldpeak,-0.123186,0.123186,PAIRWISE_E3_CLEV_TO_HUNG_SVM,Cleveland,Hungarian,SVM
50,9,slope,0.055355,0.055355,PAIRWISE_E3_CLEV_TO_HUNG_SVM,Cleveland,Hungarian,SVM
145,10,age,-0.017998,0.017998,PAIRWISE_E3_CLEV_TO_HUNG_SVM,Cleveland,Hungarian,SVM
145,10,sex,-0.174985,0.174985,PAIRWISE_E3_CLEV_TO_HUNG_SVM,Cleveland,Hungarian,SVM
145,10,cp,-0.177507,0.177507,PAIRWISE_E3_CLEV_TO_HUNG_SVM,Cleveland,Hungarian,SVM
145,10,trestbps,0.063215,0.063215,PAIRWISE_E3_CLEV_TO_HUNG_SVM,Cleveland,Hungarian,SVM
145,10,fbs,-0.006122,0.006122,PAIRWISE_E3_CLEV_TO_HUNG_SVM,Cleveland,Hungarian,SVM
145,10,restecg,-0.066663,0.066663,PAIRWISE_E3_CLEV_TO_HUNG_SVM,Cleveland,Hungarian,SVM
145,10,thalach,0.14907,0.14907,PAIRWISE_E3_CLEV_TO_HUNG_SVM,Cleveland,Hungarian,SVM
145,10,exang,-0.140375,0.140375,PAIRWISE_E3_CLEV_TO_HUNG_SVM,Cleveland,Hungarian,SVM
145,10,oldpeak,-0.13018,0.13018,PAIRWISE_E3_CLEV_TO_HUNG_SVM,Cleveland,Hungarian,SVM
145,10,slope,0.064661,0.064661,PAIRWISE_E3_CLEV_TO_HUNG_SVM,Cleveland,Hungarian,SVM
185,11,age,0.062184,0.062184,PAIRWISE_E3_CLEV_TO_HUNG_SVM,Cleveland,Hungarian,SVM
185,11,sex,-0.205216,0.205216,PAIRWISE_E3_CLEV_TO_HUNG_SVM,Cleveland,Hungarian,SVM
185,11,cp,-0.118133,0.118133,PAIRWISE_E3_CLEV_TO_HUNG_SVM,Cleveland,Hungarian,SVM
185,11,trestbps,0.050967,0.050967,PAIRWISE_E3_CLEV_TO_HUNG_SVM,Cleveland,Hungarian,SVM
185,11,fbs,-0.024763,0.024763,PAIRWISE_E3_CLEV_TO_HUNG_SVM,Cleveland,Hungarian,SVM
185,11,restecg,-0.063943,0.063943,PAIRWISE_E3_CLEV_TO_HUNG_SVM,Cleveland,Hungarian,SVM
185,11,thalach,0.159816,0.159816,PAIRWISE_E3_CLEV_TO_HUNG_SVM,Cleveland,Hungarian,SVM
185,11,exang,-0.138153,0.138153,PAIRWISE_E3_CLEV_TO_HUNG_SVM,Cleveland,Hungarian,SVM
185,11,oldpeak,-0.110155,0.110155,PAIRWISE_E3_CLEV_TO_HUNG_SVM,Cleveland,Hungarian,SVM
185,11,slope,0.053221,0.053221,PAIRWISE_E3_CLEV_TO_HUNG_SVM,Cleveland,Hungarian,SVM
219,12,age,0.000904,0.000904,PAIRWISE_E3_CLEV_TO_HUNG_SVM,Cleveland,Hungarian,SVM
219,12,sex,0.209421,0.209421,PAIRWISE_E3_CLEV_TO_HUNG_SVM,Cleveland,Hungarian,SVM
219,12,cp,-0.040575,0.040575,PAIRWISE_E3_CLEV_TO_HUNG_SVM,Cleveland,Hungarian,SVM
219,12,trestbps,-0.036061,0.036061,PAIRWISE_E3_CLEV_TO_HUNG_SVM,Cleveland,Hungarian,SVM
219,12,fbs,0.01702,0.01702,PAIRWISE_E3_CLEV_TO_HUNG_SVM,Cleveland,Hungarian,SVM
219,12,restecg,-0.055573,0.055573,PAIRWISE_E3_CLEV_TO_HUNG_SVM,Cleveland,Hungarian,SVM
219,12,thalach,-0.011571,0.011571,PAIRWISE_E3_CLEV_TO_HUNG_SVM,Cleveland,Hungarian,SVM
219,12,exang,-0.141375,0.141375,PAIRWISE_E3_CLEV_TO_HUNG_SVM,Cleveland,Hungarian,SVM
219,12,oldpeak,-0.116221,0.116221,PAIRWISE_E3_CLEV_TO_HUNG_SVM,Cleveland,Hungarian,SVM
219,12,slope,-0.061948,0.061948,PAIRWISE_E3_CLEV_TO_HUNG_SVM,Cleveland,Hungarian,SVM
77,13,age,-0.064125,0.064125,PAIRWISE_E3_CLEV_TO_HUNG_SVM,Cleveland,Hungarian,SVM
77,13,sex,0.186482,0.186482,PAIRWISE_E3_CLEV_TO_HUNG_SVM,Cleveland,Hungarian,SVM
77,13,cp,0.169089,0.169089,PAIRWISE_E3_CLEV_TO_HUNG_SVM,Cleveland,Hungarian,SVM
77,13,trestbps,0.006129,0.006129,PAIRWISE_E3_CLEV_TO_HUNG_SVM,Cleveland,Hungarian,SVM
77,13,fbs,0.024045,0.024045,PAIRWISE_E3_CLEV_TO_HUNG_SVM,Cleveland,Hungarian,SVM
77,13,restecg,-0.078004,0.078004,PAIRWISE_E3_CLEV_TO_HUNG_SVM,Cleveland,Hungarian,SVM
77,13,thalach,0.014257,0.014257,PAIRWISE_E3_CLEV_TO_HUNG_SVM,Cleveland,Hungarian,SVM
77,13,exang,-0.148139,0.148139,PAIRWISE_E3_CLEV_TO_HUNG_SVM,Cleveland,Hungarian,SVM
77,13,oldpeak,-0.127989,0.127989,PAIRWISE_E3_CLEV_TO_HUNG_SVM,Cleveland,Hungarian,SVM
77,13,slope,0.09133,0.09133,PAIRWISE_E3_CLEV_TO_HUNG_SVM,Cleveland,Hungarian,SVM
201,14,age,-0.047375,0.047375,PAIRWISE_E3_CLEV_TO_HUNG_SVM,Cleveland,Hungarian,SVM
201,14,sex,0.192291,0.192291,PAIRWISE_E3_CLEV_TO_HUNG_SVM,Cleveland,Hungarian,SVM
201,14,cp,0.171405,0.171405,PAIRWISE_E3_CLEV_TO_HUNG_SVM,Cleveland,Hungarian,SVM
201,14,trestbps,-0.008632,0.008632,PAIRWISE_E3_CLEV_TO_HUNG_SVM,Cleveland,Hungarian,SVM
201,14,fbs,0.017751,0.017751,PAIRWISE_E3_CLEV_TO_HUNG_SVM,Cleveland,Hungarian,SVM
201,14,restecg,-0.066388,0.066388,PAIRWISE_E3_CLEV_TO_HUNG_SVM,Cleveland,Hungarian,SVM
201,14,thalach,0.173117,0.173117,PAIRWISE_E3_CLEV_TO_HUNG_SVM,Cleveland,Hungarian,SVM
201,14,exang,-0.103376,0.103376,PAIRWISE_E3_CLEV_TO_HUNG_SVM,Cleveland,Hungarian,SVM
201,14,oldpeak,-0.109759,0.109759,PAIRWISE_E3_CLEV_TO_HUNG_SVM,Cleveland,Hungarian,SVM
201,14,slope,-0.076413,0.076413,PAIRWISE_E3_CLEV_TO_HUNG_SVM,Cleveland,Hungarian,SVM
167,15,age,-0.014478,0.014478,PAIRWISE_E3_CLEV_TO_HUNG_SVM,Cleveland,Hungarian,SVM
167,15,sex,0.183003,0.183003,PAIRWISE_E3_CLEV_TO_HUNG_SVM,Cleveland,Hungarian,SVM
167,15,cp,-0.055261,0.055261,PAIRWISE_E3_CLEV_TO_HUNG_SVM,Cleveland,Hungarian,SVM
167,15,trestbps,-0.021626,0.021626,PAIRWISE_E3_CLEV_TO_HUNG_SVM,Cleveland,Hungarian,SVM
167,15,fbs,0.002166,0.002166,PAIRWISE_E3_CLEV_TO_HUNG_SVM,Cleveland,Hungarian,SVM
167,15,restecg,-0.050887,0.050887,PAIRWISE_E3_CLEV_TO_HUNG_SVM,Cleveland,Hungarian,SVM
167,15,thalach,0.161718,0.161718,PAIRWISE_E3_CLEV_TO_HUNG_SVM,Cleveland,Hungarian,SVM
167,15,exang,-0.151595,0.151595,PAIRWISE_E3_CLEV_TO_HUNG_SVM,Cleveland,Hungarian,SVM
167,15,oldpeak,-0.131192,0.131192,PAIRWISE_E3_CLEV_TO_HUNG_SVM,Cleveland,Hungarian,SVM
167,15,slope,0.057738,0.057738,PAIRWISE_E3_CLEV_TO_HUNG_SVM,Cleveland,Hungarian,SVM
81,16,age,-0.055008,0.055008,PAIRWISE_E3_CLEV_TO_HUNG_SVM,Cleveland,Hungarian,SVM
81,16,sex,0.19704,0.19704,PAIRWISE_E3_CLEV_TO_HUNG_SVM,Cleveland,Hungarian,SVM
81,16,cp,-0.061109,0.061109,PAIRWISE_E3_CLEV_TO_HUNG_SVM,Cleveland,Hungarian,SVM
81,16,trestbps,0.051231,0.051231,PAIRWISE_E3_CLEV_TO_HUNG_SVM,Cleveland,Hungarian,SVM
81,16,fbs,0.009534,0.009534,PAIRWISE_E3_CLEV_TO_HUNG_SVM,Cleveland,Hungarian,SVM
81,16,restecg,-0.047241,0.047241,PAIRWISE_E3_CLEV_TO_HUNG_SVM,Cleveland,Hungarian,SVM
81,16,thalach,0.148541,0.148541,PAIRWISE_E3_CLEV_TO_HUNG_SVM,Cleveland,Hungarian,SVM
81,16,exang,-0.136419,0.136419,PAIRWISE_E3_CLEV_TO_HUNG_SVM,Cleveland,Hungarian,SVM
81,16,oldpeak,-0.108901,0.108901,PAIRWISE_E3_CLEV_TO_HUNG_SVM,Cleveland,Hungarian,SVM
81,16,slope,0.082024,0.082024,PAIRWISE_E3_CLEV_TO_HUNG_SVM,Cleveland,Hungarian,SVM
248,17,age,0.016693,0.016693,PAIRWISE_E3_CLEV_TO_HUNG_SVM,Cleveland,Hungarian,SVM
248,17,sex,0.203783,0.203783,PAIRWISE_E3_CLEV_TO_HUNG_SVM,Cleveland,Hungarian,SVM
248,17,cp,-0.052705,0.052705,PAIRWISE_E3_CLEV_TO_HUNG_SVM,Cleveland,Hungarian,SVM
248,17,trestbps,0.069336,0.069336,PAIRWISE_E3_CLEV_TO_HUNG_SVM,Cleveland,Hungarian,SVM
248,17,fbs,-0.010269,0.010269,PAIRWISE_E3_CLEV_TO_HUNG_SVM,Cleveland,Hungarian,SVM
248,17,restecg,0.026608,0.026608,PAIRWISE_E3_CLEV_TO_HUNG_SVM,Cleveland,Hungarian,SVM
248,17,thalach,0.134381,0.134381,PAIRWISE_E3_CLEV_TO_HUNG_SVM,Cleveland,Hungarian,SVM
248,17,exang,-0.129338,0.129338,PAIRWISE_E3_CLEV_TO_HUNG_SVM,Cleveland,Hungarian,SVM
248,17,oldpeak,-0.109497,0.109497,PAIRWISE_E3_CLEV_TO_HUNG_SVM,Cleveland,Hungarian,SVM
248,17,slope,0.059674,0.059674,PAIRWISE_E3_CLEV_TO_HUNG_SVM,Cleveland,Hungarian,SVM
252,18,age,-0.064954,0.064954,PAIRWISE_E3_CLEV_TO_HUNG_SVM,Cleveland,Hungarian,SVM
252,18,sex,0.172808,0.172808,PAIRWISE_E3_CLEV_TO_HUNG_SVM,Cleveland,Hungarian,SVM
252,18,cp,-0.142632,0.142632,PAIRWISE_E3_CLEV_TO_HUNG_SVM,Cleveland,Hungarian,SVM
252,18,trestbps,0.029949,0.029949,PAIRWISE_E3_CLEV_TO_HUNG_SVM,Cleveland,Hungarian,SVM
252,18,fbs,-0.000393,0.000393,PAIRWISE_E3_CLEV_TO_HUNG_SVM,Cleveland,Hungarian,SVM
252,18,restecg,-0.053942,0.053942,PAIRWISE_E3_CLEV_TO_HUNG_SVM,Cleveland,Hungarian,SVM
252,18,thalach,0.008425,0.008425,PAIRWISE_E3_CLEV_TO_HUNG_SVM,Cleveland,Hungarian,SVM
252,18,exang,0.140436,0.140436,PAIRWISE_E3_CLEV_TO_HUNG_SVM,Cleveland,Hungarian,SVM
252,18,oldpeak,0.197646,0.197646,PAIRWISE_E3_CLEV_TO_HUNG_SVM,Cleveland,Hungarian,SVM
252,18,slope,0.087474,0.087474,PAIRWISE_E3_CLEV_TO_HUNG_SVM,Cleveland,Hungarian,SVM
281,19,age,-0.062949,0.062949,PAIRWISE_E3_CLEV_TO_HUNG_SVM,Cleveland,Hungarian,SVM
281,19,sex,-0.187663,0.187663,PAIRWISE_E3_CLEV_TO_HUNG_SVM,Cleveland,Hungarian,SVM
281,19,cp,0.183475,0.183475,PAIRWISE_E3_CLEV_TO_HUNG_SVM,Cleveland,Hungarian,SVM
281,19,trestbps,-0.035138,0.035138,PAIRWISE_E3_CLEV_TO_HUNG_SVM,Cleveland,Hungarian,SVM
281,19,fbs,0.003177,0.003177,PAIRWISE_E3_CLEV_TO_HUNG_SVM,Cleveland,Hungarian,SVM
281,19,restecg,-0.065783,0.065783,PAIRWISE_E3_CLEV_TO_HUNG_SVM,Cleveland,Hungarian,SVM
281,19,thalach,0.16065,0.16065,PAIRWISE_E3_CLEV_TO_HUNG_SVM,Cleveland,Hungarian,SVM
281,19,exang,0.14529,0.14529,PAIRWISE_E3_CLEV_TO_HUNG_SVM,Cleveland,Hungarian,SVM
281,19,oldpeak,0.180102,0.180102,PAIRWISE_E3_CLEV_TO_HUNG_SVM,Cleveland,Hungarian,SVM
281,19,slope,0.070219,0.070219,PAIRWISE_E3_CLEV_TO_HUNG_SVM,Cleveland,Hungarian,SVM
96,20,age,-0.061532,0.061532,PAIRWISE_E3_CLEV_TO_HUNG_SVM,Cleveland,Hungarian,SVM
96,20,sex,-0.192854,0.192854,PAIRWISE_E3_CLEV_TO_HUNG_SVM,Cleveland,Hungarian,SVM
96,20,cp,0.179882,0.179882,PAIRWISE_E3_CLEV_TO_HUNG_SVM,Cleveland,Hungarian,SVM
96,20,trestbps,0.065038,0.065038,PAIRWISE_E3_CLEV_TO_HUNG_SVM,Cleveland,Hungarian,SVM
96,20,fbs,0.003529,0.003529,PAIRWISE_E3_CLEV_TO_HUNG_SVM,Cleveland,Hungarian,SVM
96,20,restecg,-0.058012,0.058012,PAIRWISE_E3_CLEV_TO_HUNG_SVM,Cleveland,Hungarian,SVM
96,20,thalach,0.132743,0.132743,PAIRWISE_E3_CLEV_TO_HUNG_SVM,Cleveland,Hungarian,SVM
96,20,exang,0.158123,0.158123,PAIRWISE_E3_CLEV_TO_HUNG_SVM,Cleveland,Hungarian,SVM
96,20,oldpeak,0.005685,0.005685,PAIRWISE_E3_CLEV_TO_HUNG_SVM,Cleveland,Hungarian,SVM
96,20,slope,0.073025,0.073025,PAIRWISE_E3_CLEV_TO_HUNG_SVM,Cleveland,Hungarian,SVM
277,21,age,0.030279,0.030279,PAIRWISE_E3_CLEV_TO_HUNG_SVM,Cleveland,Hungarian,SVM
277,21,sex,0.190689,0.190689,PAIRWISE_E3_CLEV_TO_HUNG_SVM,Cleveland,Hungarian,SVM
277,21,cp,0.179862,0.179862,PAIRWISE_E3_CLEV_TO_HUNG_SVM,Cleveland,Hungarian,SVM
277,21,trestbps,0.015642,0.015642,PAIRWISE_E3_CLEV_TO_HUNG_SVM,Cleveland,Hungarian,SVM
277,21,fbs,0.017553,0.017553,PAIRWISE_E3_CLEV_TO_HUNG_SVM,Cleveland,Hungarian,SVM
277,21,restecg,-0.074374,0.074374,PAIRWISE_E3_CLEV_TO_HUNG_SVM,Cleveland,Hungarian,SVM
277,21,thalach,0.133245,0.133245,PAIRWISE_E3_CLEV_TO_HUNG_SVM,Cleveland,Hungarian,SVM
277,21,exang,0.165954,0.165954,PAIRWISE_E3_CLEV_TO_HUNG_SVM,Cleveland,Hungarian,SVM
277,21,oldpeak,0.006369,0.006369,PAIRWISE_E3_CLEV_TO_HUNG_SVM,Cleveland,Hungarian,SVM
277,21,slope,0.062149,0.062149,PAIRWISE_E3_CLEV_TO_HUNG_SVM,Cleveland,Hungarian,SVM
278,22,age,-0.052102,0.052102,PAIRWISE_E3_CLEV_TO_HUNG_SVM,Cleveland,Hungarian,SVM
278,22,sex,0.19647,0.19647,PAIRWISE_E3_CLEV_TO_HUNG_SVM,Cleveland,Hungarian,SVM
278,22,cp,0.168441,0.168441,PAIRWISE_E3_CLEV_TO_HUNG_SVM,Cleveland,Hungarian,SVM
278,22,trestbps,-0.042373,0.042373,PAIRWISE_E3_CLEV_TO_HUNG_SVM,Cleveland,Hungarian,SVM
278,22,fbs,0.024046,0.024046,PAIRWISE_E3_CLEV_TO_HUNG_SVM,Cleveland,Hungarian,SVM
278,22,restecg,-0.046325,0.046325,PAIRWISE_E3_CLEV_TO_HUNG_SVM,Cleveland,Hungarian,SVM
278,22,thalach,0.141533,0.141533,PAIRWISE_E3_CLEV_TO_HUNG_SVM,Cleveland,Hungarian,SVM
278,22,exang,0.142685,0.142685,PAIRWISE_E3_CLEV_TO_HUNG_SVM,Cleveland,Hungarian,SVM
278,22,oldpeak,0.172814,0.172814,PAIRWISE_E3_CLEV_TO_HUNG_SVM,Cleveland,Hungarian,SVM
278,22,slope,0.057824,0.057824,PAIRWISE_E3_CLEV_TO_HUNG_SVM,Cleveland,Hungarian,SVM
199,23,age,-0.07169,0.07169,PAIRWISE_E3_CLEV_TO_HUNG_SVM,Cleveland,Hungarian,SVM
199,23,sex,0.192409,0.192409,PAIRWISE_E3_CLEV_TO_HUNG_SVM,Cleveland,Hungarian,SVM
199,23,cp,0.175368,0.175368,PAIRWISE_E3_CLEV_TO_HUNG_SVM,Cleveland,Hungarian,SVM
199,23,trestbps,0.047832,0.047832,PAIRWISE_E3_CLEV_TO_HUNG_SVM,Cleveland,Hungarian,SVM
199,23,fbs,0.00635,0.00635,PAIRWISE_E3_CLEV_TO_HUNG_SVM,Cleveland,Hungarian,SVM
199,23,restecg,-0.072243,0.072243,PAIRWISE_E3_CLEV_TO_HUNG_SVM,Cleveland,Hungarian,SVM
199,23,thalach,0.165732,0.165732,PAIRWISE_E3_CLEV_TO_HUNG_SVM,Cleveland,Hungarian,SVM
199,23,exang,0.154459,0.154459,PAIRWISE_E3_CLEV_TO_HUNG_SVM,Cleveland,Hungarian,SVM
199,23,oldpeak,0.181111,0.181111,PAIRWISE_E3_CLEV_TO_HUNG_SVM,Cleveland,Hungarian,SVM
199,23,slope,0.060784,0.060784,PAIRWISE_E3_CLEV_TO_HUNG_SVM,Cleveland,Hungarian,SVM
286,24,age,-0.009627,0.009627,PAIRWISE_E3_CLEV_TO_HUNG_SVM,Cleveland,Hungarian,SVM
286,24,sex,0.186769,0.186769,PAIRWISE_E3_CLEV_TO_HUNG_SVM,Cleveland,Hungarian,SVM
286,24,cp,0.182448,0.182448,PAIRWISE_E3_CLEV_TO_HUNG_SVM,Cleveland,Hungarian,SVM
286,24,trestbps,0.000218,0.000218,PAIRWISE_E3_CLEV_TO_HUNG_SVM,Cleveland,Hungarian,SVM
286,24,fbs,0.034186,0.034186,PAIRWISE_E3_CLEV_TO_HUNG_SVM,Cleveland,Hungarian,SVM
286,24,restecg,-0.003829,0.003829,PAIRWISE_E3_CLEV_TO_HUNG_SVM,Cleveland,Hungarian,SVM
286,24,thalach,0.153424,0.153424,PAIRWISE_E3_CLEV_TO_HUNG_SVM,Cleveland,Hungarian,SVM
286,24,exang,0.146419,0.146419,PAIRWISE_E3_CLEV_TO_HUNG_SVM,Cleveland,Hungarian,SVM
286,24,oldpeak,0.18916,0.18916,PAIRWISE_E3_CLEV_TO_HUNG_SVM,Cleveland,Hungarian,SVM
286,24,slope,0.077572,0.077572,PAIRWISE_E3_CLEV_TO_HUNG_SVM,Cleveland,Hungarian,SVM
5,0,age,-0.084178,0.084178,PAIRWISE_E4_CLEV_TO_HUNG_XGBoost,Cleveland,Hungarian,XGBoost
5,0,sex,-0.221675,0.221675,PAIRWISE_E4_CLEV_TO_HUNG_XGBoost,Cleveland,Hungarian,XGBoost
5,0,cp,-0.131757,0.131757,PAIRWISE_E4_CLEV_TO_HUNG_XGBoost,Cleveland,Hungarian,XGBoost
5,0,trestbps,-0.038741,0.038741,PAIRWISE_E4_CLEV_TO_HUNG_XGBoost,Cleveland,Hungarian,XGBoost
5,0,fbs,0.005215,0.005215,PAIRWISE_E4_CLEV_TO_HUNG_XGBoost,Cleveland,Hungarian,XGBoost
5,0,restecg,-0.012352,0.012352,PAIRWISE_E4_CLEV_TO_HUNG_XGBoost,Cleveland,Hungarian,XGBoost
5,0,thalach,-0.034899,0.034899,PAIRWISE_E4_CLEV_TO_HUNG_XGBoost,Cleveland,Hungarian,XGBoost
5,0,exang,-0.079258,0.079258,PAIRWISE_E4_CLEV_TO_HUNG_XGBoost,Cleveland,Hungarian,XGBoost
5,0,oldpeak,-0.113273,0.113273,PAIRWISE_E4_CLEV_TO_HUNG_XGBoost,Cleveland,Hungarian,XGBoost
5,0,slope,-0.086999,0.086999,PAIRWISE_E4_CLEV_TO_HUNG_XGBoost,Cleveland,Hungarian,XGBoost
18,1,age,-0.088241,0.088241,PAIRWISE_E4_CLEV_TO_HUNG_XGBoost,Cleveland,Hungarian,XGBoost
18,1,sex,0.213859,0.213859,PAIRWISE_E4_CLEV_TO_HUNG_XGBoost,Cleveland,Hungarian,XGBoost
18,1,cp,-0.185417,0.185417,PAIRWISE_E4_CLEV_TO_HUNG_XGBoost,Cleveland,Hungarian,XGBoost
18,1,trestbps,0.013485,0.013485,PAIRWISE_E4_CLEV_TO_HUNG_XGBoost,Cleveland,Hungarian,XGBoost
18,1,fbs,0.011881,0.011881,PAIRWISE_E4_CLEV_TO_HUNG_XGBoost,Cleveland,Hungarian,XGBoost
18,1,restecg,-0.020629,0.020629,PAIRWISE_E4_CLEV_TO_HUNG_XGBoost,Cleveland,Hungarian,XGBoost
18,1,thalach,-0.119938,0.119938,PAIRWISE_E4_CLEV_TO_HUNG_XGBoost,Cleveland,Hungarian,XGBoost
18,1,exang,-0.107206,0.107206,PAIRWISE_E4_CLEV_TO_HUNG_XGBoost,Cleveland,Hungarian,XGBoost
18,1,oldpeak,-0.125072,0.125072,PAIRWISE_E4_CLEV_TO_HUNG_XGBoost,Cleveland,Hungarian,XGBoost
18,1,slope,-0.103349,0.103349,PAIRWISE_E4_CLEV_TO_HUNG_XGBoost,Cleveland,Hungarian,XGBoost
93,2,age,-0.099436,0.099436,PAIRWISE_E4_CLEV_TO_HUNG_XGBoost,Cleveland,Hungarian,XGBoost
93,2,sex,-0.207723,0.207723,PAIRWISE_E4_CLEV_TO_HUNG_XGBoost,Cleveland,Hungarian,XGBoost
93,2,cp,-0.175249,0.175249,PAIRWISE_E4_CLEV_TO_HUNG_XGBoost,Cleveland,Hungarian,XGBoost
93,2,trestbps,-0.03711,0.03711,PAIRWISE_E4_CLEV_TO_HUNG_XGBoost,Cleveland,Hungarian,XGBoost
93,2,fbs,-0.021182,0.021182,PAIRWISE_E4_CLEV_TO_HUNG_XGBoost,Cleveland,Hungarian,XGBoost
93,2,restecg,-0.030588,0.030588,PAIRWISE_E4_CLEV_TO_HUNG_XGBoost,Cleveland,Hungarian,XGBoost
93,2,thalach,0.119869,0.119869,PAIRWISE_E4_CLEV_TO_HUNG_XGBoost,Cleveland,Hungarian,XGBoost
93,2,exang,-0.083382,0.083382,PAIRWISE_E4_CLEV_TO_HUNG_XGBoost,Cleveland,Hungarian,XGBoost
93,2,oldpeak,-0.133147,0.133147,PAIRWISE_E4_CLEV_TO_HUNG_XGBoost,Cleveland,Hungarian,XGBoost
93,2,slope,-0.091815,0.091815,PAIRWISE_E4_CLEV_TO_HUNG_XGBoost,Cleveland,Hungarian,XGBoost
116,3,age,-0.05262,0.05262,PAIRWISE_E4_CLEV_TO_HUNG_XGBoost,Cleveland,Hungarian,XGBoost
116,3,sex,-0.213251,0.213251,PAIRWISE_E4_CLEV_TO_HUNG_XGBoost,Cleveland,Hungarian,XGBoost
116,3,cp,-0.168335,0.168335,PAIRWISE_E4_CLEV_TO_HUNG_XGBoost,Cleveland,Hungarian,XGBoost
116,3,trestbps,-0.06643,0.06643,PAIRWISE_E4_CLEV_TO_HUNG_XGBoost,Cleveland,Hungarian,XGBoost
116,3,fbs,0.007432,0.007432,PAIRWISE_E4_CLEV_TO_HUNG_XGBoost,Cleveland,Hungarian,XGBoost
116,3,restecg,-0.040324,0.040324,PAIRWISE_E4_CLEV_TO_HUNG_XGBoost,Cleveland,Hungarian,XGBoost
116,3,thalach,0.125566,0.125566,PAIRWISE_E4_CLEV_TO_HUNG_XGBoost,Cleveland,Hungarian,XGBoost
116,3,exang,-0.10124,0.10124,PAIRWISE_E4_CLEV_TO_HUNG_XGBoost,Cleveland,Hungarian,XGBoost
116,3,oldpeak,-0.119786,0.119786,PAIRWISE_E4_CLEV_TO_HUNG_XGBoost,Cleveland,Hungarian,XGBoost
116,3,slope,0.066853,0.066853,PAIRWISE_E4_CLEV_TO_HUNG_XGBoost,Cleveland,Hungarian,XGBoost
19,4,age,-0.092597,0.092597,PAIRWISE_E4_CLEV_TO_HUNG_XGBoost,Cleveland,Hungarian,XGBoost
19,4,sex,0.204942,0.204942,PAIRWISE_E4_CLEV_TO_HUNG_XGBoost,Cleveland,Hungarian,XGBoost
19,4,cp,-0.177822,0.177822,PAIRWISE_E4_CLEV_TO_HUNG_XGBoost,Cleveland,Hungarian,XGBoost
19,4,trestbps,0.076649,0.076649,PAIRWISE_E4_CLEV_TO_HUNG_XGBoost,Cleveland,Hungarian,XGBoost
19,4,fbs,0.003981,0.003981,PAIRWISE_E4_CLEV_TO_HUNG_XGBoost,Cleveland,Hungarian,XGBoost
19,4,restecg,-0.033648,0.033648,PAIRWISE_E4_CLEV_TO_HUNG_XGBoost,Cleveland,Hungarian,XGBoost
19,4,thalach,-0.127268,0.127268,PAIRWISE_E4_CLEV_TO_HUNG_XGBoost,Cleveland,Hungarian,XGBoost
19,4,exang,-0.112422,0.112422,PAIRWISE_E4_CLEV_TO_HUNG_XGBoost,Cleveland,Hungarian,XGBoost
19,4,oldpeak,-0.112934,0.112934,PAIRWISE_E4_CLEV_TO_HUNG_XGBoost,Cleveland,Hungarian,XGBoost
19,4,slope,-0.082649,0.082649,PAIRWISE_E4_CLEV_TO_HUNG_XGBoost,Cleveland,Hungarian,XGBoost
1,5,age,-0.080237,0.080237,PAIRWISE_E4_CLEV_TO_HUNG_XGBoost,Cleveland,Hungarian,XGBoost
1,5,sex,0.19436,0.19436,PAIRWISE_E4_CLEV_TO_HUNG_XGBoost,Cleveland,Hungarian,XGBoost
1,5,cp,-0.154255,0.154255,PAIRWISE_E4_CLEV_TO_HUNG_XGBoost,Cleveland,Hungarian,XGBoost
1,5,trestbps,-0.042636,0.042636,PAIRWISE_E4_CLEV_TO_HUNG_XGBoost,Cleveland,Hungarian,XGBoost
1,5,fbs,-0.009888,0.009888,PAIRWISE_E4_CLEV_TO_HUNG_XGBoost,Cleveland,Hungarian,XGBoost
1,5,restecg,-0.033586,0.033586,PAIRWISE_E4_CLEV_TO_HUNG_XGBoost,Cleveland,Hungarian,XGBoost
1,5,thalach,-0.024946,0.024946,PAIRWISE_E4_CLEV_TO_HUNG_XGBoost,Cleveland,Hungarian,XGBoost
1,5,exang,-0.098161,0.098161,PAIRWISE_E4_CLEV_TO_HUNG_XGBoost,Cleveland,Hungarian,XGBoost
1,5,oldpeak,-0.12473,0.12473,PAIRWISE_E4_CLEV_TO_HUNG_XGBoost,Cleveland,Hungarian,XGBoost
1,5,slope,-0.093156,0.093156,PAIRWISE_E4_CLEV_TO_HUNG_XGBoost,Cleveland,Hungarian,XGBoost
157,6,age,-0.023796,0.023796,PAIRWISE_E4_CLEV_TO_HUNG_XGBoost,Cleveland,Hungarian,XGBoost
157,6,sex,-0.196977,0.196977,PAIRWISE_E4_CLEV_TO_HUNG_XGBoost,Cleveland,Hungarian,XGBoost
157,6,cp,-0.187773,0.187773,PAIRWISE_E4_CLEV_TO_HUNG_XGBoost,Cleveland,Hungarian,XGBoost
157,6,trestbps,-0.004075,0.004075,PAIRWISE_E4_CLEV_TO_HUNG_XGBoost,Cleveland,Hungarian,XGBoost
157,6,fbs,0.017846,0.017846,PAIRWISE_E4_CLEV_TO_HUNG_XGBoost,Cleveland,Hungarian,XGBoost
157,6,restecg,0.045446,0.045446,PAIRWISE_E4_CLEV_TO_HUNG_XGBoost,Cleveland,Hungarian,XGBoost
157,6,thalach,0.006767,0.006767,PAIRWISE_E4_CLEV_TO_HUNG_XGBoost,Cleveland,Hungarian,XGBoost
157,6,exang,-0.100545,0.100545,PAIRWISE_E4_CLEV_TO_HUNG_XGBoost,Cleveland,Hungarian,XGBoost
157,6,oldpeak,-0.11561,0.11561,PAIRWISE_E4_CLEV_TO_HUNG_XGBoost,Cleveland,Hungarian,XGBoost
157,6,slope,0.063352,0.063352,PAIRWISE_E4_CLEV_TO_HUNG_XGBoost,Cleveland,Hungarian,XGBoost
53,7,age,-0.073726,0.073726,PAIRWISE_E4_CLEV_TO_HUNG_XGBoost,Cleveland,Hungarian,XGBoost
53,7,sex,0.214045,0.214045,PAIRWISE_E4_CLEV_TO_HUNG_XGBoost,Cleveland,Hungarian,XGBoost
53,7,cp,-0.12897,0.12897,PAIRWISE_E4_CLEV_TO_HUNG_XGBoost,Cleveland,Hungarian,XGBoost
53,7,trestbps,-0.053969,0.053969,PAIRWISE_E4_CLEV_TO_HUNG_XGBoost,Cleveland,Hungarian,XGBoost
53,7,fbs,0.028879,0.028879,PAIRWISE_E4_CLEV_TO_HUNG_XGBoost,Cleveland,Hungarian,XGBoost
53,7,restecg,-0.024863,0.024863,PAIRWISE_E4_CLEV_TO_HUNG_XGBoost,Cleveland,Hungarian,XGBoost
53,7,thalach,0.025583,0.025583,PAIRWISE_E4_CLEV_TO_HUNG_XGBoost,Cleveland,Hungarian,XGBoost
53,7,exang,-0.085624,0.085624,PAIRWISE_E4_CLEV_TO_HUNG_XGBoost,Cleveland,Hungarian,XGBoost
53,7,oldpeak,-0.129371,0.129371,PAIRWISE_E4_CLEV_TO_HUNG_XGBoost,Cleveland,Hungarian,XGBoost
53,7,slope,0.080234,0.080234,PAIRWISE_E4_CLEV_TO_HUNG_XGBoost,Cleveland,Hungarian,XGBoost
33,8,age,-0.10952,0.10952,PAIRWISE_E4_CLEV_TO_HUNG_XGBoost,Cleveland,Hungarian,XGBoost
33,8,sex,0.187086,0.187086,PAIRWISE_E4_CLEV_TO_HUNG_XGBoost,Cleveland,Hungarian,XGBoost
33,8,cp,-0.14823,0.14823,PAIRWISE_E4_CLEV_TO_HUNG_XGBoost,Cleveland,Hungarian,XGBoost
33,8,trestbps,-0.085047,0.085047,PAIRWISE_E4_CLEV_TO_HUNG_XGBoost,Cleveland,Hungarian,XGBoost
33,8,fbs,0.024653,0.024653,PAIRWISE_E4_CLEV_TO_HUNG_XGBoost,Cleveland,Hungarian,XGBoost
33,8,restecg,-0.031077,0.031077,PAIRWISE_E4_CLEV_TO_HUNG_XGBoost,Cleveland,Hungarian,XGBoost
33,8,thalach,0.023266,0.023266,PAIRWISE_E4_CLEV_TO_HUNG_XGBoost,Cleveland,Hungarian,XGBoost
33,8,exang,-0.115439,0.115439,PAIRWISE_E4_CLEV_TO_HUNG_XGBoost,Cleveland,Hungarian,XGBoost
33,8,oldpeak,-0.139183,0.139183,PAIRWISE_E4_CLEV_TO_HUNG_XGBoost,Cleveland,Hungarian,XGBoost
33,8,slope,0.080317,0.080317,PAIRWISE_E4_CLEV_TO_HUNG_XGBoost,Cleveland,Hungarian,XGBoost
289,9,age,-0.052704,0.052704,PAIRWISE_E4_CLEV_TO_HUNG_XGBoost,Cleveland,Hungarian,XGBoost
289,9,sex,-0.230818,0.230818,PAIRWISE_E4_CLEV_TO_HUNG_XGBoost,Cleveland,Hungarian,XGBoost
289,9,cp,-0.171813,0.171813,PAIRWISE_E4_CLEV_TO_HUNG_XGBoost,Cleveland,Hungarian,XGBoost
289,9,trestbps,0.006756,0.006756,PAIRWISE_E4_CLEV_TO_HUNG_XGBoost,Cleveland,Hungarian,XGBoost
289,9,fbs,-0.028147,0.028147,PAIRWISE_E4_CLEV_TO_HUNG_XGBoost,Cleveland,Hungarian,XGBoost
289,9,restecg,-0.048145,0.048145,PAIRWISE_E4_CLEV_TO_HUNG_XGBoost,Cleveland,Hungarian,XGBoost
289,9,thalach,0.131296,0.131296,PAIRWISE_E4_CLEV_TO_HUNG_XGBoost,Cleveland,Hungarian,XGBoost
289,9,exang,0.110003,0.110003,PAIRWISE_E4_CLEV_TO_HUNG_XGBoost,Cleveland,Hungarian,XGBoost
289,9,oldpeak,-0.132204,0.132204,PAIRWISE_E4_CLEV_TO_HUNG_XGBoost,Cleveland,Hungarian,XGBoost
289,9,slope,0.073584,0.073584,PAIRWISE_E4_CLEV_TO_HUNG_XGBoost,Cleveland,Hungarian,XGBoost
135,10,age,-0.062503,0.062503,PAIRWISE_E4_CLEV_TO_HUNG_XGBoost,Cleveland,Hungarian,XGBoost
135,10,sex,0.192032,0.192032,PAIRWISE_E4_CLEV_TO_HUNG_XGBoost,Cleveland,Hungarian,XGBoost
135,10,cp,-0.175185,0.175185,PAIRWISE_E4_CLEV_TO_HUNG_XGBoost,Cleveland,Hungarian,XGBoost
135,10,trestbps,-0.061649,0.061649,PAIRWISE_E4_CLEV_TO_HUNG_XGBoost,Cleveland,Hungarian,XGBoost
135,10,fbs,-0.023872,0.023872,PAIRWISE_E4_CLEV_TO_HUNG_XGBoost,Cleveland,Hungarian,XGBoost
135,10,restecg,-0.044449,0.044449,PAIRWISE_E4_CLEV_TO_HUNG_XGBoost,Cleveland,Hungarian,XGBoost
135,10,thalach,-0.002954,0.002954,PAIRWISE_E4_CLEV_TO_HUNG_XGBoost,Cleveland,Hungarian,XGBoost
135,10,exang,-0.081829,0.081829,PAIRWISE_E4_CLEV_TO_HUNG_XGBoost,Cleveland,Hungarian,XGBoost
135,10,oldpeak,-0.127048,0.127048,PAIRWISE_E4_CLEV_TO_HUNG_XGBoost,Cleveland,Hungarian,XGBoost
135,10,slope,0.076146,0.076146,PAIRWISE_E4_CLEV_TO_HUNG_XGBoost,Cleveland,Hungarian,XGBoost
172,11,age,0.092353,0.092353,PAIRWISE_E4_CLEV_TO_HUNG_XGBoost,Cleveland,Hungarian,XGBoost
172,11,sex,0.221569,0.221569,PAIRWISE_E4_CLEV_TO_HUNG_XGBoost,Cleveland,Hungarian,XGBoost
172,11,cp,-0.170816,0.170816,PAIRWISE_E4_CLEV_TO_HUNG_XGBoost,Cleveland,Hungarian,XGBoost
172,11,trestbps,-0.022384,0.022384,PAIRWISE_E4_CLEV_TO_HUNG_XGBoost,Cleveland,Hungarian,XGBoost
172,11,fbs,0.031096,0.031096,PAIRWISE_E4_CLEV_TO_HUNG_XGBoost,Cleveland,Hungarian,XGBoost
172,11,restecg,-0.053666,0.053666,PAIRWISE_E4_CLEV_TO_HUNG_XGBoost,Cleveland,Hungarian,XGBoost
172,11,thalach,0.015738,0.015738,PAIRWISE_E4_CLEV_TO_HUNG_XGBoost,Cleveland,Hungarian,XGBoost
172,11,exang,-0.101424,0.101424,PAIRWISE_E4_CLEV_TO_HUNG_XGBoost,Cleveland,Hungarian,XGBoost
172,11,oldpeak,-0.140164,0.140164,PAIRWISE_E4_CLEV_TO_HUNG_XGBoost,Cleveland,Hungarian,XGBoost
172,11,slope,-0.076913,0.076913,PAIRWISE_E4_CLEV_TO_HUNG_XGBoost,Cleveland,Hungarian,XGBoost
197,12,age,-0.097316,0.097316,PAIRWISE_E4_CLEV_TO_HUNG_XGBoost,Cleveland,Hungarian,XGBoost
197,12,sex,0.209632,0.209632,PAIRWISE_E4_CLEV_TO_HUNG_XGBoost,Cleveland,Hungarian,XGBoost
197,12,cp,0.262815,0.262815,PAIRWISE_E4_CLEV_TO_HUNG_XGBoost,Cleveland,Hungarian,XGBoost
197,12,trestbps,-0.044359,0.044359,PAIRWISE_E4_CLEV_TO_HUNG_XGBoost,Cleveland,Hungarian,XGBoost
197,12,fbs,-0.019907,0.019907,PAIRWISE_E4_CLEV_TO_HUNG_XGBoost,Cleveland,Hungarian,XGBoost
197,12,restecg,-0.03556,0.03556,PAIRWISE_E4_CLEV_TO_HUNG_XGBoost,Cleveland,Hungarian,XGBoost
197,12,thalach,-0.112505,0.112505,PAIRWISE_E4_CLEV_TO_HUNG_XGBoost,Cleveland,Hungarian,XGBoost
197,12,exang,-0.106007,0.106007,PAIRWISE_E4_CLEV_TO_HUNG_XGBoost,Cleveland,Hungarian,XGBoost
197,12,oldpeak,-0.119976,0.119976,PAIRWISE_E4_CLEV_TO_HUNG_XGBoost,Cleveland,Hungarian,XGBoost
197,12,slope,-0.076038,0.076038,PAIRWISE_E4_CLEV_TO_HUNG_XGBoost,Cleveland,Hungarian,XGBoost
150,13,age,-0.085079,0.085079,PAIRWISE_E4_CLEV_TO_HUNG_XGBoost,Cleveland,Hungarian,XGBoost
150,13,sex,0.220218,0.220218,PAIRWISE_E4_CLEV_TO_HUNG_XGBoost,Cleveland,Hungarian,XGBoost
150,13,cp,-0.160363,0.160363,PAIRWISE_E4_CLEV_TO_HUNG_XGBoost,Cleveland,Hungarian,XGBoost
150,13,trestbps,0.082241,0.082241,PAIRWISE_E4_CLEV_TO_HUNG_XGBoost,Cleveland,Hungarian,XGBoost
150,13,fbs,-0.017373,0.017373,PAIRWISE_E4_CLEV_TO_HUNG_XGBoost,Cleveland,Hungarian,XGBoost
150,13,restecg,0.005102,0.005102,PAIRWISE_E4_CLEV_TO_HUNG_XGBoost,Cleveland,Hungarian,XGBoost
150,13,thalach,0.131386,0.131386,PAIRWISE_E4_CLEV_TO_HUNG_XGBoost,Cleveland,Hungarian,XGBoost
150,13,exang,-0.080886,0.080886,PAIRWISE_E4_CLEV_TO_HUNG_XGBoost,Cleveland,Hungarian,XGBoost
150,13,oldpeak,0.046626,0.046626,PAIRWISE_E4_CLEV_TO_HUNG_XGBoost,Cleveland,Hungarian,XGBoost
150,13,slope,-0.095017,0.095017,PAIRWISE_E4_CLEV_TO_HUNG_XGBoost,Cleveland,Hungarian,XGBoost
81,14,age,-0.087915,0.087915,PAIRWISE_E4_CLEV_TO_HUNG_XGBoost,Cleveland,Hungarian,XGBoost
81,14,sex,0.208643,0.208643,PAIRWISE_E4_CLEV_TO_HUNG_XGBoost,Cleveland,Hungarian,XGBoost
81,14,cp,-0.176082,0.176082,PAIRWISE_E4_CLEV_TO_HUNG_XGBoost,Cleveland,Hungarian,XGBoost
81,14,trestbps,0.060854,0.060854,PAIRWISE_E4_CLEV_TO_HUNG_XGBoost,Cleveland,Hungarian,XGBoost
81,14,fbs,0.001026,0.001026,PAIRWISE_E4_CLEV_TO_HUNG_XGBoost,Cleveland,Hungarian,XGBoost
81,14,restecg,-0.038371,0.038371,PAIRWISE_E4_CLEV_TO_HUNG_XGBoost,Cleveland,Hungarian,XGBoost
81,14,thalach,0.169045,0.169045,PAIRWISE_E4_CLEV_TO_HUNG_XGBoost,Cleveland,Hungarian,XGBoost
81,14,exang,-0.074968,0.074968,PAIRWISE_E4_CLEV_TO_HUNG_XGBoost,Cleveland,Hungarian,XGBoost
81,14,oldpeak,-0.144154,0.144154,PAIRWISE_E4_CLEV_TO_HUNG_XGBoost,Cleveland,Hungarian,XGBoost
81,14,slope,0.07781,0.07781,PAIRWISE_E4_CLEV_TO_HUNG_XGBoost,Cleveland,Hungarian,XGBoost
39,15,age,-0.102372,0.102372,PAIRWISE_E4_CLEV_TO_HUNG_XGBoost,Cleveland,Hungarian,XGBoost
39,15,sex,0.212267,0.212267,PAIRWISE_E4_CLEV_TO_HUNG_XGBoost,Cleveland,Hungarian,XGBoost
39,15,cp,0.27387,0.27387,PAIRWISE_E4_CLEV_TO_HUNG_XGBoost,Cleveland,Hungarian,XGBoost
39,15,trestbps,0.003695,0.003695,PAIRWISE_E4_CLEV_TO_HUNG_XGBoost,Cleveland,Hungarian,XGBoost
39,15,fbs,0.000762,0.000762,PAIRWISE_E4_CLEV_TO_HUNG_XGBoost,Cleveland,Hungarian,XGBoost
39,15,restecg,-0.050609,0.050609,PAIRWISE_E4_CLEV_TO_HUNG_XGBoost,Cleveland,Hungarian,XGBoost
39,15,thalach,0.011321,0.011321,PAIRWISE_E4_CLEV_TO_HUNG_XGBoost,Cleveland,Hungarian,XGBoost
39,15,exang,-0.105503,0.105503,PAIRWISE_E4_CLEV_TO_HUNG_XGBoost,Cleveland,Hungarian,XGBoost
39,15,oldpeak,-0.151829,0.151829,PAIRWISE_E4_CLEV_TO_HUNG_XGBoost,Cleveland,Hungarian,XGBoost
39,15,slope,0.059411,0.059411,PAIRWISE_E4_CLEV_TO_HUNG_XGBoost,Cleveland,Hungarian,XGBoost
205,16,age,-0.090112,0.090112,PAIRWISE_E4_CLEV_TO_HUNG_XGBoost,Cleveland,Hungarian,XGBoost
205,16,sex,0.221505,0.221505,PAIRWISE_E4_CLEV_TO_HUNG_XGBoost,Cleveland,Hungarian,XGBoost
205,16,cp,0.270329,0.270329,PAIRWISE_E4_CLEV_TO_HUNG_XGBoost,Cleveland,Hungarian,XGBoost
205,16,trestbps,-0.050629,0.050629,PAIRWISE_E4_CLEV_TO_HUNG_XGBoost,Cleveland,Hungarian,XGBoost
205,16,fbs,0.014212,0.014212,PAIRWISE_E4_CLEV_TO_HUNG_XGBoost,Cleveland,Hungarian,XGBoost
205,16,restecg,-0.026561,0.026561,PAIRWISE_E4_CLEV_TO_HUNG_XGBoost,Cleveland,Hungarian,XGBoost
205,16,thalach,0.11601,0.11601,PAIRWISE_E4_CLEV_TO_HUNG_XGBoost,Cleveland,Hungarian,XGBoost
205,16,exang,-0.097447,0.097447,PAIRWISE_E4_CLEV_TO_HUNG_XGBoost,Cleveland,Hungarian,XGBoost
205,16,oldpeak,-0.143143,0.143143,PAIRWISE_E4_CLEV_TO_HUNG_XGBoost,Cleveland,Hungarian,XGBoost
205,16,slope,0.077008,0.077008,PAIRWISE_E4_CLEV_TO_HUNG_XGBoost,Cleveland,Hungarian,XGBoost
252,17,age,-0.09609,0.09609,PAIRWISE_E4_CLEV_TO_HUNG_XGBoost,Cleveland,Hungarian,XGBoost
252,17,sex,0.211253,0.211253,PAIRWISE_E4_CLEV_TO_HUNG_XGBoost,Cleveland,Hungarian,XGBoost
252,17,cp,-0.129739,0.129739,PAIRWISE_E4_CLEV_TO_HUNG_XGBoost,Cleveland,Hungarian,XGBoost
252,17,trestbps,0.081225,0.081225,PAIRWISE_E4_CLEV_TO_HUNG_XGBoost,Cleveland,Hungarian,XGBoost
252,17,fbs,0.015647,0.015647,PAIRWISE_E4_CLEV_TO_HUNG_XGBoost,Cleveland,Hungarian,XGBoost
252,17,restecg,-0.035333,0.035333,PAIRWISE_E4_CLEV_TO_HUNG_XGBoost,Cleveland,Hungarian,XGBoost
252,17,thalach,0.017081,0.017081,PAIRWISE_E4_CLEV_TO_HUNG_XGBoost,Cleveland,Hungarian,XGBoost
252,17,exang,0.082131,0.082131,PAIRWISE_E4_CLEV_TO_HUNG_XGBoost,Cleveland,Hungarian,XGBoost
252,17,oldpeak,0.244493,0.244493,PAIRWISE_E4_CLEV_TO_HUNG_XGBoost,Cleveland,Hungarian,XGBoost
252,17,slope,0.05277,0.05277,PAIRWISE_E4_CLEV_TO_HUNG_XGBoost,Cleveland,Hungarian,XGBoost
283,18,age,-0.064909,0.064909,PAIRWISE_E4_CLEV_TO_HUNG_XGBoost,Cleveland,Hungarian,XGBoost
283,18,sex,0.194165,0.194165,PAIRWISE_E4_CLEV_TO_HUNG_XGBoost,Cleveland,Hungarian,XGBoost
283,18,cp,0.276297,0.276297,PAIRWISE_E4_CLEV_TO_HUNG_XGBoost,Cleveland,Hungarian,XGBoost
283,18,trestbps,0.01321,0.01321,PAIRWISE_E4_CLEV_TO_HUNG_XGBoost,Cleveland,Hungarian,XGBoost
283,18,fbs,-0.022139,0.022139,PAIRWISE_E4_CLEV_TO_HUNG_XGBoost,Cleveland,Hungarian,XGBoost
283,18,restecg,-0.023589,0.023589,PAIRWISE_E4_CLEV_TO_HUNG_XGBoost,Cleveland,Hungarian,XGBoost
283,18,thalach,0.115319,0.115319,PAIRWISE_E4_CLEV_TO_HUNG_XGBoost,Cleveland,Hungarian,XGBoost
283,18,exang,0.107208,0.107208,PAIRWISE_E4_CLEV_TO_HUNG_XGBoost,Cleveland,Hungarian,XGBoost
283,18,oldpeak,-0.132242,0.132242,PAIRWISE_E4_CLEV_TO_HUNG_XGBoost,Cleveland,Hungarian,XGBoost
283,18,slope,0.103976,0.103976,PAIRWISE_E4_CLEV_TO_HUNG_XGBoost,Cleveland,Hungarian,XGBoost
106,19,age,-0.042624,0.042624,PAIRWISE_E4_CLEV_TO_HUNG_XGBoost,Cleveland,Hungarian,XGBoost
106,19,sex,0.204055,0.204055,PAIRWISE_E4_CLEV_TO_HUNG_XGBoost,Cleveland,Hungarian,XGBoost
106,19,cp,0.282768,0.282768,PAIRWISE_E4_CLEV_TO_HUNG_XGBoost,Cleveland,Hungarian,XGBoost
106,19,trestbps,-0.050486,0.050486,PAIRWISE_E4_CLEV_TO_HUNG_XGBoost,Cleveland,Hungarian,XGBoost
106,19,fbs,0.015412,0.015412,PAIRWISE_E4_CLEV_TO_HUNG_XGBoost,Cleveland,Hungarian,XGBoost
106,19,restecg,-0.032684,0.032684,PAIRWISE_E4_CLEV_TO_HUNG_XGBoost,Cleveland,Hungarian,XGBoost
106,19,thalach,0.152103,0.152103,PAIRWISE_E4_CLEV_TO_HUNG_XGBoost,Cleveland,Hungarian,XGBoost
106,19,exang,-0.08157,0.08157,PAIRWISE_E4_CLEV_TO_HUNG_XGBoost,Cleveland,Hungarian,XGBoost
106,19,oldpeak,0.010232,0.010232,PAIRWISE_E4_CLEV_TO_HUNG_XGBoost,Cleveland,Hungarian,XGBoost
106,19,slope,0.071054,0.071054,PAIRWISE_E4_CLEV_TO_HUNG_XGBoost,Cleveland,Hungarian,XGBoost
220,20,age,0.123696,0.123696,PAIRWISE_E4_CLEV_TO_HUNG_XGBoost,Cleveland,Hungarian,XGBoost
220,20,sex,-0.216233,0.216233,PAIRWISE_E4_CLEV_TO_HUNG_XGBoost,Cleveland,Hungarian,XGBoost
220,20,cp,0.265287,0.265287,PAIRWISE_E4_CLEV_TO_HUNG_XGBoost,Cleveland,Hungarian,XGBoost
220,20,trestbps,-0.000828,0.000828,PAIRWISE_E4_CLEV_TO_HUNG_XGBoost,Cleveland,Hungarian,XGBoost
220,20,fbs,-0.008471,0.008471,PAIRWISE_E4_CLEV_TO_HUNG_XGBoost,Cleveland,Hungarian,XGBoost
220,20,restecg,0.052097,0.052097,PAIRWISE_E4_CLEV_TO_HUNG_XGBoost,Cleveland,Hungarian,XGBoost
220,20,thalach,0.118925,0.118925,PAIRWISE_E4_CLEV_TO_HUNG_XGBoost,Cleveland,Hungarian,XGBoost
220,20,exang,0.110749,0.110749,PAIRWISE_E4_CLEV_TO_HUNG_XGBoost,Cleveland,Hungarian,XGBoost
220,20,oldpeak,0.006308,0.006308,PAIRWISE_E4_CLEV_TO_HUNG_XGBoost,Cleveland,Hungarian,XGBoost
220,20,slope,0.08539,0.08539,PAIRWISE_E4_CLEV_TO_HUNG_XGBoost,Cleveland,Hungarian,XGBoost
202,21,age,-0.085295,0.085295,PAIRWISE_E4_CLEV_TO_HUNG_XGBoost,Cleveland,Hungarian,XGBoost
202,21,sex,0.212419,0.212419,PAIRWISE_E4_CLEV_TO_HUNG_XGBoost,Cleveland,Hungarian,XGBoost
202,21,cp,0.266397,0.266397,PAIRWISE_E4_CLEV_TO_HUNG_XGBoost,Cleveland,Hungarian,XGBoost
202,21,trestbps,-0.063145,0.063145,PAIRWISE_E4_CLEV_TO_HUNG_XGBoost,Cleveland,Hungarian,XGBoost
202,21,fbs,0.00494,0.00494,PAIRWISE_E4_CLEV_TO_HUNG_XGBoost,Cleveland,Hungarian,XGBoost
202,21,restecg,-0.033749,0.033749,PAIRWISE_E4_CLEV_TO_HUNG_XGBoost,Cleveland,Hungarian,XGBoost
202,21,thalach,0.125181,0.125181,PAIRWISE_E4_CLEV_TO_HUNG_XGBoost,Cleveland,Hungarian,XGBoost
202,21,exang,0.117274,0.117274,PAIRWISE_E4_CLEV_TO_HUNG_XGBoost,Cleveland,Hungarian,XGBoost
202,21,oldpeak,0.037226,0.037226,PAIRWISE_E4_CLEV_TO_HUNG_XGBoost,Cleveland,Hungarian,XGBoost
202,21,slope,0.072067,0.072067,PAIRWISE_E4_CLEV_TO_HUNG_XGBoost,Cleveland,Hungarian,XGBoost
249,22,age,0.103194,0.103194,PAIRWISE_E4_CLEV_TO_HUNG_XGBoost,Cleveland,Hungarian,XGBoost
249,22,sex,0.225071,0.225071,PAIRWISE_E4_CLEV_TO_HUNG_XGBoost,Cleveland,Hungarian,XGBoost
249,22,cp,0.250434,0.250434,PAIRWISE_E4_CLEV_TO_HUNG_XGBoost,Cleveland,Hungarian,XGBoost
249,22,trestbps,0.019484,0.019484,PAIRWISE_E4_CLEV_TO_HUNG_XGBoost,Cleveland,Hungarian,XGBoost
249,22,fbs,-0.001508,0.001508,PAIRWISE_E4_CLEV_TO_HUNG_XGBoost,Cleveland,Hungarian,XGBoost
249,22,restecg,-0.041866,0.041866,PAIRWISE_E4_CLEV_TO_HUNG_XGBoost,Cleveland,Hungarian,XGBoost
249,22,thalach,0.005027,0.005027,PAIRWISE_E4_CLEV_TO_HUNG_XGBoost,Cleveland,Hungarian,XGBoost
249,22,exang,0.112975,0.112975,PAIRWISE_E4_CLEV_TO_HUNG_XGBoost,Cleveland,Hungarian,XGBoost
249,22,oldpeak,0.253681,0.253681,PAIRWISE_E4_CLEV_TO_HUNG_XGBoost,Cleveland,Hungarian,XGBoost
249,22,slope,0.085287,0.085287,PAIRWISE_E4_CLEV_TO_HUNG_XGBoost,Cleveland,Hungarian,XGBoost
269,23,age,-0.051295,0.051295,PAIRWISE_E4_CLEV_TO_HUNG_XGBoost,Cleveland,Hungarian,XGBoost
269,23,sex,0.220329,0.220329,PAIRWISE_E4_CLEV_TO_HUNG_XGBoost,Cleveland,Hungarian,XGBoost
269,23,cp,0.263258,0.263258,PAIRWISE_E4_CLEV_TO_HUNG_XGBoost,Cleveland,Hungarian,XGBoost
269,23,trestbps,0.066193,0.066193,PAIRWISE_E4_CLEV_TO_HUNG_XGBoost,Cleveland,Hungarian,XGBoost
269,23,fbs,-0.016677,0.016677,PAIRWISE_E4_CLEV_TO_HUNG_XGBoost,Cleveland,Hungarian,XGBoost
269,23,restecg,-0.032467,0.032467,PAIRWISE_E4_CLEV_TO_HUNG_XGBoost,Cleveland,Hungarian,XGBoost
269,23,thalach,0.140985,0.140985,PAIRWISE_E4_CLEV_TO_HUNG_XGBoost,Cleveland,Hungarian,XGBoost
269,23,exang,0.101587,0.101587,PAIRWISE_E4_CLEV_TO_HUNG_XGBoost,Cleveland,Hungarian,XGBoost
269,23,oldpeak,0.226815,0.226815,PAIRWISE_E4_CLEV_TO_HUNG_XGBoost,Cleveland,Hungarian,XGBoost
269,23,slope,0.088196,0.088196,PAIRWISE_E4_CLEV_TO_HUNG_XGBoost,Cleveland,Hungarian,XGBoost
136,24,age,-0.051488,0.051488,PAIRWISE_E4_CLEV_TO_HUNG_XGBoost,Cleveland,Hungarian,XGBoost
136,24,sex,0.205729,0.205729,PAIRWISE_E4_CLEV_TO_HUNG_XGBoost,Cleveland,Hungarian,XGBoost
136,24,cp,0.265706,0.265706,PAIRWISE_E4_CLEV_TO_HUNG_XGBoost,Cleveland,Hungarian,XGBoost
136,24,trestbps,0.009648,0.009648,PAIRWISE_E4_CLEV_TO_HUNG_XGBoost,Cleveland,Hungarian,XGBoost
136,24,fbs,0.014031,0.014031,PAIRWISE_E4_CLEV_TO_HUNG_XGBoost,Cleveland,Hungarian,XGBoost
136,24,restecg,0.045818,0.045818,PAIRWISE_E4_CLEV_TO_HUNG_XGBoost,Cleveland,Hungarian,XGBoost
136,24,thalach,0.129308,0.129308,PAIRWISE_E4_CLEV_TO_HUNG_XGBoost,Cleveland,Hungarian,XGBoost
136,24,exang,0.107418,0.107418,PAIRWISE_E4_CLEV_TO_HUNG_XGBoost,Cleveland,Hungarian,XGBoost
136,24,oldpeak,0.255208,0.255208,PAIRWISE_E4_CLEV_TO_HUNG_XGBoost,Cleveland,Hungarian,XGBoost
136,24,slope,0.083361,0.083361,PAIRWISE_E4_CLEV_TO_HUNG_XGBoost,Cleveland,Hungarian,XGBoost
92,0,age,0.054554,0.054554,PAIRWISE_E5_CLEV_TO_ZURI_LogisticRegression,Cleveland,Zurich,LogisticRegression
92,0,sex,-0.302769,0.302769,PAIRWISE_E5_CLEV_TO_ZURI_LogisticRegression,Cleveland,Zurich,LogisticRegression
92,0,cp,-0.293293,0.293293,PAIRWISE_E5_CLEV_TO_ZURI_LogisticRegression,Cleveland,Zurich,LogisticRegression
92,0,trestbps,0.023759,0.023759,PAIRWISE_E5_CLEV_TO_ZURI_LogisticRegression,Cleveland,Zurich,LogisticRegression
92,0,fbs,0.05352,0.05352,PAIRWISE_E5_CLEV_TO_ZURI_LogisticRegression,Cleveland,Zurich,LogisticRegression
92,0,restecg,-0.06965,0.06965,PAIRWISE_E5_CLEV_TO_ZURI_LogisticRegression,Cleveland,Zurich,LogisticRegression
92,0,thalach,0.008383,0.008383,PAIRWISE_E5_CLEV_TO_ZURI_LogisticRegression,Cleveland,Zurich,LogisticRegression
92,0,exang,-0.153763,0.153763,PAIRWISE_E5_CLEV_TO_ZURI_LogisticRegression,Cleveland,Zurich,LogisticRegression
92,0,oldpeak,-0.13587,0.13587,PAIRWISE_E5_CLEV_TO_ZURI_LogisticRegression,Cleveland,Zurich,LogisticRegression
92,0,slope,0.042619,0.042619,PAIRWISE_E5_CLEV_TO_ZURI_LogisticRegression,Cleveland,Zurich,LogisticRegression
4,1,age,-0.078373,0.078373,PAIRWISE_E5_CLEV_TO_ZURI_LogisticRegression,Cleveland,Zurich,LogisticRegression
4,1,sex,-0.286409,0.286409,PAIRWISE_E5_CLEV_TO_ZURI_LogisticRegression,Cleveland,Zurich,LogisticRegression
4,1,cp,0.221676,0.221676,PAIRWISE_E5_CLEV_TO_ZURI_LogisticRegression,Cleveland,Zurich,LogisticRegression
4,1,trestbps,-0.092153,0.092153,PAIRWISE_E5_CLEV_TO_ZURI_LogisticRegression,Cleveland,Zurich,LogisticRegression
4,1,fbs,0.028534,0.028534,PAIRWISE_E5_CLEV_TO_ZURI_LogisticRegression,Cleveland,Zurich,LogisticRegression
4,1,restecg,-0.071964,0.071964,PAIRWISE_E5_CLEV_TO_ZURI_LogisticRegression,Cleveland,Zurich,LogisticRegression
4,1,thalach,-0.055759,0.055759,PAIRWISE_E5_CLEV_TO_ZURI_LogisticRegression,Cleveland,Zurich,LogisticRegression
4,1,exang,-0.176426,0.176426,PAIRWISE_E5_CLEV_TO_ZURI_LogisticRegression,Cleveland,Zurich,LogisticRegression
4,1,oldpeak,0.208706,0.208706,PAIRWISE_E5_CLEV_TO_ZURI_LogisticRegression,Cleveland,Zurich,LogisticRegression
4,1,slope,-0.055435,0.055435,PAIRWISE_E5_CLEV_TO_ZURI_LogisticRegression,Cleveland,Zurich,LogisticRegression
105,2,age,0.097106,0.097106,PAIRWISE_E5_CLEV_TO_ZURI_LogisticRegression,Cleveland,Zurich,LogisticRegression
105,2,sex,-0.324886,0.324886,PAIRWISE_E5_CLEV_TO_ZURI_LogisticRegression,Cleveland,Zurich,LogisticRegression
105,2,cp,0.226936,0.226936,PAIRWISE_E5_CLEV_TO_ZURI_LogisticRegression,Cleveland,Zurich,LogisticRegression
105,2,trestbps,-0.098611,0.098611,PAIRWISE_E5_CLEV_TO_ZURI_LogisticRegression,Cleveland,Zurich,LogisticRegression
105,2,fbs,0.04781,0.04781,PAIRWISE_E5_CLEV_TO_ZURI_LogisticRegression,Cleveland,Zurich,LogisticRegression
105,2,restecg,-0.082345,0.082345,PAIRWISE_E5_CLEV_TO_ZURI_LogisticRegression,Cleveland,Zurich,LogisticRegression
105,2,thalach,0.016875,0.016875,PAIRWISE_E5_CLEV_TO_ZURI_LogisticRegression,Cleveland,Zurich,LogisticRegression
105,2,exang,-0.188158,0.188158,PAIRWISE_E5_CLEV_TO_ZURI_LogisticRegression,Cleveland,Zurich,LogisticRegression
105,2,oldpeak,0.011532,0.011532,PAIRWISE_E5_CLEV_TO_ZURI_LogisticRegression,Cleveland,Zurich,LogisticRegression
105,2,slope,0.09176,0.09176,PAIRWISE_E5_CLEV_TO_ZURI_LogisticRegression,Cleveland,Zurich,LogisticRegression
56,3,age,0.002162,0.002162,PAIRWISE_E5_CLEV_TO_ZURI_LogisticRegression,Cleveland,Zurich,LogisticRegression
56,3,sex,0.295826,0.295826,PAIRWISE_E5_CLEV_TO_ZURI_LogisticRegression,Cleveland,Zurich,LogisticRegression
56,3,cp,-0.037353,0.037353,PAIRWISE_E5_CLEV_TO_ZURI_LogisticRegression,Cleveland,Zurich,LogisticRegression
56,3,trestbps,-0.024902,0.024902,PAIRWISE_E5_CLEV_TO_ZURI_LogisticRegression,Cleveland,Zurich,LogisticRegression
56,3,fbs,0.038145,0.038145,PAIRWISE_E5_CLEV_TO_ZURI_LogisticRegression,Cleveland,Zurich,LogisticRegression
56,3,restecg,-0.08715,0.08715,PAIRWISE_E5_CLEV_TO_ZURI_LogisticRegression,Cleveland,Zurich,LogisticRegression
56,3,thalach,0.166585,0.166585,PAIRWISE_E5_CLEV_TO_ZURI_LogisticRegression,Cleveland,Zurich,LogisticRegression
56,3,exang,-0.176698,0.176698,PAIRWISE_E5_CLEV_TO_ZURI_LogisticRegression,Cleveland,Zurich,LogisticRegression
56,3,oldpeak,-0.122571,0.122571,PAIRWISE_E5_CLEV_TO_ZURI_LogisticRegression,Cleveland,Zurich,LogisticRegression
56,3,slope,0.020866,0.020866,PAIRWISE_E5_CLEV_TO_ZURI_LogisticRegression,Cleveland,Zurich,LogisticRegression
11,4,age,-0.090859,0.090859,PAIRWISE_E5_CLEV_TO_ZURI_LogisticRegression,Cleveland,Zurich,LogisticRegression
11,4,sex,0.285209,0.285209,PAIRWISE_E5_CLEV_TO_ZURI_LogisticRegression,Cleveland,Zurich,LogisticRegression
11,4,cp,0.206008,0.206008,PAIRWISE_E5_CLEV_TO_ZURI_LogisticRegression,Cleveland,Zurich,LogisticRegression
11,4,trestbps,0.005023,0.005023,PAIRWISE_E5_CLEV_TO_ZURI_LogisticRegression,Cleveland,Zurich,LogisticRegression
11,4,fbs,0.054892,0.054892,PAIRWISE_E5_CLEV_TO_ZURI_LogisticRegression,Cleveland,Zurich,LogisticRegression
11,4,restecg,-0.100749,0.100749,PAIRWISE_E5_CLEV_TO_ZURI_LogisticRegression,Cleveland,Zurich,LogisticRegression
11,4,thalach,-0.152658,0.152658,PAIRWISE_E5_CLEV_TO_ZURI_LogisticRegression,Cleveland,Zurich,LogisticRegression
11,4,exang,-0.173842,0.173842,PAIRWISE_E5_CLEV_TO_ZURI_LogisticRegression,Cleveland,Zurich,LogisticRegression
11,4,oldpeak,0.01976,0.01976,PAIRWISE_E5_CLEV_TO_ZURI_LogisticRegression,Cleveland,Zurich,LogisticRegression
11,4,slope,-0.062438,0.062438,PAIRWISE_E5_CLEV_TO_ZURI_LogisticRegression,Cleveland,Zurich,LogisticRegression
48,5,age,-0.009585,0.009585,PAIRWISE_E5_CLEV_TO_ZURI_LogisticRegression,Cleveland,Zurich,LogisticRegression
48,5,sex,0.315704,0.315704,PAIRWISE_E5_CLEV_TO_ZURI_LogisticRegression,Cleveland,Zurich,LogisticRegression
48,5,cp,0.211614,0.211614,PAIRWISE_E5_CLEV_TO_ZURI_LogisticRegression,Cleveland,Zurich,LogisticRegression
48,5,trestbps,-0.085746,0.085746,PAIRWISE_E5_CLEV_TO_ZURI_LogisticRegression,Cleveland,Zurich,LogisticRegression
48,5,fbs,0.035683,0.035683,PAIRWISE_E5_CLEV_TO_ZURI_LogisticRegression,Cleveland,Zurich,LogisticRegression
48,5,restecg,-0.089259,0.089259,PAIRWISE_E5_CLEV_TO_ZURI_LogisticRegression,Cleveland,Zurich,LogisticRegression
48,5,thalach,-0.051626,0.051626,PAIRWISE_E5_CLEV_TO_ZURI_LogisticRegression,Cleveland,Zurich,LogisticRegression
48,5,exang,-0.185749,0.185749,PAIRWISE_E5_CLEV_TO_ZURI_LogisticRegression,Cleveland,Zurich,LogisticRegression
48,5,oldpeak,-0.140887,0.140887,PAIRWISE_E5_CLEV_TO_ZURI_LogisticRegression,Cleveland,Zurich,LogisticRegression
48,5,slope,0.053755,0.053755,PAIRWISE_E5_CLEV_TO_ZURI_LogisticRegression,Cleveland,Zurich,LogisticRegression
69,6,age,0.011224,0.011224,PAIRWISE_E5_CLEV_TO_ZURI_LogisticRegression,Cleveland,Zurich,LogisticRegression
69,6,sex,0.308145,0.308145,PAIRWISE_E5_CLEV_TO_ZURI_LogisticRegression,Cleveland,Zurich,LogisticRegression
69,6,cp,0.230407,0.230407,PAIRWISE_E5_CLEV_TO_ZURI_LogisticRegression,Cleveland,Zurich,LogisticRegression
69,6,trestbps,-0.098836,0.098836,PAIRWISE_E5_CLEV_TO_ZURI_LogisticRegression,Cleveland,Zurich,LogisticRegression
69,6,fbs,0.063916,0.063916,PAIRWISE_E5_CLEV_TO_ZURI_LogisticRegression,Cleveland,Zurich,LogisticRegression
69,6,restecg,-0.072284,0.072284,PAIRWISE_E5_CLEV_TO_ZURI_LogisticRegression,Cleveland,Zurich,LogisticRegression
69,6,thalach,0.022154,0.022154,PAIRWISE_E5_CLEV_TO_ZURI_LogisticRegression,Cleveland,Zurich,LogisticRegression
69,6,exang,-0.189404,0.189404,PAIRWISE_E5_CLEV_TO_ZURI_LogisticRegression,Cleveland,Zurich,LogisticRegression
69,6,oldpeak,-0.080141,0.080141,PAIRWISE_E5_CLEV_TO_ZURI_LogisticRegression,Cleveland,Zurich,LogisticRegression
69,6,slope,-0.060752,0.060752,PAIRWISE_E5_CLEV_TO_ZURI_LogisticRegression,Cleveland,Zurich,LogisticRegression
55,7,age,-0.023327,0.023327,PAIRWISE_E5_CLEV_TO_ZURI_LogisticRegression,Cleveland,Zurich,LogisticRegression
55,7,sex,0.301111,0.301111,PAIRWISE_E5_CLEV_TO_ZURI_LogisticRegression,Cleveland,Zurich,LogisticRegression
55,7,cp,-0.032403,0.032403,PAIRWISE_E5_CLEV_TO_ZURI_LogisticRegression,Cleveland,Zurich,LogisticRegression
55,7,trestbps,-0.093593,0.093593,PAIRWISE_E5_CLEV_TO_ZURI_LogisticRegression,Cleveland,Zurich,LogisticRegression
55,7,fbs,0.064337,0.064337,PAIRWISE_E5_CLEV_TO_ZURI_LogisticRegression,Cleveland,Zurich,LogisticRegression
55,7,restecg,-0.07602,0.07602,PAIRWISE_E5_CLEV_TO_ZURI_LogisticRegression,Cleveland,Zurich,LogisticRegression
55,7,thalach,0.152731,0.152731,PAIRWISE_E5_CLEV_TO_ZURI_LogisticRegression,Cleveland,Zurich,LogisticRegression
55,7,exang,-0.17848,0.17848,PAIRWISE_E5_CLEV_TO_ZURI_LogisticRegression,Cleveland,Zurich,LogisticRegression
55,7,oldpeak,-0.147283,0.147283,PAIRWISE_E5_CLEV_TO_ZURI_LogisticRegression,Cleveland,Zurich,LogisticRegression
55,7,slope,0.038451,0.038451,PAIRWISE_E5_CLEV_TO_ZURI_LogisticRegression,Cleveland,Zurich,LogisticRegression
44,8,age,-0.007701,0.007701,PAIRWISE_E5_CLEV_TO_ZURI_LogisticRegression,Cleveland,Zurich,LogisticRegression
44,8,sex,0.28516,0.28516,PAIRWISE_E5_CLEV_TO_ZURI_LogisticRegression,Cleveland,Zurich,LogisticRegression
44,8,cp,0.235154,0.235154,PAIRWISE_E5_CLEV_TO_ZURI_LogisticRegression,Cleveland,Zurich,LogisticRegression
44,8,trestbps,-0.109031,0.109031,PAIRWISE_E5_CLEV_TO_ZURI_LogisticRegression,Cleveland,Zurich,LogisticRegression
44,8,fbs,0.029851,0.029851,PAIRWISE_E5_CLEV_TO_ZURI_LogisticRegression,Cleveland,Zurich,LogisticRegression
44,8,restecg,-0.09245,0.09245,PAIRWISE_E5_CLEV_TO_ZURI_LogisticRegression,Cleveland,Zurich,LogisticRegression
44,8,thalach,0.169962,0.169962,PAIRWISE_E5_CLEV_TO_ZURI_LogisticRegression,Cleveland,Zurich,LogisticRegression
44,8,exang,-0.18747,0.18747,PAIRWISE_E5_CLEV_TO_ZURI_LogisticRegression,Cleveland,Zurich,LogisticRegression
44,8,oldpeak,-0.140668,0.140668,PAIRWISE_E5_CLEV_TO_ZURI_LogisticRegression,Cleveland,Zurich,LogisticRegression
44,8,slope,0.047626,0.047626,PAIRWISE_E5_CLEV_TO_ZURI_LogisticRegression,Cleveland,Zurich,LogisticRegression
58,9,age,-0.008991,0.008991,PAIRWISE_E5_CLEV_TO_ZURI_LogisticRegression,Cleveland,Zurich,LogisticRegression
58,9,sex,0.304147,0.304147,PAIRWISE_E5_CLEV_TO_ZURI_LogisticRegression,Cleveland,Zurich,LogisticRegression
58,9,cp,0.219762,0.219762,PAIRWISE_E5_CLEV_TO_ZURI_LogisticRegression,Cleveland,Zurich,LogisticRegression
58,9,trestbps,-0.074062,0.074062,PAIRWISE_E5_CLEV_TO_ZURI_LogisticRegression,Cleveland,Zurich,LogisticRegression
58,9,fbs,0.026579,0.026579,PAIRWISE_E5_CLEV_TO_ZURI_LogisticRegression,Cleveland,Zurich,LogisticRegression
58,9,restecg,0.01415,0.01415,PAIRWISE_E5_CLEV_TO_ZURI_LogisticRegression,Cleveland,Zurich,LogisticRegression
58,9,thalach,0.15104,0.15104,PAIRWISE_E5_CLEV_TO_ZURI_LogisticRegression,Cleveland,Zurich,LogisticRegression
58,9,exang,-0.184162,0.184162,PAIRWISE_E5_CLEV_TO_ZURI_LogisticRegression,Cleveland,Zurich,LogisticRegression
58,9,oldpeak,-0.160316,0.160316,PAIRWISE_E5_CLEV_TO_ZURI_LogisticRegression,Cleveland,Zurich,LogisticRegression
58,9,slope,-0.059674,0.059674,PAIRWISE_E5_CLEV_TO_ZURI_LogisticRegression,Cleveland,Zurich,LogisticRegression
35,10,age,-0.008894,0.008894,PAIRWISE_E5_CLEV_TO_ZURI_LogisticRegression,Cleveland,Zurich,LogisticRegression
35,10,sex,0.297911,0.297911,PAIRWISE_E5_CLEV_TO_ZURI_LogisticRegression,Cleveland,Zurich,LogisticRegression
35,10,cp,0.225901,0.225901,PAIRWISE_E5_CLEV_TO_ZURI_LogisticRegression,Cleveland,Zurich,LogisticRegression
35,10,trestbps,-0.099423,0.099423,PAIRWISE_E5_CLEV_TO_ZURI_LogisticRegression,Cleveland,Zurich,LogisticRegression
35,10,fbs,0.040744,0.040744,PAIRWISE_E5_CLEV_TO_ZURI_LogisticRegression,Cleveland,Zurich,LogisticRegression
35,10,restecg,-0.080055,0.080055,PAIRWISE_E5_CLEV_TO_ZURI_LogisticRegression,Cleveland,Zurich,LogisticRegression
35,10,thalach,0.169693,0.169693,PAIRWISE_E5_CLEV_TO_ZURI_LogisticRegression,Cleveland,Zurich,LogisticRegression
35,10,exang,-0.182384,0.182384,PAIRWISE_E5_CLEV_TO_ZURI_LogisticRegression,Cleveland,Zurich,LogisticRegression
35,10,oldpeak,0.203306,0.203306,PAIRWISE_E5_CLEV_TO_ZURI_LogisticRegression,Cleveland,Zurich,LogisticRegression
35,10,slope,0.021574,0.021574,PAIRWISE_E5_CLEV_TO_ZURI_LogisticRegression,Cleveland,Zurich,LogisticRegression
45,11,age,-0.016654,0.016654,PAIRWISE_E5_CLEV_TO_ZURI_LogisticRegression,Cleveland,Zurich,LogisticRegression
45,11,sex,0.322144,0.322144,PAIRWISE_E5_CLEV_TO_ZURI_LogisticRegression,Cleveland,Zurich,LogisticRegression
45,11,cp,0.227578,0.227578,PAIRWISE_E5_CLEV_TO_ZURI_LogisticRegression,Cleveland,Zurich,LogisticRegression
45,11,trestbps,-0.003239,0.003239,PAIRWISE_E5_CLEV_TO_ZURI_LogisticRegression,Cleveland,Zurich,LogisticRegression
45,11,fbs,0.022607,0.022607,PAIRWISE_E5_CLEV_TO_ZURI_LogisticRegression,Cleveland,Zurich,LogisticRegression
45,11,restecg,-0.086792,0.086792,PAIRWISE_E5_CLEV_TO_ZURI_LogisticRegression,Cleveland,Zurich,LogisticRegression
45,11,thalach,0.163091,0.163091,PAIRWISE_E5_CLEV_TO_ZURI_LogisticRegression,Cleveland,Zurich,LogisticRegression
45,11,exang,-0.181693,0.181693,PAIRWISE_E5_CLEV_TO_ZURI_LogisticRegression,Cleveland,Zurich,LogisticRegression
45,11,oldpeak,0.02509,0.02509,PAIRWISE_E5_CLEV_TO_ZURI_LogisticRegression,Cleveland,Zurich,LogisticRegression
45,11,slope,-0.06248,0.06248,PAIRWISE_E5_CLEV_TO_ZURI_LogisticRegression,Cleveland,Zurich,LogisticRegression
16,12,age,-0.069239,0.069239,PAIRWISE_E5_CLEV_TO_ZURI_LogisticRegression,Cleveland,Zurich,LogisticRegression
16,12,sex,0.296409,0.296409,PAIRWISE_E5_CLEV_TO_ZURI_LogisticRegression,Cleveland,Zurich,LogisticRegression
16,12,cp,0.222796,0.222796,PAIRWISE_E5_CLEV_TO_ZURI_LogisticRegression,Cleveland,Zurich,LogisticRegression
16,12,trestbps,0.038347,0.038347,PAIRWISE_E5_CLEV_TO_ZURI_LogisticRegression,Cleveland,Zurich,LogisticRegression
16,12,fbs,0.032316,0.032316,PAIRWISE_E5_CLEV_TO_ZURI_LogisticRegression,Cleveland,Zurich,LogisticRegression
16,12,restecg,-0.016073,0.016073,PAIRWISE_E5_CLEV_TO_ZURI_LogisticRegression,Cleveland,Zurich,LogisticRegression
16,12,thalach,0.003922,0.003922,PAIRWISE_E5_CLEV_TO_ZURI_LogisticRegression,Cleveland,Zurich,LogisticRegression
16,12,exang,0.176028,0.176028,PAIRWISE_E5_CLEV_TO_ZURI_LogisticRegression,Cleveland,Zurich,LogisticRegression
16,12,oldpeak,-0.058815,0.058815,PAIRWISE_E5_CLEV_TO_ZURI_LogisticRegression,Cleveland,Zurich,LogisticRegression
16,12,slope,-0.072628,0.072628,PAIRWISE_E5_CLEV_TO_ZURI_LogisticRegression,Cleveland,Zurich,LogisticRegression
15,13,age,-0.087382,0.087382,PAIRWISE_E5_CLEV_TO_ZURI_LogisticRegression,Cleveland,Zurich,LogisticRegression
15,13,sex,0.298435,0.298435,PAIRWISE_E5_CLEV_TO_ZURI_LogisticRegression,Cleveland,Zurich,LogisticRegression
15,13,cp,0.218288,0.218288,PAIRWISE_E5_CLEV_TO_ZURI_LogisticRegression,Cleveland,Zurich,LogisticRegression
15,13,trestbps,-0.09476,0.09476,PAIRWISE_E5_CLEV_TO_ZURI_LogisticRegression,Cleveland,Zurich,LogisticRegression
15,13,fbs,0.041288,0.041288,PAIRWISE_E5_CLEV_TO_ZURI_LogisticRegression,Cleveland,Zurich,LogisticRegression
15,13,restecg,-0.086295,0.086295,PAIRWISE_E5_CLEV_TO_ZURI_LogisticRegression,Cleveland,Zurich,LogisticRegression
15,13,thalach,0.035952,0.035952,PAIRWISE_E5_CLEV_TO_ZURI_LogisticRegression,Cleveland,Zurich,LogisticRegression
15,13,exang,0.187313,0.187313,PAIRWISE_E5_CLEV_TO_ZURI_LogisticRegression,Cleveland,Zurich,LogisticRegression
15,13,oldpeak,0.219432,0.219432,PAIRWISE_E5_CLEV_TO_ZURI_LogisticRegression,Cleveland,Zurich,LogisticRegression
15,13,slope,0.041102,0.041102,PAIRWISE_E5_CLEV_TO_ZURI_LogisticRegression,Cleveland,Zurich,LogisticRegression
21,14,age,-0.072808,0.072808,PAIRWISE_E5_CLEV_TO_ZURI_LogisticRegression,Cleveland,Zurich,LogisticRegression
21,14,sex,0.300908,0.300908,PAIRWISE_E5_CLEV_TO_ZURI_LogisticRegression,Cleveland,Zurich,LogisticRegression
21,14,cp,-0.05036,0.05036,PAIRWISE_E5_CLEV_TO_ZURI_LogisticRegression,Cleveland,Zurich,LogisticRegression
21,14,trestbps,0.114725,0.114725,PAIRWISE_E5_CLEV_TO_ZURI_LogisticRegression,Cleveland,Zurich,LogisticRegression
21,14,fbs,0.036977,0.036977,PAIRWISE_E5_CLEV_TO_ZURI_LogisticRegression,Cleveland,Zurich,LogisticRegression
21,14,restecg,-0.104228,0.104228,PAIRWISE_E5_CLEV_TO_ZURI_LogisticRegression,Cleveland,Zurich,LogisticRegression
21,14,thalach,0.204917,0.204917,PAIRWISE_E5_CLEV_TO_ZURI_LogisticRegression,Cleveland,Zurich,LogisticRegression
21,14,exang,0.166006,0.166006,PAIRWISE_E5_CLEV_TO_ZURI_LogisticRegression,Cleveland,Zurich,LogisticRegression
21,14,oldpeak,0.051475,0.051475,PAIRWISE_E5_CLEV_TO_ZURI_LogisticRegression,Cleveland,Zurich,LogisticRegression
21,14,slope,0.035028,0.035028,PAIRWISE_E5_CLEV_TO_ZURI_LogisticRegression,Cleveland,Zurich,LogisticRegression
64,15,age,0.02209,0.02209,PAIRWISE_E5_CLEV_TO_ZURI_LogisticRegression,Cleveland,Zurich,LogisticRegression
64,15,sex,0.293886,0.293886,PAIRWISE_E5_CLEV_TO_ZURI_LogisticRegression,Cleveland,Zurich,LogisticRegression
64,15,cp,0.225868,0.225868,PAIRWISE_E5_CLEV_TO_ZURI_LogisticRegression,Cleveland,Zurich,LogisticRegression
64,15,trestbps,-0.099093,0.099093,PAIRWISE_E5_CLEV_TO_ZURI_LogisticRegression,Cleveland,Zurich,LogisticRegression
64,15,fbs,0.039003,0.039003,PAIRWISE_E5_CLEV_TO_ZURI_LogisticRegression,Cleveland,Zurich,LogisticRegression
64,15,restecg,-0.030922,0.030922,PAIRWISE_E5_CLEV_TO_ZURI_LogisticRegression,Cleveland,Zurich,LogisticRegression
64,15,thalach,0.183665,0.183665,PAIRWISE_E5_CLEV_TO_ZURI_LogisticRegression,Cleveland,Zurich,LogisticRegression
64,15,exang,0.190175,0.190175,PAIRWISE_E5_CLEV_TO_ZURI_LogisticRegression,Cleveland,Zurich,LogisticRegression
64,15,oldpeak,0.018287,0.018287,PAIRWISE_E5_CLEV_TO_ZURI_LogisticRegression,Cleveland,Zurich,LogisticRegression
64,15,slope,-0.042025,0.042025,PAIRWISE_E5_CLEV_TO_ZURI_LogisticRegression,Cleveland,Zurich,LogisticRegression
34,16,age,-0.011107,0.011107,PAIRWISE_E5_CLEV_TO_ZURI_LogisticRegression,Cleveland,Zurich,LogisticRegression
34,16,sex,0.323009,0.323009,PAIRWISE_E5_CLEV_TO_ZURI_LogisticRegression,Cleveland,Zurich,LogisticRegression
34,16,cp,0.228204,0.228204,PAIRWISE_E5_CLEV_TO_ZURI_LogisticRegression,Cleveland,Zurich,LogisticRegression
34,16,trestbps,0.026427,0.026427,PAIRWISE_E5_CLEV_TO_ZURI_LogisticRegression,Cleveland,Zurich,LogisticRegression
34,16,fbs,0.01133,0.01133,PAIRWISE_E5_CLEV_TO_ZURI_LogisticRegression,Cleveland,Zurich,LogisticRegression
34,16,restecg,-0.073464,0.073464,PAIRWISE_E5_CLEV_TO_ZURI_LogisticRegression,Cleveland,Zurich,LogisticRegression
34,16,thalach,0.142763,0.142763,PAIRWISE_E5_CLEV_TO_ZURI_LogisticRegression,Cleveland,Zurich,LogisticRegression
34,16,exang,-0.176617,0.176617,PAIRWISE_E5_CLEV_TO_ZURI_LogisticRegression,Cleveland,Zurich,LogisticRegression
34,16,oldpeak,-0.134197,0.134197,PAIRWISE_E5_CLEV_TO_ZURI_LogisticRegression,Cleveland,Zurich,LogisticRegression
34,16,slope,0.034345,0.034345,PAIRWISE_E5_CLEV_TO_ZURI_LogisticRegression,Cleveland,Zurich,LogisticRegression
107,17,age,0.083928,0.083928,PAIRWISE_E5_CLEV_TO_ZURI_LogisticRegression,Cleveland,Zurich,LogisticRegression
107,17,sex,0.325575,0.325575,PAIRWISE_E5_CLEV_TO_ZURI_LogisticRegression,Cleveland,Zurich,LogisticRegression
107,17,cp,0.229943,0.229943,PAIRWISE_E5_CLEV_TO_ZURI_LogisticRegression,Cleveland,Zurich,LogisticRegression
107,17,trestbps,-0.093523,0.093523,PAIRWISE_E5_CLEV_TO_ZURI_LogisticRegression,Cleveland,Zurich,LogisticRegression
107,17,fbs,0.023857,0.023857,PAIRWISE_E5_CLEV_TO_ZURI_LogisticRegression,Cleveland,Zurich,LogisticRegression
107,17,restecg,-0.077385,0.077385,PAIRWISE_E5_CLEV_TO_ZURI_LogisticRegression,Cleveland,Zurich,LogisticRegression
107,17,thalach,0.154096,0.154096,PAIRWISE_E5_CLEV_TO_ZURI_LogisticRegression,Cleveland,Zurich,LogisticRegression
107,17,exang,0.179185,0.179185,PAIRWISE_E5_CLEV_TO_ZURI_LogisticRegression,Cleveland,Zurich,LogisticRegression
107,17,oldpeak,-0.139977,0.139977,PAIRWISE_E5_CLEV_TO_ZURI_LogisticRegression,Cleveland,Zurich,LogisticRegression
107,17,slope,0.044266,0.044266,PAIRWISE_E5_CLEV_TO_ZURI_LogisticRegression,Cleveland,Zurich,LogisticRegression
120,18,age,0.072167,0.072167,PAIRWISE_E5_CLEV_TO_ZURI_LogisticRegression,Cleveland,Zurich,LogisticRegression
120,18,sex,0.301051,0.301051,PAIRWISE_E5_CLEV_TO_ZURI_LogisticRegression,Cleveland,Zurich,LogisticRegression
120,18,cp,-0.038283,0.038283,PAIRWISE_E5_CLEV_TO_ZURI_LogisticRegression,Cleveland,Zurich,LogisticRegression
120,18,trestbps,0.107907,0.107907,PAIRWISE_E5_CLEV_TO_ZURI_LogisticRegression,Cleveland,Zurich,LogisticRegression
120,18,fbs,0.030541,0.030541,PAIRWISE_E5_CLEV_TO_ZURI_LogisticRegression,Cleveland,Zurich,LogisticRegression
120,18,restecg,0.052765,0.052765,PAIRWISE_E5_CLEV_TO_ZURI_LogisticRegression,Cleveland,Zurich,LogisticRegression
120,18,thalach,0.164878,0.164878,PAIRWISE_E5_CLEV_TO_ZURI_LogisticRegression,Cleveland,Zurich,LogisticRegression
120,18,exang,-0.18211,0.18211,PAIRWISE_E5_CLEV_TO_ZURI_LogisticRegression,Cleveland,Zurich,LogisticRegression
120,18,oldpeak,0.002093,0.002093,PAIRWISE_E5_CLEV_TO_ZURI_LogisticRegression,Cleveland,Zurich,LogisticRegression
120,18,slope,0.061778,0.061778,PAIRWISE_E5_CLEV_TO_ZURI_LogisticRegression,Cleveland,Zurich,LogisticRegression
117,19,age,0.062258,0.062258,PAIRWISE_E5_CLEV_TO_ZURI_LogisticRegression,Cleveland,Zurich,LogisticRegression
117,19,sex,0.314766,0.314766,PAIRWISE_E5_CLEV_TO_ZURI_LogisticRegression,Cleveland,Zurich,LogisticRegression
117,19,cp,0.226642,0.226642,PAIRWISE_E5_CLEV_TO_ZURI_LogisticRegression,Cleveland,Zurich,LogisticRegression
117,19,trestbps,0.0159,0.0159,PAIRWISE_E5_CLEV_TO_ZURI_LogisticRegression,Cleveland,Zurich,LogisticRegression
117,19,fbs,0.042776,0.042776,PAIRWISE_E5_CLEV_TO_ZURI_LogisticRegression,Cleveland,Zurich,LogisticRegression
117,19,restecg,-0.029068,0.029068,PAIRWISE_E5_CLEV_TO_ZURI_LogisticRegression,Cleveland,Zurich,LogisticRegression
117,19,thalach,0.155084,0.155084,PAIRWISE_E5_CLEV_TO_ZURI_LogisticRegression,Cleveland,Zurich,LogisticRegression
117,19,exang,-0.153597,0.153597,PAIRWISE_E5_CLEV_TO_ZURI_LogisticRegression,Cleveland,Zurich,LogisticRegression
117,19,oldpeak,0.21258,0.21258,PAIRWISE_E5_CLEV_TO_ZURI_LogisticRegression,Cleveland,Zurich,LogisticRegression
117,19,slope,0.040275,0.040275,PAIRWISE_E5_CLEV_TO_ZURI_LogisticRegression,Cleveland,Zurich,LogisticRegression
37,20,age,-0.004909,0.004909,PAIRWISE_E5_CLEV_TO_ZURI_LogisticRegression,Cleveland,Zurich,LogisticRegression
37,20,sex,0.302035,0.302035,PAIRWISE_E5_CLEV_TO_ZURI_LogisticRegression,Cleveland,Zurich,LogisticRegression
37,20,cp,0.220994,0.220994,PAIRWISE_E5_CLEV_TO_ZURI_LogisticRegression,Cleveland,Zurich,LogisticRegression
37,20,trestbps,0.028759,0.028759,PAIRWISE_E5_CLEV_TO_ZURI_LogisticRegression,Cleveland,Zurich,LogisticRegression
37,20,fbs,0.04053,0.04053,PAIRWISE_E5_CLEV_TO_ZURI_LogisticRegression,Cleveland,Zurich,LogisticRegression
37,20,restecg,-0.077908,0.077908,PAIRWISE_E5_CLEV_TO_ZURI_LogisticRegression,Cleveland,Zurich,LogisticRegression
37,20,thalach,0.157118,0.157118,PAIRWISE_E5_CLEV_TO_ZURI_LogisticRegression,Cleveland,Zurich,LogisticRegression
37,20,exang,0.180008,0.180008,PAIRWISE_E5_CLEV_TO_ZURI_LogisticRegression,Cleveland,Zurich,LogisticRegression
37,20,oldpeak,0.213832,0.213832,PAIRWISE_E5_CLEV_TO_ZURI_LogisticRegression,Cleveland,Zurich,LogisticRegression
37,20,slope,0.043236,0.043236,PAIRWISE_E5_CLEV_TO_ZURI_LogisticRegression,Cleveland,Zurich,LogisticRegression
9,21,age,-0.086199,0.086199,PAIRWISE_E5_CLEV_TO_ZURI_LogisticRegression,Cleveland,Zurich,LogisticRegression
9,21,sex,0.305884,0.305884,PAIRWISE_E5_CLEV_TO_ZURI_LogisticRegression,Cleveland,Zurich,LogisticRegression
9,21,cp,0.238299,0.238299,PAIRWISE_E5_CLEV_TO_ZURI_LogisticRegression,Cleveland,Zurich,LogisticRegression
9,21,trestbps,0.100661,0.100661,PAIRWISE_E5_CLEV_TO_ZURI_LogisticRegression,Cleveland,Zurich,LogisticRegression
9,21,fbs,0.04894,0.04894,PAIRWISE_E5_CLEV_TO_ZURI_LogisticRegression,Cleveland,Zurich,LogisticRegression
9,21,restecg,-0.09444,0.09444,PAIRWISE_E5_CLEV_TO_ZURI_LogisticRegression,Cleveland,Zurich,LogisticRegression
9,21,thalach,0.148039,0.148039,PAIRWISE_E5_CLEV_TO_ZURI_LogisticRegression,Cleveland,Zurich,LogisticRegression
9,21,exang,0.181785,0.181785,PAIRWISE_E5_CLEV_TO_ZURI_LogisticRegression,Cleveland,Zurich,LogisticRegression
9,21,oldpeak,0.202296,0.202296,PAIRWISE_E5_CLEV_TO_ZURI_LogisticRegression,Cleveland,Zurich,LogisticRegression
9,21,slope,0.036192,0.036192,PAIRWISE_E5_CLEV_TO_ZURI_LogisticRegression,Cleveland,Zurich,LogisticRegression
96,22,age,0.051085,0.051085,PAIRWISE_E5_CLEV_TO_ZURI_LogisticRegression,Cleveland,Zurich,LogisticRegression
96,22,sex,0.304928,0.304928,PAIRWISE_E5_CLEV_TO_ZURI_LogisticRegression,Cleveland,Zurich,LogisticRegression
96,22,cp,0.208252,0.208252,PAIRWISE_E5_CLEV_TO_ZURI_LogisticRegression,Cleveland,Zurich,LogisticRegression
96,22,trestbps,-0.095114,0.095114,PAIRWISE_E5_CLEV_TO_ZURI_LogisticRegression,Cleveland,Zurich,LogisticRegression
96,22,fbs,0.046073,0.046073,PAIRWISE_E5_CLEV_TO_ZURI_LogisticRegression,Cleveland,Zurich,LogisticRegression
96,22,restecg,-0.087815,0.087815,PAIRWISE_E5_CLEV_TO_ZURI_LogisticRegression,Cleveland,Zurich,LogisticRegression
96,22,thalach,0.172092,0.172092,PAIRWISE_E5_CLEV_TO_ZURI_LogisticRegression,Cleveland,Zurich,LogisticRegression
96,22,exang,0.174488,0.174488,PAIRWISE_E5_CLEV_TO_ZURI_LogisticRegression,Cleveland,Zurich,LogisticRegression
96,22,oldpeak,0.198844,0.198844,PAIRWISE_E5_CLEV_TO_ZURI_LogisticRegression,Cleveland,Zurich,LogisticRegression
96,22,slope,0.071352,0.071352,PAIRWISE_E5_CLEV_TO_ZURI_LogisticRegression,Cleveland,Zurich,LogisticRegression
90,23,age,0.012445,0.012445,PAIRWISE_E5_CLEV_TO_ZURI_LogisticRegression,Cleveland,Zurich,LogisticRegression
90,23,sex,0.298941,0.298941,PAIRWISE_E5_CLEV_TO_ZURI_LogisticRegression,Cleveland,Zurich,LogisticRegression
90,23,cp,0.219257,0.219257,PAIRWISE_E5_CLEV_TO_ZURI_LogisticRegression,Cleveland,Zurich,LogisticRegression
90,23,trestbps,0.107402,0.107402,PAIRWISE_E5_CLEV_TO_ZURI_LogisticRegression,Cleveland,Zurich,LogisticRegression
90,23,fbs,0.012669,0.012669,PAIRWISE_E5_CLEV_TO_ZURI_LogisticRegression,Cleveland,Zurich,LogisticRegression
90,23,restecg,-0.082265,0.082265,PAIRWISE_E5_CLEV_TO_ZURI_LogisticRegression,Cleveland,Zurich,LogisticRegression
90,23,thalach,0.168881,0.168881,PAIRWISE_E5_CLEV_TO_ZURI_LogisticRegression,Cleveland,Zurich,LogisticRegression
90,23,exang,0.176296,0.176296,PAIRWISE_E5_CLEV_TO_ZURI_LogisticRegression,Cleveland,Zurich,LogisticRegression
90,23,oldpeak,0.207864,0.207864,PAIRWISE_E5_CLEV_TO_ZURI_LogisticRegression,Cleveland,Zurich,LogisticRegression
90,23,slope,0.0355,0.0355,PAIRWISE_E5_CLEV_TO_ZURI_LogisticRegression,Cleveland,Zurich,LogisticRegression
101,24,age,0.067342,0.067342,PAIRWISE_E5_CLEV_TO_ZURI_LogisticRegression,Cleveland,Zurich,LogisticRegression
101,24,sex,0.298099,0.298099,PAIRWISE_E5_CLEV_TO_ZURI_LogisticRegression,Cleveland,Zurich,LogisticRegression
101,24,cp,0.227897,0.227897,PAIRWISE_E5_CLEV_TO_ZURI_LogisticRegression,Cleveland,Zurich,LogisticRegression
101,24,trestbps,0.103571,0.103571,PAIRWISE_E5_CLEV_TO_ZURI_LogisticRegression,Cleveland,Zurich,LogisticRegression
101,24,fbs,0.04505,0.04505,PAIRWISE_E5_CLEV_TO_ZURI_LogisticRegression,Cleveland,Zurich,LogisticRegression
101,24,restecg,-0.073707,0.073707,PAIRWISE_E5_CLEV_TO_ZURI_LogisticRegression,Cleveland,Zurich,LogisticRegression
101,24,thalach,0.157443,0.157443,PAIRWISE_E5_CLEV_TO_ZURI_LogisticRegression,Cleveland,Zurich,LogisticRegression
101,24,exang,0.17817,0.17817,PAIRWISE_E5_CLEV_TO_ZURI_LogisticRegression,Cleveland,Zurich,LogisticRegression
101,24,oldpeak,0.215278,0.215278,PAIRWISE_E5_CLEV_TO_ZURI_LogisticRegression,Cleveland,Zurich,LogisticRegression
101,24,slope,0.032837,0.032837,PAIRWISE_E5_CLEV_TO_ZURI_LogisticRegression,Cleveland,Zurich,LogisticRegression
6,0,age,-0.058556,0.058556,PAIRWISE_E6_CLEV_TO_ZURI_RandomForest,Cleveland,Zurich,RandomForest
6,0,sex,0.133902,0.133902,PAIRWISE_E6_CLEV_TO_ZURI_RandomForest,Cleveland,Zurich,RandomForest
6,0,cp,-0.169926,0.169926,PAIRWISE_E6_CLEV_TO_ZURI_RandomForest,Cleveland,Zurich,RandomForest
6,0,trestbps,-0.011584,0.011584,PAIRWISE_E6_CLEV_TO_ZURI_RandomForest,Cleveland,Zurich,RandomForest
6,0,fbs,-0.00085,0.00085,PAIRWISE_E6_CLEV_TO_ZURI_RandomForest,Cleveland,Zurich,RandomForest
6,0,restecg,-0.010706,0.010706,PAIRWISE_E6_CLEV_TO_ZURI_RandomForest,Cleveland,Zurich,RandomForest
6,0,thalach,-0.101098,0.101098,PAIRWISE_E6_CLEV_TO_ZURI_RandomForest,Cleveland,Zurich,RandomForest
6,0,exang,-0.092336,0.092336,PAIRWISE_E6_CLEV_TO_ZURI_RandomForest,Cleveland,Zurich,RandomForest
6,0,oldpeak,-0.094225,0.094225,PAIRWISE_E6_CLEV_TO_ZURI_RandomForest,Cleveland,Zurich,RandomForest
6,0,slope,-0.082636,0.082636,PAIRWISE_E6_CLEV_TO_ZURI_RandomForest,Cleveland,Zurich,RandomForest
92,1,age,0.035602,0.035602,PAIRWISE_E6_CLEV_TO_ZURI_RandomForest,Cleveland,Zurich,RandomForest
92,1,sex,-0.131714,0.131714,PAIRWISE_E6_CLEV_TO_ZURI_RandomForest,Cleveland,Zurich,RandomForest
92,1,cp,-0.100977,0.100977,PAIRWISE_E6_CLEV_TO_ZURI_RandomForest,Cleveland,Zurich,RandomForest
92,1,trestbps,0.001466,0.001466,PAIRWISE_E6_CLEV_TO_ZURI_RandomForest,Cleveland,Zurich,RandomForest
92,1,fbs,0.01976,0.01976,PAIRWISE_E6_CLEV_TO_ZURI_RandomForest,Cleveland,Zurich,RandomForest
92,1,restecg,-0.013067,0.013067,PAIRWISE_E6_CLEV_TO_ZURI_RandomForest,Cleveland,Zurich,RandomForest
92,1,thalach,0.032503,0.032503,PAIRWISE_E6_CLEV_TO_ZURI_RandomForest,Cleveland,Zurich,RandomForest
92,1,exang,-0.11279,0.11279,PAIRWISE_E6_CLEV_TO_ZURI_RandomForest,Cleveland,Zurich,RandomForest
92,1,oldpeak,-0.100617,0.100617,PAIRWISE_E6_CLEV_TO_ZURI_RandomForest,Cleveland,Zurich,RandomForest
92,1,slope,0.078592,0.078592,PAIRWISE_E6_CLEV_TO_ZURI_RandomForest,Cleveland,Zurich,RandomForest
41,2,age,-0.047683,0.047683,PAIRWISE_E6_CLEV_TO_ZURI_RandomForest,Cleveland,Zurich,RandomForest
41,2,sex,0.144427,0.144427,PAIRWISE_E6_CLEV_TO_ZURI_RandomForest,Cleveland,Zurich,RandomForest
41,2,cp,-0.113096,0.113096,PAIRWISE_E6_CLEV_TO_ZURI_RandomForest,Cleveland,Zurich,RandomForest
41,2,trestbps,-0.014867,0.014867,PAIRWISE_E6_CLEV_TO_ZURI_RandomForest,Cleveland,Zurich,RandomForest
41,2,fbs,-0.014835,0.014835,PAIRWISE_E6_CLEV_TO_ZURI_RandomForest,Cleveland,Zurich,RandomForest
41,2,restecg,-0.038231,0.038231,PAIRWISE_E6_CLEV_TO_ZURI_RandomForest,Cleveland,Zurich,RandomForest
41,2,thalach,0.126559,0.126559,PAIRWISE_E6_CLEV_TO_ZURI_RandomForest,Cleveland,Zurich,RandomForest
41,2,exang,-0.108453,0.108453,PAIRWISE_E6_CLEV_TO_ZURI_RandomForest,Cleveland,Zurich,RandomForest
41,2,oldpeak,-0.070344,0.070344,PAIRWISE_E6_CLEV_TO_ZURI_RandomForest,Cleveland,Zurich,RandomForest
41,2,slope,0.031209,0.031209,PAIRWISE_E6_CLEV_TO_ZURI_RandomForest,Cleveland,Zurich,RandomForest
33,3,age,-0.03744,0.03744,PAIRWISE_E6_CLEV_TO_ZURI_RandomForest,Cleveland,Zurich,RandomForest
33,3,sex,0.128226,0.128226,PAIRWISE_E6_CLEV_TO_ZURI_RandomForest,Cleveland,Zurich,RandomForest
33,3,cp,0.224762,0.224762,PAIRWISE_E6_CLEV_TO_ZURI_RandomForest,Cleveland,Zurich,RandomForest
33,3,trestbps,-0.010804,0.010804,PAIRWISE_E6_CLEV_TO_ZURI_RandomForest,Cleveland,Zurich,RandomForest
33,3,fbs,0.004426,0.004426,PAIRWISE_E6_CLEV_TO_ZURI_RandomForest,Cleveland,Zurich,RandomForest
33,3,restecg,0.006137,0.006137,PAIRWISE_E6_CLEV_TO_ZURI_RandomForest,Cleveland,Zurich,RandomForest
33,3,thalach,-0.041743,0.041743,PAIRWISE_E6_CLEV_TO_ZURI_RandomForest,Cleveland,Zurich,RandomForest
33,3,exang,-0.115987,0.115987,PAIRWISE_E6_CLEV_TO_ZURI_RandomForest,Cleveland,Zurich,RandomForest
33,3,oldpeak,-0.088995,0.088995,PAIRWISE_E6_CLEV_TO_ZURI_RandomForest,Cleveland,Zurich,RandomForest
33,3,slope,-0.077116,0.077116,PAIRWISE_E6_CLEV_TO_ZURI_RandomForest,Cleveland,Zurich,RandomForest
56,4,age,-0.046297,0.046297,PAIRWISE_E6_CLEV_TO_ZURI_RandomForest,Cleveland,Zurich,RandomForest
56,4,sex,0.136812,0.136812,PAIRWISE_E6_CLEV_TO_ZURI_RandomForest,Cleveland,Zurich,RandomForest
56,4,cp,-0.145974,0.145974,PAIRWISE_E6_CLEV_TO_ZURI_RandomForest,Cleveland,Zurich,RandomForest
56,4,trestbps,-0.00852,0.00852,PAIRWISE_E6_CLEV_TO_ZURI_RandomForest,Cleveland,Zurich,RandomForest
56,4,fbs,-0.004107,0.004107,PAIRWISE_E6_CLEV_TO_ZURI_RandomForest,Cleveland,Zurich,RandomForest
56,4,restecg,-0.020475,0.020475,PAIRWISE_E6_CLEV_TO_ZURI_RandomForest,Cleveland,Zurich,RandomForest
56,4,thalach,0.10832,0.10832,PAIRWISE_E6_CLEV_TO_ZURI_RandomForest,Cleveland,Zurich,RandomForest
56,4,exang,-0.118497,0.118497,PAIRWISE_E6_CLEV_TO_ZURI_RandomForest,Cleveland,Zurich,RandomForest
56,4,oldpeak,-0.096468,0.096468,PAIRWISE_E6_CLEV_TO_ZURI_RandomForest,Cleveland,Zurich,RandomForest
56,4,slope,0.073211,0.073211,PAIRWISE_E6_CLEV_TO_ZURI_RandomForest,Cleveland,Zurich,RandomForest
113,5,age,0.048955,0.048955,PAIRWISE_E6_CLEV_TO_ZURI_RandomForest,Cleveland,Zurich,RandomForest
113,5,sex,0.123058,0.123058,PAIRWISE_E6_CLEV_TO_ZURI_RandomForest,Cleveland,Zurich,RandomForest
113,5,cp,-0.086713,0.086713,PAIRWISE_E6_CLEV_TO_ZURI_RandomForest,Cleveland,Zurich,RandomForest
113,5,trestbps,0.053467,0.053467,PAIRWISE_E6_CLEV_TO_ZURI_RandomForest,Cleveland,Zurich,RandomForest
113,5,fbs,-0.009975,0.009975,PAIRWISE_E6_CLEV_TO_ZURI_RandomForest,Cleveland,Zurich,RandomForest
113,5,restecg,0.016027,0.016027,PAIRWISE_E6_CLEV_TO_ZURI_RandomForest,Cleveland,Zurich,RandomForest
113,5,thalach,0.131431,0.131431,PAIRWISE_E6_CLEV_TO_ZURI_RandomForest,Cleveland,Zurich,RandomForest
113,5,exang,-0.10272,0.10272,PAIRWISE_E6_CLEV_TO_ZURI_RandomForest,Cleveland,Zurich,RandomForest
113,5,oldpeak,-0.100956,0.100956,PAIRWISE_E6_CLEV_TO_ZURI_RandomForest,Cleveland,Zurich,RandomForest
113,5,slope,0.073071,0.073071,PAIRWISE_E6_CLEV_TO_ZURI_RandomForest,Cleveland,Zurich,RandomForest
69,6,age,0.058513,0.058513,PAIRWISE_E6_CLEV_TO_ZURI_RandomForest,Cleveland,Zurich,RandomForest
69,6,sex,0.131903,0.131903,PAIRWISE_E6_CLEV_TO_ZURI_RandomForest,Cleveland,Zurich,RandomForest
69,6,cp,0.227581,0.227581,PAIRWISE_E6_CLEV_TO_ZURI_RandomForest,Cleveland,Zurich,RandomForest
69,6,trestbps,-0.024572,0.024572,PAIRWISE_E6_CLEV_TO_ZURI_RandomForest,Cleveland,Zurich,RandomForest
69,6,fbs,0.011471,0.011471,PAIRWISE_E6_CLEV_TO_ZURI_RandomForest,Cleveland,Zurich,RandomForest
69,6,restecg,-0.01684,0.01684,PAIRWISE_E6_CLEV_TO_ZURI_RandomForest,Cleveland,Zurich,RandomForest
69,6,thalach,0.02746,0.02746,PAIRWISE_E6_CLEV_TO_ZURI_RandomForest,Cleveland,Zurich,RandomForest
69,6,exang,-0.120696,0.120696,PAIRWISE_E6_CLEV_TO_ZURI_RandomForest,Cleveland,Zurich,RandomForest
69,6,oldpeak,-0.08047,0.08047,PAIRWISE_E6_CLEV_TO_ZURI_RandomForest,Cleveland,Zurich,RandomForest
69,6,slope,-0.078235,0.078235,PAIRWISE_E6_CLEV_TO_ZURI_RandomForest,Cleveland,Zurich,RandomForest
82,7,age,0.056136,0.056136,PAIRWISE_E6_CLEV_TO_ZURI_RandomForest,Cleveland,Zurich,RandomForest
82,7,sex,0.122776,0.122776,PAIRWISE_E6_CLEV_TO_ZURI_RandomForest,Cleveland,Zurich,RandomForest
82,7,cp,0.216531,0.216531,PAIRWISE_E6_CLEV_TO_ZURI_RandomForest,Cleveland,Zurich,RandomForest
82,7,trestbps,0.059725,0.059725,PAIRWISE_E6_CLEV_TO_ZURI_RandomForest,Cleveland,Zurich,RandomForest
82,7,fbs,0.011528,0.011528,PAIRWISE_E6_CLEV_TO_ZURI_RandomForest,Cleveland,Zurich,RandomForest
82,7,restecg,-0.009882,0.009882,PAIRWISE_E6_CLEV_TO_ZURI_RandomForest,Cleveland,Zurich,RandomForest
82,7,thalach,0.037121,0.037121,PAIRWISE_E6_CLEV_TO_ZURI_RandomForest,Cleveland,Zurich,RandomForest
82,7,exang,-0.109615,0.109615,PAIRWISE_E6_CLEV_TO_ZURI_RandomForest,Cleveland,Zurich,RandomForest
82,7,oldpeak,-0.096212,0.096212,PAIRWISE_E6_CLEV_TO_ZURI_RandomForest,Cleveland,Zurich,RandomForest
82,7,slope,0.069878,0.069878,PAIRWISE_E6_CLEV_TO_ZURI_RandomForest,Cleveland,Zurich,RandomForest
30,8,age,-0.044281,0.044281,PAIRWISE_E6_CLEV_TO_ZURI_RandomForest,Cleveland,Zurich,RandomForest
30,8,sex,0.11675,0.11675,PAIRWISE_E6_CLEV_TO_ZURI_RandomForest,Cleveland,Zurich,RandomForest
30,8,cp,0.228247,0.228247,PAIRWISE_E6_CLEV_TO_ZURI_RandomForest,Cleveland,Zurich,RandomForest
30,8,trestbps,-0.053274,0.053274,PAIRWISE_E6_CLEV_TO_ZURI_RandomForest,Cleveland,Zurich,RandomForest
30,8,fbs,0.010351,0.010351,PAIRWISE_E6_CLEV_TO_ZURI_RandomForest,Cleveland,Zurich,RandomForest
30,8,restecg,-0.022837,0.022837,PAIRWISE_E6_CLEV_TO_ZURI_RandomForest,Cleveland,Zurich,RandomForest
30,8,thalach,0.106429,0.106429,PAIRWISE_E6_CLEV_TO_ZURI_RandomForest,Cleveland,Zurich,RandomForest
30,8,exang,-0.125558,0.125558,PAIRWISE_E6_CLEV_TO_ZURI_RandomForest,Cleveland,Zurich,RandomForest
30,8,oldpeak,-0.098804,0.098804,PAIRWISE_E6_CLEV_TO_ZURI_RandomForest,Cleveland,Zurich,RandomForest
30,8,slope,0.064159,0.064159,PAIRWISE_E6_CLEV_TO_ZURI_RandomForest,Cleveland,Zurich,RandomForest
99,9,age,0.0313,0.0313,PAIRWISE_E6_CLEV_TO_ZURI_RandomForest,Cleveland,Zurich,RandomForest
99,9,sex,0.136493,0.136493,PAIRWISE_E6_CLEV_TO_ZURI_RandomForest,Cleveland,Zurich,RandomForest
99,9,cp,0.224323,0.224323,PAIRWISE_E6_CLEV_TO_ZURI_RandomForest,Cleveland,Zurich,RandomForest
99,9,trestbps,-0.025314,0.025314,PAIRWISE_E6_CLEV_TO_ZURI_RandomForest,Cleveland,Zurich,RandomForest
99,9,fbs,-0.015723,0.015723,PAIRWISE_E6_CLEV_TO_ZURI_RandomForest,Cleveland,Zurich,RandomForest
99,9,restecg,-0.025367,0.025367,PAIRWISE_E6_CLEV_TO_ZURI_RandomForest,Cleveland,Zurich,RandomForest
99,9,thalach,0.122366,0.122366,PAIRWISE_E6_CLEV_TO_ZURI_RandomForest,Cleveland,Zurich,RandomForest
99,9,exang,-0.11528,0.11528,PAIRWISE_E6_CLEV_TO_ZURI_RandomForest,Cleveland,Zurich,RandomForest
99,9,oldpeak,-0.101244,0.101244,PAIRWISE_E6_CLEV_TO_ZURI_RandomForest,Cleveland,Zurich,RandomForest
99,9,slope,0.054532,0.054532,PAIRWISE_E6_CLEV_TO_ZURI_RandomForest,Cleveland,Zurich,RandomForest
43,10,age,-0.049945,0.049945,PAIRWISE_E6_CLEV_TO_ZURI_RandomForest,Cleveland,Zurich,RandomForest
43,10,sex,0.113593,0.113593,PAIRWISE_E6_CLEV_TO_ZURI_RandomForest,Cleveland,Zurich,RandomForest
43,10,cp,-0.151757,0.151757,PAIRWISE_E6_CLEV_TO_ZURI_RandomForest,Cleveland,Zurich,RandomForest
43,10,trestbps,0.060128,0.060128,PAIRWISE_E6_CLEV_TO_ZURI_RandomForest,Cleveland,Zurich,RandomForest
43,10,fbs,-0.011079,0.011079,PAIRWISE_E6_CLEV_TO_ZURI_RandomForest,Cleveland,Zurich,RandomForest
43,10,restecg,0.026003,0.026003,PAIRWISE_E6_CLEV_TO_ZURI_RandomForest,Cleveland,Zurich,RandomForest
43,10,thalach,0.116825,0.116825,PAIRWISE_E6_CLEV_TO_ZURI_RandomForest,Cleveland,Zurich,RandomForest
43,10,exang,0.094712,0.094712,PAIRWISE_E6_CLEV_TO_ZURI_RandomForest,Cleveland,Zurich,RandomForest
43,10,oldpeak,-0.10637,0.10637,PAIRWISE_E6_CLEV_TO_ZURI_RandomForest,Cleveland,Zurich,RandomForest
43,10,slope,0.064084,0.064084,PAIRWISE_E6_CLEV_TO_ZURI_RandomForest,Cleveland,Zurich,RandomForest
74,11,age,0.06284,0.06284,PAIRWISE_E6_CLEV_TO_ZURI_RandomForest,Cleveland,Zurich,RandomForest
74,11,sex,0.142858,0.142858,PAIRWISE_E6_CLEV_TO_ZURI_RandomForest,Cleveland,Zurich,RandomForest
74,11,cp,0.22437,0.22437,PAIRWISE_E6_CLEV_TO_ZURI_RandomForest,Cleveland,Zurich,RandomForest
74,11,trestbps,-0.024448,0.024448,PAIRWISE_E6_CLEV_TO_ZURI_RandomForest,Cleveland,Zurich,RandomForest
74,11,fbs,-0.020749,0.020749,PAIRWISE_E6_CLEV_TO_ZURI_RandomForest,Cleveland,Zurich,RandomForest
74,11,restecg,-0.024423,0.024423,PAIRWISE_E6_CLEV_TO_ZURI_RandomForest,Cleveland,Zurich,RandomForest
74,11,thalach,0.111366,0.111366,PAIRWISE_E6_CLEV_TO_ZURI_RandomForest,Cleveland,Zurich,RandomForest
74,11,exang,-0.110718,0.110718,PAIRWISE_E6_CLEV_TO_ZURI_RandomForest,Cleveland,Zurich,RandomForest
74,11,oldpeak,-0.107306,0.107306,PAIRWISE_E6_CLEV_TO_ZURI_RandomForest,Cleveland,Zurich,RandomForest
74,11,slope,0.072069,0.072069,PAIRWISE_E6_CLEV_TO_ZURI_RandomForest,Cleveland,Zurich,RandomForest
45,12,age,-0.036047,0.036047,PAIRWISE_E6_CLEV_TO_ZURI_RandomForest,Cleveland,Zurich,RandomForest
45,12,sex,0.137608,0.137608,PAIRWISE_E6_CLEV_TO_ZURI_RandomForest,Cleveland,Zurich,RandomForest
45,12,cp,0.218825,0.218825,PAIRWISE_E6_CLEV_TO_ZURI_RandomForest,Cleveland,Zurich,RandomForest
45,12,trestbps,-0.014411,0.014411,PAIRWISE_E6_CLEV_TO_ZURI_RandomForest,Cleveland,Zurich,RandomForest
45,12,fbs,-0.013856,0.013856,PAIRWISE_E6_CLEV_TO_ZURI_RandomForest,Cleveland,Zurich,RandomForest
45,12,restecg,-0.019151,0.019151,PAIRWISE_E6_CLEV_TO_ZURI_RandomForest,Cleveland,Zurich,RandomForest
45,12,thalach,0.119838,0.119838,PAIRWISE_E6_CLEV_TO_ZURI_RandomForest,Cleveland,Zurich,RandomForest
45,12,exang,-0.110062,0.110062,PAIRWISE_E6_CLEV_TO_ZURI_RandomForest,Cleveland,Zurich,RandomForest
45,12,oldpeak,0.026294,0.026294,PAIRWISE_E6_CLEV_TO_ZURI_RandomForest,Cleveland,Zurich,RandomForest
45,12,slope,-0.07303,0.07303,PAIRWISE_E6_CLEV_TO_ZURI_RandomForest,Cleveland,Zurich,RandomForest
103,13,age,0.056844,0.056844,PAIRWISE_E6_CLEV_TO_ZURI_RandomForest,Cleveland,Zurich,RandomForest
103,13,sex,0.127086,0.127086,PAIRWISE_E6_CLEV_TO_ZURI_RandomForest,Cleveland,Zurich,RandomForest
103,13,cp,0.22163,0.22163,PAIRWISE_E6_CLEV_TO_ZURI_RandomForest,Cleveland,Zurich,RandomForest
103,13,trestbps,0.063506,0.063506,PAIRWISE_E6_CLEV_TO_ZURI_RandomForest,Cleveland,Zurich,RandomForest
103,13,fbs,0.00298,0.00298,PAIRWISE_E6_CLEV_TO_ZURI_RandomForest,Cleveland,Zurich,RandomForest
103,13,restecg,-0.028361,0.028361,PAIRWISE_E6_CLEV_TO_ZURI_RandomForest,Cleveland,Zurich,RandomForest
103,13,thalach,0.11742,0.11742,PAIRWISE_E6_CLEV_TO_ZURI_RandomForest,Cleveland,Zurich,RandomForest
103,13,exang,0.096329,0.096329,PAIRWISE_E6_CLEV_TO_ZURI_RandomForest,Cleveland,Zurich,RandomForest
103,13,oldpeak,-0.109337,0.109337,PAIRWISE_E6_CLEV_TO_ZURI_RandomForest,Cleveland,Zurich,RandomForest
103,13,slope,-0.088433,0.088433,PAIRWISE_E6_CLEV_TO_ZURI_RandomForest,Cleveland,Zurich,RandomForest
16,14,age,-0.050326,0.050326,PAIRWISE_E6_CLEV_TO_ZURI_RandomForest,Cleveland,Zurich,RandomForest
16,14,sex,0.125419,0.125419,PAIRWISE_E6_CLEV_TO_ZURI_RandomForest,Cleveland,Zurich,RandomForest
16,14,cp,0.231641,0.231641,PAIRWISE_E6_CLEV_TO_ZURI_RandomForest,Cleveland,Zurich,RandomForest
16,14,trestbps,0.009979,0.009979,PAIRWISE_E6_CLEV_TO_ZURI_RandomForest,Cleveland,Zurich,RandomForest
16,14,fbs,-5e-06,5e-06,PAIRWISE_E6_CLEV_TO_ZURI_RandomForest,Cleveland,Zurich,RandomForest
16,14,restecg,0.05288,0.05288,PAIRWISE_E6_CLEV_TO_ZURI_RandomForest,Cleveland,Zurich,RandomForest
16,14,thalach,0.015887,0.015887,PAIRWISE_E6_CLEV_TO_ZURI_RandomForest,Cleveland,Zurich,RandomForest
16,14,exang,0.084567,0.084567,PAIRWISE_E6_CLEV_TO_ZURI_RandomForest,Cleveland,Zurich,RandomForest
16,14,oldpeak,-0.083452,0.083452,PAIRWISE_E6_CLEV_TO_ZURI_RandomForest,Cleveland,Zurich,RandomForest
16,14,slope,-0.081187,0.081187,PAIRWISE_E6_CLEV_TO_ZURI_RandomForest,Cleveland,Zurich,RandomForest
107,15,age,0.060684,0.060684,PAIRWISE_E6_CLEV_TO_ZURI_RandomForest,Cleveland,Zurich,RandomForest
107,15,sex,0.132669,0.132669,PAIRWISE_E6_CLEV_TO_ZURI_RandomForest,Cleveland,Zurich,RandomForest
107,15,cp,0.230593,0.230593,PAIRWISE_E6_CLEV_TO_ZURI_RandomForest,Cleveland,Zurich,RandomForest
107,15,trestbps,-0.015948,0.015948,PAIRWISE_E6_CLEV_TO_ZURI_RandomForest,Cleveland,Zurich,RandomForest
107,15,fbs,-0.005369,0.005369,PAIRWISE_E6_CLEV_TO_ZURI_RandomForest,Cleveland,Zurich,RandomForest
107,15,restecg,-0.026646,0.026646,PAIRWISE_E6_CLEV_TO_ZURI_RandomForest,Cleveland,Zurich,RandomForest
107,15,thalach,0.121297,0.121297,PAIRWISE_E6_CLEV_TO_ZURI_RandomForest,Cleveland,Zurich,RandomForest
107,15,exang,0.110517,0.110517,PAIRWISE_E6_CLEV_TO_ZURI_RandomForest,Cleveland,Zurich,RandomForest
107,15,oldpeak,-0.114052,0.114052,PAIRWISE_E6_CLEV_TO_ZURI_RandomForest,Cleveland,Zurich,RandomForest
107,15,slope,0.056604,0.056604,PAIRWISE_E6_CLEV_TO_ZURI_RandomForest,Cleveland,Zurich,RandomForest
91,16,age,0.059988,0.059988,PAIRWISE_E6_CLEV_TO_ZURI_RandomForest,Cleveland,Zurich,RandomForest
91,16,sex,0.124556,0.124556,PAIRWISE_E6_CLEV_TO_ZURI_RandomForest,Cleveland,Zurich,RandomForest
91,16,cp,0.233409,0.233409,PAIRWISE_E6_CLEV_TO_ZURI_RandomForest,Cleveland,Zurich,RandomForest
91,16,trestbps,0.044132,0.044132,PAIRWISE_E6_CLEV_TO_ZURI_RandomForest,Cleveland,Zurich,RandomForest
91,16,fbs,0.012879,0.012879,PAIRWISE_E6_CLEV_TO_ZURI_RandomForest,Cleveland,Zurich,RandomForest
91,16,restecg,-0.011006,0.011006,PAIRWISE_E6_CLEV_TO_ZURI_RandomForest,Cleveland,Zurich,RandomForest
91,16,thalach,0.036531,0.036531,PAIRWISE_E6_CLEV_TO_ZURI_RandomForest,Cleveland,Zurich,RandomForest
91,16,exang,-0.112695,0.112695,PAIRWISE_E6_CLEV_TO_ZURI_RandomForest,Cleveland,Zurich,RandomForest
91,16,oldpeak,0.028048,0.028048,PAIRWISE_E6_CLEV_TO_ZURI_RandomForest,Cleveland,Zurich,RandomForest
91,16,slope,0.066041,0.066041,PAIRWISE_E6_CLEV_TO_ZURI_RandomForest,Cleveland,Zurich,RandomForest
66,17,age,0.066315,0.066315,PAIRWISE_E6_CLEV_TO_ZURI_RandomForest,Cleveland,Zurich,RandomForest
66,17,sex,0.141292,0.141292,PAIRWISE_E6_CLEV_TO_ZURI_RandomForest,Cleveland,Zurich,RandomForest
66,17,cp,0.225781,0.225781,PAIRWISE_E6_CLEV_TO_ZURI_RandomForest,Cleveland,Zurich,RandomForest
66,17,trestbps,0.00293,0.00293,PAIRWISE_E6_CLEV_TO_ZURI_RandomForest,Cleveland,Zurich,RandomForest
66,17,fbs,0.002778,0.002778,PAIRWISE_E6_CLEV_TO_ZURI_RandomForest,Cleveland,Zurich,RandomForest
66,17,restecg,-0.023883,0.023883,PAIRWISE_E6_CLEV_TO_ZURI_RandomForest,Cleveland,Zurich,RandomForest
66,17,thalach,0.105611,0.105611,PAIRWISE_E6_CLEV_TO_ZURI_RandomForest,Cleveland,Zurich,RandomForest
66,17,exang,0.119848,0.119848,PAIRWISE_E6_CLEV_TO_ZURI_RandomForest,Cleveland,Zurich,RandomForest
66,17,oldpeak,-0.102347,0.102347,PAIRWISE_E6_CLEV_TO_ZURI_RandomForest,Cleveland,Zurich,RandomForest
66,17,slope,0.063784,0.063784,PAIRWISE_E6_CLEV_TO_ZURI_RandomForest,Cleveland,Zurich,RandomForest
59,18,age,-0.050032,0.050032,PAIRWISE_E6_CLEV_TO_ZURI_RandomForest,Cleveland,Zurich,RandomForest
59,18,sex,0.118263,0.118263,PAIRWISE_E6_CLEV_TO_ZURI_RandomForest,Cleveland,Zurich,RandomForest
59,18,cp,0.23537,0.23537,PAIRWISE_E6_CLEV_TO_ZURI_RandomForest,Cleveland,Zurich,RandomForest
59,18,trestbps,-0.027517,0.027517,PAIRWISE_E6_CLEV_TO_ZURI_RandomForest,Cleveland,Zurich,RandomForest
59,18,fbs,-0.008641,0.008641,PAIRWISE_E6_CLEV_TO_ZURI_RandomForest,Cleveland,Zurich,RandomForest
59,18,restecg,0.024613,0.024613,PAIRWISE_E6_CLEV_TO_ZURI_RandomForest,Cleveland,Zurich,RandomForest
59,18,thalach,0.106309,0.106309,PAIRWISE_E6_CLEV_TO_ZURI_RandomForest,Cleveland,Zurich,RandomForest
59,18,exang,0.113322,0.113322,PAIRWISE_E6_CLEV_TO_ZURI_RandomForest,Cleveland,Zurich,RandomForest
59,18,oldpeak,-0.094069,0.094069,PAIRWISE_E6_CLEV_TO_ZURI_RandomForest,Cleveland,Zurich,RandomForest
59,18,slope,0.054549,0.054549,PAIRWISE_E6_CLEV_TO_ZURI_RandomForest,Cleveland,Zurich,RandomForest
38,19,age,-0.034134,0.034134,PAIRWISE_E6_CLEV_TO_ZURI_RandomForest,Cleveland,Zurich,RandomForest
38,19,sex,0.122967,0.122967,PAIRWISE_E6_CLEV_TO_ZURI_RandomForest,Cleveland,Zurich,RandomForest
38,19,cp,0.234608,0.234608,PAIRWISE_E6_CLEV_TO_ZURI_RandomForest,Cleveland,Zurich,RandomForest
38,19,trestbps,0.05053,0.05053,PAIRWISE_E6_CLEV_TO_ZURI_RandomForest,Cleveland,Zurich,RandomForest
38,19,fbs,0.017994,0.017994,PAIRWISE_E6_CLEV_TO_ZURI_RandomForest,Cleveland,Zurich,RandomForest
38,19,restecg,-0.016985,0.016985,PAIRWISE_E6_CLEV_TO_ZURI_RandomForest,Cleveland,Zurich,RandomForest
38,19,thalach,0.126349,0.126349,PAIRWISE_E6_CLEV_TO_ZURI_RandomForest,Cleveland,Zurich,RandomForest
38,19,exang,0.105695,0.105695,PAIRWISE_E6_CLEV_TO_ZURI_RandomForest,Cleveland,Zurich,RandomForest
38,19,oldpeak,0.02486,0.02486,PAIRWISE_E6_CLEV_TO_ZURI_RandomForest,Cleveland,Zurich,RandomForest
38,19,slope,-0.078183,0.078183,PAIRWISE_E6_CLEV_TO_ZURI_RandomForest,Cleveland,Zurich,RandomForest
106,20,age,0.031508,0.031508,PAIRWISE_E6_CLEV_TO_ZURI_RandomForest,Cleveland,Zurich,RandomForest
106,20,sex,0.135135,0.135135,PAIRWISE_E6_CLEV_TO_ZURI_RandomForest,Cleveland,Zurich,RandomForest
106,20,cp,0.223127,0.223127,PAIRWISE_E6_CLEV_TO_ZURI_RandomForest,Cleveland,Zurich,RandomForest
106,20,trestbps,-0.026045,0.026045,PAIRWISE_E6_CLEV_TO_ZURI_RandomForest,Cleveland,Zurich,RandomForest
106,20,fbs,-0.00469,0.00469,PAIRWISE_E6_CLEV_TO_ZURI_RandomForest,Cleveland,Zurich,RandomForest
106,20,restecg,-0.025568,0.025568,PAIRWISE_E6_CLEV_TO_ZURI_RandomForest,Cleveland,Zurich,RandomForest
106,20,thalach,0.109148,0.109148,PAIRWISE_E6_CLEV_TO_ZURI_RandomForest,Cleveland,Zurich,RandomForest
106,20,exang,0.112607,0.112607,PAIRWISE_E6_CLEV_TO_ZURI_RandomForest,Cleveland,Zurich,RandomForest
106,20,oldpeak,0.012169,0.012169,PAIRWISE_E6_CLEV_TO_ZURI_RandomForest,Cleveland,Zurich,RandomForest
106,20,slope,-0.004321,0.004321,PAIRWISE_E6_CLEV_TO_ZURI_RandomForest,Cleveland,Zurich,RandomForest
93,21,age,0.047531,0.047531,PAIRWISE_E6_CLEV_TO_ZURI_RandomForest,Cleveland,Zurich,RandomForest
93,21,sex,-0.129351,0.129351,PAIRWISE_E6_CLEV_TO_ZURI_RandomForest,Cleveland,Zurich,RandomForest
93,21,cp,0.226819,0.226819,PAIRWISE_E6_CLEV_TO_ZURI_RandomForest,Cleveland,Zurich,RandomForest
93,21,trestbps,-0.029527,0.029527,PAIRWISE_E6_CLEV_TO_ZURI_RandomForest,Cleveland,Zurich,RandomForest
93,21,fbs,-0.004368,0.004368,PAIRWISE_E6_CLEV_TO_ZURI_RandomForest,Cleveland,Zurich,RandomForest
93,21,restecg,0.006174,0.006174,PAIRWISE_E6_CLEV_TO_ZURI_RandomForest,Cleveland,Zurich,RandomForest
93,21,thalach,0.101235,0.101235,PAIRWISE_E6_CLEV_TO_ZURI_RandomForest,Cleveland,Zurich,RandomForest
93,21,exang,0.113898,0.113898,PAIRWISE_E6_CLEV_TO_ZURI_RandomForest,Cleveland,Zurich,RandomForest
93,21,oldpeak,0.182536,0.182536,PAIRWISE_E6_CLEV_TO_ZURI_RandomForest,Cleveland,Zurich,RandomForest
93,21,slope,0.024609,0.024609,PAIRWISE_E6_CLEV_TO_ZURI_RandomForest,Cleveland,Zurich,RandomForest
76,22,age,0.060142,0.060142,PAIRWISE_E6_CLEV_TO_ZURI_RandomForest,Cleveland,Zurich,RandomForest
76,22,sex,0.146446,0.146446,PAIRWISE_E6_CLEV_TO_ZURI_RandomForest,Cleveland,Zurich,RandomForest
76,22,cp,0.220838,0.220838,PAIRWISE_E6_CLEV_TO_ZURI_RandomForest,Cleveland,Zurich,RandomForest
76,22,trestbps,-0.010475,0.010475,PAIRWISE_E6_CLEV_TO_ZURI_RandomForest,Cleveland,Zurich,RandomForest
76,22,fbs,-0.012199,0.012199,PAIRWISE_E6_CLEV_TO_ZURI_RandomForest,Cleveland,Zurich,RandomForest
76,22,restecg,-0.020263,0.020263,PAIRWISE_E6_CLEV_TO_ZURI_RandomForest,Cleveland,Zurich,RandomForest
76,22,thalach,0.111278,0.111278,PAIRWISE_E6_CLEV_TO_ZURI_RandomForest,Cleveland,Zurich,RandomForest
76,22,exang,0.123704,0.123704,PAIRWISE_E6_CLEV_TO_ZURI_RandomForest,Cleveland,Zurich,RandomForest
76,22,oldpeak,0.035933,0.035933,PAIRWISE_E6_CLEV_TO_ZURI_RandomForest,Cleveland,Zurich,RandomForest
76,22,slope,0.072745,0.072745,PAIRWISE_E6_CLEV_TO_ZURI_RandomForest,Cleveland,Zurich,RandomForest
101,23,age,0.046536,0.046536,PAIRWISE_E6_CLEV_TO_ZURI_RandomForest,Cleveland,Zurich,RandomForest
101,23,sex,0.131326,0.131326,PAIRWISE_E6_CLEV_TO_ZURI_RandomForest,Cleveland,Zurich,RandomForest
101,23,cp,0.220522,0.220522,PAIRWISE_E6_CLEV_TO_ZURI_RandomForest,Cleveland,Zurich,RandomForest
101,23,trestbps,0.057027,0.057027,PAIRWISE_E6_CLEV_TO_ZURI_RandomForest,Cleveland,Zurich,RandomForest
101,23,fbs,-0.007705,0.007705,PAIRWISE_E6_CLEV_TO_ZURI_RandomForest,Cleveland,Zurich,RandomForest
101,23,restecg,-0.019531,0.019531,PAIRWISE_E6_CLEV_TO_ZURI_RandomForest,Cleveland,Zurich,RandomForest
101,23,thalach,0.121604,0.121604,PAIRWISE_E6_CLEV_TO_ZURI_RandomForest,Cleveland,Zurich,RandomForest
101,23,exang,0.119134,0.119134,PAIRWISE_E6_CLEV_TO_ZURI_RandomForest,Cleveland,Zurich,RandomForest
101,23,oldpeak,0.165228,0.165228,PAIRWISE_E6_CLEV_TO_ZURI_RandomForest,Cleveland,Zurich,RandomForest
101,23,slope,0.072631,0.072631,PAIRWISE_E6_CLEV_TO_ZURI_RandomForest,Cleveland,Zurich,RandomForest
49,24,age,-0.035485,0.035485,PAIRWISE_E6_CLEV_TO_ZURI_RandomForest,Cleveland,Zurich,RandomForest
49,24,sex,0.122914,0.122914,PAIRWISE_E6_CLEV_TO_ZURI_RandomForest,Cleveland,Zurich,RandomForest
49,24,cp,0.225016,0.225016,PAIRWISE_E6_CLEV_TO_ZURI_RandomForest,Cleveland,Zurich,RandomForest
49,24,trestbps,-0.015024,0.015024,PAIRWISE_E6_CLEV_TO_ZURI_RandomForest,Cleveland,Zurich,RandomForest
49,24,fbs,0.004854,0.004854,PAIRWISE_E6_CLEV_TO_ZURI_RandomForest,Cleveland,Zurich,RandomForest
49,24,restecg,-0.022744,0.022744,PAIRWISE_E6_CLEV_TO_ZURI_RandomForest,Cleveland,Zurich,RandomForest
49,24,thalach,0.120417,0.120417,PAIRWISE_E6_CLEV_TO_ZURI_RandomForest,Cleveland,Zurich,RandomForest
49,24,exang,0.118601,0.118601,PAIRWISE_E6_CLEV_TO_ZURI_RandomForest,Cleveland,Zurich,RandomForest
49,24,oldpeak,0.182029,0.182029,PAIRWISE_E6_CLEV_TO_ZURI_RandomForest,Cleveland,Zurich,RandomForest
49,24,slope,0.071005,0.071005,PAIRWISE_E6_CLEV_TO_ZURI_RandomForest,Cleveland,Zurich,RandomForest
5,0,age,-0.055125,0.055125,PAIRWISE_E7_CLEV_TO_ZURI_SVM,Cleveland,Zurich,SVM
5,0,sex,-0.206807,0.206807,PAIRWISE_E7_CLEV_TO_ZURI_SVM,Cleveland,Zurich,SVM
5,0,cp,0.182698,0.182698,PAIRWISE_E7_CLEV_TO_ZURI_SVM,Cleveland,Zurich,SVM
5,0,trestbps,-0.018173,0.018173,PAIRWISE_E7_CLEV_TO_ZURI_SVM,Cleveland,Zurich,SVM
5,0,fbs,0.010472,0.010472,PAIRWISE_E7_CLEV_TO_ZURI_SVM,Cleveland,Zurich,SVM
5,0,restecg,-0.071526,0.071526,PAIRWISE_E7_CLEV_TO_ZURI_SVM,Cleveland,Zurich,SVM
5,0,thalach,-0.039452,0.039452,PAIRWISE_E7_CLEV_TO_ZURI_SVM,Cleveland,Zurich,SVM
5,0,exang,-0.131807,0.131807,PAIRWISE_E7_CLEV_TO_ZURI_SVM,Cleveland,Zurich,SVM
5,0,oldpeak,-0.111339,0.111339,PAIRWISE_E7_CLEV_TO_ZURI_SVM,Cleveland,Zurich,SVM
5,0,slope,0.068191,0.068191,PAIRWISE_E7_CLEV_TO_ZURI_SVM,Cleveland,Zurich,SVM
51,1,age,-0.003585,0.003585,PAIRWISE_E7_CLEV_TO_ZURI_SVM,Cleveland,Zurich,SVM
51,1,sex,0.19287,0.19287,PAIRWISE_E7_CLEV_TO_ZURI_SVM,Cleveland,Zurich,SVM
51,1,cp,-0.120981,0.120981,PAIRWISE_E7_CLEV_TO_ZURI_SVM,Cleveland,Zurich,SVM
51,1,trestbps,0.009132,0.009132,PAIRWISE_E7_CLEV_TO_ZURI_SVM,Cleveland,Zurich,SVM
51,1,fbs,0.050765,0.050765,PAIRWISE_E7_CLEV_TO_ZURI_SVM,Cleveland,Zurich,SVM
51,1,restecg,0.021897,0.021897,PAIRWISE_E7_CLEV_TO_ZURI_SVM,Cleveland,Zurich,SVM
51,1,thalach,0.018896,0.018896,PAIRWISE_E7_CLEV_TO_ZURI_SVM,Cleveland,Zurich,SVM
51,1,exang,-0.13645,0.13645,PAIRWISE_E7_CLEV_TO_ZURI_SVM,Cleveland,Zurich,SVM
51,1,oldpeak,-0.07676,0.07676,PAIRWISE_E7_CLEV_TO_ZURI_SVM,Cleveland,Zurich,SVM
51,1,slope,-0.084787,0.084787,PAIRWISE_E7_CLEV_TO_ZURI_SVM,Cleveland,Zurich,SVM
94,2,age,0.058069,0.058069,PAIRWISE_E7_CLEV_TO_ZURI_SVM,Cleveland,Zurich,SVM
94,2,sex,0.231443,0.231443,PAIRWISE_E7_CLEV_TO_ZURI_SVM,Cleveland,Zurich,SVM
94,2,cp,-0.176002,0.176002,PAIRWISE_E7_CLEV_TO_ZURI_SVM,Cleveland,Zurich,SVM
94,2,trestbps,-0.04708,0.04708,PAIRWISE_E7_CLEV_TO_ZURI_SVM,Cleveland,Zurich,SVM
94,2,fbs,0.01235,0.01235,PAIRWISE_E7_CLEV_TO_ZURI_SVM,Cleveland,Zurich,SVM
94,2,restecg,0.067634,0.067634,PAIRWISE_E7_CLEV_TO_ZURI_SVM,Cleveland,Zurich,SVM
94,2,thalach,0.002316,0.002316,PAIRWISE_E7_CLEV_TO_ZURI_SVM,Cleveland,Zurich,SVM
94,2,exang,-0.139255,0.139255,PAIRWISE_E7_CLEV_TO_ZURI_SVM,Cleveland,Zurich,SVM
94,2,oldpeak,-0.112143,0.112143,PAIRWISE_E7_CLEV_TO_ZURI_SVM,Cleveland,Zurich,SVM
94,2,slope,0.075315,0.075315,PAIRWISE_E7_CLEV_TO_ZURI_SVM,Cleveland,Zurich,SVM
109,3,age,0.022769,0.022769,PAIRWISE_E7_CLEV_TO_ZURI_SVM,Cleveland,Zurich,SVM
109,3,sex,0.185139,0.185139,PAIRWISE_E7_CLEV_TO_ZURI_SVM,Cleveland,Zurich,SVM
109,3,cp,0.175122,0.175122,PAIRWISE_E7_CLEV_TO_ZURI_SVM,Cleveland,Zurich,SVM
109,3,trestbps,0.063932,0.063932,PAIRWISE_E7_CLEV_TO_ZURI_SVM,Cleveland,Zurich,SVM
109,3,fbs,0.025374,0.025374,PAIRWISE_E7_CLEV_TO_ZURI_SVM,Cleveland,Zurich,SVM
109,3,restecg,-0.076592,0.076592,PAIRWISE_E7_CLEV_TO_ZURI_SVM,Cleveland,Zurich,SVM
109,3,thalach,-0.055182,0.055182,PAIRWISE_E7_CLEV_TO_ZURI_SVM,Cleveland,Zurich,SVM
109,3,exang,-0.145381,0.145381,PAIRWISE_E7_CLEV_TO_ZURI_SVM,Cleveland,Zurich,SVM
109,3,oldpeak,0.024163,0.024163,PAIRWISE_E7_CLEV_TO_ZURI_SVM,Cleveland,Zurich,SVM
109,3,slope,-0.059508,0.059508,PAIRWISE_E7_CLEV_TO_ZURI_SVM,Cleveland,Zurich,SVM
56,4,age,-0.003783,0.003783,PAIRWISE_E7_CLEV_TO_ZURI_SVM,Cleveland,Zurich,SVM
56,4,sex,0.187415,0.187415,PAIRWISE_E7_CLEV_TO_ZURI_SVM,Cleveland,Zurich,SVM
56,4,cp,-0.055122,0.055122,PAIRWISE_E7_CLEV_TO_ZURI_SVM,Cleveland,Zurich,SVM
56,4,trestbps,0.000168,0.000168,PAIRWISE_E7_CLEV_TO_ZURI_SVM,Cleveland,Zurich,SVM
56,4,fbs,0.009899,0.009899,PAIRWISE_E7_CLEV_TO_ZURI_SVM,Cleveland,Zurich,SVM
56,4,restecg,-0.064559,0.064559,PAIRWISE_E7_CLEV_TO_ZURI_SVM,Cleveland,Zurich,SVM
56,4,thalach,0.146878,0.146878,PAIRWISE_E7_CLEV_TO_ZURI_SVM,Cleveland,Zurich,SVM
56,4,exang,-0.166831,0.166831,PAIRWISE_E7_CLEV_TO_ZURI_SVM,Cleveland,Zurich,SVM
56,4,oldpeak,-0.103377,0.103377,PAIRWISE_E7_CLEV_TO_ZURI_SVM,Cleveland,Zurich,SVM
56,4,slope,0.074274,0.074274,PAIRWISE_E7_CLEV_TO_ZURI_SVM,Cleveland,Zurich,SVM
41,5,age,-0.010795,0.010795,PAIRWISE_E7_CLEV_TO_ZURI_SVM,Cleveland,Zurich,SVM
41,5,sex,0.190131,0.190131,PAIRWISE_E7_CLEV_TO_ZURI_SVM,Cleveland,Zurich,SVM
41,5,cp,-0.165739,0.165739,PAIRWISE_E7_CLEV_TO_ZURI_SVM,Cleveland,Zurich,SVM
41,5,trestbps,-0.020763,0.020763,PAIRWISE_E7_CLEV_TO_ZURI_SVM,Cleveland,Zurich,SVM
41,5,fbs,0.011488,0.011488,PAIRWISE_E7_CLEV_TO_ZURI_SVM,Cleveland,Zurich,SVM
41,5,restecg,-0.00123,0.00123,PAIRWISE_E7_CLEV_TO_ZURI_SVM,Cleveland,Zurich,SVM
41,5,thalach,0.150031,0.150031,PAIRWISE_E7_CLEV_TO_ZURI_SVM,Cleveland,Zurich,SVM
41,5,exang,-0.142307,0.142307,PAIRWISE_E7_CLEV_TO_ZURI_SVM,Cleveland,Zurich,SVM
41,5,oldpeak,-0.074842,0.074842,PAIRWISE_E7_CLEV_TO_ZURI_SVM,Cleveland,Zurich,SVM
41,5,slope,-0.004995,0.004995,PAIRWISE_E7_CLEV_TO_ZURI_SVM,Cleveland,Zurich,SVM
7,6,age,-0.054113,0.054113,PAIRWISE_E7_CLEV_TO_ZURI_SVM,Cleveland,Zurich,SVM
7,6,sex,0.194819,0.194819,PAIRWISE_E7_CLEV_TO_ZURI_SVM,Cleveland,Zurich,SVM
7,6,cp,-0.054086,0.054086,PAIRWISE_E7_CLEV_TO_ZURI_SVM,Cleveland,Zurich,SVM
7,6,trestbps,-0.041499,0.041499,PAIRWISE_E7_CLEV_TO_ZURI_SVM,Cleveland,Zurich,SVM
7,6,fbs,0.018044,0.018044,PAIRWISE_E7_CLEV_TO_ZURI_SVM,Cleveland,Zurich,SVM
7,6,restecg,-0.069017,0.069017,PAIRWISE_E7_CLEV_TO_ZURI_SVM,Cleveland,Zurich,SVM
7,6,thalach,0.1409,0.1409,PAIRWISE_E7_CLEV_TO_ZURI_SVM,Cleveland,Zurich,SVM
7,6,exang,0.150338,0.150338,PAIRWISE_E7_CLEV_TO_ZURI_SVM,Cleveland,Zurich,SVM
7,6,oldpeak,-0.105289,0.105289,PAIRWISE_E7_CLEV_TO_ZURI_SVM,Cleveland,Zurich,SVM
7,6,slope,0.070735,0.070735,PAIRWISE_E7_CLEV_TO_ZURI_SVM,Cleveland,Zurich,SVM
25,7,age,-0.010839,0.010839,PAIRWISE_E7_CLEV_TO_ZURI_SVM,Cleveland,Zurich,SVM
25,7,sex,-0.203426,0.203426,PAIRWISE_E7_CLEV_TO_ZURI_SVM,Cleveland,Zurich,SVM
25,7,cp,0.170401,0.170401,PAIRWISE_E7_CLEV_TO_ZURI_SVM,Cleveland,Zurich,SVM
25,7,trestbps,0.060461,0.060461,PAIRWISE_E7_CLEV_TO_ZURI_SVM,Cleveland,Zurich,SVM
25,7,fbs,0.040406,0.040406,PAIRWISE_E7_CLEV_TO_ZURI_SVM,Cleveland,Zurich,SVM
25,7,restecg,-0.061683,0.061683,PAIRWISE_E7_CLEV_TO_ZURI_SVM,Cleveland,Zurich,SVM
25,7,thalach,0.164152,0.164152,PAIRWISE_E7_CLEV_TO_ZURI_SVM,Cleveland,Zurich,SVM
25,7,exang,-0.160023,0.160023,PAIRWISE_E7_CLEV_TO_ZURI_SVM,Cleveland,Zurich,SVM
25,7,oldpeak,-0.115745,0.115745,PAIRWISE_E7_CLEV_TO_ZURI_SVM,Cleveland,Zurich,SVM
25,7,slope,0.06133,0.06133,PAIRWISE_E7_CLEV_TO_ZURI_SVM,Cleveland,Zurich,SVM
77,8,age,0.052469,0.052469,PAIRWISE_E7_CLEV_TO_ZURI_SVM,Cleveland,Zurich,SVM
77,8,sex,0.195131,0.195131,PAIRWISE_E7_CLEV_TO_ZURI_SVM,Cleveland,Zurich,SVM
77,8,cp,-0.051535,0.051535,PAIRWISE_E7_CLEV_TO_ZURI_SVM,Cleveland,Zurich,SVM
77,8,trestbps,-0.040073,0.040073,PAIRWISE_E7_CLEV_TO_ZURI_SVM,Cleveland,Zurich,SVM
77,8,fbs,0.020195,0.020195,PAIRWISE_E7_CLEV_TO_ZURI_SVM,Cleveland,Zurich,SVM
77,8,restecg,-0.081591,0.081591,PAIRWISE_E7_CLEV_TO_ZURI_SVM,Cleveland,Zurich,SVM
77,8,thalach,0.006505,0.006505,PAIRWISE_E7_CLEV_TO_ZURI_SVM,Cleveland,Zurich,SVM
77,8,exang,-0.145281,0.145281,PAIRWISE_E7_CLEV_TO_ZURI_SVM,Cleveland,Zurich,SVM
77,8,oldpeak,0.200084,0.200084,PAIRWISE_E7_CLEV_TO_ZURI_SVM,Cleveland,Zurich,SVM
77,8,slope,-0.056791,0.056791,PAIRWISE_E7_CLEV_TO_ZURI_SVM,Cleveland,Zurich,SVM
31,9,age,-0.009832,0.009832,PAIRWISE_E7_CLEV_TO_ZURI_SVM,Cleveland,Zurich,SVM
31,9,sex,0.206246,0.206246,PAIRWISE_E7_CLEV_TO_ZURI_SVM,Cleveland,Zurich,SVM
31,9,cp,0.177408,0.177408,PAIRWISE_E7_CLEV_TO_ZURI_SVM,Cleveland,Zurich,SVM
31,9,trestbps,-0.021175,0.021175,PAIRWISE_E7_CLEV_TO_ZURI_SVM,Cleveland,Zurich,SVM
31,9,fbs,-0.01236,0.01236,PAIRWISE_E7_CLEV_TO_ZURI_SVM,Cleveland,Zurich,SVM
31,9,restecg,-0.078118,0.078118,PAIRWISE_E7_CLEV_TO_ZURI_SVM,Cleveland,Zurich,SVM
31,9,thalach,0.163351,0.163351,PAIRWISE_E7_CLEV_TO_ZURI_SVM,Cleveland,Zurich,SVM
31,9,exang,-0.143704,0.143704,PAIRWISE_E7_CLEV_TO_ZURI_SVM,Cleveland,Zurich,SVM
31,9,oldpeak,-0.117494,0.117494,PAIRWISE_E7_CLEV_TO_ZURI_SVM,Cleveland,Zurich,SVM
31,9,slope,0.059226,0.059226,PAIRWISE_E7_CLEV_TO_ZURI_SVM,Cleveland,Zurich,SVM
45,10,age,-0.015082,0.015082,PAIRWISE_E7_CLEV_TO_ZURI_SVM,Cleveland,Zurich,SVM
45,10,sex,0.183907,0.183907,PAIRWISE_E7_CLEV_TO_ZURI_SVM,Cleveland,Zurich,SVM
45,10,cp,0.189973,0.189973,PAIRWISE_E7_CLEV_TO_ZURI_SVM,Cleveland,Zurich,SVM
45,10,trestbps,-0.004792,0.004792,PAIRWISE_E7_CLEV_TO_ZURI_SVM,Cleveland,Zurich,SVM
45,10,fbs,0.009632,0.009632,PAIRWISE_E7_CLEV_TO_ZURI_SVM,Cleveland,Zurich,SVM
45,10,restecg,-0.065108,0.065108,PAIRWISE_E7_CLEV_TO_ZURI_SVM,Cleveland,Zurich,SVM
45,10,thalach,0.148185,0.148185,PAIRWISE_E7_CLEV_TO_ZURI_SVM,Cleveland,Zurich,SVM
45,10,exang,-0.138469,0.138469,PAIRWISE_E7_CLEV_TO_ZURI_SVM,Cleveland,Zurich,SVM
45,10,oldpeak,0.016908,0.016908,PAIRWISE_E7_CLEV_TO_ZURI_SVM,Cleveland,Zurich,SVM
45,10,slope,-0.04821,0.04821,PAIRWISE_E7_CLEV_TO_ZURI_SVM,Cleveland,Zurich,SVM
103,11,age,0.044261,0.044261,PAIRWISE_E7_CLEV_TO_ZURI_SVM,Cleveland,Zurich,SVM
103,11,sex,0.207364,0.207364,PAIRWISE_E7_CLEV_TO_ZURI_SVM,Cleveland,Zurich,SVM
103,11,cp,0.17621,0.17621,PAIRWISE_E7_CLEV_TO_ZURI_SVM,Cleveland,Zurich,SVM
103,11,trestbps,0.053321,0.053321,PAIRWISE_E7_CLEV_TO_ZURI_SVM,Cleveland,Zurich,SVM
103,11,fbs,-0.015831,0.015831,PAIRWISE_E7_CLEV_TO_ZURI_SVM,Cleveland,Zurich,SVM
103,11,restecg,-0.071511,0.071511,PAIRWISE_E7_CLEV_TO_ZURI_SVM,Cleveland,Zurich,SVM
103,11,thalach,0.146402,0.146402,PAIRWISE_E7_CLEV_TO_ZURI_SVM,Cleveland,Zurich,SVM
103,11,exang,0.13854,0.13854,PAIRWISE_E7_CLEV_TO_ZURI_SVM,Cleveland,Zurich,SVM
103,11,oldpeak,-0.10879,0.10879,PAIRWISE_E7_CLEV_TO_ZURI_SVM,Cleveland,Zurich,SVM
103,11,slope,-0.061714,0.061714,PAIRWISE_E7_CLEV_TO_ZURI_SVM,Cleveland,Zurich,SVM
102,12,age,0.063295,0.063295,PAIRWISE_E7_CLEV_TO_ZURI_SVM,Cleveland,Zurich,SVM
102,12,sex,0.214016,0.214016,PAIRWISE_E7_CLEV_TO_ZURI_SVM,Cleveland,Zurich,SVM
102,12,cp,0.177765,0.177765,PAIRWISE_E7_CLEV_TO_ZURI_SVM,Cleveland,Zurich,SVM
102,12,trestbps,0.046414,0.046414,PAIRWISE_E7_CLEV_TO_ZURI_SVM,Cleveland,Zurich,SVM
102,12,fbs,0.022836,0.022836,PAIRWISE_E7_CLEV_TO_ZURI_SVM,Cleveland,Zurich,SVM
102,12,restecg,-0.048308,0.048308,PAIRWISE_E7_CLEV_TO_ZURI_SVM,Cleveland,Zurich,SVM
102,12,thalach,-0.046393,0.046393,PAIRWISE_E7_CLEV_TO_ZURI_SVM,Cleveland,Zurich,SVM
102,12,exang,-0.145187,0.145187,PAIRWISE_E7_CLEV_TO_ZURI_SVM,Cleveland,Zurich,SVM
102,12,oldpeak,0.181497,0.181497,PAIRWISE_E7_CLEV_TO_ZURI_SVM,Cleveland,Zurich,SVM
102,12,slope,-0.069581,0.069581,PAIRWISE_E7_CLEV_TO_ZURI_SVM,Cleveland,Zurich,SVM
22,13,age,-0.059175,0.059175,PAIRWISE_E7_CLEV_TO_ZURI_SVM,Cleveland,Zurich,SVM
22,13,sex,0.198223,0.198223,PAIRWISE_E7_CLEV_TO_ZURI_SVM,Cleveland,Zurich,SVM
22,13,cp,0.177552,0.177552,PAIRWISE_E7_CLEV_TO_ZURI_SVM,Cleveland,Zurich,SVM
22,13,trestbps,-0.039225,0.039225,PAIRWISE_E7_CLEV_TO_ZURI_SVM,Cleveland,Zurich,SVM
22,13,fbs,0.027726,0.027726,PAIRWISE_E7_CLEV_TO_ZURI_SVM,Cleveland,Zurich,SVM
22,13,restecg,0.055386,0.055386,PAIRWISE_E7_CLEV_TO_ZURI_SVM,Cleveland,Zurich,SVM
22,13,thalach,0.019358,0.019358,PAIRWISE_E7_CLEV_TO_ZURI_SVM,Cleveland,Zurich,SVM
22,13,exang,-0.148963,0.148963,PAIRWISE_E7_CLEV_TO_ZURI_SVM,Cleveland,Zurich,SVM
22,13,oldpeak,0.180313,0.180313,PAIRWISE_E7_CLEV_TO_ZURI_SVM,Cleveland,Zurich,SVM
22,13,slope,-0.08236,0.08236,PAIRWISE_E7_CLEV_TO_ZURI_SVM,Cleveland,Zurich,SVM
86,14,age,0.010671,0.010671,PAIRWISE_E7_CLEV_TO_ZURI_SVM,Cleveland,Zurich,SVM
86,14,sex,0.192648,0.192648,PAIRWISE_E7_CLEV_TO_ZURI_SVM,Cleveland,Zurich,SVM
86,14,cp,0.176723,0.176723,PAIRWISE_E7_CLEV_TO_ZURI_SVM,Cleveland,Zurich,SVM
86,14,trestbps,-0.034882,0.034882,PAIRWISE_E7_CLEV_TO_ZURI_SVM,Cleveland,Zurich,SVM
86,14,fbs,0.002496,0.002496,PAIRWISE_E7_CLEV_TO_ZURI_SVM,Cleveland,Zurich,SVM
86,14,restecg,-0.060681,0.060681,PAIRWISE_E7_CLEV_TO_ZURI_SVM,Cleveland,Zurich,SVM
86,14,thalach,0.172097,0.172097,PAIRWISE_E7_CLEV_TO_ZURI_SVM,Cleveland,Zurich,SVM
86,14,exang,0.102956,0.102956,PAIRWISE_E7_CLEV_TO_ZURI_SVM,Cleveland,Zurich,SVM
86,14,oldpeak,-0.10904,0.10904,PAIRWISE_E7_CLEV_TO_ZURI_SVM,Cleveland,Zurich,SVM
86,14,slope,0.005824,0.005824,PAIRWISE_E7_CLEV_TO_ZURI_SVM,Cleveland,Zurich,SVM
57,15,age,-0.012003,0.012003,PAIRWISE_E7_CLEV_TO_ZURI_SVM,Cleveland,Zurich,SVM
57,15,sex,0.182642,0.182642,PAIRWISE_E7_CLEV_TO_ZURI_SVM,Cleveland,Zurich,SVM
57,15,cp,-0.058582,0.058582,PAIRWISE_E7_CLEV_TO_ZURI_SVM,Cleveland,Zurich,SVM
57,15,trestbps,0.073156,0.073156,PAIRWISE_E7_CLEV_TO_ZURI_SVM,Cleveland,Zurich,SVM
57,15,fbs,0.004044,0.004044,PAIRWISE_E7_CLEV_TO_ZURI_SVM,Cleveland,Zurich,SVM
57,15,restecg,0.028123,0.028123,PAIRWISE_E7_CLEV_TO_ZURI_SVM,Cleveland,Zurich,SVM
57,15,thalach,0.157781,0.157781,PAIRWISE_E7_CLEV_TO_ZURI_SVM,Cleveland,Zurich,SVM
57,15,exang,-0.150427,0.150427,PAIRWISE_E7_CLEV_TO_ZURI_SVM,Cleveland,Zurich,SVM
57,15,oldpeak,-0.128858,0.128858,PAIRWISE_E7_CLEV_TO_ZURI_SVM,Cleveland,Zurich,SVM
57,15,slope,0.058271,0.058271,PAIRWISE_E7_CLEV_TO_ZURI_SVM,Cleveland,Zurich,SVM
38,16,age,-0.014428,0.014428,PAIRWISE_E7_CLEV_TO_ZURI_SVM,Cleveland,Zurich,SVM
38,16,sex,0.191753,0.191753,PAIRWISE_E7_CLEV_TO_ZURI_SVM,Cleveland,Zurich,SVM
38,16,cp,0.186215,0.186215,PAIRWISE_E7_CLEV_TO_ZURI_SVM,Cleveland,Zurich,SVM
38,16,trestbps,0.054876,0.054876,PAIRWISE_E7_CLEV_TO_ZURI_SVM,Cleveland,Zurich,SVM
38,16,fbs,0.001236,0.001236,PAIRWISE_E7_CLEV_TO_ZURI_SVM,Cleveland,Zurich,SVM
38,16,restecg,-0.046085,0.046085,PAIRWISE_E7_CLEV_TO_ZURI_SVM,Cleveland,Zurich,SVM
38,16,thalach,0.130353,0.130353,PAIRWISE_E7_CLEV_TO_ZURI_SVM,Cleveland,Zurich,SVM
38,16,exang,0.142693,0.142693,PAIRWISE_E7_CLEV_TO_ZURI_SVM,Cleveland,Zurich,SVM
38,16,oldpeak,0.003657,0.003657,PAIRWISE_E7_CLEV_TO_ZURI_SVM,Cleveland,Zurich,SVM
38,16,slope,-0.075206,0.075206,PAIRWISE_E7_CLEV_TO_ZURI_SVM,Cleveland,Zurich,SVM
118,17,age,0.044351,0.044351,PAIRWISE_E7_CLEV_TO_ZURI_SVM,Cleveland,Zurich,SVM
118,17,sex,0.210262,0.210262,PAIRWISE_E7_CLEV_TO_ZURI_SVM,Cleveland,Zurich,SVM
118,17,cp,0.187568,0.187568,PAIRWISE_E7_CLEV_TO_ZURI_SVM,Cleveland,Zurich,SVM
118,17,trestbps,-0.048733,0.048733,PAIRWISE_E7_CLEV_TO_ZURI_SVM,Cleveland,Zurich,SVM
118,17,fbs,0.008573,0.008573,PAIRWISE_E7_CLEV_TO_ZURI_SVM,Cleveland,Zurich,SVM
118,17,restecg,0.022392,0.022392,PAIRWISE_E7_CLEV_TO_ZURI_SVM,Cleveland,Zurich,SVM
118,17,thalach,0.131094,0.131094,PAIRWISE_E7_CLEV_TO_ZURI_SVM,Cleveland,Zurich,SVM
118,17,exang,0.141259,0.141259,PAIRWISE_E7_CLEV_TO_ZURI_SVM,Cleveland,Zurich,SVM
118,17,oldpeak,-0.108251,0.108251,PAIRWISE_E7_CLEV_TO_ZURI_SVM,Cleveland,Zurich,SVM
118,17,slope,0.056575,0.056575,PAIRWISE_E7_CLEV_TO_ZURI_SVM,Cleveland,Zurich,SVM
87,18,age,0.034035,0.034035,PAIRWISE_E7_CLEV_TO_ZURI_SVM,Cleveland,Zurich,SVM
87,18,sex,0.182917,0.182917,PAIRWISE_E7_CLEV_TO_ZURI_SVM,Cleveland,Zurich,SVM
87,18,cp,0.181708,0.181708,PAIRWISE_E7_CLEV_TO_ZURI_SVM,Cleveland,Zurich,SVM
87,18,trestbps,0.002348,0.002348,PAIRWISE_E7_CLEV_TO_ZURI_SVM,Cleveland,Zurich,SVM
87,18,fbs,0.000373,0.000373,PAIRWISE_E7_CLEV_TO_ZURI_SVM,Cleveland,Zurich,SVM
87,18,restecg,0.059852,0.059852,PAIRWISE_E7_CLEV_TO_ZURI_SVM,Cleveland,Zurich,SVM
87,18,thalach,0.131095,0.131095,PAIRWISE_E7_CLEV_TO_ZURI_SVM,Cleveland,Zurich,SVM
87,18,exang,-0.151767,0.151767,PAIRWISE_E7_CLEV_TO_ZURI_SVM,Cleveland,Zurich,SVM
87,18,oldpeak,-0.106363,0.106363,PAIRWISE_E7_CLEV_TO_ZURI_SVM,Cleveland,Zurich,SVM
87,18,slope,0.086835,0.086835,PAIRWISE_E7_CLEV_TO_ZURI_SVM,Cleveland,Zurich,SVM
21,19,age,-0.079079,0.079079,PAIRWISE_E7_CLEV_TO_ZURI_SVM,Cleveland,Zurich,SVM
21,19,sex,0.192746,0.192746,PAIRWISE_E7_CLEV_TO_ZURI_SVM,Cleveland,Zurich,SVM
21,19,cp,-0.071072,0.071072,PAIRWISE_E7_CLEV_TO_ZURI_SVM,Cleveland,Zurich,SVM
21,19,trestbps,0.037728,0.037728,PAIRWISE_E7_CLEV_TO_ZURI_SVM,Cleveland,Zurich,SVM
21,19,fbs,0.024546,0.024546,PAIRWISE_E7_CLEV_TO_ZURI_SVM,Cleveland,Zurich,SVM
21,19,restecg,-0.062317,0.062317,PAIRWISE_E7_CLEV_TO_ZURI_SVM,Cleveland,Zurich,SVM
21,19,thalach,0.165288,0.165288,PAIRWISE_E7_CLEV_TO_ZURI_SVM,Cleveland,Zurich,SVM
21,19,exang,0.129092,0.129092,PAIRWISE_E7_CLEV_TO_ZURI_SVM,Cleveland,Zurich,SVM
21,19,oldpeak,0.010808,0.010808,PAIRWISE_E7_CLEV_TO_ZURI_SVM,Cleveland,Zurich,SVM
21,19,slope,0.074545,0.074545,PAIRWISE_E7_CLEV_TO_ZURI_SVM,Cleveland,Zurich,SVM
117,20,age,0.052913,0.052913,PAIRWISE_E7_CLEV_TO_ZURI_SVM,Cleveland,Zurich,SVM
117,20,sex,0.200964,0.200964,PAIRWISE_E7_CLEV_TO_ZURI_SVM,Cleveland,Zurich,SVM
117,20,cp,0.172425,0.172425,PAIRWISE_E7_CLEV_TO_ZURI_SVM,Cleveland,Zurich,SVM
117,20,trestbps,0.007097,0.007097,PAIRWISE_E7_CLEV_TO_ZURI_SVM,Cleveland,Zurich,SVM
117,20,fbs,0.016119,0.016119,PAIRWISE_E7_CLEV_TO_ZURI_SVM,Cleveland,Zurich,SVM
117,20,restecg,0.000822,0.000822,PAIRWISE_E7_CLEV_TO_ZURI_SVM,Cleveland,Zurich,SVM
117,20,thalach,0.130155,0.130155,PAIRWISE_E7_CLEV_TO_ZURI_SVM,Cleveland,Zurich,SVM
117,20,exang,-0.147493,0.147493,PAIRWISE_E7_CLEV_TO_ZURI_SVM,Cleveland,Zurich,SVM
117,20,oldpeak,0.200884,0.200884,PAIRWISE_E7_CLEV_TO_ZURI_SVM,Cleveland,Zurich,SVM
117,20,slope,0.07661,0.07661,PAIRWISE_E7_CLEV_TO_ZURI_SVM,Cleveland,Zurich,SVM
71,21,age,0.038183,0.038183,PAIRWISE_E7_CLEV_TO_ZURI_SVM,Cleveland,Zurich,SVM
71,21,sex,0.183318,0.183318,PAIRWISE_E7_CLEV_TO_ZURI_SVM,Cleveland,Zurich,SVM
71,21,cp,0.180928,0.180928,PAIRWISE_E7_CLEV_TO_ZURI_SVM,Cleveland,Zurich,SVM
71,21,trestbps,0.05253,0.05253,PAIRWISE_E7_CLEV_TO_ZURI_SVM,Cleveland,Zurich,SVM
71,21,fbs,0.023798,0.023798,PAIRWISE_E7_CLEV_TO_ZURI_SVM,Cleveland,Zurich,SVM
71,21,restecg,0.002572,0.002572,PAIRWISE_E7_CLEV_TO_ZURI_SVM,Cleveland,Zurich,SVM
71,21,thalach,0.135765,0.135765,PAIRWISE_E7_CLEV_TO_ZURI_SVM,Cleveland,Zurich,SVM
71,21,exang,0.159672,0.159672,PAIRWISE_E7_CLEV_TO_ZURI_SVM,Cleveland,Zurich,SVM
71,21,oldpeak,-0.107845,0.107845,PAIRWISE_E7_CLEV_TO_ZURI_SVM,Cleveland,Zurich,SVM
71,21,slope,0.069978,0.069978,PAIRWISE_E7_CLEV_TO_ZURI_SVM,Cleveland,Zurich,SVM
119,22,age,0.025799,0.025799,PAIRWISE_E7_CLEV_TO_ZURI_SVM,Cleveland,Zurich,SVM
119,22,sex,0.19274,0.19274,PAIRWISE_E7_CLEV_TO_ZURI_SVM,Cleveland,Zurich,SVM
119,22,cp,0.166388,0.166388,PAIRWISE_E7_CLEV_TO_ZURI_SVM,Cleveland,Zurich,SVM
119,22,trestbps,-0.008718,0.008718,PAIRWISE_E7_CLEV_TO_ZURI_SVM,Cleveland,Zurich,SVM
119,22,fbs,-0.022451,0.022451,PAIRWISE_E7_CLEV_TO_ZURI_SVM,Cleveland,Zurich,SVM
119,22,restecg,-0.046021,0.046021,PAIRWISE_E7_CLEV_TO_ZURI_SVM,Cleveland,Zurich,SVM
119,22,thalach,-0.066748,0.066748,PAIRWISE_E7_CLEV_TO_ZURI_SVM,Cleveland,Zurich,SVM
119,22,exang,0.152899,0.152899,PAIRWISE_E7_CLEV_TO_ZURI_SVM,Cleveland,Zurich,SVM
119,22,oldpeak,0.17358,0.17358,PAIRWISE_E7_CLEV_TO_ZURI_SVM,Cleveland,Zurich,SVM
119,22,slope,0.059801,0.059801,PAIRWISE_E7_CLEV_TO_ZURI_SVM,Cleveland,Zurich,SVM
67,23,age,0.021917,0.021917,PAIRWISE_E7_CLEV_TO_ZURI_SVM,Cleveland,Zurich,SVM
67,23,sex,0.194774,0.194774,PAIRWISE_E7_CLEV_TO_ZURI_SVM,Cleveland,Zurich,SVM
67,23,cp,0.175957,0.175957,PAIRWISE_E7_CLEV_TO_ZURI_SVM,Cleveland,Zurich,SVM
67,23,trestbps,0.04848,0.04848,PAIRWISE_E7_CLEV_TO_ZURI_SVM,Cleveland,Zurich,SVM
67,23,fbs,0.004113,0.004113,PAIRWISE_E7_CLEV_TO_ZURI_SVM,Cleveland,Zurich,SVM
67,23,restecg,-0.069576,0.069576,PAIRWISE_E7_CLEV_TO_ZURI_SVM,Cleveland,Zurich,SVM
67,23,thalach,0.16105,0.16105,PAIRWISE_E7_CLEV_TO_ZURI_SVM,Cleveland,Zurich,SVM
67,23,exang,0.155022,0.155022,PAIRWISE_E7_CLEV_TO_ZURI_SVM,Cleveland,Zurich,SVM
67,23,oldpeak,0.179825,0.179825,PAIRWISE_E7_CLEV_TO_ZURI_SVM,Cleveland,Zurich,SVM
67,23,slope,0.06098,0.06098,PAIRWISE_E7_CLEV_TO_ZURI_SVM,Cleveland,Zurich,SVM
65,24,age,0.036968,0.036968,PAIRWISE_E7_CLEV_TO_ZURI_SVM,Cleveland,Zurich,SVM
65,24,sex,0.18904,0.18904,PAIRWISE_E7_CLEV_TO_ZURI_SVM,Cleveland,Zurich,SVM
65,24,cp,0.178861,0.178861,PAIRWISE_E7_CLEV_TO_ZURI_SVM,Cleveland,Zurich,SVM
65,24,trestbps,0.001684,0.001684,PAIRWISE_E7_CLEV_TO_ZURI_SVM,Cleveland,Zurich,SVM
65,24,fbs,0.028423,0.028423,PAIRWISE_E7_CLEV_TO_ZURI_SVM,Cleveland,Zurich,SVM
65,24,restecg,-0.047615,0.047615,PAIRWISE_E7_CLEV_TO_ZURI_SVM,Cleveland,Zurich,SVM
65,24,thalach,0.157663,0.157663,PAIRWISE_E7_CLEV_TO_ZURI_SVM,Cleveland,Zurich,SVM
65,24,exang,0.147307,0.147307,PAIRWISE_E7_CLEV_TO_ZURI_SVM,Cleveland,Zurich,SVM
65,24,oldpeak,0.189553,0.189553,PAIRWISE_E7_CLEV_TO_ZURI_SVM,Cleveland,Zurich,SVM
65,24,slope,0.078856,0.078856,PAIRWISE_E7_CLEV_TO_ZURI_SVM,Cleveland,Zurich,SVM
6,0,age,-0.094851,0.094851,PAIRWISE_E8_CLEV_TO_ZURI_XGBoost,Cleveland,Zurich,XGBoost
6,0,sex,0.214734,0.214734,PAIRWISE_E8_CLEV_TO_ZURI_XGBoost,Cleveland,Zurich,XGBoost
6,0,cp,-0.185772,0.185772,PAIRWISE_E8_CLEV_TO_ZURI_XGBoost,Cleveland,Zurich,XGBoost
6,0,trestbps,-0.033233,0.033233,PAIRWISE_E8_CLEV_TO_ZURI_XGBoost,Cleveland,Zurich,XGBoost
6,0,fbs,0.002609,0.002609,PAIRWISE_E8_CLEV_TO_ZURI_XGBoost,Cleveland,Zurich,XGBoost
6,0,restecg,-0.019176,0.019176,PAIRWISE_E8_CLEV_TO_ZURI_XGBoost,Cleveland,Zurich,XGBoost
6,0,thalach,-0.097447,0.097447,PAIRWISE_E8_CLEV_TO_ZURI_XGBoost,Cleveland,Zurich,XGBoost
6,0,exang,-0.071892,0.071892,PAIRWISE_E8_CLEV_TO_ZURI_XGBoost,Cleveland,Zurich,XGBoost
6,0,oldpeak,-0.11364,0.11364,PAIRWISE_E8_CLEV_TO_ZURI_XGBoost,Cleveland,Zurich,XGBoost
6,0,slope,-0.09261,0.09261,PAIRWISE_E8_CLEV_TO_ZURI_XGBoost,Cleveland,Zurich,XGBoost
17,1,age,-0.086603,0.086603,PAIRWISE_E8_CLEV_TO_ZURI_XGBoost,Cleveland,Zurich,XGBoost
17,1,sex,0.210655,0.210655,PAIRWISE_E8_CLEV_TO_ZURI_XGBoost,Cleveland,Zurich,XGBoost
17,1,cp,-0.190715,0.190715,PAIRWISE_E8_CLEV_TO_ZURI_XGBoost,Cleveland,Zurich,XGBoost
17,1,trestbps,-0.048109,0.048109,PAIRWISE_E8_CLEV_TO_ZURI_XGBoost,Cleveland,Zurich,XGBoost
17,1,fbs,0.015656,0.015656,PAIRWISE_E8_CLEV_TO_ZURI_XGBoost,Cleveland,Zurich,XGBoost
17,1,restecg,-0.022379,0.022379,PAIRWISE_E8_CLEV_TO_ZURI_XGBoost,Cleveland,Zurich,XGBoost
17,1,thalach,0.002047,0.002047,PAIRWISE_E8_CLEV_TO_ZURI_XGBoost,Cleveland,Zurich,XGBoost
17,1,exang,-0.107388,0.107388,PAIRWISE_E8_CLEV_TO_ZURI_XGBoost,Cleveland,Zurich,XGBoost
17,1,oldpeak,-0.121089,0.121089,PAIRWISE_E8_CLEV_TO_ZURI_XGBoost,Cleveland,Zurich,XGBoost
17,1,slope,-0.105178,0.105178,PAIRWISE_E8_CLEV_TO_ZURI_XGBoost,Cleveland,Zurich,XGBoost
68,2,age,0.123606,0.123606,PAIRWISE_E8_CLEV_TO_ZURI_XGBoost,Cleveland,Zurich,XGBoost
68,2,sex,0.223875,0.223875,PAIRWISE_E8_CLEV_TO_ZURI_XGBoost,Cleveland,Zurich,XGBoost
68,2,cp,0.264938,0.264938,PAIRWISE_E8_CLEV_TO_ZURI_XGBoost,Cleveland,Zurich,XGBoost
68,2,trestbps,-0.046421,0.046421,PAIRWISE_E8_CLEV_TO_ZURI_XGBoost,Cleveland,Zurich,XGBoost
68,2,fbs,-0.013038,0.013038,PAIRWISE_E8_CLEV_TO_ZURI_XGBoost,Cleveland,Zurich,XGBoost
68,2,restecg,-0.040336,0.040336,PAIRWISE_E8_CLEV_TO_ZURI_XGBoost,Cleveland,Zurich,XGBoost
68,2,thalach,-0.12571,0.12571,PAIRWISE_E8_CLEV_TO_ZURI_XGBoost,Cleveland,Zurich,XGBoost
68,2,exang,-0.107968,0.107968,PAIRWISE_E8_CLEV_TO_ZURI_XGBoost,Cleveland,Zurich,XGBoost
68,2,oldpeak,-0.106109,0.106109,PAIRWISE_E8_CLEV_TO_ZURI_XGBoost,Cleveland,Zurich,XGBoost
68,2,slope,0.025559,0.025559,PAIRWISE_E8_CLEV_TO_ZURI_XGBoost,Cleveland,Zurich,XGBoost
10,3,age,-0.088663,0.088663,PAIRWISE_E8_CLEV_TO_ZURI_XGBoost,Cleveland,Zurich,XGBoost
10,3,sex,0.206446,0.206446,PAIRWISE_E8_CLEV_TO_ZURI_XGBoost,Cleveland,Zurich,XGBoost
10,3,cp,0.271062,0.271062,PAIRWISE_E8_CLEV_TO_ZURI_XGBoost,Cleveland,Zurich,XGBoost
10,3,trestbps,-0.054606,0.054606,PAIRWISE_E8_CLEV_TO_ZURI_XGBoost,Cleveland,Zurich,XGBoost
10,3,fbs,0.012907,0.012907,PAIRWISE_E8_CLEV_TO_ZURI_XGBoost,Cleveland,Zurich,XGBoost
10,3,restecg,0.053032,0.053032,PAIRWISE_E8_CLEV_TO_ZURI_XGBoost,Cleveland,Zurich,XGBoost
10,3,thalach,-0.005798,0.005798,PAIRWISE_E8_CLEV_TO_ZURI_XGBoost,Cleveland,Zurich,XGBoost
10,3,exang,-0.101602,0.101602,PAIRWISE_E8_CLEV_TO_ZURI_XGBoost,Cleveland,Zurich,XGBoost
10,3,oldpeak,-0.115179,0.115179,PAIRWISE_E8_CLEV_TO_ZURI_XGBoost,Cleveland,Zurich,XGBoost
10,3,slope,-0.084937,0.084937,PAIRWISE_E8_CLEV_TO_ZURI_XGBoost,Cleveland,Zurich,XGBoost
116,4,age,0.068332,0.068332,PAIRWISE_E8_CLEV_TO_ZURI_XGBoost,Cleveland,Zurich,XGBoost
116,4,sex,0.215219,0.215219,PAIRWISE_E8_CLEV_TO_ZURI_XGBoost,Cleveland,Zurich,XGBoost
116,4,cp,0.251542,0.251542,PAIRWISE_E8_CLEV_TO_ZURI_XGBoost,Cleveland,Zurich,XGBoost
116,4,trestbps,-0.020312,0.020312,PAIRWISE_E8_CLEV_TO_ZURI_XGBoost,Cleveland,Zurich,XGBoost
116,4,fbs,-0.005898,0.005898,PAIRWISE_E8_CLEV_TO_ZURI_XGBoost,Cleveland,Zurich,XGBoost
116,4,restecg,-0.031963,0.031963,PAIRWISE_E8_CLEV_TO_ZURI_XGBoost,Cleveland,Zurich,XGBoost
116,4,thalach,0.111823,0.111823,PAIRWISE_E8_CLEV_TO_ZURI_XGBoost,Cleveland,Zurich,XGBoost
116,4,exang,-0.11089,0.11089,PAIRWISE_E8_CLEV_TO_ZURI_XGBoost,Cleveland,Zurich,XGBoost
116,4,oldpeak,-0.135534,0.135534,PAIRWISE_E8_CLEV_TO_ZURI_XGBoost,Cleveland,Zurich,XGBoost
116,4,slope,0.076134,0.076134,PAIRWISE_E8_CLEV_TO_ZURI_XGBoost,Cleveland,Zurich,XGBoost
48,5,age,-0.067886,0.067886,PAIRWISE_E8_CLEV_TO_ZURI_XGBoost,Cleveland,Zurich,XGBoost
48,5,sex,0.21436,0.21436,PAIRWISE_E8_CLEV_TO_ZURI_XGBoost,Cleveland,Zurich,XGBoost
48,5,cp,0.255375,0.255375,PAIRWISE_E8_CLEV_TO_ZURI_XGBoost,Cleveland,Zurich,XGBoost
48,5,trestbps,-0.039995,0.039995,PAIRWISE_E8_CLEV_TO_ZURI_XGBoost,Cleveland,Zurich,XGBoost
48,5,fbs,-0.017352,0.017352,PAIRWISE_E8_CLEV_TO_ZURI_XGBoost,Cleveland,Zurich,XGBoost
48,5,restecg,-0.040071,0.040071,PAIRWISE_E8_CLEV_TO_ZURI_XGBoost,Cleveland,Zurich,XGBoost
48,5,thalach,-0.019897,0.019897,PAIRWISE_E8_CLEV_TO_ZURI_XGBoost,Cleveland,Zurich,XGBoost
48,5,exang,-0.096176,0.096176,PAIRWISE_E8_CLEV_TO_ZURI_XGBoost,Cleveland,Zurich,XGBoost
48,5,oldpeak,-0.126319,0.126319,PAIRWISE_E8_CLEV_TO_ZURI_XGBoost,Cleveland,Zurich,XGBoost
48,5,slope,0.09988,0.09988,PAIRWISE_E8_CLEV_TO_ZURI_XGBoost,Cleveland,Zurich,XGBoost
52,6,age,-0.037816,0.037816,PAIRWISE_E8_CLEV_TO_ZURI_XGBoost,Cleveland,Zurich,XGBoost
52,6,sex,0.216846,0.216846,PAIRWISE_E8_CLEV_TO_ZURI_XGBoost,Cleveland,Zurich,XGBoost
52,6,cp,0.271327,0.271327,PAIRWISE_E8_CLEV_TO_ZURI_XGBoost,Cleveland,Zurich,XGBoost
52,6,trestbps,-0.045717,0.045717,PAIRWISE_E8_CLEV_TO_ZURI_XGBoost,Cleveland,Zurich,XGBoost
52,6,fbs,0.007194,0.007194,PAIRWISE_E8_CLEV_TO_ZURI_XGBoost,Cleveland,Zurich,XGBoost
52,6,restecg,-0.027326,0.027326,PAIRWISE_E8_CLEV_TO_ZURI_XGBoost,Cleveland,Zurich,XGBoost
52,6,thalach,-0.014071,0.014071,PAIRWISE_E8_CLEV_TO_ZURI_XGBoost,Cleveland,Zurich,XGBoost
52,6,exang,-0.111141,0.111141,PAIRWISE_E8_CLEV_TO_ZURI_XGBoost,Cleveland,Zurich,XGBoost
52,6,oldpeak,-0.12428,0.12428,PAIRWISE_E8_CLEV_TO_ZURI_XGBoost,Cleveland,Zurich,XGBoost
52,6,slope,0.072367,0.072367,PAIRWISE_E8_CLEV_TO_ZURI_XGBoost,Cleveland,Zurich,XGBoost
36,7,age,-0.062546,0.062546,PAIRWISE_E8_CLEV_TO_ZURI_XGBoost,Cleveland,Zurich,XGBoost
36,7,sex,0.217444,0.217444,PAIRWISE_E8_CLEV_TO_ZURI_XGBoost,Cleveland,Zurich,XGBoost
36,7,cp,0.259344,0.259344,PAIRWISE_E8_CLEV_TO_ZURI_XGBoost,Cleveland,Zurich,XGBoost
36,7,trestbps,0.006527,0.006527,PAIRWISE_E8_CLEV_TO_ZURI_XGBoost,Cleveland,Zurich,XGBoost
36,7,fbs,0.011822,0.011822,PAIRWISE_E8_CLEV_TO_ZURI_XGBoost,Cleveland,Zurich,XGBoost
36,7,restecg,-0.02649,0.02649,PAIRWISE_E8_CLEV_TO_ZURI_XGBoost,Cleveland,Zurich,XGBoost
36,7,thalach,0.123334,0.123334,PAIRWISE_E8_CLEV_TO_ZURI_XGBoost,Cleveland,Zurich,XGBoost
36,7,exang,-0.101918,0.101918,PAIRWISE_E8_CLEV_TO_ZURI_XGBoost,Cleveland,Zurich,XGBoost
36,7,oldpeak,-0.138025,0.138025,PAIRWISE_E8_CLEV_TO_ZURI_XGBoost,Cleveland,Zurich,XGBoost
36,7,slope,0.090412,0.090412,PAIRWISE_E8_CLEV_TO_ZURI_XGBoost,Cleveland,Zurich,XGBoost
24,8,age,-0.090968,0.090968,PAIRWISE_E8_CLEV_TO_ZURI_XGBoost,Cleveland,Zurich,XGBoost
24,8,sex,0.190722,0.190722,PAIRWISE_E8_CLEV_TO_ZURI_XGBoost,Cleveland,Zurich,XGBoost
24,8,cp,0.271083,0.271083,PAIRWISE_E8_CLEV_TO_ZURI_XGBoost,Cleveland,Zurich,XGBoost
24,8,trestbps,-0.083205,0.083205,PAIRWISE_E8_CLEV_TO_ZURI_XGBoost,Cleveland,Zurich,XGBoost
24,8,fbs,0.015993,0.015993,PAIRWISE_E8_CLEV_TO_ZURI_XGBoost,Cleveland,Zurich,XGBoost
24,8,restecg,-0.038198,0.038198,PAIRWISE_E8_CLEV_TO_ZURI_XGBoost,Cleveland,Zurich,XGBoost
24,8,thalach,0.125365,0.125365,PAIRWISE_E8_CLEV_TO_ZURI_XGBoost,Cleveland,Zurich,XGBoost
24,8,exang,-0.11836,0.11836,PAIRWISE_E8_CLEV_TO_ZURI_XGBoost,Cleveland,Zurich,XGBoost
24,8,oldpeak,-0.126288,0.126288,PAIRWISE_E8_CLEV_TO_ZURI_XGBoost,Cleveland,Zurich,XGBoost
24,8,slope,0.08107,0.08107,PAIRWISE_E8_CLEV_TO_ZURI_XGBoost,Cleveland,Zurich,XGBoost
30,9,age,-0.059195,0.059195,PAIRWISE_E8_CLEV_TO_ZURI_XGBoost,Cleveland,Zurich,XGBoost
30,9,sex,0.223458,0.223458,PAIRWISE_E8_CLEV_TO_ZURI_XGBoost,Cleveland,Zurich,XGBoost
30,9,cp,0.270943,0.270943,PAIRWISE_E8_CLEV_TO_ZURI_XGBoost,Cleveland,Zurich,XGBoost
30,9,trestbps,-0.043159,0.043159,PAIRWISE_E8_CLEV_TO_ZURI_XGBoost,Cleveland,Zurich,XGBoost
30,9,fbs,-0.018956,0.018956,PAIRWISE_E8_CLEV_TO_ZURI_XGBoost,Cleveland,Zurich,XGBoost
30,9,restecg,-0.043964,0.043964,PAIRWISE_E8_CLEV_TO_ZURI_XGBoost,Cleveland,Zurich,XGBoost
30,9,thalach,0.133775,0.133775,PAIRWISE_E8_CLEV_TO_ZURI_XGBoost,Cleveland,Zurich,XGBoost
30,9,exang,-0.109266,0.109266,PAIRWISE_E8_CLEV_TO_ZURI_XGBoost,Cleveland,Zurich,XGBoost
30,9,oldpeak,-0.130053,0.130053,PAIRWISE_E8_CLEV_TO_ZURI_XGBoost,Cleveland,Zurich,XGBoost
30,9,slope,0.061876,0.061876,PAIRWISE_E8_CLEV_TO_ZURI_XGBoost,Cleveland,Zurich,XGBoost
78,10,age,0.115915,0.115915,PAIRWISE_E8_CLEV_TO_ZURI_XGBoost,Cleveland,Zurich,XGBoost
78,10,sex,0.203172,0.203172,PAIRWISE_E8_CLEV_TO_ZURI_XGBoost,Cleveland,Zurich,XGBoost
78,10,cp,0.265612,0.265612,PAIRWISE_E8_CLEV_TO_ZURI_XGBoost,Cleveland,Zurich,XGBoost
78,10,trestbps,0.001086,0.001086,PAIRWISE_E8_CLEV_TO_ZURI_XGBoost,Cleveland,Zurich,XGBoost
78,10,fbs,-0.001176,0.001176,PAIRWISE_E8_CLEV_TO_ZURI_XGBoost,Cleveland,Zurich,XGBoost
78,10,restecg,-0.042055,0.042055,PAIRWISE_E8_CLEV_TO_ZURI_XGBoost,Cleveland,Zurich,XGBoost
78,10,thalach,0.135611,0.135611,PAIRWISE_E8_CLEV_TO_ZURI_XGBoost,Cleveland,Zurich,XGBoost
78,10,exang,-0.097974,0.097974,PAIRWISE_E8_CLEV_TO_ZURI_XGBoost,Cleveland,Zurich,XGBoost
78,10,oldpeak,-0.115546,0.115546,PAIRWISE_E8_CLEV_TO_ZURI_XGBoost,Cleveland,Zurich,XGBoost
78,10,slope,-0.064205,0.064205,PAIRWISE_E8_CLEV_TO_ZURI_XGBoost,Cleveland,Zurich,XGBoost
54,11,age,-0.059587,0.059587,PAIRWISE_E8_CLEV_TO_ZURI_XGBoost,Cleveland,Zurich,XGBoost
54,11,sex,0.222545,0.222545,PAIRWISE_E8_CLEV_TO_ZURI_XGBoost,Cleveland,Zurich,XGBoost
54,11,cp,0.260636,0.260636,PAIRWISE_E8_CLEV_TO_ZURI_XGBoost,Cleveland,Zurich,XGBoost
54,11,trestbps,-0.016377,0.016377,PAIRWISE_E8_CLEV_TO_ZURI_XGBoost,Cleveland,Zurich,XGBoost
54,11,fbs,-0.020542,0.020542,PAIRWISE_E8_CLEV_TO_ZURI_XGBoost,Cleveland,Zurich,XGBoost
54,11,restecg,-0.042381,0.042381,PAIRWISE_E8_CLEV_TO_ZURI_XGBoost,Cleveland,Zurich,XGBoost
54,11,thalach,0.12788,0.12788,PAIRWISE_E8_CLEV_TO_ZURI_XGBoost,Cleveland,Zurich,XGBoost
54,11,exang,-0.099006,0.099006,PAIRWISE_E8_CLEV_TO_ZURI_XGBoost,Cleveland,Zurich,XGBoost
54,11,oldpeak,-0.143356,0.143356,PAIRWISE_E8_CLEV_TO_ZURI_XGBoost,Cleveland,Zurich,XGBoost
54,11,slope,0.073578,0.073578,PAIRWISE_E8_CLEV_TO_ZURI_XGBoost,Cleveland,Zurich,XGBoost
120,12,age,0.069444,0.069444,PAIRWISE_E8_CLEV_TO_ZURI_XGBoost,Cleveland,Zurich,XGBoost
120,12,sex,0.21934,0.21934,PAIRWISE_E8_CLEV_TO_ZURI_XGBoost,Cleveland,Zurich,XGBoost
120,12,cp,-0.145541,0.145541,PAIRWISE_E8_CLEV_TO_ZURI_XGBoost,Cleveland,Zurich,XGBoost
120,12,trestbps,0.054106,0.054106,PAIRWISE_E8_CLEV_TO_ZURI_XGBoost,Cleveland,Zurich,XGBoost
120,12,fbs,-0.013778,0.013778,PAIRWISE_E8_CLEV_TO_ZURI_XGBoost,Cleveland,Zurich,XGBoost
120,12,restecg,0.02968,0.02968,PAIRWISE_E8_CLEV_TO_ZURI_XGBoost,Cleveland,Zurich,XGBoost
120,12,thalach,0.134953,0.134953,PAIRWISE_E8_CLEV_TO_ZURI_XGBoost,Cleveland,Zurich,XGBoost
120,12,exang,-0.115383,0.115383,PAIRWISE_E8_CLEV_TO_ZURI_XGBoost,Cleveland,Zurich,XGBoost
120,12,oldpeak,0.014968,0.014968,PAIRWISE_E8_CLEV_TO_ZURI_XGBoost,Cleveland,Zurich,XGBoost
120,12,slope,0.078675,0.078675,PAIRWISE_E8_CLEV_TO_ZURI_XGBoost,Cleveland,Zurich,XGBoost
27,13,age,-0.074456,0.074456,PAIRWISE_E8_CLEV_TO_ZURI_XGBoost,Cleveland,Zurich,XGBoost
27,13,sex,0.217592,0.217592,PAIRWISE_E8_CLEV_TO_ZURI_XGBoost,Cleveland,Zurich,XGBoost
27,13,cp,0.273116,0.273116,PAIRWISE_E8_CLEV_TO_ZURI_XGBoost,Cleveland,Zurich,XGBoost
27,13,trestbps,-0.058183,0.058183,PAIRWISE_E8_CLEV_TO_ZURI_XGBoost,Cleveland,Zurich,XGBoost
27,13,fbs,0.002494,0.002494,PAIRWISE_E8_CLEV_TO_ZURI_XGBoost,Cleveland,Zurich,XGBoost
27,13,restecg,0.041109,0.041109,PAIRWISE_E8_CLEV_TO_ZURI_XGBoost,Cleveland,Zurich,XGBoost
27,13,thalach,-0.009158,0.009158,PAIRWISE_E8_CLEV_TO_ZURI_XGBoost,Cleveland,Zurich,XGBoost
27,13,exang,0.094106,0.094106,PAIRWISE_E8_CLEV_TO_ZURI_XGBoost,Cleveland,Zurich,XGBoost
27,13,oldpeak,-0.131241,0.131241,PAIRWISE_E8_CLEV_TO_ZURI_XGBoost,Cleveland,Zurich,XGBoost
27,13,slope,-0.101328,0.101328,PAIRWISE_E8_CLEV_TO_ZURI_XGBoost,Cleveland,Zurich,XGBoost
83,14,age,0.108275,0.108275,PAIRWISE_E8_CLEV_TO_ZURI_XGBoost,Cleveland,Zurich,XGBoost
83,14,sex,0.207881,0.207881,PAIRWISE_E8_CLEV_TO_ZURI_XGBoost,Cleveland,Zurich,XGBoost
83,14,cp,-0.174259,0.174259,PAIRWISE_E8_CLEV_TO_ZURI_XGBoost,Cleveland,Zurich,XGBoost
83,14,trestbps,0.060373,0.060373,PAIRWISE_E8_CLEV_TO_ZURI_XGBoost,Cleveland,Zurich,XGBoost
83,14,fbs,-0.002865,0.002865,PAIRWISE_E8_CLEV_TO_ZURI_XGBoost,Cleveland,Zurich,XGBoost
83,14,restecg,0.112313,0.112313,PAIRWISE_E8_CLEV_TO_ZURI_XGBoost,Cleveland,Zurich,XGBoost
83,14,thalach,0.166673,0.166673,PAIRWISE_E8_CLEV_TO_ZURI_XGBoost,Cleveland,Zurich,XGBoost
83,14,exang,-0.070608,0.070608,PAIRWISE_E8_CLEV_TO_ZURI_XGBoost,Cleveland,Zurich,XGBoost
83,14,oldpeak,-0.146657,0.146657,PAIRWISE_E8_CLEV_TO_ZURI_XGBoost,Cleveland,Zurich,XGBoost
83,14,slope,0.079795,0.079795,PAIRWISE_E8_CLEV_TO_ZURI_XGBoost,Cleveland,Zurich,XGBoost
97,15,age,0.075943,0.075943,PAIRWISE_E8_CLEV_TO_ZURI_XGBoost,Cleveland,Zurich,XGBoost
97,15,sex,0.220712,0.220712,PAIRWISE_E8_CLEV_TO_ZURI_XGBoost,Cleveland,Zurich,XGBoost
97,15,cp,0.274468,0.274468,PAIRWISE_E8_CLEV_TO_ZURI_XGBoost,Cleveland,Zurich,XGBoost
97,15,trestbps,-0.038453,0.038453,PAIRWISE_E8_CLEV_TO_ZURI_XGBoost,Cleveland,Zurich,XGBoost
97,15,fbs,0.000763,0.000763,PAIRWISE_E8_CLEV_TO_ZURI_XGBoost,Cleveland,Zurich,XGBoost
97,15,restecg,-0.055695,0.055695,PAIRWISE_E8_CLEV_TO_ZURI_XGBoost,Cleveland,Zurich,XGBoost
97,15,thalach,0.129359,0.129359,PAIRWISE_E8_CLEV_TO_ZURI_XGBoost,Cleveland,Zurich,XGBoost
97,15,exang,0.102109,0.102109,PAIRWISE_E8_CLEV_TO_ZURI_XGBoost,Cleveland,Zurich,XGBoost
97,15,oldpeak,-0.143946,0.143946,PAIRWISE_E8_CLEV_TO_ZURI_XGBoost,Cleveland,Zurich,XGBoost
97,15,slope,0.061873,0.061873,PAIRWISE_E8_CLEV_TO_ZURI_XGBoost,Cleveland,Zurich,XGBoost
66,16,age,0.108279,0.108279,PAIRWISE_E8_CLEV_TO_ZURI_XGBoost,Cleveland,Zurich,XGBoost
66,16,sex,0.21918,0.21918,PAIRWISE_E8_CLEV_TO_ZURI_XGBoost,Cleveland,Zurich,XGBoost
66,16,cp,0.276842,0.276842,PAIRWISE_E8_CLEV_TO_ZURI_XGBoost,Cleveland,Zurich,XGBoost
66,16,trestbps,-0.001276,0.001276,PAIRWISE_E8_CLEV_TO_ZURI_XGBoost,Cleveland,Zurich,XGBoost
66,16,fbs,-0.017154,0.017154,PAIRWISE_E8_CLEV_TO_ZURI_XGBoost,Cleveland,Zurich,XGBoost
66,16,restecg,-0.026632,0.026632,PAIRWISE_E8_CLEV_TO_ZURI_XGBoost,Cleveland,Zurich,XGBoost
66,16,thalach,0.11539,0.11539,PAIRWISE_E8_CLEV_TO_ZURI_XGBoost,Cleveland,Zurich,XGBoost
66,16,exang,0.105997,0.105997,PAIRWISE_E8_CLEV_TO_ZURI_XGBoost,Cleveland,Zurich,XGBoost
66,16,oldpeak,-0.138291,0.138291,PAIRWISE_E8_CLEV_TO_ZURI_XGBoost,Cleveland,Zurich,XGBoost
66,16,slope,0.076308,0.076308,PAIRWISE_E8_CLEV_TO_ZURI_XGBoost,Cleveland,Zurich,XGBoost
89,17,age,0.110107,0.110107,PAIRWISE_E8_CLEV_TO_ZURI_XGBoost,Cleveland,Zurich,XGBoost
89,17,sex,0.225261,0.225261,PAIRWISE_E8_CLEV_TO_ZURI_XGBoost,Cleveland,Zurich,XGBoost
89,17,cp,0.262126,0.262126,PAIRWISE_E8_CLEV_TO_ZURI_XGBoost,Cleveland,Zurich,XGBoost
89,17,trestbps,0.067578,0.067578,PAIRWISE_E8_CLEV_TO_ZURI_XGBoost,Cleveland,Zurich,XGBoost
89,17,fbs,0.002668,0.002668,PAIRWISE_E8_CLEV_TO_ZURI_XGBoost,Cleveland,Zurich,XGBoost
89,17,restecg,-0.035428,0.035428,PAIRWISE_E8_CLEV_TO_ZURI_XGBoost,Cleveland,Zurich,XGBoost
89,17,thalach,0.109373,0.109373,PAIRWISE_E8_CLEV_TO_ZURI_XGBoost,Cleveland,Zurich,XGBoost
89,17,exang,0.095339,0.095339,PAIRWISE_E8_CLEV_TO_ZURI_XGBoost,Cleveland,Zurich,XGBoost
89,17,oldpeak,-0.134104,0.134104,PAIRWISE_E8_CLEV_TO_ZURI_XGBoost,Cleveland,Zurich,XGBoost
89,17,slope,0.068887,0.068887,PAIRWISE_E8_CLEV_TO_ZURI_XGBoost,Cleveland,Zurich,XGBoost
91,18,age,0.109763,0.109763,PAIRWISE_E8_CLEV_TO_ZURI_XGBoost,Cleveland,Zurich,XGBoost
91,18,sex,0.2041,0.2041,PAIRWISE_E8_CLEV_TO_ZURI_XGBoost,Cleveland,Zurich,XGBoost
91,18,cp,0.275567,0.275567,PAIRWISE_E8_CLEV_TO_ZURI_XGBoost,Cleveland,Zurich,XGBoost
91,18,trestbps,0.050024,0.050024,PAIRWISE_E8_CLEV_TO_ZURI_XGBoost,Cleveland,Zurich,XGBoost
91,18,fbs,0.015989,0.015989,PAIRWISE_E8_CLEV_TO_ZURI_XGBoost,Cleveland,Zurich,XGBoost
91,18,restecg,0.05681,0.05681,PAIRWISE_E8_CLEV_TO_ZURI_XGBoost,Cleveland,Zurich,XGBoost
91,18,thalach,-0.005094,0.005094,PAIRWISE_E8_CLEV_TO_ZURI_XGBoost,Cleveland,Zurich,XGBoost
91,18,exang,-0.106525,0.106525,PAIRWISE_E8_CLEV_TO_ZURI_XGBoost,Cleveland,Zurich,XGBoost
91,18,oldpeak,-0.003327,0.003327,PAIRWISE_E8_CLEV_TO_ZURI_XGBoost,Cleveland,Zurich,XGBoost
91,18,slope,0.104383,0.104383,PAIRWISE_E8_CLEV_TO_ZURI_XGBoost,Cleveland,Zurich,XGBoost
93,19,age,0.032478,0.032478,PAIRWISE_E8_CLEV_TO_ZURI_XGBoost,Cleveland,Zurich,XGBoost
93,19,sex,-0.195374,0.195374,PAIRWISE_E8_CLEV_TO_ZURI_XGBoost,Cleveland,Zurich,XGBoost
93,19,cp,0.283633,0.283633,PAIRWISE_E8_CLEV_TO_ZURI_XGBoost,Cleveland,Zurich,XGBoost
93,19,trestbps,-0.05112,0.05112,PAIRWISE_E8_CLEV_TO_ZURI_XGBoost,Cleveland,Zurich,XGBoost
93,19,fbs,0.008028,0.008028,PAIRWISE_E8_CLEV_TO_ZURI_XGBoost,Cleveland,Zurich,XGBoost
93,19,restecg,-0.018449,0.018449,PAIRWISE_E8_CLEV_TO_ZURI_XGBoost,Cleveland,Zurich,XGBoost
93,19,thalach,0.145913,0.145913,PAIRWISE_E8_CLEV_TO_ZURI_XGBoost,Cleveland,Zurich,XGBoost
93,19,exang,0.091677,0.091677,PAIRWISE_E8_CLEV_TO_ZURI_XGBoost,Cleveland,Zurich,XGBoost
93,19,oldpeak,0.24363,0.24363,PAIRWISE_E8_CLEV_TO_ZURI_XGBoost,Cleveland,Zurich,XGBoost
93,19,slope,0.033517,0.033517,PAIRWISE_E8_CLEV_TO_ZURI_XGBoost,Cleveland,Zurich,XGBoost
71,20,age,0.119183,0.119183,PAIRWISE_E8_CLEV_TO_ZURI_XGBoost,Cleveland,Zurich,XGBoost
71,20,sex,0.218643,0.218643,PAIRWISE_E8_CLEV_TO_ZURI_XGBoost,Cleveland,Zurich,XGBoost
71,20,cp,0.260769,0.260769,PAIRWISE_E8_CLEV_TO_ZURI_XGBoost,Cleveland,Zurich,XGBoost
71,20,trestbps,0.072947,0.072947,PAIRWISE_E8_CLEV_TO_ZURI_XGBoost,Cleveland,Zurich,XGBoost
71,20,fbs,-0.001243,0.001243,PAIRWISE_E8_CLEV_TO_ZURI_XGBoost,Cleveland,Zurich,XGBoost
71,20,restecg,0.050188,0.050188,PAIRWISE_E8_CLEV_TO_ZURI_XGBoost,Cleveland,Zurich,XGBoost
71,20,thalach,0.116919,0.116919,PAIRWISE_E8_CLEV_TO_ZURI_XGBoost,Cleveland,Zurich,XGBoost
71,20,exang,0.107195,0.107195,PAIRWISE_E8_CLEV_TO_ZURI_XGBoost,Cleveland,Zurich,XGBoost
71,20,oldpeak,-0.117537,0.117537,PAIRWISE_E8_CLEV_TO_ZURI_XGBoost,Cleveland,Zurich,XGBoost
71,20,slope,0.082592,0.082592,PAIRWISE_E8_CLEV_TO_ZURI_XGBoost,Cleveland,Zurich,XGBoost
19,21,age,-0.085319,0.085319,PAIRWISE_E8_CLEV_TO_ZURI_XGBoost,Cleveland,Zurich,XGBoost
19,21,sex,0.212409,0.212409,PAIRWISE_E8_CLEV_TO_ZURI_XGBoost,Cleveland,Zurich,XGBoost
19,21,cp,0.266386,0.266386,PAIRWISE_E8_CLEV_TO_ZURI_XGBoost,Cleveland,Zurich,XGBoost
19,21,trestbps,-0.063163,0.063163,PAIRWISE_E8_CLEV_TO_ZURI_XGBoost,Cleveland,Zurich,XGBoost
19,21,fbs,0.004932,0.004932,PAIRWISE_E8_CLEV_TO_ZURI_XGBoost,Cleveland,Zurich,XGBoost
19,21,restecg,-0.033762,0.033762,PAIRWISE_E8_CLEV_TO_ZURI_XGBoost,Cleveland,Zurich,XGBoost
19,21,thalach,0.125155,0.125155,PAIRWISE_E8_CLEV_TO_ZURI_XGBoost,Cleveland,Zurich,XGBoost
19,21,exang,0.117254,0.117254,PAIRWISE_E8_CLEV_TO_ZURI_XGBoost,Cleveland,Zurich,XGBoost
19,21,oldpeak,0.037202,0.037202,PAIRWISE_E8_CLEV_TO_ZURI_XGBoost,Cleveland,Zurich,XGBoost
19,21,slope,0.072052,0.072052,PAIRWISE_E8_CLEV_TO_ZURI_XGBoost,Cleveland,Zurich,XGBoost
112,22,age,0.028151,0.028151,PAIRWISE_E8_CLEV_TO_ZURI_XGBoost,Cleveland,Zurich,XGBoost
112,22,sex,0.218802,0.218802,PAIRWISE_E8_CLEV_TO_ZURI_XGBoost,Cleveland,Zurich,XGBoost
112,22,cp,0.251897,0.251897,PAIRWISE_E8_CLEV_TO_ZURI_XGBoost,Cleveland,Zurich,XGBoost
112,22,trestbps,0.060301,0.060301,PAIRWISE_E8_CLEV_TO_ZURI_XGBoost,Cleveland,Zurich,XGBoost
112,22,fbs,-0.001846,0.001846,PAIRWISE_E8_CLEV_TO_ZURI_XGBoost,Cleveland,Zurich,XGBoost
112,22,restecg,-0.043344,0.043344,PAIRWISE_E8_CLEV_TO_ZURI_XGBoost,Cleveland,Zurich,XGBoost
112,22,thalach,0.122321,0.122321,PAIRWISE_E8_CLEV_TO_ZURI_XGBoost,Cleveland,Zurich,XGBoost
112,22,exang,0.114941,0.114941,PAIRWISE_E8_CLEV_TO_ZURI_XGBoost,Cleveland,Zurich,XGBoost
112,22,oldpeak,0.252913,0.252913,PAIRWISE_E8_CLEV_TO_ZURI_XGBoost,Cleveland,Zurich,XGBoost
112,22,slope,0.083215,0.083215,PAIRWISE_E8_CLEV_TO_ZURI_XGBoost,Cleveland,Zurich,XGBoost
90,23,age,0.106211,0.106211,PAIRWISE_E8_CLEV_TO_ZURI_XGBoost,Cleveland,Zurich,XGBoost
90,23,sex,0.219285,0.219285,PAIRWISE_E8_CLEV_TO_ZURI_XGBoost,Cleveland,Zurich,XGBoost
90,23,cp,0.262709,0.262709,PAIRWISE_E8_CLEV_TO_ZURI_XGBoost,Cleveland,Zurich,XGBoost
90,23,trestbps,0.059366,0.059366,PAIRWISE_E8_CLEV_TO_ZURI_XGBoost,Cleveland,Zurich,XGBoost
90,23,fbs,-0.015691,0.015691,PAIRWISE_E8_CLEV_TO_ZURI_XGBoost,Cleveland,Zurich,XGBoost
90,23,restecg,-0.035672,0.035672,PAIRWISE_E8_CLEV_TO_ZURI_XGBoost,Cleveland,Zurich,XGBoost
90,23,thalach,0.136193,0.136193,PAIRWISE_E8_CLEV_TO_ZURI_XGBoost,Cleveland,Zurich,XGBoost
90,23,exang,0.105181,0.105181,PAIRWISE_E8_CLEV_TO_ZURI_XGBoost,Cleveland,Zurich,XGBoost
90,23,oldpeak,0.224541,0.224541,PAIRWISE_E8_CLEV_TO_ZURI_XGBoost,Cleveland,Zurich,XGBoost
90,23,slope,0.087253,0.087253,PAIRWISE_E8_CLEV_TO_ZURI_XGBoost,Cleveland,Zurich,XGBoost
49,24,age,-0.048832,0.048832,PAIRWISE_E8_CLEV_TO_ZURI_XGBoost,Cleveland,Zurich,XGBoost
49,24,sex,0.208342,0.208342,PAIRWISE_E8_CLEV_TO_ZURI_XGBoost,Cleveland,Zurich,XGBoost
49,24,cp,0.265394,0.265394,PAIRWISE_E8_CLEV_TO_ZURI_XGBoost,Cleveland,Zurich,XGBoost
49,24,trestbps,0.008448,0.008448,PAIRWISE_E8_CLEV_TO_ZURI_XGBoost,Cleveland,Zurich,XGBoost
49,24,fbs,0.0116,0.0116,PAIRWISE_E8_CLEV_TO_ZURI_XGBoost,Cleveland,Zurich,XGBoost
49,24,restecg,-0.034626,0.034626,PAIRWISE_E8_CLEV_TO_ZURI_XGBoost,Cleveland,Zurich,XGBoost
49,24,thalach,0.130007,0.130007,PAIRWISE_E8_CLEV_TO_ZURI_XGBoost,Cleveland,Zurich,XGBoost
49,24,exang,0.104268,0.104268,PAIRWISE_E8_CLEV_TO_ZURI_XGBoost,Cleveland,Zurich,XGBoost
49,24,oldpeak,0.256643,0.256643,PAIRWISE_E8_CLEV_TO_ZURI_XGBoost,Cleveland,Zurich,XGBoost
49,24,slope,0.085029,0.085029,PAIRWISE_E8_CLEV_TO_ZURI_XGBoost,Cleveland,Zurich,XGBoost
51,0,age,0.070771,0.070771,PAIRWISE_E9_CLEV_TO_VA L_LogisticRegression,Cleveland,VA Long Beach,LogisticRegression
51,0,sex,-0.307415,0.307415,PAIRWISE_E9_CLEV_TO_VA L_LogisticRegression,Cleveland,VA Long Beach,LogisticRegression
51,0,cp,-0.194219,0.194219,PAIRWISE_E9_CLEV_TO_VA L_LogisticRegression,Cleveland,VA Long Beach,LogisticRegression
51,0,trestbps,0.02497,0.02497,PAIRWISE_E9_CLEV_TO_VA L_LogisticRegression,Cleveland,VA Long Beach,LogisticRegression
51,0,fbs,0.058045,0.058045,PAIRWISE_E9_CLEV_TO_VA L_LogisticRegression,Cleveland,VA Long Beach,LogisticRegression
51,0,restecg,-0.075419,0.075419,PAIRWISE_E9_CLEV_TO_VA L_LogisticRegression,Cleveland,VA Long Beach,LogisticRegression
51,0,thalach,-0.120372,0.120372,PAIRWISE_E9_CLEV_TO_VA L_LogisticRegression,Cleveland,VA Long Beach,LogisticRegression
51,0,exang,-0.141825,0.141825,PAIRWISE_E9_CLEV_TO_VA L_LogisticRegression,Cleveland,VA Long Beach,LogisticRegression
51,0,oldpeak,-0.118703,0.118703,PAIRWISE_E9_CLEV_TO_VA L_LogisticRegression,Cleveland,VA Long Beach,LogisticRegression
51,0,slope,-0.057608,0.057608,PAIRWISE_E9_CLEV_TO_VA L_LogisticRegression,Cleveland,VA Long Beach,LogisticRegression
145,1,age,-0.002105,0.002105,PAIRWISE_E9_CLEV_TO_VA L_LogisticRegression,Cleveland,VA Long Beach,LogisticRegression
145,1,sex,0.297838,0.297838,PAIRWISE_E9_CLEV_TO_VA L_LogisticRegression,Cleveland,VA Long Beach,LogisticRegression
145,1,cp,-0.164117,0.164117,PAIRWISE_E9_CLEV_TO_VA L_LogisticRegression,Cleveland,VA Long Beach,LogisticRegression
145,1,trestbps,0.0268,0.0268,PAIRWISE_E9_CLEV_TO_VA L_LogisticRegression,Cleveland,VA Long Beach,LogisticRegression
145,1,fbs,0.042291,0.042291,PAIRWISE_E9_CLEV_TO_VA L_LogisticRegression,Cleveland,VA Long Beach,LogisticRegression
145,1,restecg,0.015293,0.015293,PAIRWISE_E9_CLEV_TO_VA L_LogisticRegression,Cleveland,VA Long Beach,LogisticRegression
145,1,thalach,-0.058546,0.058546,PAIRWISE_E9_CLEV_TO_VA L_LogisticRegression,Cleveland,VA Long Beach,LogisticRegression
145,1,exang,-0.173349,0.173349,PAIRWISE_E9_CLEV_TO_VA L_LogisticRegression,Cleveland,VA Long Beach,LogisticRegression
145,1,oldpeak,-0.083077,0.083077,PAIRWISE_E9_CLEV_TO_VA L_LogisticRegression,Cleveland,VA Long Beach,LogisticRegression
145,1,slope,0.046894,0.046894,PAIRWISE_E9_CLEV_TO_VA L_LogisticRegression,Cleveland,VA Long Beach,LogisticRegression
171,2,age,-0.087674,0.087674,PAIRWISE_E9_CLEV_TO_VA L_LogisticRegression,Cleveland,VA Long Beach,LogisticRegression
171,2,sex,0.321889,0.321889,PAIRWISE_E9_CLEV_TO_VA L_LogisticRegression,Cleveland,VA Long Beach,LogisticRegression
171,2,cp,-0.049694,0.049694,PAIRWISE_E9_CLEV_TO_VA L_LogisticRegression,Cleveland,VA Long Beach,LogisticRegression
171,2,trestbps,-0.097416,0.097416,PAIRWISE_E9_CLEV_TO_VA L_LogisticRegression,Cleveland,VA Long Beach,LogisticRegression
171,2,fbs,0.049989,0.049989,PAIRWISE_E9_CLEV_TO_VA L_LogisticRegression,Cleveland,VA Long Beach,LogisticRegression
171,2,restecg,0.083892,0.083892,PAIRWISE_E9_CLEV_TO_VA L_LogisticRegression,Cleveland,VA Long Beach,LogisticRegression
171,2,thalach,-0.053499,0.053499,PAIRWISE_E9_CLEV_TO_VA L_LogisticRegression,Cleveland,VA Long Beach,LogisticRegression
171,2,exang,-0.190876,0.190876,PAIRWISE_E9_CLEV_TO_VA L_LogisticRegression,Cleveland,VA Long Beach,LogisticRegression
171,2,oldpeak,0.022544,0.022544,PAIRWISE_E9_CLEV_TO_VA L_LogisticRegression,Cleveland,VA Long Beach,LogisticRegression
171,2,slope,0.044136,0.044136,PAIRWISE_E9_CLEV_TO_VA L_LogisticRegression,Cleveland,VA Long Beach,LogisticRegression
174,3,age,0.04121,0.04121,PAIRWISE_E9_CLEV_TO_VA L_LogisticRegression,Cleveland,VA Long Beach,LogisticRegression
174,3,sex,0.289425,0.289425,PAIRWISE_E9_CLEV_TO_VA L_LogisticRegression,Cleveland,VA Long Beach,LogisticRegression
174,3,cp,-0.191486,0.191486,PAIRWISE_E9_CLEV_TO_VA L_LogisticRegression,Cleveland,VA Long Beach,LogisticRegression
174,3,trestbps,0.119482,0.119482,PAIRWISE_E9_CLEV_TO_VA L_LogisticRegression,Cleveland,VA Long Beach,LogisticRegression
174,3,fbs,0.032552,0.032552,PAIRWISE_E9_CLEV_TO_VA L_LogisticRegression,Cleveland,VA Long Beach,LogisticRegression
174,3,restecg,0.031091,0.031091,PAIRWISE_E9_CLEV_TO_VA L_LogisticRegression,Cleveland,VA Long Beach,LogisticRegression
174,3,thalach,0.020311,0.020311,PAIRWISE_E9_CLEV_TO_VA L_LogisticRegression,Cleveland,VA Long Beach,LogisticRegression
174,3,exang,-0.178064,0.178064,PAIRWISE_E9_CLEV_TO_VA L_LogisticRegression,Cleveland,VA Long Beach,LogisticRegression
174,3,oldpeak,0.026711,0.026711,PAIRWISE_E9_CLEV_TO_VA L_LogisticRegression,Cleveland,VA Long Beach,LogisticRegression
174,3,slope,0.009902,0.009902,PAIRWISE_E9_CLEV_TO_VA L_LogisticRegression,Cleveland,VA Long Beach,LogisticRegression
100,4,age,0.085615,0.085615,PAIRWISE_E9_CLEV_TO_VA L_LogisticRegression,Cleveland,VA Long Beach,LogisticRegression
100,4,sex,0.305995,0.305995,PAIRWISE_E9_CLEV_TO_VA L_LogisticRegression,Cleveland,VA Long Beach,LogisticRegression
100,4,cp,-0.029057,0.029057,PAIRWISE_E9_CLEV_TO_VA L_LogisticRegression,Cleveland,VA Long Beach,LogisticRegression
100,4,trestbps,0.097029,0.097029,PAIRWISE_E9_CLEV_TO_VA L_LogisticRegression,Cleveland,VA Long Beach,LogisticRegression
100,4,fbs,-0.04233,0.04233,PAIRWISE_E9_CLEV_TO_VA L_LogisticRegression,Cleveland,VA Long Beach,LogisticRegression
100,4,restecg,-0.096716,0.096716,PAIRWISE_E9_CLEV_TO_VA L_LogisticRegression,Cleveland,VA Long Beach,LogisticRegression
100,4,thalach,0.162999,0.162999,PAIRWISE_E9_CLEV_TO_VA L_LogisticRegression,Cleveland,VA Long Beach,LogisticRegression
100,4,exang,-0.180304,0.180304,PAIRWISE_E9_CLEV_TO_VA L_LogisticRegression,Cleveland,VA Long Beach,LogisticRegression
100,4,oldpeak,-0.12374,0.12374,PAIRWISE_E9_CLEV_TO_VA L_LogisticRegression,Cleveland,VA Long Beach,LogisticRegression
100,4,slope,0.045175,0.045175,PAIRWISE_E9_CLEV_TO_VA L_LogisticRegression,Cleveland,VA Long Beach,LogisticRegression
188,5,age,0.056735,0.056735,PAIRWISE_E9_CLEV_TO_VA L_LogisticRegression,Cleveland,VA Long Beach,LogisticRegression
188,5,sex,0.306653,0.306653,PAIRWISE_E9_CLEV_TO_VA L_LogisticRegression,Cleveland,VA Long Beach,LogisticRegression
188,5,cp,-0.02716,0.02716,PAIRWISE_E9_CLEV_TO_VA L_LogisticRegression,Cleveland,VA Long Beach,LogisticRegression
188,5,trestbps,0.040242,0.040242,PAIRWISE_E9_CLEV_TO_VA L_LogisticRegression,Cleveland,VA Long Beach,LogisticRegression
188,5,fbs,-0.032427,0.032427,PAIRWISE_E9_CLEV_TO_VA L_LogisticRegression,Cleveland,VA Long Beach,LogisticRegression
188,5,restecg,-0.083356,0.083356,PAIRWISE_E9_CLEV_TO_VA L_LogisticRegression,Cleveland,VA Long Beach,LogisticRegression
188,5,thalach,0.024912,0.024912,PAIRWISE_E9_CLEV_TO_VA L_LogisticRegression,Cleveland,VA Long Beach,LogisticRegression
188,5,exang,0.183579,0.183579,PAIRWISE_E9_CLEV_TO_VA L_LogisticRegression,Cleveland,VA Long Beach,LogisticRegression
188,5,oldpeak,-0.139314,0.139314,PAIRWISE_E9_CLEV_TO_VA L_LogisticRegression,Cleveland,VA Long Beach,LogisticRegression
188,5,slope,0.046401,0.046401,PAIRWISE_E9_CLEV_TO_VA L_LogisticRegression,Cleveland,VA Long Beach,LogisticRegression
20,6,age,0.026654,0.026654,PAIRWISE_E9_CLEV_TO_VA L_LogisticRegression,Cleveland,VA Long Beach,LogisticRegression
20,6,sex,0.309959,0.309959,PAIRWISE_E9_CLEV_TO_VA L_LogisticRegression,Cleveland,VA Long Beach,LogisticRegression
20,6,cp,0.228061,0.228061,PAIRWISE_E9_CLEV_TO_VA L_LogisticRegression,Cleveland,VA Long Beach,LogisticRegression
20,6,trestbps,-0.096992,0.096992,PAIRWISE_E9_CLEV_TO_VA L_LogisticRegression,Cleveland,VA Long Beach,LogisticRegression
20,6,fbs,0.063134,0.063134,PAIRWISE_E9_CLEV_TO_VA L_LogisticRegression,Cleveland,VA Long Beach,LogisticRegression
20,6,restecg,-0.071758,0.071758,PAIRWISE_E9_CLEV_TO_VA L_LogisticRegression,Cleveland,VA Long Beach,LogisticRegression
20,6,thalach,0.159593,0.159593,PAIRWISE_E9_CLEV_TO_VA L_LogisticRegression,Cleveland,VA Long Beach,LogisticRegression
20,6,exang,-0.185997,0.185997,PAIRWISE_E9_CLEV_TO_VA L_LogisticRegression,Cleveland,VA Long Beach,LogisticRegression
20,6,oldpeak,0.032753,0.032753,PAIRWISE_E9_CLEV_TO_VA L_LogisticRegression,Cleveland,VA Long Beach,LogisticRegression
20,6,slope,-0.060773,0.060773,PAIRWISE_E9_CLEV_TO_VA L_LogisticRegression,Cleveland,VA Long Beach,LogisticRegression
116,7,age,-0.014953,0.014953,PAIRWISE_E9_CLEV_TO_VA L_LogisticRegression,Cleveland,VA Long Beach,LogisticRegression
116,7,sex,0.307829,0.307829,PAIRWISE_E9_CLEV_TO_VA L_LogisticRegression,Cleveland,VA Long Beach,LogisticRegression
116,7,cp,0.22176,0.22176,PAIRWISE_E9_CLEV_TO_VA L_LogisticRegression,Cleveland,VA Long Beach,LogisticRegression
116,7,trestbps,-0.085159,0.085159,PAIRWISE_E9_CLEV_TO_VA L_LogisticRegression,Cleveland,VA Long Beach,LogisticRegression
116,7,fbs,-0.054479,0.054479,PAIRWISE_E9_CLEV_TO_VA L_LogisticRegression,Cleveland,VA Long Beach,LogisticRegression
116,7,restecg,-0.021429,0.021429,PAIRWISE_E9_CLEV_TO_VA L_LogisticRegression,Cleveland,VA Long Beach,LogisticRegression
116,7,thalach,0.158719,0.158719,PAIRWISE_E9_CLEV_TO_VA L_LogisticRegression,Cleveland,VA Long Beach,LogisticRegression
116,7,exang,-0.180094,0.180094,PAIRWISE_E9_CLEV_TO_VA L_LogisticRegression,Cleveland,VA Long Beach,LogisticRegression
116,7,oldpeak,-0.141882,0.141882,PAIRWISE_E9_CLEV_TO_VA L_LogisticRegression,Cleveland,VA Long Beach,LogisticRegression
116,7,slope,0.046498,0.046498,PAIRWISE_E9_CLEV_TO_VA L_LogisticRegression,Cleveland,VA Long Beach,LogisticRegression
196,8,age,0.000926,0.000926,PAIRWISE_E9_CLEV_TO_VA L_LogisticRegression,Cleveland,VA Long Beach,LogisticRegression
196,8,sex,0.280801,0.280801,PAIRWISE_E9_CLEV_TO_VA L_LogisticRegression,Cleveland,VA Long Beach,LogisticRegression
196,8,cp,0.234928,0.234928,PAIRWISE_E9_CLEV_TO_VA L_LogisticRegression,Cleveland,VA Long Beach,LogisticRegression
196,8,trestbps,-0.01228,0.01228,PAIRWISE_E9_CLEV_TO_VA L_LogisticRegression,Cleveland,VA Long Beach,LogisticRegression
196,8,fbs,-0.027268,0.027268,PAIRWISE_E9_CLEV_TO_VA L_LogisticRegression,Cleveland,VA Long Beach,LogisticRegression
196,8,restecg,0.011982,0.011982,PAIRWISE_E9_CLEV_TO_VA L_LogisticRegression,Cleveland,VA Long Beach,LogisticRegression
196,8,thalach,0.171516,0.171516,PAIRWISE_E9_CLEV_TO_VA L_LogisticRegression,Cleveland,VA Long Beach,LogisticRegression
196,8,exang,-0.176301,0.176301,PAIRWISE_E9_CLEV_TO_VA L_LogisticRegression,Cleveland,VA Long Beach,LogisticRegression
196,8,oldpeak,-0.13872,0.13872,PAIRWISE_E9_CLEV_TO_VA L_LogisticRegression,Cleveland,VA Long Beach,LogisticRegression
196,8,slope,0.050097,0.050097,PAIRWISE_E9_CLEV_TO_VA L_LogisticRegression,Cleveland,VA Long Beach,LogisticRegression
13,9,age,0.051092,0.051092,PAIRWISE_E9_CLEV_TO_VA L_LogisticRegression,Cleveland,VA Long Beach,LogisticRegression
13,9,sex,0.31909,0.31909,PAIRWISE_E9_CLEV_TO_VA L_LogisticRegression,Cleveland,VA Long Beach,LogisticRegression
13,9,cp,-0.027847,0.027847,PAIRWISE_E9_CLEV_TO_VA L_LogisticRegression,Cleveland,VA Long Beach,LogisticRegression
13,9,trestbps,-0.004376,0.004376,PAIRWISE_E9_CLEV_TO_VA L_LogisticRegression,Cleveland,VA Long Beach,LogisticRegression
13,9,fbs,0.024462,0.024462,PAIRWISE_E9_CLEV_TO_VA L_LogisticRegression,Cleveland,VA Long Beach,LogisticRegression
13,9,restecg,0.098902,0.098902,PAIRWISE_E9_CLEV_TO_VA L_LogisticRegression,Cleveland,VA Long Beach,LogisticRegression
13,9,thalach,0.007816,0.007816,PAIRWISE_E9_CLEV_TO_VA L_LogisticRegression,Cleveland,VA Long Beach,LogisticRegression
13,9,exang,-0.168909,0.168909,PAIRWISE_E9_CLEV_TO_VA L_LogisticRegression,Cleveland,VA Long Beach,LogisticRegression
13,9,oldpeak,0.249728,0.249728,PAIRWISE_E9_CLEV_TO_VA L_LogisticRegression,Cleveland,VA Long Beach,LogisticRegression
13,9,slope,0.037357,0.037357,PAIRWISE_E9_CLEV_TO_VA L_LogisticRegression,Cleveland,VA Long Beach,LogisticRegression
89,10,age,-0.001197,0.001197,PAIRWISE_E9_CLEV_TO_VA L_LogisticRegression,Cleveland,VA Long Beach,LogisticRegression
89,10,sex,0.295431,0.295431,PAIRWISE_E9_CLEV_TO_VA L_LogisticRegression,Cleveland,VA Long Beach,LogisticRegression
89,10,cp,-0.047303,0.047303,PAIRWISE_E9_CLEV_TO_VA L_LogisticRegression,Cleveland,VA Long Beach,LogisticRegression
89,10,trestbps,0.131014,0.131014,PAIRWISE_E9_CLEV_TO_VA L_LogisticRegression,Cleveland,VA Long Beach,LogisticRegression
89,10,fbs,-0.024878,0.024878,PAIRWISE_E9_CLEV_TO_VA L_LogisticRegression,Cleveland,VA Long Beach,LogisticRegression
89,10,restecg,0.058511,0.058511,PAIRWISE_E9_CLEV_TO_VA L_LogisticRegression,Cleveland,VA Long Beach,LogisticRegression
89,10,thalach,0.02952,0.02952,PAIRWISE_E9_CLEV_TO_VA L_LogisticRegression,Cleveland,VA Long Beach,LogisticRegression
89,10,exang,0.171627,0.171627,PAIRWISE_E9_CLEV_TO_VA L_LogisticRegression,Cleveland,VA Long Beach,LogisticRegression
89,10,oldpeak,0.02591,0.02591,PAIRWISE_E9_CLEV_TO_VA L_LogisticRegression,Cleveland,VA Long Beach,LogisticRegression
89,10,slope,0.029641,0.029641,PAIRWISE_E9_CLEV_TO_VA L_LogisticRegression,Cleveland,VA Long Beach,LogisticRegression
139,11,age,0.007998,0.007998,PAIRWISE_E9_CLEV_TO_VA L_LogisticRegression,Cleveland,VA Long Beach,LogisticRegression
139,11,sex,0.318476,0.318476,PAIRWISE_E9_CLEV_TO_VA L_LogisticRegression,Cleveland,VA Long Beach,LogisticRegression
139,11,cp,-0.041356,0.041356,PAIRWISE_E9_CLEV_TO_VA L_LogisticRegression,Cleveland,VA Long Beach,LogisticRegression
139,11,trestbps,0.113283,0.113283,PAIRWISE_E9_CLEV_TO_VA L_LogisticRegression,Cleveland,VA Long Beach,LogisticRegression
139,11,fbs,0.01234,0.01234,PAIRWISE_E9_CLEV_TO_VA L_LogisticRegression,Cleveland,VA Long Beach,LogisticRegression
139,11,restecg,0.043365,0.043365,PAIRWISE_E9_CLEV_TO_VA L_LogisticRegression,Cleveland,VA Long Beach,LogisticRegression
139,11,thalach,0.184366,0.184366,PAIRWISE_E9_CLEV_TO_VA L_LogisticRegression,Cleveland,VA Long Beach,LogisticRegression
139,11,exang,0.187009,0.187009,PAIRWISE_E9_CLEV_TO_VA L_LogisticRegression,Cleveland,VA Long Beach,LogisticRegression
139,11,oldpeak,-0.149983,0.149983,PAIRWISE_E9_CLEV_TO_VA L_LogisticRegression,Cleveland,VA Long Beach,LogisticRegression
139,11,slope,0.02923,0.02923,PAIRWISE_E9_CLEV_TO_VA L_LogisticRegression,Cleveland,VA Long Beach,LogisticRegression
12,12,age,0.072555,0.072555,PAIRWISE_E9_CLEV_TO_VA L_LogisticRegression,Cleveland,VA Long Beach,LogisticRegression
12,12,sex,0.30182,0.30182,PAIRWISE_E9_CLEV_TO_VA L_LogisticRegression,Cleveland,VA Long Beach,LogisticRegression
12,12,cp,0.222344,0.222344,PAIRWISE_E9_CLEV_TO_VA L_LogisticRegression,Cleveland,VA Long Beach,LogisticRegression
12,12,trestbps,-0.096261,0.096261,PAIRWISE_E9_CLEV_TO_VA L_LogisticRegression,Cleveland,VA Long Beach,LogisticRegression
12,12,fbs,0.034527,0.034527,PAIRWISE_E9_CLEV_TO_VA L_LogisticRegression,Cleveland,VA Long Beach,LogisticRegression
12,12,restecg,-0.08209,0.08209,PAIRWISE_E9_CLEV_TO_VA L_LogisticRegression,Cleveland,VA Long Beach,LogisticRegression
12,12,thalach,0.169424,0.169424,PAIRWISE_E9_CLEV_TO_VA L_LogisticRegression,Cleveland,VA Long Beach,LogisticRegression
12,12,exang,0.174431,0.174431,PAIRWISE_E9_CLEV_TO_VA L_LogisticRegression,Cleveland,VA Long Beach,LogisticRegression
12,12,oldpeak,-0.062475,0.062475,PAIRWISE_E9_CLEV_TO_VA L_LogisticRegression,Cleveland,VA Long Beach,LogisticRegression
12,12,slope,0.047694,0.047694,PAIRWISE_E9_CLEV_TO_VA L_LogisticRegression,Cleveland,VA Long Beach,LogisticRegression
37,13,age,0.029654,0.029654,PAIRWISE_E9_CLEV_TO_VA L_LogisticRegression,Cleveland,VA Long Beach,LogisticRegression
37,13,sex,0.299026,0.299026,PAIRWISE_E9_CLEV_TO_VA L_LogisticRegression,Cleveland,VA Long Beach,LogisticRegression
37,13,cp,0.213465,0.213465,PAIRWISE_E9_CLEV_TO_VA L_LogisticRegression,Cleveland,VA Long Beach,LogisticRegression
37,13,trestbps,-0.093488,0.093488,PAIRWISE_E9_CLEV_TO_VA L_LogisticRegression,Cleveland,VA Long Beach,LogisticRegression
37,13,fbs,0.036054,0.036054,PAIRWISE_E9_CLEV_TO_VA L_LogisticRegression,Cleveland,VA Long Beach,LogisticRegression
37,13,restecg,-0.081655,0.081655,PAIRWISE_E9_CLEV_TO_VA L_LogisticRegression,Cleveland,VA Long Beach,LogisticRegression
37,13,thalach,0.163057,0.163057,PAIRWISE_E9_CLEV_TO_VA L_LogisticRegression,Cleveland,VA Long Beach,LogisticRegression
37,13,exang,0.178997,0.178997,PAIRWISE_E9_CLEV_TO_VA L_LogisticRegression,Cleveland,VA Long Beach,LogisticRegression
37,13,oldpeak,0.216393,0.216393,PAIRWISE_E9_CLEV_TO_VA L_LogisticRegression,Cleveland,VA Long Beach,LogisticRegression
37,13,slope,-0.055152,0.055152,PAIRWISE_E9_CLEV_TO_VA L_LogisticRegression,Cleveland,VA Long Beach,LogisticRegression
148,14,age,0.008724,0.008724,PAIRWISE_E9_CLEV_TO_VA L_LogisticRegression,Cleveland,VA Long Beach,LogisticRegression
148,14,sex,0.308013,0.308013,PAIRWISE_E9_CLEV_TO_VA L_LogisticRegression,Cleveland,VA Long Beach,LogisticRegression
148,14,cp,0.240022,0.240022,PAIRWISE_E9_CLEV_TO_VA L_LogisticRegression,Cleveland,VA Long Beach,LogisticRegression
148,14,trestbps,0.107547,0.107547,PAIRWISE_E9_CLEV_TO_VA L_LogisticRegression,Cleveland,VA Long Beach,LogisticRegression
148,14,fbs,-0.035673,0.035673,PAIRWISE_E9_CLEV_TO_VA L_LogisticRegression,Cleveland,VA Long Beach,LogisticRegression
148,14,restecg,0.00422,0.00422,PAIRWISE_E9_CLEV_TO_VA L_LogisticRegression,Cleveland,VA Long Beach,LogisticRegression
148,14,thalach,-0.062032,0.062032,PAIRWISE_E9_CLEV_TO_VA L_LogisticRegression,Cleveland,VA Long Beach,LogisticRegression
148,14,exang,0.166132,0.166132,PAIRWISE_E9_CLEV_TO_VA L_LogisticRegression,Cleveland,VA Long Beach,LogisticRegression
148,14,oldpeak,0.218734,0.218734,PAIRWISE_E9_CLEV_TO_VA L_LogisticRegression,Cleveland,VA Long Beach,LogisticRegression
148,14,slope,0.048579,0.048579,PAIRWISE_E9_CLEV_TO_VA L_LogisticRegression,Cleveland,VA Long Beach,LogisticRegression
65,15,age,0.077473,0.077473,PAIRWISE_E9_CLEV_TO_VA L_LogisticRegression,Cleveland,VA Long Beach,LogisticRegression
65,15,sex,0.296096,0.296096,PAIRWISE_E9_CLEV_TO_VA L_LogisticRegression,Cleveland,VA Long Beach,LogisticRegression
65,15,cp,-0.029179,0.029179,PAIRWISE_E9_CLEV_TO_VA L_LogisticRegression,Cleveland,VA Long Beach,LogisticRegression
65,15,trestbps,0.013839,0.013839,PAIRWISE_E9_CLEV_TO_VA L_LogisticRegression,Cleveland,VA Long Beach,LogisticRegression
65,15,fbs,0.036306,0.036306,PAIRWISE_E9_CLEV_TO_VA L_LogisticRegression,Cleveland,VA Long Beach,LogisticRegression
65,15,restecg,-0.041396,0.041396,PAIRWISE_E9_CLEV_TO_VA L_LogisticRegression,Cleveland,VA Long Beach,LogisticRegression
65,15,thalach,0.179436,0.179436,PAIRWISE_E9_CLEV_TO_VA L_LogisticRegression,Cleveland,VA Long Beach,LogisticRegression
65,15,exang,-0.175809,0.175809,PAIRWISE_E9_CLEV_TO_VA L_LogisticRegression,Cleveland,VA Long Beach,LogisticRegression
65,15,oldpeak,0.215376,0.215376,PAIRWISE_E9_CLEV_TO_VA L_LogisticRegression,Cleveland,VA Long Beach,LogisticRegression
65,15,slope,0.091295,0.091295,PAIRWISE_E9_CLEV_TO_VA L_LogisticRegression,Cleveland,VA Long Beach,LogisticRegression
170,16,age,-0.015983,0.015983,PAIRWISE_E9_CLEV_TO_VA L_LogisticRegression,Cleveland,VA Long Beach,LogisticRegression
170,16,sex,0.316932,0.316932,PAIRWISE_E9_CLEV_TO_VA L_LogisticRegression,Cleveland,VA Long Beach,LogisticRegression
170,16,cp,0.235571,0.235571,PAIRWISE_E9_CLEV_TO_VA L_LogisticRegression,Cleveland,VA Long Beach,LogisticRegression
170,16,trestbps,-0.025502,0.025502,PAIRWISE_E9_CLEV_TO_VA L_LogisticRegression,Cleveland,VA Long Beach,LogisticRegression
170,16,fbs,0.013048,0.013048,PAIRWISE_E9_CLEV_TO_VA L_LogisticRegression,Cleveland,VA Long Beach,LogisticRegression
170,16,restecg,-0.068043,0.068043,PAIRWISE_E9_CLEV_TO_VA L_LogisticRegression,Cleveland,VA Long Beach,LogisticRegression
170,16,thalach,0.155247,0.155247,PAIRWISE_E9_CLEV_TO_VA L_LogisticRegression,Cleveland,VA Long Beach,LogisticRegression
170,16,exang,0.180447,0.180447,PAIRWISE_E9_CLEV_TO_VA L_LogisticRegression,Cleveland,VA Long Beach,LogisticRegression
170,16,oldpeak,0.214747,0.214747,PAIRWISE_E9_CLEV_TO_VA L_LogisticRegression,Cleveland,VA Long Beach,LogisticRegression
170,16,slope,0.034256,0.034256,PAIRWISE_E9_CLEV_TO_VA L_LogisticRegression,Cleveland,VA Long Beach,LogisticRegression
168,17,age,0.075469,0.075469,PAIRWISE_E9_CLEV_TO_VA L_LogisticRegression,Cleveland,VA Long Beach,LogisticRegression
168,17,sex,0.316358,0.316358,PAIRWISE_E9_CLEV_TO_VA L_LogisticRegression,Cleveland,VA Long Beach,LogisticRegression
168,17,cp,0.228021,0.228021,PAIRWISE_E9_CLEV_TO_VA L_LogisticRegression,Cleveland,VA Long Beach,LogisticRegression
168,17,trestbps,-0.028638,0.028638,PAIRWISE_E9_CLEV_TO_VA L_LogisticRegression,Cleveland,VA Long Beach,LogisticRegression
168,17,fbs,-0.004596,0.004596,PAIRWISE_E9_CLEV_TO_VA L_LogisticRegression,Cleveland,VA Long Beach,LogisticRegression
168,17,restecg,0.004778,0.004778,PAIRWISE_E9_CLEV_TO_VA L_LogisticRegression,Cleveland,VA Long Beach,LogisticRegression
168,17,thalach,0.140997,0.140997,PAIRWISE_E9_CLEV_TO_VA L_LogisticRegression,Cleveland,VA Long Beach,LogisticRegression
168,17,exang,0.182285,0.182285,PAIRWISE_E9_CLEV_TO_VA L_LogisticRegression,Cleveland,VA Long Beach,LogisticRegression
168,17,oldpeak,0.010575,0.010575,PAIRWISE_E9_CLEV_TO_VA L_LogisticRegression,Cleveland,VA Long Beach,LogisticRegression
168,17,slope,0.039342,0.039342,PAIRWISE_E9_CLEV_TO_VA L_LogisticRegression,Cleveland,VA Long Beach,LogisticRegression
6,18,age,0.05994,0.05994,PAIRWISE_E9_CLEV_TO_VA L_LogisticRegression,Cleveland,VA Long Beach,LogisticRegression
6,18,sex,0.300761,0.300761,PAIRWISE_E9_CLEV_TO_VA L_LogisticRegression,Cleveland,VA Long Beach,LogisticRegression
6,18,cp,0.229392,0.229392,PAIRWISE_E9_CLEV_TO_VA L_LogisticRegression,Cleveland,VA Long Beach,LogisticRegression
6,18,trestbps,0.109707,0.109707,PAIRWISE_E9_CLEV_TO_VA L_LogisticRegression,Cleveland,VA Long Beach,LogisticRegression
6,18,fbs,-0.041481,0.041481,PAIRWISE_E9_CLEV_TO_VA L_LogisticRegression,Cleveland,VA Long Beach,LogisticRegression
6,18,restecg,0.034496,0.034496,PAIRWISE_E9_CLEV_TO_VA L_LogisticRegression,Cleveland,VA Long Beach,LogisticRegression
6,18,thalach,0.15203,0.15203,PAIRWISE_E9_CLEV_TO_VA L_LogisticRegression,Cleveland,VA Long Beach,LogisticRegression
6,18,exang,0.17786,0.17786,PAIRWISE_E9_CLEV_TO_VA L_LogisticRegression,Cleveland,VA Long Beach,LogisticRegression
6,18,oldpeak,-0.124084,0.124084,PAIRWISE_E9_CLEV_TO_VA L_LogisticRegression,Cleveland,VA Long Beach,LogisticRegression
6,18,slope,0.057648,0.057648,PAIRWISE_E9_CLEV_TO_VA L_LogisticRegression,Cleveland,VA Long Beach,LogisticRegression
73,19,age,0.011174,0.011174,PAIRWISE_E9_CLEV_TO_VA L_LogisticRegression,Cleveland,VA Long Beach,LogisticRegression
73,19,sex,0.324378,0.324378,PAIRWISE_E9_CLEV_TO_VA L_LogisticRegression,Cleveland,VA Long Beach,LogisticRegression
73,19,cp,0.223005,0.223005,PAIRWISE_E9_CLEV_TO_VA L_LogisticRegression,Cleveland,VA Long Beach,LogisticRegression
73,19,trestbps,0.017023,0.017023,PAIRWISE_E9_CLEV_TO_VA L_LogisticRegression,Cleveland,VA Long Beach,LogisticRegression
73,19,fbs,0.041798,0.041798,PAIRWISE_E9_CLEV_TO_VA L_LogisticRegression,Cleveland,VA Long Beach,LogisticRegression
73,19,restecg,-0.072911,0.072911,PAIRWISE_E9_CLEV_TO_VA L_LogisticRegression,Cleveland,VA Long Beach,LogisticRegression
73,19,thalach,0.012664,0.012664,PAIRWISE_E9_CLEV_TO_VA L_LogisticRegression,Cleveland,VA Long Beach,LogisticRegression
73,19,exang,0.157606,0.157606,PAIRWISE_E9_CLEV_TO_VA L_LogisticRegression,Cleveland,VA Long Beach,LogisticRegression
73,19,oldpeak,0.219926,0.219926,PAIRWISE_E9_CLEV_TO_VA L_LogisticRegression,Cleveland,VA Long Beach,LogisticRegression
73,19,slope,0.037992,0.037992,PAIRWISE_E9_CLEV_TO_VA L_LogisticRegression,Cleveland,VA Long Beach,LogisticRegression
39,20,age,0.022515,0.022515,PAIRWISE_E9_CLEV_TO_VA L_LogisticRegression,Cleveland,VA Long Beach,LogisticRegression
39,20,sex,0.307761,0.307761,PAIRWISE_E9_CLEV_TO_VA L_LogisticRegression,Cleveland,VA Long Beach,LogisticRegression
39,20,cp,0.222876,0.222876,PAIRWISE_E9_CLEV_TO_VA L_LogisticRegression,Cleveland,VA Long Beach,LogisticRegression
39,20,trestbps,0.119309,0.119309,PAIRWISE_E9_CLEV_TO_VA L_LogisticRegression,Cleveland,VA Long Beach,LogisticRegression
39,20,fbs,0.040908,0.040908,PAIRWISE_E9_CLEV_TO_VA L_LogisticRegression,Cleveland,VA Long Beach,LogisticRegression
39,20,restecg,0.010222,0.010222,PAIRWISE_E9_CLEV_TO_VA L_LogisticRegression,Cleveland,VA Long Beach,LogisticRegression
39,20,thalach,0.160643,0.160643,PAIRWISE_E9_CLEV_TO_VA L_LogisticRegression,Cleveland,VA Long Beach,LogisticRegression
39,20,exang,0.183671,0.183671,PAIRWISE_E9_CLEV_TO_VA L_LogisticRegression,Cleveland,VA Long Beach,LogisticRegression
39,20,oldpeak,0.011818,0.011818,PAIRWISE_E9_CLEV_TO_VA L_LogisticRegression,Cleveland,VA Long Beach,LogisticRegression
39,20,slope,0.049351,0.049351,PAIRWISE_E9_CLEV_TO_VA L_LogisticRegression,Cleveland,VA Long Beach,LogisticRegression
63,21,age,-0.030654,0.030654,PAIRWISE_E9_CLEV_TO_VA L_LogisticRegression,Cleveland,VA Long Beach,LogisticRegression
63,21,sex,0.309647,0.309647,PAIRWISE_E9_CLEV_TO_VA L_LogisticRegression,Cleveland,VA Long Beach,LogisticRegression
63,21,cp,-0.035288,0.035288,PAIRWISE_E9_CLEV_TO_VA L_LogisticRegression,Cleveland,VA Long Beach,LogisticRegression
63,21,trestbps,0.088368,0.088368,PAIRWISE_E9_CLEV_TO_VA L_LogisticRegression,Cleveland,VA Long Beach,LogisticRegression
63,21,fbs,0.05316,0.05316,PAIRWISE_E9_CLEV_TO_VA L_LogisticRegression,Cleveland,VA Long Beach,LogisticRegression
63,21,restecg,0.085237,0.085237,PAIRWISE_E9_CLEV_TO_VA L_LogisticRegression,Cleveland,VA Long Beach,LogisticRegression
63,21,thalach,0.144347,0.144347,PAIRWISE_E9_CLEV_TO_VA L_LogisticRegression,Cleveland,VA Long Beach,LogisticRegression
63,21,exang,0.192105,0.192105,PAIRWISE_E9_CLEV_TO_VA L_LogisticRegression,Cleveland,VA Long Beach,LogisticRegression
63,21,oldpeak,0.191285,0.191285,PAIRWISE_E9_CLEV_TO_VA L_LogisticRegression,Cleveland,VA Long Beach,LogisticRegression
63,21,slope,0.038042,0.038042,PAIRWISE_E9_CLEV_TO_VA L_LogisticRegression,Cleveland,VA Long Beach,LogisticRegression
119,22,age,-0.003113,0.003113,PAIRWISE_E9_CLEV_TO_VA L_LogisticRegression,Cleveland,VA Long Beach,LogisticRegression
119,22,sex,0.307514,0.307514,PAIRWISE_E9_CLEV_TO_VA L_LogisticRegression,Cleveland,VA Long Beach,LogisticRegression
119,22,cp,0.209972,0.209972,PAIRWISE_E9_CLEV_TO_VA L_LogisticRegression,Cleveland,VA Long Beach,LogisticRegression
119,22,trestbps,0.016546,0.016546,PAIRWISE_E9_CLEV_TO_VA L_LogisticRegression,Cleveland,VA Long Beach,LogisticRegression
119,22,fbs,0.042876,0.042876,PAIRWISE_E9_CLEV_TO_VA L_LogisticRegression,Cleveland,VA Long Beach,LogisticRegression
119,22,restecg,0.08671,0.08671,PAIRWISE_E9_CLEV_TO_VA L_LogisticRegression,Cleveland,VA Long Beach,LogisticRegression
119,22,thalach,0.164076,0.164076,PAIRWISE_E9_CLEV_TO_VA L_LogisticRegression,Cleveland,VA Long Beach,LogisticRegression
119,22,exang,0.173449,0.173449,PAIRWISE_E9_CLEV_TO_VA L_LogisticRegression,Cleveland,VA Long Beach,LogisticRegression
119,22,oldpeak,0.1995,0.1995,PAIRWISE_E9_CLEV_TO_VA L_LogisticRegression,Cleveland,VA Long Beach,LogisticRegression
119,22,slope,0.035872,0.035872,PAIRWISE_E9_CLEV_TO_VA L_LogisticRegression,Cleveland,VA Long Beach,LogisticRegression
90,23,age,0.078818,0.078818,PAIRWISE_E9_CLEV_TO_VA L_LogisticRegression,Cleveland,VA Long Beach,LogisticRegression
90,23,sex,0.297079,0.297079,PAIRWISE_E9_CLEV_TO_VA L_LogisticRegression,Cleveland,VA Long Beach,LogisticRegression
90,23,cp,0.21773,0.21773,PAIRWISE_E9_CLEV_TO_VA L_LogisticRegression,Cleveland,VA Long Beach,LogisticRegression
90,23,trestbps,0.035201,0.035201,PAIRWISE_E9_CLEV_TO_VA L_LogisticRegression,Cleveland,VA Long Beach,LogisticRegression
90,23,fbs,0.018069,0.018069,PAIRWISE_E9_CLEV_TO_VA L_LogisticRegression,Cleveland,VA Long Beach,LogisticRegression
90,23,restecg,-0.087482,0.087482,PAIRWISE_E9_CLEV_TO_VA L_LogisticRegression,Cleveland,VA Long Beach,LogisticRegression
90,23,thalach,0.157546,0.157546,PAIRWISE_E9_CLEV_TO_VA L_LogisticRegression,Cleveland,VA Long Beach,LogisticRegression
90,23,exang,0.176472,0.176472,PAIRWISE_E9_CLEV_TO_VA L_LogisticRegression,Cleveland,VA Long Beach,LogisticRegression
90,23,oldpeak,0.215584,0.215584,PAIRWISE_E9_CLEV_TO_VA L_LogisticRegression,Cleveland,VA Long Beach,LogisticRegression
90,23,slope,0.030804,0.030804,PAIRWISE_E9_CLEV_TO_VA L_LogisticRegression,Cleveland,VA Long Beach,LogisticRegression
16,24,age,0.068296,0.068296,PAIRWISE_E9_CLEV_TO_VA L_LogisticRegression,Cleveland,VA Long Beach,LogisticRegression
16,24,sex,0.295663,0.295663,PAIRWISE_E9_CLEV_TO_VA L_LogisticRegression,Cleveland,VA Long Beach,LogisticRegression
16,24,cp,0.227453,0.227453,PAIRWISE_E9_CLEV_TO_VA L_LogisticRegression,Cleveland,VA Long Beach,LogisticRegression
16,24,trestbps,0.101547,0.101547,PAIRWISE_E9_CLEV_TO_VA L_LogisticRegression,Cleveland,VA Long Beach,LogisticRegression
16,24,fbs,0.048065,0.048065,PAIRWISE_E9_CLEV_TO_VA L_LogisticRegression,Cleveland,VA Long Beach,LogisticRegression
16,24,restecg,-0.075208,0.075208,PAIRWISE_E9_CLEV_TO_VA L_LogisticRegression,Cleveland,VA Long Beach,LogisticRegression
16,24,thalach,0.158245,0.158245,PAIRWISE_E9_CLEV_TO_VA L_LogisticRegression,Cleveland,VA Long Beach,LogisticRegression
16,24,exang,0.179428,0.179428,PAIRWISE_E9_CLEV_TO_VA L_LogisticRegression,Cleveland,VA Long Beach,LogisticRegression
16,24,oldpeak,0.216023,0.216023,PAIRWISE_E9_CLEV_TO_VA L_LogisticRegression,Cleveland,VA Long Beach,LogisticRegression
16,24,slope,0.088894,0.088894,PAIRWISE_E9_CLEV_TO_VA L_LogisticRegression,Cleveland,VA Long Beach,LogisticRegression
130,0,age,-0.055526,0.055526,PAIRWISE_E10_CLEV_TO_VA L_RandomForest,Cleveland,VA Long Beach,RandomForest
130,0,sex,0.133393,0.133393,PAIRWISE_E10_CLEV_TO_VA L_RandomForest,Cleveland,VA Long Beach,RandomForest
130,0,cp,-0.16717,0.16717,PAIRWISE_E10_CLEV_TO_VA L_RandomForest,Cleveland,VA Long Beach,RandomForest
130,0,trestbps,-0.007837,0.007837,PAIRWISE_E10_CLEV_TO_VA L_RandomForest,Cleveland,VA Long Beach,RandomForest
130,0,fbs,-0.001806,0.001806,PAIRWISE_E10_CLEV_TO_VA L_RandomForest,Cleveland,VA Long Beach,RandomForest
130,0,restecg,-0.001248,0.001248,PAIRWISE_E10_CLEV_TO_VA L_RandomForest,Cleveland,VA Long Beach,RandomForest
130,0,thalach,-0.045718,0.045718,PAIRWISE_E10_CLEV_TO_VA L_RandomForest,Cleveland,VA Long Beach,RandomForest
130,0,exang,-0.095748,0.095748,PAIRWISE_E10_CLEV_TO_VA L_RandomForest,Cleveland,VA Long Beach,RandomForest
130,0,oldpeak,-0.095898,0.095898,PAIRWISE_E10_CLEV_TO_VA L_RandomForest,Cleveland,VA Long Beach,RandomForest
130,0,slope,-0.083225,0.083225,PAIRWISE_E10_CLEV_TO_VA L_RandomForest,Cleveland,VA Long Beach,RandomForest
33,1,age,-0.048101,0.048101,PAIRWISE_E10_CLEV_TO_VA L_RandomForest,Cleveland,VA Long Beach,RandomForest
33,1,sex,0.126797,0.126797,PAIRWISE_E10_CLEV_TO_VA L_RandomForest,Cleveland,VA Long Beach,RandomForest
33,1,cp,-0.162081,0.162081,PAIRWISE_E10_CLEV_TO_VA L_RandomForest,Cleveland,VA Long Beach,RandomForest
33,1,trestbps,-0.01087,0.01087,PAIRWISE_E10_CLEV_TO_VA L_RandomForest,Cleveland,VA Long Beach,RandomForest
33,1,fbs,0.005772,0.005772,PAIRWISE_E10_CLEV_TO_VA L_RandomForest,Cleveland,VA Long Beach,RandomForest
33,1,restecg,-0.008732,0.008732,PAIRWISE_E10_CLEV_TO_VA L_RandomForest,Cleveland,VA Long Beach,RandomForest
33,1,thalach,-0.034132,0.034132,PAIRWISE_E10_CLEV_TO_VA L_RandomForest,Cleveland,VA Long Beach,RandomForest
33,1,exang,-0.110608,0.110608,PAIRWISE_E10_CLEV_TO_VA L_RandomForest,Cleveland,VA Long Beach,RandomForest
33,1,oldpeak,-0.007605,0.007605,PAIRWISE_E10_CLEV_TO_VA L_RandomForest,Cleveland,VA Long Beach,RandomForest
33,1,slope,0.075606,0.075606,PAIRWISE_E10_CLEV_TO_VA L_RandomForest,Cleveland,VA Long Beach,RandomForest
53,2,age,-0.037331,0.037331,PAIRWISE_E10_CLEV_TO_VA L_RandomForest,Cleveland,VA Long Beach,RandomForest
53,2,sex,0.126464,0.126464,PAIRWISE_E10_CLEV_TO_VA L_RandomForest,Cleveland,VA Long Beach,RandomForest
53,2,cp,-0.129319,0.129319,PAIRWISE_E10_CLEV_TO_VA L_RandomForest,Cleveland,VA Long Beach,RandomForest
53,2,trestbps,-0.014035,0.014035,PAIRWISE_E10_CLEV_TO_VA L_RandomForest,Cleveland,VA Long Beach,RandomForest
53,2,fbs,0.014638,0.014638,PAIRWISE_E10_CLEV_TO_VA L_RandomForest,Cleveland,VA Long Beach,RandomForest
53,2,restecg,-0.010207,0.010207,PAIRWISE_E10_CLEV_TO_VA L_RandomForest,Cleveland,VA Long Beach,RandomForest
53,2,thalach,-0.046854,0.046854,PAIRWISE_E10_CLEV_TO_VA L_RandomForest,Cleveland,VA Long Beach,RandomForest
53,2,exang,-0.094885,0.094885,PAIRWISE_E10_CLEV_TO_VA L_RandomForest,Cleveland,VA Long Beach,RandomForest
53,2,oldpeak,0.171019,0.171019,PAIRWISE_E10_CLEV_TO_VA L_RandomForest,Cleveland,VA Long Beach,RandomForest
53,2,slope,0.080086,0.080086,PAIRWISE_E10_CLEV_TO_VA L_RandomForest,Cleveland,VA Long Beach,RandomForest
174,3,age,0.037233,0.037233,PAIRWISE_E10_CLEV_TO_VA L_RandomForest,Cleveland,VA Long Beach,RandomForest
174,3,sex,0.121226,0.121226,PAIRWISE_E10_CLEV_TO_VA L_RandomForest,Cleveland,VA Long Beach,RandomForest
174,3,cp,-0.133672,0.133672,PAIRWISE_E10_CLEV_TO_VA L_RandomForest,Cleveland,VA Long Beach,RandomForest
174,3,trestbps,0.056503,0.056503,PAIRWISE_E10_CLEV_TO_VA L_RandomForest,Cleveland,VA Long Beach,RandomForest
174,3,fbs,-0.00601,0.00601,PAIRWISE_E10_CLEV_TO_VA L_RandomForest,Cleveland,VA Long Beach,RandomForest
174,3,restecg,-0.009913,0.009913,PAIRWISE_E10_CLEV_TO_VA L_RandomForest,Cleveland,VA Long Beach,RandomForest
174,3,thalach,0.027202,0.027202,PAIRWISE_E10_CLEV_TO_VA L_RandomForest,Cleveland,VA Long Beach,RandomForest
174,3,exang,-0.11855,0.11855,PAIRWISE_E10_CLEV_TO_VA L_RandomForest,Cleveland,VA Long Beach,RandomForest
174,3,oldpeak,0.013721,0.013721,PAIRWISE_E10_CLEV_TO_VA L_RandomForest,Cleveland,VA Long Beach,RandomForest
174,3,slope,0.064822,0.064822,PAIRWISE_E10_CLEV_TO_VA L_RandomForest,Cleveland,VA Long Beach,RandomForest
98,4,age,-0.045926,0.045926,PAIRWISE_E10_CLEV_TO_VA L_RandomForest,Cleveland,VA Long Beach,RandomForest
98,4,sex,0.123763,0.123763,PAIRWISE_E10_CLEV_TO_VA L_RandomForest,Cleveland,VA Long Beach,RandomForest
98,4,cp,0.209088,0.209088,PAIRWISE_E10_CLEV_TO_VA L_RandomForest,Cleveland,VA Long Beach,RandomForest
98,4,trestbps,-0.007541,0.007541,PAIRWISE_E10_CLEV_TO_VA L_RandomForest,Cleveland,VA Long Beach,RandomForest
98,4,fbs,0.003151,0.003151,PAIRWISE_E10_CLEV_TO_VA L_RandomForest,Cleveland,VA Long Beach,RandomForest
98,4,restecg,-0.025533,0.025533,PAIRWISE_E10_CLEV_TO_VA L_RandomForest,Cleveland,VA Long Beach,RandomForest
98,4,thalach,0.110982,0.110982,PAIRWISE_E10_CLEV_TO_VA L_RandomForest,Cleveland,VA Long Beach,RandomForest
98,4,exang,-0.108737,0.108737,PAIRWISE_E10_CLEV_TO_VA L_RandomForest,Cleveland,VA Long Beach,RandomForest
98,4,oldpeak,-0.085481,0.085481,PAIRWISE_E10_CLEV_TO_VA L_RandomForest,Cleveland,VA Long Beach,RandomForest
98,4,slope,-0.078861,0.078861,PAIRWISE_E10_CLEV_TO_VA L_RandomForest,Cleveland,VA Long Beach,RandomForest
136,5,age,0.038396,0.038396,PAIRWISE_E10_CLEV_TO_VA L_RandomForest,Cleveland,VA Long Beach,RandomForest
136,5,sex,0.133352,0.133352,PAIRWISE_E10_CLEV_TO_VA L_RandomForest,Cleveland,VA Long Beach,RandomForest
136,5,cp,-0.143299,0.143299,PAIRWISE_E10_CLEV_TO_VA L_RandomForest,Cleveland,VA Long Beach,RandomForest
136,5,trestbps,0.054217,0.054217,PAIRWISE_E10_CLEV_TO_VA L_RandomForest,Cleveland,VA Long Beach,RandomForest
136,5,fbs,-0.010986,0.010986,PAIRWISE_E10_CLEV_TO_VA L_RandomForest,Cleveland,VA Long Beach,RandomForest
136,5,restecg,-0.014074,0.014074,PAIRWISE_E10_CLEV_TO_VA L_RandomForest,Cleveland,VA Long Beach,RandomForest
136,5,thalach,0.119413,0.119413,PAIRWISE_E10_CLEV_TO_VA L_RandomForest,Cleveland,VA Long Beach,RandomForest
136,5,exang,-0.098709,0.098709,PAIRWISE_E10_CLEV_TO_VA L_RandomForest,Cleveland,VA Long Beach,RandomForest
136,5,oldpeak,0.179281,0.179281,PAIRWISE_E10_CLEV_TO_VA L_RandomForest,Cleveland,VA Long Beach,RandomForest
136,5,slope,0.077185,0.077185,PAIRWISE_E10_CLEV_TO_VA L_RandomForest,Cleveland,VA Long Beach,RandomForest
104,6,age,0.044217,0.044217,PAIRWISE_E10_CLEV_TO_VA L_RandomForest,Cleveland,VA Long Beach,RandomForest
104,6,sex,0.138261,0.138261,PAIRWISE_E10_CLEV_TO_VA L_RandomForest,Cleveland,VA Long Beach,RandomForest
104,6,cp,0.227668,0.227668,PAIRWISE_E10_CLEV_TO_VA L_RandomForest,Cleveland,VA Long Beach,RandomForest
104,6,trestbps,-0.01739,0.01739,PAIRWISE_E10_CLEV_TO_VA L_RandomForest,Cleveland,VA Long Beach,RandomForest
104,6,fbs,0.005786,0.005786,PAIRWISE_E10_CLEV_TO_VA L_RandomForest,Cleveland,VA Long Beach,RandomForest
104,6,restecg,-0.015115,0.015115,PAIRWISE_E10_CLEV_TO_VA L_RandomForest,Cleveland,VA Long Beach,RandomForest
104,6,thalach,0.09859,0.09859,PAIRWISE_E10_CLEV_TO_VA L_RandomForest,Cleveland,VA Long Beach,RandomForest
104,6,exang,-0.121802,0.121802,PAIRWISE_E10_CLEV_TO_VA L_RandomForest,Cleveland,VA Long Beach,RandomForest
104,6,oldpeak,-0.082061,0.082061,PAIRWISE_E10_CLEV_TO_VA L_RandomForest,Cleveland,VA Long Beach,RandomForest
104,6,slope,0.064507,0.064507,PAIRWISE_E10_CLEV_TO_VA L_RandomForest,Cleveland,VA Long Beach,RandomForest
193,7,age,-0.047144,0.047144,PAIRWISE_E10_CLEV_TO_VA L_RandomForest,Cleveland,VA Long Beach,RandomForest
193,7,sex,0.137076,0.137076,PAIRWISE_E10_CLEV_TO_VA L_RandomForest,Cleveland,VA Long Beach,RandomForest
193,7,cp,0.224847,0.224847,PAIRWISE_E10_CLEV_TO_VA L_RandomForest,Cleveland,VA Long Beach,RandomForest
193,7,trestbps,-0.017633,0.017633,PAIRWISE_E10_CLEV_TO_VA L_RandomForest,Cleveland,VA Long Beach,RandomForest
193,7,fbs,0.005384,0.005384,PAIRWISE_E10_CLEV_TO_VA L_RandomForest,Cleveland,VA Long Beach,RandomForest
193,7,restecg,-0.012189,0.012189,PAIRWISE_E10_CLEV_TO_VA L_RandomForest,Cleveland,VA Long Beach,RandomForest
193,7,thalach,0.115288,0.115288,PAIRWISE_E10_CLEV_TO_VA L_RandomForest,Cleveland,VA Long Beach,RandomForest
193,7,exang,-0.119455,0.119455,PAIRWISE_E10_CLEV_TO_VA L_RandomForest,Cleveland,VA Long Beach,RandomForest
193,7,oldpeak,-0.10659,0.10659,PAIRWISE_E10_CLEV_TO_VA L_RandomForest,Cleveland,VA Long Beach,RandomForest
193,7,slope,0.071813,0.071813,PAIRWISE_E10_CLEV_TO_VA L_RandomForest,Cleveland,VA Long Beach,RandomForest
112,8,age,-0.052478,0.052478,PAIRWISE_E10_CLEV_TO_VA L_RandomForest,Cleveland,VA Long Beach,RandomForest
112,8,sex,0.11685,0.11685,PAIRWISE_E10_CLEV_TO_VA L_RandomForest,Cleveland,VA Long Beach,RandomForest
112,8,cp,-0.146317,0.146317,PAIRWISE_E10_CLEV_TO_VA L_RandomForest,Cleveland,VA Long Beach,RandomForest
112,8,trestbps,-0.041343,0.041343,PAIRWISE_E10_CLEV_TO_VA L_RandomForest,Cleveland,VA Long Beach,RandomForest
112,8,fbs,0.003504,0.003504,PAIRWISE_E10_CLEV_TO_VA L_RandomForest,Cleveland,VA Long Beach,RandomForest
112,8,restecg,-0.022738,0.022738,PAIRWISE_E10_CLEV_TO_VA L_RandomForest,Cleveland,VA Long Beach,RandomForest
112,8,thalach,0.02815,0.02815,PAIRWISE_E10_CLEV_TO_VA L_RandomForest,Cleveland,VA Long Beach,RandomForest
112,8,exang,-0.114305,0.114305,PAIRWISE_E10_CLEV_TO_VA L_RandomForest,Cleveland,VA Long Beach,RandomForest
112,8,oldpeak,0.183766,0.183766,PAIRWISE_E10_CLEV_TO_VA L_RandomForest,Cleveland,VA Long Beach,RandomForest
112,8,slope,0.060884,0.060884,PAIRWISE_E10_CLEV_TO_VA L_RandomForest,Cleveland,VA Long Beach,RandomForest
15,9,age,0.031497,0.031497,PAIRWISE_E10_CLEV_TO_VA L_RandomForest,Cleveland,VA Long Beach,RandomForest
15,9,sex,0.136504,0.136504,PAIRWISE_E10_CLEV_TO_VA L_RandomForest,Cleveland,VA Long Beach,RandomForest
15,9,cp,0.224154,0.224154,PAIRWISE_E10_CLEV_TO_VA L_RandomForest,Cleveland,VA Long Beach,RandomForest
15,9,trestbps,-0.025953,0.025953,PAIRWISE_E10_CLEV_TO_VA L_RandomForest,Cleveland,VA Long Beach,RandomForest
15,9,fbs,-0.015021,0.015021,PAIRWISE_E10_CLEV_TO_VA L_RandomForest,Cleveland,VA Long Beach,RandomForest
15,9,restecg,-0.006004,0.006004,PAIRWISE_E10_CLEV_TO_VA L_RandomForest,Cleveland,VA Long Beach,RandomForest
15,9,thalach,0.122449,0.122449,PAIRWISE_E10_CLEV_TO_VA L_RandomForest,Cleveland,VA Long Beach,RandomForest
15,9,exang,-0.115212,0.115212,PAIRWISE_E10_CLEV_TO_VA L_RandomForest,Cleveland,VA Long Beach,RandomForest
15,9,oldpeak,-0.101469,0.101469,PAIRWISE_E10_CLEV_TO_VA L_RandomForest,Cleveland,VA Long Beach,RandomForest
15,9,slope,0.056245,0.056245,PAIRWISE_E10_CLEV_TO_VA L_RandomForest,Cleveland,VA Long Beach,RandomForest
26,10,age,-0.046812,0.046812,PAIRWISE_E10_CLEV_TO_VA L_RandomForest,Cleveland,VA Long Beach,RandomForest
26,10,sex,0.12122,0.12122,PAIRWISE_E10_CLEV_TO_VA L_RandomForest,Cleveland,VA Long Beach,RandomForest
26,10,cp,0.231312,0.231312,PAIRWISE_E10_CLEV_TO_VA L_RandomForest,Cleveland,VA Long Beach,RandomForest
26,10,trestbps,-0.013555,0.013555,PAIRWISE_E10_CLEV_TO_VA L_RandomForest,Cleveland,VA Long Beach,RandomForest
26,10,fbs,0.013263,0.013263,PAIRWISE_E10_CLEV_TO_VA L_RandomForest,Cleveland,VA Long Beach,RandomForest
26,10,restecg,0.009636,0.009636,PAIRWISE_E10_CLEV_TO_VA L_RandomForest,Cleveland,VA Long Beach,RandomForest
26,10,thalach,-0.050159,0.050159,PAIRWISE_E10_CLEV_TO_VA L_RandomForest,Cleveland,VA Long Beach,RandomForest
26,10,exang,0.09503,0.09503,PAIRWISE_E10_CLEV_TO_VA L_RandomForest,Cleveland,VA Long Beach,RandomForest
26,10,oldpeak,0.039607,0.039607,PAIRWISE_E10_CLEV_TO_VA L_RandomForest,Cleveland,VA Long Beach,RandomForest
26,10,slope,-0.065957,0.065957,PAIRWISE_E10_CLEV_TO_VA L_RandomForest,Cleveland,VA Long Beach,RandomForest
99,11,age,0.061654,0.061654,PAIRWISE_E10_CLEV_TO_VA L_RandomForest,Cleveland,VA Long Beach,RandomForest
99,11,sex,0.135012,0.135012,PAIRWISE_E10_CLEV_TO_VA L_RandomForest,Cleveland,VA Long Beach,RandomForest
99,11,cp,-0.144654,0.144654,PAIRWISE_E10_CLEV_TO_VA L_RandomForest,Cleveland,VA Long Beach,RandomForest
99,11,trestbps,-0.010606,0.010606,PAIRWISE_E10_CLEV_TO_VA L_RandomForest,Cleveland,VA Long Beach,RandomForest
99,11,fbs,0.013781,0.013781,PAIRWISE_E10_CLEV_TO_VA L_RandomForest,Cleveland,VA Long Beach,RandomForest
99,11,restecg,0.029947,0.029947,PAIRWISE_E10_CLEV_TO_VA L_RandomForest,Cleveland,VA Long Beach,RandomForest
99,11,thalach,-0.053541,0.053541,PAIRWISE_E10_CLEV_TO_VA L_RandomForest,Cleveland,VA Long Beach,RandomForest
99,11,exang,-0.112925,0.112925,PAIRWISE_E10_CLEV_TO_VA L_RandomForest,Cleveland,VA Long Beach,RandomForest
99,11,oldpeak,0.171175,0.171175,PAIRWISE_E10_CLEV_TO_VA L_RandomForest,Cleveland,VA Long Beach,RandomForest
99,11,slope,0.077925,0.077925,PAIRWISE_E10_CLEV_TO_VA L_RandomForest,Cleveland,VA Long Beach,RandomForest
38,12,age,0.051756,0.051756,PAIRWISE_E10_CLEV_TO_VA L_RandomForest,Cleveland,VA Long Beach,RandomForest
38,12,sex,0.134475,0.134475,PAIRWISE_E10_CLEV_TO_VA L_RandomForest,Cleveland,VA Long Beach,RandomForest
38,12,cp,0.220062,0.220062,PAIRWISE_E10_CLEV_TO_VA L_RandomForest,Cleveland,VA Long Beach,RandomForest
38,12,trestbps,0.000497,0.000497,PAIRWISE_E10_CLEV_TO_VA L_RandomForest,Cleveland,VA Long Beach,RandomForest
38,12,fbs,0.007703,0.007703,PAIRWISE_E10_CLEV_TO_VA L_RandomForest,Cleveland,VA Long Beach,RandomForest
38,12,restecg,-0.020213,0.020213,PAIRWISE_E10_CLEV_TO_VA L_RandomForest,Cleveland,VA Long Beach,RandomForest
38,12,thalach,0.032912,0.032912,PAIRWISE_E10_CLEV_TO_VA L_RandomForest,Cleveland,VA Long Beach,RandomForest
38,12,exang,-0.105228,0.105228,PAIRWISE_E10_CLEV_TO_VA L_RandomForest,Cleveland,VA Long Beach,RandomForest
38,12,oldpeak,0.030074,0.030074,PAIRWISE_E10_CLEV_TO_VA L_RandomForest,Cleveland,VA Long Beach,RandomForest
38,12,slope,0.0663,0.0663,PAIRWISE_E10_CLEV_TO_VA L_RandomForest,Cleveland,VA Long Beach,RandomForest
6,13,age,0.055961,0.055961,PAIRWISE_E10_CLEV_TO_VA L_RandomForest,Cleveland,VA Long Beach,RandomForest
6,13,sex,0.1255,0.1255,PAIRWISE_E10_CLEV_TO_VA L_RandomForest,Cleveland,VA Long Beach,RandomForest
6,13,cp,0.221513,0.221513,PAIRWISE_E10_CLEV_TO_VA L_RandomForest,Cleveland,VA Long Beach,RandomForest
6,13,trestbps,0.064471,0.064471,PAIRWISE_E10_CLEV_TO_VA L_RandomForest,Cleveland,VA Long Beach,RandomForest
6,13,fbs,-0.004982,0.004982,PAIRWISE_E10_CLEV_TO_VA L_RandomForest,Cleveland,VA Long Beach,RandomForest
6,13,restecg,-0.024385,0.024385,PAIRWISE_E10_CLEV_TO_VA L_RandomForest,Cleveland,VA Long Beach,RandomForest
6,13,thalach,0.120249,0.120249,PAIRWISE_E10_CLEV_TO_VA L_RandomForest,Cleveland,VA Long Beach,RandomForest
6,13,exang,0.096674,0.096674,PAIRWISE_E10_CLEV_TO_VA L_RandomForest,Cleveland,VA Long Beach,RandomForest
6,13,oldpeak,-0.111251,0.111251,PAIRWISE_E10_CLEV_TO_VA L_RandomForest,Cleveland,VA Long Beach,RandomForest
6,13,slope,0.081915,0.081915,PAIRWISE_E10_CLEV_TO_VA L_RandomForest,Cleveland,VA Long Beach,RandomForest
183,14,age,-0.066807,0.066807,PAIRWISE_E10_CLEV_TO_VA L_RandomForest,Cleveland,VA Long Beach,RandomForest
183,14,sex,0.121425,0.121425,PAIRWISE_E10_CLEV_TO_VA L_RandomForest,Cleveland,VA Long Beach,RandomForest
183,14,cp,0.22204,0.22204,PAIRWISE_E10_CLEV_TO_VA L_RandomForest,Cleveland,VA Long Beach,RandomForest
183,14,trestbps,-0.028144,0.028144,PAIRWISE_E10_CLEV_TO_VA L_RandomForest,Cleveland,VA Long Beach,RandomForest
183,14,fbs,0.005611,0.005611,PAIRWISE_E10_CLEV_TO_VA L_RandomForest,Cleveland,VA Long Beach,RandomForest
183,14,restecg,-0.020891,0.020891,PAIRWISE_E10_CLEV_TO_VA L_RandomForest,Cleveland,VA Long Beach,RandomForest
183,14,thalach,0.131246,0.131246,PAIRWISE_E10_CLEV_TO_VA L_RandomForest,Cleveland,VA Long Beach,RandomForest
183,14,exang,-0.086043,0.086043,PAIRWISE_E10_CLEV_TO_VA L_RandomForest,Cleveland,VA Long Beach,RandomForest
183,14,oldpeak,0.032638,0.032638,PAIRWISE_E10_CLEV_TO_VA L_RandomForest,Cleveland,VA Long Beach,RandomForest
183,14,slope,0.068835,0.068835,PAIRWISE_E10_CLEV_TO_VA L_RandomForest,Cleveland,VA Long Beach,RandomForest
106,15,age,-0.054144,0.054144,PAIRWISE_E10_CLEV_TO_VA L_RandomForest,Cleveland,VA Long Beach,RandomForest
106,15,sex,0.134801,0.134801,PAIRWISE_E10_CLEV_TO_VA L_RandomForest,Cleveland,VA Long Beach,RandomForest
106,15,cp,0.231235,0.231235,PAIRWISE_E10_CLEV_TO_VA L_RandomForest,Cleveland,VA Long Beach,RandomForest
106,15,trestbps,0.05217,0.05217,PAIRWISE_E10_CLEV_TO_VA L_RandomForest,Cleveland,VA Long Beach,RandomForest
106,15,fbs,0.001135,0.001135,PAIRWISE_E10_CLEV_TO_VA L_RandomForest,Cleveland,VA Long Beach,RandomForest
106,15,restecg,0.023844,0.023844,PAIRWISE_E10_CLEV_TO_VA L_RandomForest,Cleveland,VA Long Beach,RandomForest
106,15,thalach,0.121895,0.121895,PAIRWISE_E10_CLEV_TO_VA L_RandomForest,Cleveland,VA Long Beach,RandomForest
106,15,exang,0.102747,0.102747,PAIRWISE_E10_CLEV_TO_VA L_RandomForest,Cleveland,VA Long Beach,RandomForest
106,15,oldpeak,0.039079,0.039079,PAIRWISE_E10_CLEV_TO_VA L_RandomForest,Cleveland,VA Long Beach,RandomForest
106,15,slope,-0.072694,0.072694,PAIRWISE_E10_CLEV_TO_VA L_RandomForest,Cleveland,VA Long Beach,RandomForest
14,16,age,0.062363,0.062363,PAIRWISE_E10_CLEV_TO_VA L_RandomForest,Cleveland,VA Long Beach,RandomForest
14,16,sex,0.123258,0.123258,PAIRWISE_E10_CLEV_TO_VA L_RandomForest,Cleveland,VA Long Beach,RandomForest
14,16,cp,0.237856,0.237856,PAIRWISE_E10_CLEV_TO_VA L_RandomForest,Cleveland,VA Long Beach,RandomForest
14,16,trestbps,-0.001716,0.001716,PAIRWISE_E10_CLEV_TO_VA L_RandomForest,Cleveland,VA Long Beach,RandomForest
14,16,fbs,0.015028,0.015028,PAIRWISE_E10_CLEV_TO_VA L_RandomForest,Cleveland,VA Long Beach,RandomForest
14,16,restecg,-0.007947,0.007947,PAIRWISE_E10_CLEV_TO_VA L_RandomForest,Cleveland,VA Long Beach,RandomForest
14,16,thalach,0.037403,0.037403,PAIRWISE_E10_CLEV_TO_VA L_RandomForest,Cleveland,VA Long Beach,RandomForest
14,16,exang,0.113906,0.113906,PAIRWISE_E10_CLEV_TO_VA L_RandomForest,Cleveland,VA Long Beach,RandomForest
14,16,oldpeak,0.031161,0.031161,PAIRWISE_E10_CLEV_TO_VA L_RandomForest,Cleveland,VA Long Beach,RandomForest
14,16,slope,0.065246,0.065246,PAIRWISE_E10_CLEV_TO_VA L_RandomForest,Cleveland,VA Long Beach,RandomForest
61,17,age,0.061824,0.061824,PAIRWISE_E10_CLEV_TO_VA L_RandomForest,Cleveland,VA Long Beach,RandomForest
61,17,sex,0.134065,0.134065,PAIRWISE_E10_CLEV_TO_VA L_RandomForest,Cleveland,VA Long Beach,RandomForest
61,17,cp,0.225498,0.225498,PAIRWISE_E10_CLEV_TO_VA L_RandomForest,Cleveland,VA Long Beach,RandomForest
61,17,trestbps,-0.037551,0.037551,PAIRWISE_E10_CLEV_TO_VA L_RandomForest,Cleveland,VA Long Beach,RandomForest
61,17,fbs,0.005939,0.005939,PAIRWISE_E10_CLEV_TO_VA L_RandomForest,Cleveland,VA Long Beach,RandomForest
61,17,restecg,-0.018789,0.018789,PAIRWISE_E10_CLEV_TO_VA L_RandomForest,Cleveland,VA Long Beach,RandomForest
61,17,thalach,0.101625,0.101625,PAIRWISE_E10_CLEV_TO_VA L_RandomForest,Cleveland,VA Long Beach,RandomForest
61,17,exang,0.112277,0.112277,PAIRWISE_E10_CLEV_TO_VA L_RandomForest,Cleveland,VA Long Beach,RandomForest
61,17,oldpeak,0.177886,0.177886,PAIRWISE_E10_CLEV_TO_VA L_RandomForest,Cleveland,VA Long Beach,RandomForest
61,17,slope,0.039495,0.039495,PAIRWISE_E10_CLEV_TO_VA L_RandomForest,Cleveland,VA Long Beach,RandomForest
37,18,age,0.057831,0.057831,PAIRWISE_E10_CLEV_TO_VA L_RandomForest,Cleveland,VA Long Beach,RandomForest
37,18,sex,0.124006,0.124006,PAIRWISE_E10_CLEV_TO_VA L_RandomForest,Cleveland,VA Long Beach,RandomForest
37,18,cp,0.223123,0.223123,PAIRWISE_E10_CLEV_TO_VA L_RandomForest,Cleveland,VA Long Beach,RandomForest
37,18,trestbps,-0.021963,0.021963,PAIRWISE_E10_CLEV_TO_VA L_RandomForest,Cleveland,VA Long Beach,RandomForest
37,18,fbs,-0.010236,0.010236,PAIRWISE_E10_CLEV_TO_VA L_RandomForest,Cleveland,VA Long Beach,RandomForest
37,18,restecg,-0.003001,0.003001,PAIRWISE_E10_CLEV_TO_VA L_RandomForest,Cleveland,VA Long Beach,RandomForest
37,18,thalach,0.108864,0.108864,PAIRWISE_E10_CLEV_TO_VA L_RandomForest,Cleveland,VA Long Beach,RandomForest
37,18,exang,0.104124,0.104124,PAIRWISE_E10_CLEV_TO_VA L_RandomForest,Cleveland,VA Long Beach,RandomForest
37,18,oldpeak,0.186642,0.186642,PAIRWISE_E10_CLEV_TO_VA L_RandomForest,Cleveland,VA Long Beach,RandomForest
37,18,slope,-0.084723,0.084723,PAIRWISE_E10_CLEV_TO_VA L_RandomForest,Cleveland,VA Long Beach,RandomForest
84,19,age,0.032345,0.032345,PAIRWISE_E10_CLEV_TO_VA L_RandomForest,Cleveland,VA Long Beach,RandomForest
84,19,sex,0.127132,0.127132,PAIRWISE_E10_CLEV_TO_VA L_RandomForest,Cleveland,VA Long Beach,RandomForest
84,19,cp,0.229867,0.229867,PAIRWISE_E10_CLEV_TO_VA L_RandomForest,Cleveland,VA Long Beach,RandomForest
84,19,trestbps,-0.00636,0.00636,PAIRWISE_E10_CLEV_TO_VA L_RandomForest,Cleveland,VA Long Beach,RandomForest
84,19,fbs,0.008432,0.008432,PAIRWISE_E10_CLEV_TO_VA L_RandomForest,Cleveland,VA Long Beach,RandomForest
84,19,restecg,-0.022689,0.022689,PAIRWISE_E10_CLEV_TO_VA L_RandomForest,Cleveland,VA Long Beach,RandomForest
84,19,thalach,0.038648,0.038648,PAIRWISE_E10_CLEV_TO_VA L_RandomForest,Cleveland,VA Long Beach,RandomForest
84,19,exang,0.10836,0.10836,PAIRWISE_E10_CLEV_TO_VA L_RandomForest,Cleveland,VA Long Beach,RandomForest
84,19,oldpeak,0.179904,0.179904,PAIRWISE_E10_CLEV_TO_VA L_RandomForest,Cleveland,VA Long Beach,RandomForest
84,19,slope,0.036603,0.036603,PAIRWISE_E10_CLEV_TO_VA L_RandomForest,Cleveland,VA Long Beach,RandomForest
191,20,age,-0.048323,0.048323,PAIRWISE_E10_CLEV_TO_VA L_RandomForest,Cleveland,VA Long Beach,RandomForest
191,20,sex,0.137507,0.137507,PAIRWISE_E10_CLEV_TO_VA L_RandomForest,Cleveland,VA Long Beach,RandomForest
191,20,cp,0.223106,0.223106,PAIRWISE_E10_CLEV_TO_VA L_RandomForest,Cleveland,VA Long Beach,RandomForest
191,20,trestbps,0.061521,0.061521,PAIRWISE_E10_CLEV_TO_VA L_RandomForest,Cleveland,VA Long Beach,RandomForest
191,20,fbs,0.003852,0.003852,PAIRWISE_E10_CLEV_TO_VA L_RandomForest,Cleveland,VA Long Beach,RandomForest
191,20,restecg,0.020628,0.020628,PAIRWISE_E10_CLEV_TO_VA L_RandomForest,Cleveland,VA Long Beach,RandomForest
191,20,thalach,0.109317,0.109317,PAIRWISE_E10_CLEV_TO_VA L_RandomForest,Cleveland,VA Long Beach,RandomForest
191,20,exang,0.112573,0.112573,PAIRWISE_E10_CLEV_TO_VA L_RandomForest,Cleveland,VA Long Beach,RandomForest
191,20,oldpeak,0.014267,0.014267,PAIRWISE_E10_CLEV_TO_VA L_RandomForest,Cleveland,VA Long Beach,RandomForest
191,20,slope,0.074351,0.074351,PAIRWISE_E10_CLEV_TO_VA L_RandomForest,Cleveland,VA Long Beach,RandomForest
73,21,age,-0.058884,0.058884,PAIRWISE_E10_CLEV_TO_VA L_RandomForest,Cleveland,VA Long Beach,RandomForest
73,21,sex,0.124233,0.124233,PAIRWISE_E10_CLEV_TO_VA L_RandomForest,Cleveland,VA Long Beach,RandomForest
73,21,cp,0.226693,0.226693,PAIRWISE_E10_CLEV_TO_VA L_RandomForest,Cleveland,VA Long Beach,RandomForest
73,21,trestbps,-0.011251,0.011251,PAIRWISE_E10_CLEV_TO_VA L_RandomForest,Cleveland,VA Long Beach,RandomForest
73,21,fbs,-0.004795,0.004795,PAIRWISE_E10_CLEV_TO_VA L_RandomForest,Cleveland,VA Long Beach,RandomForest
73,21,restecg,-0.017601,0.017601,PAIRWISE_E10_CLEV_TO_VA L_RandomForest,Cleveland,VA Long Beach,RandomForest
73,21,thalach,0.03553,0.03553,PAIRWISE_E10_CLEV_TO_VA L_RandomForest,Cleveland,VA Long Beach,RandomForest
73,21,exang,0.118056,0.118056,PAIRWISE_E10_CLEV_TO_VA L_RandomForest,Cleveland,VA Long Beach,RandomForest
73,21,oldpeak,0.184443,0.184443,PAIRWISE_E10_CLEV_TO_VA L_RandomForest,Cleveland,VA Long Beach,RandomForest
73,21,slope,0.059457,0.059457,PAIRWISE_E10_CLEV_TO_VA L_RandomForest,Cleveland,VA Long Beach,RandomForest
190,22,age,0.032239,0.032239,PAIRWISE_E10_CLEV_TO_VA L_RandomForest,Cleveland,VA Long Beach,RandomForest
190,22,sex,0.141018,0.141018,PAIRWISE_E10_CLEV_TO_VA L_RandomForest,Cleveland,VA Long Beach,RandomForest
190,22,cp,0.217869,0.217869,PAIRWISE_E10_CLEV_TO_VA L_RandomForest,Cleveland,VA Long Beach,RandomForest
190,22,trestbps,0.047094,0.047094,PAIRWISE_E10_CLEV_TO_VA L_RandomForest,Cleveland,VA Long Beach,RandomForest
190,22,fbs,0.00837,0.00837,PAIRWISE_E10_CLEV_TO_VA L_RandomForest,Cleveland,VA Long Beach,RandomForest
190,22,restecg,0.000539,0.000539,PAIRWISE_E10_CLEV_TO_VA L_RandomForest,Cleveland,VA Long Beach,RandomForest
190,22,thalach,0.108218,0.108218,PAIRWISE_E10_CLEV_TO_VA L_RandomForest,Cleveland,VA Long Beach,RandomForest
190,22,exang,0.114344,0.114344,PAIRWISE_E10_CLEV_TO_VA L_RandomForest,Cleveland,VA Long Beach,RandomForest
190,22,oldpeak,0.173218,0.173218,PAIRWISE_E10_CLEV_TO_VA L_RandomForest,Cleveland,VA Long Beach,RandomForest
190,22,slope,0.07262,0.07262,PAIRWISE_E10_CLEV_TO_VA L_RandomForest,Cleveland,VA Long Beach,RandomForest
162,23,age,0.063219,0.063219,PAIRWISE_E10_CLEV_TO_VA L_RandomForest,Cleveland,VA Long Beach,RandomForest
162,23,sex,0.128743,0.128743,PAIRWISE_E10_CLEV_TO_VA L_RandomForest,Cleveland,VA Long Beach,RandomForest
162,23,cp,0.220815,0.220815,PAIRWISE_E10_CLEV_TO_VA L_RandomForest,Cleveland,VA Long Beach,RandomForest
162,23,trestbps,0.050921,0.050921,PAIRWISE_E10_CLEV_TO_VA L_RandomForest,Cleveland,VA Long Beach,RandomForest
162,23,fbs,-0.011363,0.011363,PAIRWISE_E10_CLEV_TO_VA L_RandomForest,Cleveland,VA Long Beach,RandomForest
162,23,restecg,0.019242,0.019242,PAIRWISE_E10_CLEV_TO_VA L_RandomForest,Cleveland,VA Long Beach,RandomForest
162,23,thalach,0.114291,0.114291,PAIRWISE_E10_CLEV_TO_VA L_RandomForest,Cleveland,VA Long Beach,RandomForest
162,23,exang,0.126983,0.126983,PAIRWISE_E10_CLEV_TO_VA L_RandomForest,Cleveland,VA Long Beach,RandomForest
162,23,oldpeak,0.157247,0.157247,PAIRWISE_E10_CLEV_TO_VA L_RandomForest,Cleveland,VA Long Beach,RandomForest
162,23,slope,0.010157,0.010157,PAIRWISE_E10_CLEV_TO_VA L_RandomForest,Cleveland,VA Long Beach,RandomForest
182,24,age,-0.037237,0.037237,PAIRWISE_E10_CLEV_TO_VA L_RandomForest,Cleveland,VA Long Beach,RandomForest
182,24,sex,0.122994,0.122994,PAIRWISE_E10_CLEV_TO_VA L_RandomForest,Cleveland,VA Long Beach,RandomForest
182,24,cp,0.228418,0.228418,PAIRWISE_E10_CLEV_TO_VA L_RandomForest,Cleveland,VA Long Beach,RandomForest
182,24,trestbps,-0.010784,0.010784,PAIRWISE_E10_CLEV_TO_VA L_RandomForest,Cleveland,VA Long Beach,RandomForest
182,24,fbs,0.009761,0.009761,PAIRWISE_E10_CLEV_TO_VA L_RandomForest,Cleveland,VA Long Beach,RandomForest
182,24,restecg,0.021399,0.021399,PAIRWISE_E10_CLEV_TO_VA L_RandomForest,Cleveland,VA Long Beach,RandomForest
182,24,thalach,0.12088,0.12088,PAIRWISE_E10_CLEV_TO_VA L_RandomForest,Cleveland,VA Long Beach,RandomForest
182,24,exang,0.119585,0.119585,PAIRWISE_E10_CLEV_TO_VA L_RandomForest,Cleveland,VA Long Beach,RandomForest
182,24,oldpeak,0.181889,0.181889,PAIRWISE_E10_CLEV_TO_VA L_RandomForest,Cleveland,VA Long Beach,RandomForest
182,24,slope,0.04138,0.04138,PAIRWISE_E10_CLEV_TO_VA L_RandomForest,Cleveland,VA Long Beach,RandomForest
51,0,age,0.055168,0.055168,PAIRWISE_E11_CLEV_TO_VA L_SVM,Cleveland,VA Long Beach,SVM
51,0,sex,-0.210623,0.210623,PAIRWISE_E11_CLEV_TO_VA L_SVM,Cleveland,VA Long Beach,SVM
51,0,cp,-0.166567,0.166567,PAIRWISE_E11_CLEV_TO_VA L_SVM,Cleveland,VA Long Beach,SVM
51,0,trestbps,0.012493,0.012493,PAIRWISE_E11_CLEV_TO_VA L_SVM,Cleveland,VA Long Beach,SVM
51,0,fbs,0.01986,0.01986,PAIRWISE_E11_CLEV_TO_VA L_SVM,Cleveland,VA Long Beach,SVM
51,0,restecg,-0.072469,0.072469,PAIRWISE_E11_CLEV_TO_VA L_SVM,Cleveland,VA Long Beach,SVM
51,0,thalach,-0.104149,0.104149,PAIRWISE_E11_CLEV_TO_VA L_SVM,Cleveland,VA Long Beach,SVM
51,0,exang,-0.116981,0.116981,PAIRWISE_E11_CLEV_TO_VA L_SVM,Cleveland,VA Long Beach,SVM
51,0,oldpeak,-0.098338,0.098338,PAIRWISE_E11_CLEV_TO_VA L_SVM,Cleveland,VA Long Beach,SVM
51,0,slope,-0.064636,0.064636,PAIRWISE_E11_CLEV_TO_VA L_SVM,Cleveland,VA Long Beach,SVM
9,1,age,0.04161,0.04161,PAIRWISE_E11_CLEV_TO_VA L_SVM,Cleveland,VA Long Beach,SVM
9,1,sex,0.185031,0.185031,PAIRWISE_E11_CLEV_TO_VA L_SVM,Cleveland,VA Long Beach,SVM
9,1,cp,-0.121659,0.121659,PAIRWISE_E11_CLEV_TO_VA L_SVM,Cleveland,VA Long Beach,SVM
9,1,trestbps,0.03935,0.03935,PAIRWISE_E11_CLEV_TO_VA L_SVM,Cleveland,VA Long Beach,SVM
9,1,fbs,-0.050745,0.050745,PAIRWISE_E11_CLEV_TO_VA L_SVM,Cleveland,VA Long Beach,SVM
9,1,restecg,0.024098,0.024098,PAIRWISE_E11_CLEV_TO_VA L_SVM,Cleveland,VA Long Beach,SVM
9,1,thalach,-0.051718,0.051718,PAIRWISE_E11_CLEV_TO_VA L_SVM,Cleveland,VA Long Beach,SVM
9,1,exang,-0.141431,0.141431,PAIRWISE_E11_CLEV_TO_VA L_SVM,Cleveland,VA Long Beach,SVM
9,1,oldpeak,-0.077234,0.077234,PAIRWISE_E11_CLEV_TO_VA L_SVM,Cleveland,VA Long Beach,SVM
9,1,slope,0.077013,0.077013,PAIRWISE_E11_CLEV_TO_VA L_SVM,Cleveland,VA Long Beach,SVM
77,2,age,0.000471,0.000471,PAIRWISE_E11_CLEV_TO_VA L_SVM,Cleveland,VA Long Beach,SVM
77,2,sex,0.223538,0.223538,PAIRWISE_E11_CLEV_TO_VA L_SVM,Cleveland,VA Long Beach,SVM
77,2,cp,-0.07355,0.07355,PAIRWISE_E11_CLEV_TO_VA L_SVM,Cleveland,VA Long Beach,SVM
77,2,trestbps,-0.040957,0.040957,PAIRWISE_E11_CLEV_TO_VA L_SVM,Cleveland,VA Long Beach,SVM
77,2,fbs,0.014602,0.014602,PAIRWISE_E11_CLEV_TO_VA L_SVM,Cleveland,VA Long Beach,SVM
77,2,restecg,-0.067127,0.067127,PAIRWISE_E11_CLEV_TO_VA L_SVM,Cleveland,VA Long Beach,SVM
77,2,thalach,0.006736,0.006736,PAIRWISE_E11_CLEV_TO_VA L_SVM,Cleveland,VA Long Beach,SVM
77,2,exang,-0.146284,0.146284,PAIRWISE_E11_CLEV_TO_VA L_SVM,Cleveland,VA Long Beach,SVM
77,2,oldpeak,-0.05193,0.05193,PAIRWISE_E11_CLEV_TO_VA L_SVM,Cleveland,VA Long Beach,SVM
77,2,slope,-0.068006,0.068006,PAIRWISE_E11_CLEV_TO_VA L_SVM,Cleveland,VA Long Beach,SVM
68,3,age,0.024722,0.024722,PAIRWISE_E11_CLEV_TO_VA L_SVM,Cleveland,VA Long Beach,SVM
68,3,sex,0.188994,0.188994,PAIRWISE_E11_CLEV_TO_VA L_SVM,Cleveland,VA Long Beach,SVM
68,3,cp,0.17771,0.17771,PAIRWISE_E11_CLEV_TO_VA L_SVM,Cleveland,VA Long Beach,SVM
68,3,trestbps,-0.028252,0.028252,PAIRWISE_E11_CLEV_TO_VA L_SVM,Cleveland,VA Long Beach,SVM
68,3,fbs,0.016437,0.016437,PAIRWISE_E11_CLEV_TO_VA L_SVM,Cleveland,VA Long Beach,SVM
68,3,restecg,-0.072301,0.072301,PAIRWISE_E11_CLEV_TO_VA L_SVM,Cleveland,VA Long Beach,SVM
68,3,thalach,-0.004868,0.004868,PAIRWISE_E11_CLEV_TO_VA L_SVM,Cleveland,VA Long Beach,SVM
68,3,exang,-0.1448,0.1448,PAIRWISE_E11_CLEV_TO_VA L_SVM,Cleveland,VA Long Beach,SVM
68,3,oldpeak,-0.068131,0.068131,PAIRWISE_E11_CLEV_TO_VA L_SVM,Cleveland,VA Long Beach,SVM
68,3,slope,-0.057219,0.057219,PAIRWISE_E11_CLEV_TO_VA L_SVM,Cleveland,VA Long Beach,SVM
58,4,age,0.063087,0.063087,PAIRWISE_E11_CLEV_TO_VA L_SVM,Cleveland,VA Long Beach,SVM
58,4,sex,0.168286,0.168286,PAIRWISE_E11_CLEV_TO_VA L_SVM,Cleveland,VA Long Beach,SVM
58,4,cp,-0.154472,0.154472,PAIRWISE_E11_CLEV_TO_VA L_SVM,Cleveland,VA Long Beach,SVM
58,4,trestbps,0.008006,0.008006,PAIRWISE_E11_CLEV_TO_VA L_SVM,Cleveland,VA Long Beach,SVM
58,4,fbs,0.026627,0.026627,PAIRWISE_E11_CLEV_TO_VA L_SVM,Cleveland,VA Long Beach,SVM
58,4,restecg,-0.061408,0.061408,PAIRWISE_E11_CLEV_TO_VA L_SVM,Cleveland,VA Long Beach,SVM
58,4,thalach,0.020205,0.020205,PAIRWISE_E11_CLEV_TO_VA L_SVM,Cleveland,VA Long Beach,SVM
58,4,exang,-0.157241,0.157241,PAIRWISE_E11_CLEV_TO_VA L_SVM,Cleveland,VA Long Beach,SVM
58,4,oldpeak,0.005273,0.005273,PAIRWISE_E11_CLEV_TO_VA L_SVM,Cleveland,VA Long Beach,SVM
58,4,slope,0.066017,0.066017,PAIRWISE_E11_CLEV_TO_VA L_SVM,Cleveland,VA Long Beach,SVM
60,5,age,-0.029141,0.029141,PAIRWISE_E11_CLEV_TO_VA L_SVM,Cleveland,VA Long Beach,SVM
60,5,sex,0.202138,0.202138,PAIRWISE_E11_CLEV_TO_VA L_SVM,Cleveland,VA Long Beach,SVM
60,5,cp,0.171332,0.171332,PAIRWISE_E11_CLEV_TO_VA L_SVM,Cleveland,VA Long Beach,SVM
60,5,trestbps,0.025395,0.025395,PAIRWISE_E11_CLEV_TO_VA L_SVM,Cleveland,VA Long Beach,SVM
60,5,fbs,0.00139,0.00139,PAIRWISE_E11_CLEV_TO_VA L_SVM,Cleveland,VA Long Beach,SVM
60,5,restecg,0.076433,0.076433,PAIRWISE_E11_CLEV_TO_VA L_SVM,Cleveland,VA Long Beach,SVM
60,5,thalach,-0.05496,0.05496,PAIRWISE_E11_CLEV_TO_VA L_SVM,Cleveland,VA Long Beach,SVM
60,5,exang,-0.150671,0.150671,PAIRWISE_E11_CLEV_TO_VA L_SVM,Cleveland,VA Long Beach,SVM
60,5,oldpeak,0.007876,0.007876,PAIRWISE_E11_CLEV_TO_VA L_SVM,Cleveland,VA Long Beach,SVM
60,5,slope,0.081439,0.081439,PAIRWISE_E11_CLEV_TO_VA L_SVM,Cleveland,VA Long Beach,SVM
120,6,age,0.040204,0.040204,PAIRWISE_E11_CLEV_TO_VA L_SVM,Cleveland,VA Long Beach,SVM
120,6,sex,0.201066,0.201066,PAIRWISE_E11_CLEV_TO_VA L_SVM,Cleveland,VA Long Beach,SVM
120,6,cp,-0.050206,0.050206,PAIRWISE_E11_CLEV_TO_VA L_SVM,Cleveland,VA Long Beach,SVM
120,6,trestbps,0.006204,0.006204,PAIRWISE_E11_CLEV_TO_VA L_SVM,Cleveland,VA Long Beach,SVM
120,6,fbs,-0.031172,0.031172,PAIRWISE_E11_CLEV_TO_VA L_SVM,Cleveland,VA Long Beach,SVM
120,6,restecg,0.005211,0.005211,PAIRWISE_E11_CLEV_TO_VA L_SVM,Cleveland,VA Long Beach,SVM
120,6,thalach,0.139468,0.139468,PAIRWISE_E11_CLEV_TO_VA L_SVM,Cleveland,VA Long Beach,SVM
120,6,exang,-0.159064,0.159064,PAIRWISE_E11_CLEV_TO_VA L_SVM,Cleveland,VA Long Beach,SVM
120,6,oldpeak,0.02816,0.02816,PAIRWISE_E11_CLEV_TO_VA L_SVM,Cleveland,VA Long Beach,SVM
120,6,slope,0.072575,0.072575,PAIRWISE_E11_CLEV_TO_VA L_SVM,Cleveland,VA Long Beach,SVM
92,7,age,0.05265,0.05265,PAIRWISE_E11_CLEV_TO_VA L_SVM,Cleveland,VA Long Beach,SVM
92,7,sex,0.19264,0.19264,PAIRWISE_E11_CLEV_TO_VA L_SVM,Cleveland,VA Long Beach,SVM
92,7,cp,0.167211,0.167211,PAIRWISE_E11_CLEV_TO_VA L_SVM,Cleveland,VA Long Beach,SVM
92,7,trestbps,-0.043121,0.043121,PAIRWISE_E11_CLEV_TO_VA L_SVM,Cleveland,VA Long Beach,SVM
92,7,fbs,-0.055724,0.055724,PAIRWISE_E11_CLEV_TO_VA L_SVM,Cleveland,VA Long Beach,SVM
92,7,restecg,-0.059328,0.059328,PAIRWISE_E11_CLEV_TO_VA L_SVM,Cleveland,VA Long Beach,SVM
92,7,thalach,0.006891,0.006891,PAIRWISE_E11_CLEV_TO_VA L_SVM,Cleveland,VA Long Beach,SVM
92,7,exang,-0.154161,0.154161,PAIRWISE_E11_CLEV_TO_VA L_SVM,Cleveland,VA Long Beach,SVM
92,7,oldpeak,-0.006281,0.006281,PAIRWISE_E11_CLEV_TO_VA L_SVM,Cleveland,VA Long Beach,SVM
92,7,slope,0.002658,0.002658,PAIRWISE_E11_CLEV_TO_VA L_SVM,Cleveland,VA Long Beach,SVM
54,8,age,-0.016552,0.016552,PAIRWISE_E11_CLEV_TO_VA L_SVM,Cleveland,VA Long Beach,SVM
54,8,sex,0.186025,0.186025,PAIRWISE_E11_CLEV_TO_VA L_SVM,Cleveland,VA Long Beach,SVM
54,8,cp,0.182557,0.182557,PAIRWISE_E11_CLEV_TO_VA L_SVM,Cleveland,VA Long Beach,SVM
54,8,trestbps,-0.005168,0.005168,PAIRWISE_E11_CLEV_TO_VA L_SVM,Cleveland,VA Long Beach,SVM
54,8,fbs,0.022468,0.022468,PAIRWISE_E11_CLEV_TO_VA L_SVM,Cleveland,VA Long Beach,SVM
54,8,restecg,-0.076118,0.076118,PAIRWISE_E11_CLEV_TO_VA L_SVM,Cleveland,VA Long Beach,SVM
54,8,thalach,0.152647,0.152647,PAIRWISE_E11_CLEV_TO_VA L_SVM,Cleveland,VA Long Beach,SVM
54,8,exang,-0.15419,0.15419,PAIRWISE_E11_CLEV_TO_VA L_SVM,Cleveland,VA Long Beach,SVM
54,8,oldpeak,-0.110419,0.110419,PAIRWISE_E11_CLEV_TO_VA L_SVM,Cleveland,VA Long Beach,SVM
54,8,slope,0.062735,0.062735,PAIRWISE_E11_CLEV_TO_VA L_SVM,Cleveland,VA Long Beach,SVM
103,9,age,0.024054,0.024054,PAIRWISE_E11_CLEV_TO_VA L_SVM,Cleveland,VA Long Beach,SVM
103,9,sex,0.203391,0.203391,PAIRWISE_E11_CLEV_TO_VA L_SVM,Cleveland,VA Long Beach,SVM
103,9,cp,0.17602,0.17602,PAIRWISE_E11_CLEV_TO_VA L_SVM,Cleveland,VA Long Beach,SVM
103,9,trestbps,-0.019195,0.019195,PAIRWISE_E11_CLEV_TO_VA L_SVM,Cleveland,VA Long Beach,SVM
103,9,fbs,0.018269,0.018269,PAIRWISE_E11_CLEV_TO_VA L_SVM,Cleveland,VA Long Beach,SVM
103,9,restecg,-0.031371,0.031371,PAIRWISE_E11_CLEV_TO_VA L_SVM,Cleveland,VA Long Beach,SVM
103,9,thalach,0.163072,0.163072,PAIRWISE_E11_CLEV_TO_VA L_SVM,Cleveland,VA Long Beach,SVM
103,9,exang,0.136204,0.136204,PAIRWISE_E11_CLEV_TO_VA L_SVM,Cleveland,VA Long Beach,SVM
103,9,oldpeak,-0.002049,0.002049,PAIRWISE_E11_CLEV_TO_VA L_SVM,Cleveland,VA Long Beach,SVM
103,9,slope,-0.074988,0.074988,PAIRWISE_E11_CLEV_TO_VA L_SVM,Cleveland,VA Long Beach,SVM
22,10,age,0.050356,0.050356,PAIRWISE_E11_CLEV_TO_VA L_SVM,Cleveland,VA Long Beach,SVM
22,10,sex,0.172123,0.172123,PAIRWISE_E11_CLEV_TO_VA L_SVM,Cleveland,VA Long Beach,SVM
22,10,cp,-0.059873,0.059873,PAIRWISE_E11_CLEV_TO_VA L_SVM,Cleveland,VA Long Beach,SVM
22,10,trestbps,-0.009858,0.009858,PAIRWISE_E11_CLEV_TO_VA L_SVM,Cleveland,VA Long Beach,SVM
22,10,fbs,-0.000382,0.000382,PAIRWISE_E11_CLEV_TO_VA L_SVM,Cleveland,VA Long Beach,SVM
22,10,restecg,0.060281,0.060281,PAIRWISE_E11_CLEV_TO_VA L_SVM,Cleveland,VA Long Beach,SVM
22,10,thalach,0.143775,0.143775,PAIRWISE_E11_CLEV_TO_VA L_SVM,Cleveland,VA Long Beach,SVM
22,10,exang,0.132286,0.132286,PAIRWISE_E11_CLEV_TO_VA L_SVM,Cleveland,VA Long Beach,SVM
22,10,oldpeak,-0.124485,0.124485,PAIRWISE_E11_CLEV_TO_VA L_SVM,Cleveland,VA Long Beach,SVM
22,10,slope,0.058918,0.058918,PAIRWISE_E11_CLEV_TO_VA L_SVM,Cleveland,VA Long Beach,SVM
166,11,age,0.048565,0.048565,PAIRWISE_E11_CLEV_TO_VA L_SVM,Cleveland,VA Long Beach,SVM
166,11,sex,0.21185,0.21185,PAIRWISE_E11_CLEV_TO_VA L_SVM,Cleveland,VA Long Beach,SVM
166,11,cp,0.17897,0.17897,PAIRWISE_E11_CLEV_TO_VA L_SVM,Cleveland,VA Long Beach,SVM
166,11,trestbps,-0.001508,0.001508,PAIRWISE_E11_CLEV_TO_VA L_SVM,Cleveland,VA Long Beach,SVM
166,11,fbs,0.013493,0.013493,PAIRWISE_E11_CLEV_TO_VA L_SVM,Cleveland,VA Long Beach,SVM
166,11,restecg,0.065222,0.065222,PAIRWISE_E11_CLEV_TO_VA L_SVM,Cleveland,VA Long Beach,SVM
166,11,thalach,0.146359,0.146359,PAIRWISE_E11_CLEV_TO_VA L_SVM,Cleveland,VA Long Beach,SVM
166,11,exang,0.135183,0.135183,PAIRWISE_E11_CLEV_TO_VA L_SVM,Cleveland,VA Long Beach,SVM
166,11,oldpeak,-0.111613,0.111613,PAIRWISE_E11_CLEV_TO_VA L_SVM,Cleveland,VA Long Beach,SVM
166,11,slope,0.055706,0.055706,PAIRWISE_E11_CLEV_TO_VA L_SVM,Cleveland,VA Long Beach,SVM
157,12,age,0.060268,0.060268,PAIRWISE_E11_CLEV_TO_VA L_SVM,Cleveland,VA Long Beach,SVM
157,12,sex,0.221506,0.221506,PAIRWISE_E11_CLEV_TO_VA L_SVM,Cleveland,VA Long Beach,SVM
157,12,cp,0.175208,0.175208,PAIRWISE_E11_CLEV_TO_VA L_SVM,Cleveland,VA Long Beach,SVM
157,12,trestbps,0.033388,0.033388,PAIRWISE_E11_CLEV_TO_VA L_SVM,Cleveland,VA Long Beach,SVM
157,12,fbs,-0.014702,0.014702,PAIRWISE_E11_CLEV_TO_VA L_SVM,Cleveland,VA Long Beach,SVM
157,12,restecg,0.067411,0.067411,PAIRWISE_E11_CLEV_TO_VA L_SVM,Cleveland,VA Long Beach,SVM
157,12,thalach,0.148248,0.148248,PAIRWISE_E11_CLEV_TO_VA L_SVM,Cleveland,VA Long Beach,SVM
157,12,exang,-0.131384,0.131384,PAIRWISE_E11_CLEV_TO_VA L_SVM,Cleveland,VA Long Beach,SVM
157,12,oldpeak,0.011553,0.011553,PAIRWISE_E11_CLEV_TO_VA L_SVM,Cleveland,VA Long Beach,SVM
157,12,slope,0.069475,0.069475,PAIRWISE_E11_CLEV_TO_VA L_SVM,Cleveland,VA Long Beach,SVM
34,13,age,-0.02204,0.02204,PAIRWISE_E11_CLEV_TO_VA L_SVM,Cleveland,VA Long Beach,SVM
34,13,sex,0.187954,0.187954,PAIRWISE_E11_CLEV_TO_VA L_SVM,Cleveland,VA Long Beach,SVM
34,13,cp,-0.057557,0.057557,PAIRWISE_E11_CLEV_TO_VA L_SVM,Cleveland,VA Long Beach,SVM
34,13,trestbps,-0.018835,0.018835,PAIRWISE_E11_CLEV_TO_VA L_SVM,Cleveland,VA Long Beach,SVM
34,13,fbs,0.024246,0.024246,PAIRWISE_E11_CLEV_TO_VA L_SVM,Cleveland,VA Long Beach,SVM
34,13,restecg,-0.070702,0.070702,PAIRWISE_E11_CLEV_TO_VA L_SVM,Cleveland,VA Long Beach,SVM
34,13,thalach,0.160792,0.160792,PAIRWISE_E11_CLEV_TO_VA L_SVM,Cleveland,VA Long Beach,SVM
34,13,exang,0.139224,0.139224,PAIRWISE_E11_CLEV_TO_VA L_SVM,Cleveland,VA Long Beach,SVM
34,13,oldpeak,0.187967,0.187967,PAIRWISE_E11_CLEV_TO_VA L_SVM,Cleveland,VA Long Beach,SVM
34,13,slope,-0.010709,0.010709,PAIRWISE_E11_CLEV_TO_VA L_SVM,Cleveland,VA Long Beach,SVM
178,14,age,0.010392,0.010392,PAIRWISE_E11_CLEV_TO_VA L_SVM,Cleveland,VA Long Beach,SVM
178,14,sex,0.192817,0.192817,PAIRWISE_E11_CLEV_TO_VA L_SVM,Cleveland,VA Long Beach,SVM
178,14,cp,0.182124,0.182124,PAIRWISE_E11_CLEV_TO_VA L_SVM,Cleveland,VA Long Beach,SVM
178,14,trestbps,0.037621,0.037621,PAIRWISE_E11_CLEV_TO_VA L_SVM,Cleveland,VA Long Beach,SVM
178,14,fbs,-0.01691,0.01691,PAIRWISE_E11_CLEV_TO_VA L_SVM,Cleveland,VA Long Beach,SVM
178,14,restecg,0.063809,0.063809,PAIRWISE_E11_CLEV_TO_VA L_SVM,Cleveland,VA Long Beach,SVM
178,14,thalach,0.173728,0.173728,PAIRWISE_E11_CLEV_TO_VA L_SVM,Cleveland,VA Long Beach,SVM
178,14,exang,0.105682,0.105682,PAIRWISE_E11_CLEV_TO_VA L_SVM,Cleveland,VA Long Beach,SVM
178,14,oldpeak,0.027229,0.027229,PAIRWISE_E11_CLEV_TO_VA L_SVM,Cleveland,VA Long Beach,SVM
178,14,slope,-0.076836,0.076836,PAIRWISE_E11_CLEV_TO_VA L_SVM,Cleveland,VA Long Beach,SVM
185,15,age,0.028809,0.028809,PAIRWISE_E11_CLEV_TO_VA L_SVM,Cleveland,VA Long Beach,SVM
185,15,sex,0.172792,0.172792,PAIRWISE_E11_CLEV_TO_VA L_SVM,Cleveland,VA Long Beach,SVM
185,15,cp,-0.045419,0.045419,PAIRWISE_E11_CLEV_TO_VA L_SVM,Cleveland,VA Long Beach,SVM
185,15,trestbps,0.018616,0.018616,PAIRWISE_E11_CLEV_TO_VA L_SVM,Cleveland,VA Long Beach,SVM
185,15,fbs,-0.00102,0.00102,PAIRWISE_E11_CLEV_TO_VA L_SVM,Cleveland,VA Long Beach,SVM
185,15,restecg,-0.035252,0.035252,PAIRWISE_E11_CLEV_TO_VA L_SVM,Cleveland,VA Long Beach,SVM
185,15,thalach,0.004481,0.004481,PAIRWISE_E11_CLEV_TO_VA L_SVM,Cleveland,VA Long Beach,SVM
185,15,exang,0.147644,0.147644,PAIRWISE_E11_CLEV_TO_VA L_SVM,Cleveland,VA Long Beach,SVM
185,15,oldpeak,0.213693,0.213693,PAIRWISE_E11_CLEV_TO_VA L_SVM,Cleveland,VA Long Beach,SVM
185,15,slope,0.059816,0.059816,PAIRWISE_E11_CLEV_TO_VA L_SVM,Cleveland,VA Long Beach,SVM
6,16,age,0.068488,0.068488,PAIRWISE_E11_CLEV_TO_VA L_SVM,Cleveland,VA Long Beach,SVM
6,16,sex,0.190435,0.190435,PAIRWISE_E11_CLEV_TO_VA L_SVM,Cleveland,VA Long Beach,SVM
6,16,cp,0.184755,0.184755,PAIRWISE_E11_CLEV_TO_VA L_SVM,Cleveland,VA Long Beach,SVM
6,16,trestbps,0.058404,0.058404,PAIRWISE_E11_CLEV_TO_VA L_SVM,Cleveland,VA Long Beach,SVM
6,16,fbs,-0.001903,0.001903,PAIRWISE_E11_CLEV_TO_VA L_SVM,Cleveland,VA Long Beach,SVM
6,16,restecg,-0.017635,0.017635,PAIRWISE_E11_CLEV_TO_VA L_SVM,Cleveland,VA Long Beach,SVM
6,16,thalach,0.129835,0.129835,PAIRWISE_E11_CLEV_TO_VA L_SVM,Cleveland,VA Long Beach,SVM
6,16,exang,0.144742,0.144742,PAIRWISE_E11_CLEV_TO_VA L_SVM,Cleveland,VA Long Beach,SVM
6,16,oldpeak,-0.106392,0.106392,PAIRWISE_E11_CLEV_TO_VA L_SVM,Cleveland,VA Long Beach,SVM
6,16,slope,0.077616,0.077616,PAIRWISE_E11_CLEV_TO_VA L_SVM,Cleveland,VA Long Beach,SVM
90,17,age,0.040935,0.040935,PAIRWISE_E11_CLEV_TO_VA L_SVM,Cleveland,VA Long Beach,SVM
90,17,sex,0.190485,0.190485,PAIRWISE_E11_CLEV_TO_VA L_SVM,Cleveland,VA Long Beach,SVM
90,17,cp,0.186303,0.186303,PAIRWISE_E11_CLEV_TO_VA L_SVM,Cleveland,VA Long Beach,SVM
90,17,trestbps,0.027089,0.027089,PAIRWISE_E11_CLEV_TO_VA L_SVM,Cleveland,VA Long Beach,SVM
90,17,fbs,0.013843,0.013843,PAIRWISE_E11_CLEV_TO_VA L_SVM,Cleveland,VA Long Beach,SVM
90,17,restecg,-0.060062,0.060062,PAIRWISE_E11_CLEV_TO_VA L_SVM,Cleveland,VA Long Beach,SVM
90,17,thalach,0.130008,0.130008,PAIRWISE_E11_CLEV_TO_VA L_SVM,Cleveland,VA Long Beach,SVM
90,17,exang,0.135744,0.135744,PAIRWISE_E11_CLEV_TO_VA L_SVM,Cleveland,VA Long Beach,SVM
90,17,oldpeak,0.186154,0.186154,PAIRWISE_E11_CLEV_TO_VA L_SVM,Cleveland,VA Long Beach,SVM
90,17,slope,0.062945,0.062945,PAIRWISE_E11_CLEV_TO_VA L_SVM,Cleveland,VA Long Beach,SVM
3,18,age,-0.000698,0.000698,PAIRWISE_E11_CLEV_TO_VA L_SVM,Cleveland,VA Long Beach,SVM
3,18,sex,0.178703,0.178703,PAIRWISE_E11_CLEV_TO_VA L_SVM,Cleveland,VA Long Beach,SVM
3,18,cp,0.178495,0.178495,PAIRWISE_E11_CLEV_TO_VA L_SVM,Cleveland,VA Long Beach,SVM
3,18,trestbps,0.031706,0.031706,PAIRWISE_E11_CLEV_TO_VA L_SVM,Cleveland,VA Long Beach,SVM
3,18,fbs,0.007174,0.007174,PAIRWISE_E11_CLEV_TO_VA L_SVM,Cleveland,VA Long Beach,SVM
3,18,restecg,0.060607,0.060607,PAIRWISE_E11_CLEV_TO_VA L_SVM,Cleveland,VA Long Beach,SVM
3,18,thalach,0.009243,0.009243,PAIRWISE_E11_CLEV_TO_VA L_SVM,Cleveland,VA Long Beach,SVM
3,18,exang,0.144414,0.144414,PAIRWISE_E11_CLEV_TO_VA L_SVM,Cleveland,VA Long Beach,SVM
3,18,oldpeak,0.190773,0.190773,PAIRWISE_E11_CLEV_TO_VA L_SVM,Cleveland,VA Long Beach,SVM
3,18,slope,-0.088578,0.088578,PAIRWISE_E11_CLEV_TO_VA L_SVM,Cleveland,VA Long Beach,SVM
154,19,age,-0.007637,0.007637,PAIRWISE_E11_CLEV_TO_VA L_SVM,Cleveland,VA Long Beach,SVM
154,19,sex,0.194415,0.194415,PAIRWISE_E11_CLEV_TO_VA L_SVM,Cleveland,VA Long Beach,SVM
154,19,cp,0.189284,0.189284,PAIRWISE_E11_CLEV_TO_VA L_SVM,Cleveland,VA Long Beach,SVM
154,19,trestbps,-0.00875,0.00875,PAIRWISE_E11_CLEV_TO_VA L_SVM,Cleveland,VA Long Beach,SVM
154,19,fbs,0.023046,0.023046,PAIRWISE_E11_CLEV_TO_VA L_SVM,Cleveland,VA Long Beach,SVM
154,19,restecg,-0.034712,0.034712,PAIRWISE_E11_CLEV_TO_VA L_SVM,Cleveland,VA Long Beach,SVM
154,19,thalach,0.154894,0.154894,PAIRWISE_E11_CLEV_TO_VA L_SVM,Cleveland,VA Long Beach,SVM
154,19,exang,0.14263,0.14263,PAIRWISE_E11_CLEV_TO_VA L_SVM,Cleveland,VA Long Beach,SVM
154,19,oldpeak,0.17701,0.17701,PAIRWISE_E11_CLEV_TO_VA L_SVM,Cleveland,VA Long Beach,SVM
154,19,slope,0.00849,0.00849,PAIRWISE_E11_CLEV_TO_VA L_SVM,Cleveland,VA Long Beach,SVM
19,20,age,0.024526,0.024526,PAIRWISE_E11_CLEV_TO_VA L_SVM,Cleveland,VA Long Beach,SVM
19,20,sex,0.198379,0.198379,PAIRWISE_E11_CLEV_TO_VA L_SVM,Cleveland,VA Long Beach,SVM
19,20,cp,0.183211,0.183211,PAIRWISE_E11_CLEV_TO_VA L_SVM,Cleveland,VA Long Beach,SVM
19,20,trestbps,0.063673,0.063673,PAIRWISE_E11_CLEV_TO_VA L_SVM,Cleveland,VA Long Beach,SVM
19,20,fbs,0.006476,0.006476,PAIRWISE_E11_CLEV_TO_VA L_SVM,Cleveland,VA Long Beach,SVM
19,20,restecg,0.02481,0.02481,PAIRWISE_E11_CLEV_TO_VA L_SVM,Cleveland,VA Long Beach,SVM
19,20,thalach,0.13207,0.13207,PAIRWISE_E11_CLEV_TO_VA L_SVM,Cleveland,VA Long Beach,SVM
19,20,exang,0.151099,0.151099,PAIRWISE_E11_CLEV_TO_VA L_SVM,Cleveland,VA Long Beach,SVM
19,20,oldpeak,-0.119124,0.119124,PAIRWISE_E11_CLEV_TO_VA L_SVM,Cleveland,VA Long Beach,SVM
19,20,slope,0.078004,0.078004,PAIRWISE_E11_CLEV_TO_VA L_SVM,Cleveland,VA Long Beach,SVM
115,21,age,0.033322,0.033322,PAIRWISE_E11_CLEV_TO_VA L_SVM,Cleveland,VA Long Beach,SVM
115,21,sex,0.189083,0.189083,PAIRWISE_E11_CLEV_TO_VA L_SVM,Cleveland,VA Long Beach,SVM
115,21,cp,0.180914,0.180914,PAIRWISE_E11_CLEV_TO_VA L_SVM,Cleveland,VA Long Beach,SVM
115,21,trestbps,-0.021031,0.021031,PAIRWISE_E11_CLEV_TO_VA L_SVM,Cleveland,VA Long Beach,SVM
115,21,fbs,-0.019233,0.019233,PAIRWISE_E11_CLEV_TO_VA L_SVM,Cleveland,VA Long Beach,SVM
115,21,restecg,0.004448,0.004448,PAIRWISE_E11_CLEV_TO_VA L_SVM,Cleveland,VA Long Beach,SVM
115,21,thalach,0.132428,0.132428,PAIRWISE_E11_CLEV_TO_VA L_SVM,Cleveland,VA Long Beach,SVM
115,21,exang,0.163592,0.163592,PAIRWISE_E11_CLEV_TO_VA L_SVM,Cleveland,VA Long Beach,SVM
115,21,oldpeak,0.0073,0.0073,PAIRWISE_E11_CLEV_TO_VA L_SVM,Cleveland,VA Long Beach,SVM
115,21,slope,0.063811,0.063811,PAIRWISE_E11_CLEV_TO_VA L_SVM,Cleveland,VA Long Beach,SVM
62,22,age,0.040842,0.040842,PAIRWISE_E11_CLEV_TO_VA L_SVM,Cleveland,VA Long Beach,SVM
62,22,sex,0.202681,0.202681,PAIRWISE_E11_CLEV_TO_VA L_SVM,Cleveland,VA Long Beach,SVM
62,22,cp,0.165885,0.165885,PAIRWISE_E11_CLEV_TO_VA L_SVM,Cleveland,VA Long Beach,SVM
62,22,trestbps,0.001961,0.001961,PAIRWISE_E11_CLEV_TO_VA L_SVM,Cleveland,VA Long Beach,SVM
62,22,fbs,0.026465,0.026465,PAIRWISE_E11_CLEV_TO_VA L_SVM,Cleveland,VA Long Beach,SVM
62,22,restecg,-0.045752,0.045752,PAIRWISE_E11_CLEV_TO_VA L_SVM,Cleveland,VA Long Beach,SVM
62,22,thalach,0.023496,0.023496,PAIRWISE_E11_CLEV_TO_VA L_SVM,Cleveland,VA Long Beach,SVM
62,22,exang,0.14539,0.14539,PAIRWISE_E11_CLEV_TO_VA L_SVM,Cleveland,VA Long Beach,SVM
62,22,oldpeak,0.174057,0.174057,PAIRWISE_E11_CLEV_TO_VA L_SVM,Cleveland,VA Long Beach,SVM
62,22,slope,0.056643,0.056643,PAIRWISE_E11_CLEV_TO_VA L_SVM,Cleveland,VA Long Beach,SVM
78,23,age,0.022069,0.022069,PAIRWISE_E11_CLEV_TO_VA L_SVM,Cleveland,VA Long Beach,SVM
78,23,sex,0.194824,0.194824,PAIRWISE_E11_CLEV_TO_VA L_SVM,Cleveland,VA Long Beach,SVM
78,23,cp,0.176047,0.176047,PAIRWISE_E11_CLEV_TO_VA L_SVM,Cleveland,VA Long Beach,SVM
78,23,trestbps,0.048699,0.048699,PAIRWISE_E11_CLEV_TO_VA L_SVM,Cleveland,VA Long Beach,SVM
78,23,fbs,0.004169,0.004169,PAIRWISE_E11_CLEV_TO_VA L_SVM,Cleveland,VA Long Beach,SVM
78,23,restecg,-0.069494,0.069494,PAIRWISE_E11_CLEV_TO_VA L_SVM,Cleveland,VA Long Beach,SVM
78,23,thalach,0.161235,0.161235,PAIRWISE_E11_CLEV_TO_VA L_SVM,Cleveland,VA Long Beach,SVM
78,23,exang,0.155126,0.155126,PAIRWISE_E11_CLEV_TO_VA L_SVM,Cleveland,VA Long Beach,SVM
78,23,oldpeak,0.179979,0.179979,PAIRWISE_E11_CLEV_TO_VA L_SVM,Cleveland,VA Long Beach,SVM
78,23,slope,0.061082,0.061082,PAIRWISE_E11_CLEV_TO_VA L_SVM,Cleveland,VA Long Beach,SVM
149,24,age,0.023854,0.023854,PAIRWISE_E11_CLEV_TO_VA L_SVM,Cleveland,VA Long Beach,SVM
149,24,sex,0.187024,0.187024,PAIRWISE_E11_CLEV_TO_VA L_SVM,Cleveland,VA Long Beach,SVM
149,24,cp,0.179849,0.179849,PAIRWISE_E11_CLEV_TO_VA L_SVM,Cleveland,VA Long Beach,SVM
149,24,trestbps,0.001665,0.001665,PAIRWISE_E11_CLEV_TO_VA L_SVM,Cleveland,VA Long Beach,SVM
149,24,fbs,0.030051,0.030051,PAIRWISE_E11_CLEV_TO_VA L_SVM,Cleveland,VA Long Beach,SVM
149,24,restecg,-0.018347,0.018347,PAIRWISE_E11_CLEV_TO_VA L_SVM,Cleveland,VA Long Beach,SVM
149,24,thalach,0.014322,0.014322,PAIRWISE_E11_CLEV_TO_VA L_SVM,Cleveland,VA Long Beach,SVM
149,24,exang,0.148929,0.148929,PAIRWISE_E11_CLEV_TO_VA L_SVM,Cleveland,VA Long Beach,SVM
149,24,oldpeak,0.188529,0.188529,PAIRWISE_E11_CLEV_TO_VA L_SVM,Cleveland,VA Long Beach,SVM
149,24,slope,0.081533,0.081533,PAIRWISE_E11_CLEV_TO_VA L_SVM,Cleveland,VA Long Beach,SVM
49,0,age,-0.092001,0.092001,PAIRWISE_E12_CLEV_TO_VA L_XGBoost,Cleveland,VA Long Beach,XGBoost
49,0,sex,0.215479,0.215479,PAIRWISE_E12_CLEV_TO_VA L_XGBoost,Cleveland,VA Long Beach,XGBoost
49,0,cp,-0.185834,0.185834,PAIRWISE_E12_CLEV_TO_VA L_XGBoost,Cleveland,VA Long Beach,XGBoost
49,0,trestbps,-0.005709,0.005709,PAIRWISE_E12_CLEV_TO_VA L_XGBoost,Cleveland,VA Long Beach,XGBoost
49,0,fbs,0.005742,0.005742,PAIRWISE_E12_CLEV_TO_VA L_XGBoost,Cleveland,VA Long Beach,XGBoost
49,0,restecg,-0.017618,0.017618,PAIRWISE_E12_CLEV_TO_VA L_XGBoost,Cleveland,VA Long Beach,XGBoost
49,0,thalach,-0.036127,0.036127,PAIRWISE_E12_CLEV_TO_VA L_XGBoost,Cleveland,VA Long Beach,XGBoost
49,0,exang,-0.076188,0.076188,PAIRWISE_E12_CLEV_TO_VA L_XGBoost,Cleveland,VA Long Beach,XGBoost
49,0,oldpeak,-0.115927,0.115927,PAIRWISE_E12_CLEV_TO_VA L_XGBoost,Cleveland,VA Long Beach,XGBoost
49,0,slope,-0.09212,0.09212,PAIRWISE_E12_CLEV_TO_VA L_XGBoost,Cleveland,VA Long Beach,XGBoost
109,1,age,-0.097,0.097,PAIRWISE_E12_CLEV_TO_VA L_XGBoost,Cleveland,VA Long Beach,XGBoost
109,1,sex,0.208179,0.208179,PAIRWISE_E12_CLEV_TO_VA L_XGBoost,Cleveland,VA Long Beach,XGBoost
109,1,cp,-0.187893,0.187893,PAIRWISE_E12_CLEV_TO_VA L_XGBoost,Cleveland,VA Long Beach,XGBoost
109,1,trestbps,-0.005785,0.005785,PAIRWISE_E12_CLEV_TO_VA L_XGBoost,Cleveland,VA Long Beach,XGBoost
109,1,fbs,0.012224,0.012224,PAIRWISE_E12_CLEV_TO_VA L_XGBoost,Cleveland,VA Long Beach,XGBoost
109,1,restecg,-0.017325,0.017325,PAIRWISE_E12_CLEV_TO_VA L_XGBoost,Cleveland,VA Long Beach,XGBoost
109,1,thalach,-0.014696,0.014696,PAIRWISE_E12_CLEV_TO_VA L_XGBoost,Cleveland,VA Long Beach,XGBoost
109,1,exang,-0.109611,0.109611,PAIRWISE_E12_CLEV_TO_VA L_XGBoost,Cleveland,VA Long Beach,XGBoost
109,1,oldpeak,-0.022989,0.022989,PAIRWISE_E12_CLEV_TO_VA L_XGBoost,Cleveland,VA Long Beach,XGBoost
109,1,slope,0.0899,0.0899,PAIRWISE_E12_CLEV_TO_VA L_XGBoost,Cleveland,VA Long Beach,XGBoost
5,2,age,0.06861,0.06861,PAIRWISE_E12_CLEV_TO_VA L_XGBoost,Cleveland,VA Long Beach,XGBoost
5,2,sex,0.210724,0.210724,PAIRWISE_E12_CLEV_TO_VA L_XGBoost,Cleveland,VA Long Beach,XGBoost
5,2,cp,-0.17722,0.17722,PAIRWISE_E12_CLEV_TO_VA L_XGBoost,Cleveland,VA Long Beach,XGBoost
5,2,trestbps,-0.040431,0.040431,PAIRWISE_E12_CLEV_TO_VA L_XGBoost,Cleveland,VA Long Beach,XGBoost
5,2,fbs,-0.023775,0.023775,PAIRWISE_E12_CLEV_TO_VA L_XGBoost,Cleveland,VA Long Beach,XGBoost
5,2,restecg,-0.066164,0.066164,PAIRWISE_E12_CLEV_TO_VA L_XGBoost,Cleveland,VA Long Beach,XGBoost
5,2,thalach,0.122817,0.122817,PAIRWISE_E12_CLEV_TO_VA L_XGBoost,Cleveland,VA Long Beach,XGBoost
5,2,exang,-0.079145,0.079145,PAIRWISE_E12_CLEV_TO_VA L_XGBoost,Cleveland,VA Long Beach,XGBoost
5,2,oldpeak,-0.129815,0.129815,PAIRWISE_E12_CLEV_TO_VA L_XGBoost,Cleveland,VA Long Beach,XGBoost
5,2,slope,-0.090483,0.090483,PAIRWISE_E12_CLEV_TO_VA L_XGBoost,Cleveland,VA Long Beach,XGBoost
41,3,age,-0.089517,0.089517,PAIRWISE_E12_CLEV_TO_VA L_XGBoost,Cleveland,VA Long Beach,XGBoost
41,3,sex,0.204184,0.204184,PAIRWISE_E12_CLEV_TO_VA L_XGBoost,Cleveland,VA Long Beach,XGBoost
41,3,cp,0.273763,0.273763,PAIRWISE_E12_CLEV_TO_VA L_XGBoost,Cleveland,VA Long Beach,XGBoost
41,3,trestbps,0.010426,0.010426,PAIRWISE_E12_CLEV_TO_VA L_XGBoost,Cleveland,VA Long Beach,XGBoost
41,3,fbs,-0.014398,0.014398,PAIRWISE_E12_CLEV_TO_VA L_XGBoost,Cleveland,VA Long Beach,XGBoost
41,3,restecg,-0.036864,0.036864,PAIRWISE_E12_CLEV_TO_VA L_XGBoost,Cleveland,VA Long Beach,XGBoost
41,3,thalach,-0.022116,0.022116,PAIRWISE_E12_CLEV_TO_VA L_XGBoost,Cleveland,VA Long Beach,XGBoost
41,3,exang,-0.105404,0.105404,PAIRWISE_E12_CLEV_TO_VA L_XGBoost,Cleveland,VA Long Beach,XGBoost
41,3,oldpeak,-0.111446,0.111446,PAIRWISE_E12_CLEV_TO_VA L_XGBoost,Cleveland,VA Long Beach,XGBoost
41,3,slope,-0.090411,0.090411,PAIRWISE_E12_CLEV_TO_VA L_XGBoost,Cleveland,VA Long Beach,XGBoost
129,4,age,-0.08653,0.08653,PAIRWISE_E12_CLEV_TO_VA L_XGBoost,Cleveland,VA Long Beach,XGBoost
129,4,sex,0.202708,0.202708,PAIRWISE_E12_CLEV_TO_VA L_XGBoost,Cleveland,VA Long Beach,XGBoost
129,4,cp,0.25298,0.25298,PAIRWISE_E12_CLEV_TO_VA L_XGBoost,Cleveland,VA Long Beach,XGBoost
129,4,trestbps,0.014779,0.014779,PAIRWISE_E12_CLEV_TO_VA L_XGBoost,Cleveland,VA Long Beach,XGBoost
129,4,fbs,0.001165,0.001165,PAIRWISE_E12_CLEV_TO_VA L_XGBoost,Cleveland,VA Long Beach,XGBoost
129,4,restecg,-0.010383,0.010383,PAIRWISE_E12_CLEV_TO_VA L_XGBoost,Cleveland,VA Long Beach,XGBoost
129,4,thalach,-0.019917,0.019917,PAIRWISE_E12_CLEV_TO_VA L_XGBoost,Cleveland,VA Long Beach,XGBoost
129,4,exang,-0.097249,0.097249,PAIRWISE_E12_CLEV_TO_VA L_XGBoost,Cleveland,VA Long Beach,XGBoost
129,4,oldpeak,-0.108631,0.108631,PAIRWISE_E12_CLEV_TO_VA L_XGBoost,Cleveland,VA Long Beach,XGBoost
129,4,slope,-0.076035,0.076035,PAIRWISE_E12_CLEV_TO_VA L_XGBoost,Cleveland,VA Long Beach,XGBoost
43,5,age,-0.092491,0.092491,PAIRWISE_E12_CLEV_TO_VA L_XGBoost,Cleveland,VA Long Beach,XGBoost
43,5,sex,0.210219,0.210219,PAIRWISE_E12_CLEV_TO_VA L_XGBoost,Cleveland,VA Long Beach,XGBoost
43,5,cp,0.250835,0.250835,PAIRWISE_E12_CLEV_TO_VA L_XGBoost,Cleveland,VA Long Beach,XGBoost
43,5,trestbps,-0.049296,0.049296,PAIRWISE_E12_CLEV_TO_VA L_XGBoost,Cleveland,VA Long Beach,XGBoost
43,5,fbs,-0.0206,0.0206,PAIRWISE_E12_CLEV_TO_VA L_XGBoost,Cleveland,VA Long Beach,XGBoost
43,5,restecg,0.002861,0.002861,PAIRWISE_E12_CLEV_TO_VA L_XGBoost,Cleveland,VA Long Beach,XGBoost
43,5,thalach,0.159642,0.159642,PAIRWISE_E12_CLEV_TO_VA L_XGBoost,Cleveland,VA Long Beach,XGBoost
43,5,exang,-0.097121,0.097121,PAIRWISE_E12_CLEV_TO_VA L_XGBoost,Cleveland,VA Long Beach,XGBoost
43,5,oldpeak,-0.128509,0.128509,PAIRWISE_E12_CLEV_TO_VA L_XGBoost,Cleveland,VA Long Beach,XGBoost
43,5,slope,0.091834,0.091834,PAIRWISE_E12_CLEV_TO_VA L_XGBoost,Cleveland,VA Long Beach,XGBoost
13,6,age,0.050353,0.050353,PAIRWISE_E12_CLEV_TO_VA L_XGBoost,Cleveland,VA Long Beach,XGBoost
13,6,sex,0.224166,0.224166,PAIRWISE_E12_CLEV_TO_VA L_XGBoost,Cleveland,VA Long Beach,XGBoost
13,6,cp,-0.177013,0.177013,PAIRWISE_E12_CLEV_TO_VA L_XGBoost,Cleveland,VA Long Beach,XGBoost
13,6,trestbps,-0.019789,0.019789,PAIRWISE_E12_CLEV_TO_VA L_XGBoost,Cleveland,VA Long Beach,XGBoost
13,6,fbs,0.000204,0.000204,PAIRWISE_E12_CLEV_TO_VA L_XGBoost,Cleveland,VA Long Beach,XGBoost
13,6,restecg,0.044146,0.044146,PAIRWISE_E12_CLEV_TO_VA L_XGBoost,Cleveland,VA Long Beach,XGBoost
13,6,thalach,0.00565,0.00565,PAIRWISE_E12_CLEV_TO_VA L_XGBoost,Cleveland,VA Long Beach,XGBoost
13,6,exang,-0.105832,0.105832,PAIRWISE_E12_CLEV_TO_VA L_XGBoost,Cleveland,VA Long Beach,XGBoost
13,6,oldpeak,0.230632,0.230632,PAIRWISE_E12_CLEV_TO_VA L_XGBoost,Cleveland,VA Long Beach,XGBoost
13,6,slope,0.067637,0.067637,PAIRWISE_E12_CLEV_TO_VA L_XGBoost,Cleveland,VA Long Beach,XGBoost
142,7,age,0.12027,0.12027,PAIRWISE_E12_CLEV_TO_VA L_XGBoost,Cleveland,VA Long Beach,XGBoost
142,7,sex,0.202531,0.202531,PAIRWISE_E12_CLEV_TO_VA L_XGBoost,Cleveland,VA Long Beach,XGBoost
142,7,cp,-0.162329,0.162329,PAIRWISE_E12_CLEV_TO_VA L_XGBoost,Cleveland,VA Long Beach,XGBoost
142,7,trestbps,0.005261,0.005261,PAIRWISE_E12_CLEV_TO_VA L_XGBoost,Cleveland,VA Long Beach,XGBoost
142,7,fbs,0.034663,0.034663,PAIRWISE_E12_CLEV_TO_VA L_XGBoost,Cleveland,VA Long Beach,XGBoost
142,7,restecg,-0.034191,0.034191,PAIRWISE_E12_CLEV_TO_VA L_XGBoost,Cleveland,VA Long Beach,XGBoost
142,7,thalach,0.021246,0.021246,PAIRWISE_E12_CLEV_TO_VA L_XGBoost,Cleveland,VA Long Beach,XGBoost
142,7,exang,-0.079185,0.079185,PAIRWISE_E12_CLEV_TO_VA L_XGBoost,Cleveland,VA Long Beach,XGBoost
142,7,oldpeak,0.252529,0.252529,PAIRWISE_E12_CLEV_TO_VA L_XGBoost,Cleveland,VA Long Beach,XGBoost
142,7,slope,0.080718,0.080718,PAIRWISE_E12_CLEV_TO_VA L_XGBoost,Cleveland,VA Long Beach,XGBoost
93,8,age,0.103165,0.103165,PAIRWISE_E12_CLEV_TO_VA L_XGBoost,Cleveland,VA Long Beach,XGBoost
93,8,sex,0.196738,0.196738,PAIRWISE_E12_CLEV_TO_VA L_XGBoost,Cleveland,VA Long Beach,XGBoost
93,8,cp,0.268775,0.268775,PAIRWISE_E12_CLEV_TO_VA L_XGBoost,Cleveland,VA Long Beach,XGBoost
93,8,trestbps,-0.088565,0.088565,PAIRWISE_E12_CLEV_TO_VA L_XGBoost,Cleveland,VA Long Beach,XGBoost
93,8,fbs,0.015564,0.015564,PAIRWISE_E12_CLEV_TO_VA L_XGBoost,Cleveland,VA Long Beach,XGBoost
93,8,restecg,-0.041544,0.041544,PAIRWISE_E12_CLEV_TO_VA L_XGBoost,Cleveland,VA Long Beach,XGBoost
93,8,thalach,0.126083,0.126083,PAIRWISE_E12_CLEV_TO_VA L_XGBoost,Cleveland,VA Long Beach,XGBoost
93,8,exang,-0.118613,0.118613,PAIRWISE_E12_CLEV_TO_VA L_XGBoost,Cleveland,VA Long Beach,XGBoost
93,8,oldpeak,-0.120222,0.120222,PAIRWISE_E12_CLEV_TO_VA L_XGBoost,Cleveland,VA Long Beach,XGBoost
93,8,slope,0.078301,0.078301,PAIRWISE_E12_CLEV_TO_VA L_XGBoost,Cleveland,VA Long Beach,XGBoost
15,9,age,0.032983,0.032983,PAIRWISE_E12_CLEV_TO_VA L_XGBoost,Cleveland,VA Long Beach,XGBoost
15,9,sex,0.223738,0.223738,PAIRWISE_E12_CLEV_TO_VA L_XGBoost,Cleveland,VA Long Beach,XGBoost
15,9,cp,0.267377,0.267377,PAIRWISE_E12_CLEV_TO_VA L_XGBoost,Cleveland,VA Long Beach,XGBoost
15,9,trestbps,-0.046054,0.046054,PAIRWISE_E12_CLEV_TO_VA L_XGBoost,Cleveland,VA Long Beach,XGBoost
15,9,fbs,-0.02023,0.02023,PAIRWISE_E12_CLEV_TO_VA L_XGBoost,Cleveland,VA Long Beach,XGBoost
15,9,restecg,-0.01787,0.01787,PAIRWISE_E12_CLEV_TO_VA L_XGBoost,Cleveland,VA Long Beach,XGBoost
15,9,thalach,0.132458,0.132458,PAIRWISE_E12_CLEV_TO_VA L_XGBoost,Cleveland,VA Long Beach,XGBoost
15,9,exang,-0.111728,0.111728,PAIRWISE_E12_CLEV_TO_VA L_XGBoost,Cleveland,VA Long Beach,XGBoost
15,9,oldpeak,-0.129638,0.129638,PAIRWISE_E12_CLEV_TO_VA L_XGBoost,Cleveland,VA Long Beach,XGBoost
15,9,slope,0.063887,0.063887,PAIRWISE_E12_CLEV_TO_VA L_XGBoost,Cleveland,VA Long Beach,XGBoost
74,10,age,0.05357,0.05357,PAIRWISE_E12_CLEV_TO_VA L_XGBoost,Cleveland,VA Long Beach,XGBoost
74,10,sex,0.188664,0.188664,PAIRWISE_E12_CLEV_TO_VA L_XGBoost,Cleveland,VA Long Beach,XGBoost
74,10,cp,-0.176958,0.176958,PAIRWISE_E12_CLEV_TO_VA L_XGBoost,Cleveland,VA Long Beach,XGBoost
74,10,trestbps,-0.057788,0.057788,PAIRWISE_E12_CLEV_TO_VA L_XGBoost,Cleveland,VA Long Beach,XGBoost
74,10,fbs,-0.012874,0.012874,PAIRWISE_E12_CLEV_TO_VA L_XGBoost,Cleveland,VA Long Beach,XGBoost
74,10,restecg,-0.043962,0.043962,PAIRWISE_E12_CLEV_TO_VA L_XGBoost,Cleveland,VA Long Beach,XGBoost
74,10,thalach,0.129077,0.129077,PAIRWISE_E12_CLEV_TO_VA L_XGBoost,Cleveland,VA Long Beach,XGBoost
74,10,exang,0.089862,0.089862,PAIRWISE_E12_CLEV_TO_VA L_XGBoost,Cleveland,VA Long Beach,XGBoost
74,10,oldpeak,0.025259,0.025259,PAIRWISE_E12_CLEV_TO_VA L_XGBoost,Cleveland,VA Long Beach,XGBoost
74,10,slope,0.069516,0.069516,PAIRWISE_E12_CLEV_TO_VA L_XGBoost,Cleveland,VA Long Beach,XGBoost
26,11,age,-0.052015,0.052015,PAIRWISE_E12_CLEV_TO_VA L_XGBoost,Cleveland,VA Long Beach,XGBoost
26,11,sex,0.218144,0.218144,PAIRWISE_E12_CLEV_TO_VA L_XGBoost,Cleveland,VA Long Beach,XGBoost
26,11,cp,0.282299,0.282299,PAIRWISE_E12_CLEV_TO_VA L_XGBoost,Cleveland,VA Long Beach,XGBoost
26,11,trestbps,0.020624,0.020624,PAIRWISE_E12_CLEV_TO_VA L_XGBoost,Cleveland,VA Long Beach,XGBoost
26,11,fbs,0.023533,0.023533,PAIRWISE_E12_CLEV_TO_VA L_XGBoost,Cleveland,VA Long Beach,XGBoost
26,11,restecg,0.090433,0.090433,PAIRWISE_E12_CLEV_TO_VA L_XGBoost,Cleveland,VA Long Beach,XGBoost
26,11,thalach,-0.021936,0.021936,PAIRWISE_E12_CLEV_TO_VA L_XGBoost,Cleveland,VA Long Beach,XGBoost
26,11,exang,0.102804,0.102804,PAIRWISE_E12_CLEV_TO_VA L_XGBoost,Cleveland,VA Long Beach,XGBoost
26,11,oldpeak,0.019535,0.019535,PAIRWISE_E12_CLEV_TO_VA L_XGBoost,Cleveland,VA Long Beach,XGBoost
26,11,slope,-0.092514,0.092514,PAIRWISE_E12_CLEV_TO_VA L_XGBoost,Cleveland,VA Long Beach,XGBoost
7,12,age,0.090977,0.090977,PAIRWISE_E12_CLEV_TO_VA L_XGBoost,Cleveland,VA Long Beach,XGBoost
7,12,sex,0.212226,0.212226,PAIRWISE_E12_CLEV_TO_VA L_XGBoost,Cleveland,VA Long Beach,XGBoost
7,12,cp,-0.144809,0.144809,PAIRWISE_E12_CLEV_TO_VA L_XGBoost,Cleveland,VA Long Beach,XGBoost
7,12,trestbps,0.056489,0.056489,PAIRWISE_E12_CLEV_TO_VA L_XGBoost,Cleveland,VA Long Beach,XGBoost
7,12,fbs,-0.008816,0.008816,PAIRWISE_E12_CLEV_TO_VA L_XGBoost,Cleveland,VA Long Beach,XGBoost
7,12,restecg,-0.000845,0.000845,PAIRWISE_E12_CLEV_TO_VA L_XGBoost,Cleveland,VA Long Beach,XGBoost
7,12,thalach,-0.012649,0.012649,PAIRWISE_E12_CLEV_TO_VA L_XGBoost,Cleveland,VA Long Beach,XGBoost
7,12,exang,0.105308,0.105308,PAIRWISE_E12_CLEV_TO_VA L_XGBoost,Cleveland,VA Long Beach,XGBoost
7,12,oldpeak,0.024842,0.024842,PAIRWISE_E12_CLEV_TO_VA L_XGBoost,Cleveland,VA Long Beach,XGBoost
7,12,slope,0.083809,0.083809,PAIRWISE_E12_CLEV_TO_VA L_XGBoost,Cleveland,VA Long Beach,XGBoost
25,13,age,0.05899,0.05899,PAIRWISE_E12_CLEV_TO_VA L_XGBoost,Cleveland,VA Long Beach,XGBoost
25,13,sex,0.211638,0.211638,PAIRWISE_E12_CLEV_TO_VA L_XGBoost,Cleveland,VA Long Beach,XGBoost
25,13,cp,0.267444,0.267444,PAIRWISE_E12_CLEV_TO_VA L_XGBoost,Cleveland,VA Long Beach,XGBoost
25,13,trestbps,-0.002565,0.002565,PAIRWISE_E12_CLEV_TO_VA L_XGBoost,Cleveland,VA Long Beach,XGBoost
25,13,fbs,0.001922,0.001922,PAIRWISE_E12_CLEV_TO_VA L_XGBoost,Cleveland,VA Long Beach,XGBoost
25,13,restecg,0.005842,0.005842,PAIRWISE_E12_CLEV_TO_VA L_XGBoost,Cleveland,VA Long Beach,XGBoost
25,13,thalach,0.131498,0.131498,PAIRWISE_E12_CLEV_TO_VA L_XGBoost,Cleveland,VA Long Beach,XGBoost
25,13,exang,-0.093983,0.093983,PAIRWISE_E12_CLEV_TO_VA L_XGBoost,Cleveland,VA Long Beach,XGBoost
25,13,oldpeak,0.043842,0.043842,PAIRWISE_E12_CLEV_TO_VA L_XGBoost,Cleveland,VA Long Beach,XGBoost
25,13,slope,0.097363,0.097363,PAIRWISE_E12_CLEV_TO_VA L_XGBoost,Cleveland,VA Long Beach,XGBoost
161,14,age,0.07619,0.07619,PAIRWISE_E12_CLEV_TO_VA L_XGBoost,Cleveland,VA Long Beach,XGBoost
161,14,sex,0.204402,0.204402,PAIRWISE_E12_CLEV_TO_VA L_XGBoost,Cleveland,VA Long Beach,XGBoost
161,14,cp,0.263147,0.263147,PAIRWISE_E12_CLEV_TO_VA L_XGBoost,Cleveland,VA Long Beach,XGBoost
161,14,trestbps,-0.046763,0.046763,PAIRWISE_E12_CLEV_TO_VA L_XGBoost,Cleveland,VA Long Beach,XGBoost
161,14,fbs,0.003218,0.003218,PAIRWISE_E12_CLEV_TO_VA L_XGBoost,Cleveland,VA Long Beach,XGBoost
161,14,restecg,-0.037224,0.037224,PAIRWISE_E12_CLEV_TO_VA L_XGBoost,Cleveland,VA Long Beach,XGBoost
161,14,thalach,0.159506,0.159506,PAIRWISE_E12_CLEV_TO_VA L_XGBoost,Cleveland,VA Long Beach,XGBoost
161,14,exang,-0.076329,0.076329,PAIRWISE_E12_CLEV_TO_VA L_XGBoost,Cleveland,VA Long Beach,XGBoost
161,14,oldpeak,0.028858,0.028858,PAIRWISE_E12_CLEV_TO_VA L_XGBoost,Cleveland,VA Long Beach,XGBoost
161,14,slope,0.077348,0.077348,PAIRWISE_E12_CLEV_TO_VA L_XGBoost,Cleveland,VA Long Beach,XGBoost
152,15,age,-0.093328,0.093328,PAIRWISE_E12_CLEV_TO_VA L_XGBoost,Cleveland,VA Long Beach,XGBoost
152,15,sex,0.214083,0.214083,PAIRWISE_E12_CLEV_TO_VA L_XGBoost,Cleveland,VA Long Beach,XGBoost
152,15,cp,0.281413,0.281413,PAIRWISE_E12_CLEV_TO_VA L_XGBoost,Cleveland,VA Long Beach,XGBoost
152,15,trestbps,-0.040694,0.040694,PAIRWISE_E12_CLEV_TO_VA L_XGBoost,Cleveland,VA Long Beach,XGBoost
152,15,fbs,0.007694,0.007694,PAIRWISE_E12_CLEV_TO_VA L_XGBoost,Cleveland,VA Long Beach,XGBoost
152,15,restecg,-0.051987,0.051987,PAIRWISE_E12_CLEV_TO_VA L_XGBoost,Cleveland,VA Long Beach,XGBoost
152,15,thalach,0.132698,0.132698,PAIRWISE_E12_CLEV_TO_VA L_XGBoost,Cleveland,VA Long Beach,XGBoost
152,15,exang,0.098383,0.098383,PAIRWISE_E12_CLEV_TO_VA L_XGBoost,Cleveland,VA Long Beach,XGBoost
152,15,oldpeak,0.033922,0.033922,PAIRWISE_E12_CLEV_TO_VA L_XGBoost,Cleveland,VA Long Beach,XGBoost
152,15,slope,0.045085,0.045085,PAIRWISE_E12_CLEV_TO_VA L_XGBoost,Cleveland,VA Long Beach,XGBoost
61,16,age,0.113875,0.113875,PAIRWISE_E12_CLEV_TO_VA L_XGBoost,Cleveland,VA Long Beach,XGBoost
61,16,sex,0.209444,0.209444,PAIRWISE_E12_CLEV_TO_VA L_XGBoost,Cleveland,VA Long Beach,XGBoost
61,16,cp,0.289928,0.289928,PAIRWISE_E12_CLEV_TO_VA L_XGBoost,Cleveland,VA Long Beach,XGBoost
61,16,trestbps,-0.049024,0.049024,PAIRWISE_E12_CLEV_TO_VA L_XGBoost,Cleveland,VA Long Beach,XGBoost
61,16,fbs,-0.016471,0.016471,PAIRWISE_E12_CLEV_TO_VA L_XGBoost,Cleveland,VA Long Beach,XGBoost
61,16,restecg,-0.023134,0.023134,PAIRWISE_E12_CLEV_TO_VA L_XGBoost,Cleveland,VA Long Beach,XGBoost
61,16,thalach,0.121187,0.121187,PAIRWISE_E12_CLEV_TO_VA L_XGBoost,Cleveland,VA Long Beach,XGBoost
61,16,exang,0.111551,0.111551,PAIRWISE_E12_CLEV_TO_VA L_XGBoost,Cleveland,VA Long Beach,XGBoost
61,16,oldpeak,0.249661,0.249661,PAIRWISE_E12_CLEV_TO_VA L_XGBoost,Cleveland,VA Long Beach,XGBoost
61,16,slope,0.02887,0.02887,PAIRWISE_E12_CLEV_TO_VA L_XGBoost,Cleveland,VA Long Beach,XGBoost
14,17,age,0.100812,0.100812,PAIRWISE_E12_CLEV_TO_VA L_XGBoost,Cleveland,VA Long Beach,XGBoost
14,17,sex,0.220424,0.220424,PAIRWISE_E12_CLEV_TO_VA L_XGBoost,Cleveland,VA Long Beach,XGBoost
14,17,cp,0.269084,0.269084,PAIRWISE_E12_CLEV_TO_VA L_XGBoost,Cleveland,VA Long Beach,XGBoost
14,17,trestbps,0.00279,0.00279,PAIRWISE_E12_CLEV_TO_VA L_XGBoost,Cleveland,VA Long Beach,XGBoost
14,17,fbs,0.007973,0.007973,PAIRWISE_E12_CLEV_TO_VA L_XGBoost,Cleveland,VA Long Beach,XGBoost
14,17,restecg,0.011,0.011,PAIRWISE_E12_CLEV_TO_VA L_XGBoost,Cleveland,VA Long Beach,XGBoost
14,17,thalach,0.016659,0.016659,PAIRWISE_E12_CLEV_TO_VA L_XGBoost,Cleveland,VA Long Beach,XGBoost
14,17,exang,0.107654,0.107654,PAIRWISE_E12_CLEV_TO_VA L_XGBoost,Cleveland,VA Long Beach,XGBoost
14,17,oldpeak,0.007961,0.007961,PAIRWISE_E12_CLEV_TO_VA L_XGBoost,Cleveland,VA Long Beach,XGBoost
14,17,slope,0.068587,0.068587,PAIRWISE_E12_CLEV_TO_VA L_XGBoost,Cleveland,VA Long Beach,XGBoost
56,18,age,-0.062855,0.062855,PAIRWISE_E12_CLEV_TO_VA L_XGBoost,Cleveland,VA Long Beach,XGBoost
56,18,sex,0.200715,0.200715,PAIRWISE_E12_CLEV_TO_VA L_XGBoost,Cleveland,VA Long Beach,XGBoost
56,18,cp,0.28086,0.28086,PAIRWISE_E12_CLEV_TO_VA L_XGBoost,Cleveland,VA Long Beach,XGBoost
56,18,trestbps,0.054743,0.054743,PAIRWISE_E12_CLEV_TO_VA L_XGBoost,Cleveland,VA Long Beach,XGBoost
56,18,fbs,-0.01825,0.01825,PAIRWISE_E12_CLEV_TO_VA L_XGBoost,Cleveland,VA Long Beach,XGBoost
56,18,restecg,0.075737,0.075737,PAIRWISE_E12_CLEV_TO_VA L_XGBoost,Cleveland,VA Long Beach,XGBoost
56,18,thalach,-0.001968,0.001968,PAIRWISE_E12_CLEV_TO_VA L_XGBoost,Cleveland,VA Long Beach,XGBoost
56,18,exang,0.105564,0.105564,PAIRWISE_E12_CLEV_TO_VA L_XGBoost,Cleveland,VA Long Beach,XGBoost
56,18,oldpeak,-0.005687,0.005687,PAIRWISE_E12_CLEV_TO_VA L_XGBoost,Cleveland,VA Long Beach,XGBoost
56,18,slope,0.108649,0.108649,PAIRWISE_E12_CLEV_TO_VA L_XGBoost,Cleveland,VA Long Beach,XGBoost
168,19,age,0.040584,0.040584,PAIRWISE_E12_CLEV_TO_VA L_XGBoost,Cleveland,VA Long Beach,XGBoost
168,19,sex,0.202781,0.202781,PAIRWISE_E12_CLEV_TO_VA L_XGBoost,Cleveland,VA Long Beach,XGBoost
168,19,cp,0.285738,0.285738,PAIRWISE_E12_CLEV_TO_VA L_XGBoost,Cleveland,VA Long Beach,XGBoost
168,19,trestbps,0.014739,0.014739,PAIRWISE_E12_CLEV_TO_VA L_XGBoost,Cleveland,VA Long Beach,XGBoost
168,19,fbs,-0.012656,0.012656,PAIRWISE_E12_CLEV_TO_VA L_XGBoost,Cleveland,VA Long Beach,XGBoost
168,19,restecg,-0.07529,0.07529,PAIRWISE_E12_CLEV_TO_VA L_XGBoost,Cleveland,VA Long Beach,XGBoost
168,19,thalach,0.149946,0.149946,PAIRWISE_E12_CLEV_TO_VA L_XGBoost,Cleveland,VA Long Beach,XGBoost
168,19,exang,0.080219,0.080219,PAIRWISE_E12_CLEV_TO_VA L_XGBoost,Cleveland,VA Long Beach,XGBoost
168,19,oldpeak,0.013035,0.013035,PAIRWISE_E12_CLEV_TO_VA L_XGBoost,Cleveland,VA Long Beach,XGBoost
168,19,slope,0.075568,0.075568,PAIRWISE_E12_CLEV_TO_VA L_XGBoost,Cleveland,VA Long Beach,XGBoost
36,20,age,0.112211,0.112211,PAIRWISE_E12_CLEV_TO_VA L_XGBoost,Cleveland,VA Long Beach,XGBoost
36,20,sex,0.214845,0.214845,PAIRWISE_E12_CLEV_TO_VA L_XGBoost,Cleveland,VA Long Beach,XGBoost
36,20,cp,0.263315,0.263315,PAIRWISE_E12_CLEV_TO_VA L_XGBoost,Cleveland,VA Long Beach,XGBoost
36,20,trestbps,0.005268,0.005268,PAIRWISE_E12_CLEV_TO_VA L_XGBoost,Cleveland,VA Long Beach,XGBoost
36,20,fbs,0.003676,0.003676,PAIRWISE_E12_CLEV_TO_VA L_XGBoost,Cleveland,VA Long Beach,XGBoost
36,20,restecg,0.04933,0.04933,PAIRWISE_E12_CLEV_TO_VA L_XGBoost,Cleveland,VA Long Beach,XGBoost
36,20,thalach,0.01372,0.01372,PAIRWISE_E12_CLEV_TO_VA L_XGBoost,Cleveland,VA Long Beach,XGBoost
36,20,exang,0.104268,0.104268,PAIRWISE_E12_CLEV_TO_VA L_XGBoost,Cleveland,VA Long Beach,XGBoost
36,20,oldpeak,0.2348,0.2348,PAIRWISE_E12_CLEV_TO_VA L_XGBoost,Cleveland,VA Long Beach,XGBoost
36,20,slope,0.083611,0.083611,PAIRWISE_E12_CLEV_TO_VA L_XGBoost,Cleveland,VA Long Beach,XGBoost
122,21,age,-0.067202,0.067202,PAIRWISE_E12_CLEV_TO_VA L_XGBoost,Cleveland,VA Long Beach,XGBoost
122,21,sex,0.218048,0.218048,PAIRWISE_E12_CLEV_TO_VA L_XGBoost,Cleveland,VA Long Beach,XGBoost
122,21,cp,0.27138,0.27138,PAIRWISE_E12_CLEV_TO_VA L_XGBoost,Cleveland,VA Long Beach,XGBoost
122,21,trestbps,0.026102,0.026102,PAIRWISE_E12_CLEV_TO_VA L_XGBoost,Cleveland,VA Long Beach,XGBoost
122,21,fbs,-0.001133,0.001133,PAIRWISE_E12_CLEV_TO_VA L_XGBoost,Cleveland,VA Long Beach,XGBoost
122,21,restecg,-0.031164,0.031164,PAIRWISE_E12_CLEV_TO_VA L_XGBoost,Cleveland,VA Long Beach,XGBoost
122,21,thalach,0.116758,0.116758,PAIRWISE_E12_CLEV_TO_VA L_XGBoost,Cleveland,VA Long Beach,XGBoost
122,21,exang,0.114139,0.114139,PAIRWISE_E12_CLEV_TO_VA L_XGBoost,Cleveland,VA Long Beach,XGBoost
122,21,oldpeak,0.240237,0.240237,PAIRWISE_E12_CLEV_TO_VA L_XGBoost,Cleveland,VA Long Beach,XGBoost
122,21,slope,0.073201,0.073201,PAIRWISE_E12_CLEV_TO_VA L_XGBoost,Cleveland,VA Long Beach,XGBoost
88,22,age,0.03098,0.03098,PAIRWISE_E12_CLEV_TO_VA L_XGBoost,Cleveland,VA Long Beach,XGBoost
88,22,sex,0.223277,0.223277,PAIRWISE_E12_CLEV_TO_VA L_XGBoost,Cleveland,VA Long Beach,XGBoost
88,22,cp,0.247244,0.247244,PAIRWISE_E12_CLEV_TO_VA L_XGBoost,Cleveland,VA Long Beach,XGBoost
88,22,trestbps,0.058888,0.058888,PAIRWISE_E12_CLEV_TO_VA L_XGBoost,Cleveland,VA Long Beach,XGBoost
88,22,fbs,-0.005916,0.005916,PAIRWISE_E12_CLEV_TO_VA L_XGBoost,Cleveland,VA Long Beach,XGBoost
88,22,restecg,-0.038023,0.038023,PAIRWISE_E12_CLEV_TO_VA L_XGBoost,Cleveland,VA Long Beach,XGBoost
88,22,thalach,0.124302,0.124302,PAIRWISE_E12_CLEV_TO_VA L_XGBoost,Cleveland,VA Long Beach,XGBoost
88,22,exang,0.113217,0.113217,PAIRWISE_E12_CLEV_TO_VA L_XGBoost,Cleveland,VA Long Beach,XGBoost
88,22,oldpeak,0.250394,0.250394,PAIRWISE_E12_CLEV_TO_VA L_XGBoost,Cleveland,VA Long Beach,XGBoost
88,22,slope,0.037833,0.037833,PAIRWISE_E12_CLEV_TO_VA L_XGBoost,Cleveland,VA Long Beach,XGBoost
105,23,age,0.115964,0.115964,PAIRWISE_E12_CLEV_TO_VA L_XGBoost,Cleveland,VA Long Beach,XGBoost
105,23,sex,0.216426,0.216426,PAIRWISE_E12_CLEV_TO_VA L_XGBoost,Cleveland,VA Long Beach,XGBoost
105,23,cp,0.263774,0.263774,PAIRWISE_E12_CLEV_TO_VA L_XGBoost,Cleveland,VA Long Beach,XGBoost
105,23,trestbps,-0.044346,0.044346,PAIRWISE_E12_CLEV_TO_VA L_XGBoost,Cleveland,VA Long Beach,XGBoost
105,23,fbs,-0.021526,0.021526,PAIRWISE_E12_CLEV_TO_VA L_XGBoost,Cleveland,VA Long Beach,XGBoost
105,23,restecg,-0.022016,0.022016,PAIRWISE_E12_CLEV_TO_VA L_XGBoost,Cleveland,VA Long Beach,XGBoost
105,23,thalach,0.015656,0.015656,PAIRWISE_E12_CLEV_TO_VA L_XGBoost,Cleveland,VA Long Beach,XGBoost
105,23,exang,0.116769,0.116769,PAIRWISE_E12_CLEV_TO_VA L_XGBoost,Cleveland,VA Long Beach,XGBoost
105,23,oldpeak,0.215373,0.215373,PAIRWISE_E12_CLEV_TO_VA L_XGBoost,Cleveland,VA Long Beach,XGBoost
105,23,slope,0.019049,0.019049,PAIRWISE_E12_CLEV_TO_VA L_XGBoost,Cleveland,VA Long Beach,XGBoost
0,24,age,0.063178,0.063178,PAIRWISE_E12_CLEV_TO_VA L_XGBoost,Cleveland,VA Long Beach,XGBoost
0,24,sex,0.206617,0.206617,PAIRWISE_E12_CLEV_TO_VA L_XGBoost,Cleveland,VA Long Beach,XGBoost
0,24,cp,0.263613,0.263613,PAIRWISE_E12_CLEV_TO_VA L_XGBoost,Cleveland,VA Long Beach,XGBoost
0,24,trestbps,-0.022663,0.022663,PAIRWISE_E12_CLEV_TO_VA L_XGBoost,Cleveland,VA Long Beach,XGBoost
0,24,fbs,0.011957,0.011957,PAIRWISE_E12_CLEV_TO_VA L_XGBoost,Cleveland,VA Long Beach,XGBoost
0,24,restecg,0.028691,0.028691,PAIRWISE_E12_CLEV_TO_VA L_XGBoost,Cleveland,VA Long Beach,XGBoost
0,24,thalach,0.127611,0.127611,PAIRWISE_E12_CLEV_TO_VA L_XGBoost,Cleveland,VA Long Beach,XGBoost
0,24,exang,0.102455,0.102455,PAIRWISE_E12_CLEV_TO_VA L_XGBoost,Cleveland,VA Long Beach,XGBoost
0,24,oldpeak,0.253012,0.253012,PAIRWISE_E12_CLEV_TO_VA L_XGBoost,Cleveland,VA Long Beach,XGBoost
0,24,slope,0.085293,0.085293,PAIRWISE_E12_CLEV_TO_VA L_XGBoost,Cleveland,VA Long Beach,XGBoost
101,0,age,-0.025095,0.025095,PAIRWISE_E13_HUNG_TO_CLEV_LogisticRegression,Hungarian,Cleveland,LogisticRegression
101,0,sex,0.185145,0.185145,PAIRWISE_E13_HUNG_TO_CLEV_LogisticRegression,Hungarian,Cleveland,LogisticRegression
101,0,cp,-0.244593,0.244593,PAIRWISE_E13_HUNG_TO_CLEV_LogisticRegression,Hungarian,Cleveland,LogisticRegression
101,0,trestbps,0.026906,0.026906,PAIRWISE_E13_HUNG_TO_CLEV_LogisticRegression,Hungarian,Cleveland,LogisticRegression
101,0,fbs,-0.249505,0.249505,PAIRWISE_E13_HUNG_TO_CLEV_LogisticRegression,Hungarian,Cleveland,LogisticRegression
101,0,restecg,-0.086165,0.086165,PAIRWISE_E13_HUNG_TO_CLEV_LogisticRegression,Hungarian,Cleveland,LogisticRegression
101,0,thalach,-0.014677,0.014677,PAIRWISE_E13_HUNG_TO_CLEV_LogisticRegression,Hungarian,Cleveland,LogisticRegression
101,0,exang,-0.166155,0.166155,PAIRWISE_E13_HUNG_TO_CLEV_LogisticRegression,Hungarian,Cleveland,LogisticRegression
101,0,oldpeak,-0.307283,0.307283,PAIRWISE_E13_HUNG_TO_CLEV_LogisticRegression,Hungarian,Cleveland,LogisticRegression
101,0,slope,-0.148626,0.148626,PAIRWISE_E13_HUNG_TO_CLEV_LogisticRegression,Hungarian,Cleveland,LogisticRegression
182,1,age,-0.015778,0.015778,PAIRWISE_E13_HUNG_TO_CLEV_LogisticRegression,Hungarian,Cleveland,LogisticRegression
182,1,sex,0.184727,0.184727,PAIRWISE_E13_HUNG_TO_CLEV_LogisticRegression,Hungarian,Cleveland,LogisticRegression
182,1,cp,-0.208386,0.208386,PAIRWISE_E13_HUNG_TO_CLEV_LogisticRegression,Hungarian,Cleveland,LogisticRegression
182,1,trestbps,-0.025831,0.025831,PAIRWISE_E13_HUNG_TO_CLEV_LogisticRegression,Hungarian,Cleveland,LogisticRegression
182,1,fbs,-0.256198,0.256198,PAIRWISE_E13_HUNG_TO_CLEV_LogisticRegression,Hungarian,Cleveland,LogisticRegression
182,1,restecg,-0.173711,0.173711,PAIRWISE_E13_HUNG_TO_CLEV_LogisticRegression,Hungarian,Cleveland,LogisticRegression
182,1,thalach,-0.015652,0.015652,PAIRWISE_E13_HUNG_TO_CLEV_LogisticRegression,Hungarian,Cleveland,LogisticRegression
182,1,exang,-0.19691,0.19691,PAIRWISE_E13_HUNG_TO_CLEV_LogisticRegression,Hungarian,Cleveland,LogisticRegression
182,1,oldpeak,0.036625,0.036625,PAIRWISE_E13_HUNG_TO_CLEV_LogisticRegression,Hungarian,Cleveland,LogisticRegression
182,1,slope,-0.159606,0.159606,PAIRWISE_E13_HUNG_TO_CLEV_LogisticRegression,Hungarian,Cleveland,LogisticRegression
222,2,age,-0.032708,0.032708,PAIRWISE_E13_HUNG_TO_CLEV_LogisticRegression,Hungarian,Cleveland,LogisticRegression
222,2,sex,-0.181144,0.181144,PAIRWISE_E13_HUNG_TO_CLEV_LogisticRegression,Hungarian,Cleveland,LogisticRegression
222,2,cp,-0.011038,0.011038,PAIRWISE_E13_HUNG_TO_CLEV_LogisticRegression,Hungarian,Cleveland,LogisticRegression
222,2,trestbps,0.021601,0.021601,PAIRWISE_E13_HUNG_TO_CLEV_LogisticRegression,Hungarian,Cleveland,LogisticRegression
222,2,fbs,-0.242809,0.242809,PAIRWISE_E13_HUNG_TO_CLEV_LogisticRegression,Hungarian,Cleveland,LogisticRegression
222,2,restecg,0.087012,0.087012,PAIRWISE_E13_HUNG_TO_CLEV_LogisticRegression,Hungarian,Cleveland,LogisticRegression
222,2,thalach,-0.034476,0.034476,PAIRWISE_E13_HUNG_TO_CLEV_LogisticRegression,Hungarian,Cleveland,LogisticRegression
222,2,exang,-0.184702,0.184702,PAIRWISE_E13_HUNG_TO_CLEV_LogisticRegression,Hungarian,Cleveland,LogisticRegression
222,2,oldpeak,-0.279946,0.279946,PAIRWISE_E13_HUNG_TO_CLEV_LogisticRegression,Hungarian,Cleveland,LogisticRegression
222,2,slope,-0.171715,0.171715,PAIRWISE_E13_HUNG_TO_CLEV_LogisticRegression,Hungarian,Cleveland,LogisticRegression
21,3,age,0.022682,0.022682,PAIRWISE_E13_HUNG_TO_CLEV_LogisticRegression,Hungarian,Cleveland,LogisticRegression
21,3,sex,-0.185907,0.185907,PAIRWISE_E13_HUNG_TO_CLEV_LogisticRegression,Hungarian,Cleveland,LogisticRegression
21,3,cp,-0.158216,0.158216,PAIRWISE_E13_HUNG_TO_CLEV_LogisticRegression,Hungarian,Cleveland,LogisticRegression
21,3,trestbps,-0.013281,0.013281,PAIRWISE_E13_HUNG_TO_CLEV_LogisticRegression,Hungarian,Cleveland,LogisticRegression
21,3,fbs,0.219471,0.219471,PAIRWISE_E13_HUNG_TO_CLEV_LogisticRegression,Hungarian,Cleveland,LogisticRegression
21,3,restecg,-0.07558,0.07558,PAIRWISE_E13_HUNG_TO_CLEV_LogisticRegression,Hungarian,Cleveland,LogisticRegression
21,3,thalach,-0.013518,0.013518,PAIRWISE_E13_HUNG_TO_CLEV_LogisticRegression,Hungarian,Cleveland,LogisticRegression
21,3,exang,-0.150854,0.150854,PAIRWISE_E13_HUNG_TO_CLEV_LogisticRegression,Hungarian,Cleveland,LogisticRegression
21,3,oldpeak,0.071442,0.071442,PAIRWISE_E13_HUNG_TO_CLEV_LogisticRegression,Hungarian,Cleveland,LogisticRegression
21,3,slope,-0.135343,0.135343,PAIRWISE_E13_HUNG_TO_CLEV_LogisticRegression,Hungarian,Cleveland,LogisticRegression
239,4,age,-0.029963,0.029963,PAIRWISE_E13_HUNG_TO_CLEV_LogisticRegression,Hungarian,Cleveland,LogisticRegression
239,4,sex,0.176188,0.176188,PAIRWISE_E13_HUNG_TO_CLEV_LogisticRegression,Hungarian,Cleveland,LogisticRegression
239,4,cp,-0.203338,0.203338,PAIRWISE_E13_HUNG_TO_CLEV_LogisticRegression,Hungarian,Cleveland,LogisticRegression
239,4,trestbps,0.029571,0.029571,PAIRWISE_E13_HUNG_TO_CLEV_LogisticRegression,Hungarian,Cleveland,LogisticRegression
239,4,fbs,-0.253628,0.253628,PAIRWISE_E13_HUNG_TO_CLEV_LogisticRegression,Hungarian,Cleveland,LogisticRegression
239,4,restecg,0.057311,0.057311,PAIRWISE_E13_HUNG_TO_CLEV_LogisticRegression,Hungarian,Cleveland,LogisticRegression
239,4,thalach,-0.021244,0.021244,PAIRWISE_E13_HUNG_TO_CLEV_LogisticRegression,Hungarian,Cleveland,LogisticRegression
239,4,exang,-0.180176,0.180176,PAIRWISE_E13_HUNG_TO_CLEV_LogisticRegression,Hungarian,Cleveland,LogisticRegression
239,4,oldpeak,-0.293,0.293,PAIRWISE_E13_HUNG_TO_CLEV_LogisticRegression,Hungarian,Cleveland,LogisticRegression
239,4,slope,-0.162362,0.162362,PAIRWISE_E13_HUNG_TO_CLEV_LogisticRegression,Hungarian,Cleveland,LogisticRegression
105,5,age,0.023269,0.023269,PAIRWISE_E13_HUNG_TO_CLEV_LogisticRegression,Hungarian,Cleveland,LogisticRegression
105,5,sex,0.167905,0.167905,PAIRWISE_E13_HUNG_TO_CLEV_LogisticRegression,Hungarian,Cleveland,LogisticRegression
105,5,cp,-0.203238,0.203238,PAIRWISE_E13_HUNG_TO_CLEV_LogisticRegression,Hungarian,Cleveland,LogisticRegression
105,5,trestbps,0.01732,0.01732,PAIRWISE_E13_HUNG_TO_CLEV_LogisticRegression,Hungarian,Cleveland,LogisticRegression
105,5,fbs,-0.231847,0.231847,PAIRWISE_E13_HUNG_TO_CLEV_LogisticRegression,Hungarian,Cleveland,LogisticRegression
105,5,restecg,0.056792,0.056792,PAIRWISE_E13_HUNG_TO_CLEV_LogisticRegression,Hungarian,Cleveland,LogisticRegression
105,5,thalach,-1.5e-05,1.5e-05,PAIRWISE_E13_HUNG_TO_CLEV_LogisticRegression,Hungarian,Cleveland,LogisticRegression
105,5,exang,-0.188739,0.188739,PAIRWISE_E13_HUNG_TO_CLEV_LogisticRegression,Hungarian,Cleveland,LogisticRegression
105,5,oldpeak,-0.313111,0.313111,PAIRWISE_E13_HUNG_TO_CLEV_LogisticRegression,Hungarian,Cleveland,LogisticRegression
105,5,slope,-0.161033,0.161033,PAIRWISE_E13_HUNG_TO_CLEV_LogisticRegression,Hungarian,Cleveland,LogisticRegression
302,6,age,-0.026536,0.026536,PAIRWISE_E13_HUNG_TO_CLEV_LogisticRegression,Hungarian,Cleveland,LogisticRegression
302,6,sex,0.182904,0.182904,PAIRWISE_E13_HUNG_TO_CLEV_LogisticRegression,Hungarian,Cleveland,LogisticRegression
302,6,cp,-0.002188,0.002188,PAIRWISE_E13_HUNG_TO_CLEV_LogisticRegression,Hungarian,Cleveland,LogisticRegression
302,6,trestbps,0.002157,0.002157,PAIRWISE_E13_HUNG_TO_CLEV_LogisticRegression,Hungarian,Cleveland,LogisticRegression
302,6,fbs,-0.229583,0.229583,PAIRWISE_E13_HUNG_TO_CLEV_LogisticRegression,Hungarian,Cleveland,LogisticRegression
302,6,restecg,0.078921,0.078921,PAIRWISE_E13_HUNG_TO_CLEV_LogisticRegression,Hungarian,Cleveland,LogisticRegression
302,6,thalach,-0.021235,0.021235,PAIRWISE_E13_HUNG_TO_CLEV_LogisticRegression,Hungarian,Cleveland,LogisticRegression
302,6,exang,-0.156519,0.156519,PAIRWISE_E13_HUNG_TO_CLEV_LogisticRegression,Hungarian,Cleveland,LogisticRegression
302,6,oldpeak,-0.317324,0.317324,PAIRWISE_E13_HUNG_TO_CLEV_LogisticRegression,Hungarian,Cleveland,LogisticRegression
302,6,slope,-0.157092,0.157092,PAIRWISE_E13_HUNG_TO_CLEV_LogisticRegression,Hungarian,Cleveland,LogisticRegression
52,7,age,-0.000358,0.000358,PAIRWISE_E13_HUNG_TO_CLEV_LogisticRegression,Hungarian,Cleveland,LogisticRegression
52,7,sex,0.189322,0.189322,PAIRWISE_E13_HUNG_TO_CLEV_LogisticRegression,Hungarian,Cleveland,LogisticRegression
52,7,cp,0.217299,0.217299,PAIRWISE_E13_HUNG_TO_CLEV_LogisticRegression,Hungarian,Cleveland,LogisticRegression
52,7,trestbps,0.021107,0.021107,PAIRWISE_E13_HUNG_TO_CLEV_LogisticRegression,Hungarian,Cleveland,LogisticRegression
52,7,fbs,-0.242084,0.242084,PAIRWISE_E13_HUNG_TO_CLEV_LogisticRegression,Hungarian,Cleveland,LogisticRegression
52,7,restecg,-0.072453,0.072453,PAIRWISE_E13_HUNG_TO_CLEV_LogisticRegression,Hungarian,Cleveland,LogisticRegression
52,7,thalach,-0.008069,0.008069,PAIRWISE_E13_HUNG_TO_CLEV_LogisticRegression,Hungarian,Cleveland,LogisticRegression
52,7,exang,-0.17355,0.17355,PAIRWISE_E13_HUNG_TO_CLEV_LogisticRegression,Hungarian,Cleveland,LogisticRegression
52,7,oldpeak,-0.315374,0.315374,PAIRWISE_E13_HUNG_TO_CLEV_LogisticRegression,Hungarian,Cleveland,LogisticRegression
52,7,slope,-0.177423,0.177423,PAIRWISE_E13_HUNG_TO_CLEV_LogisticRegression,Hungarian,Cleveland,LogisticRegression
32,8,age,0.008256,0.008256,PAIRWISE_E13_HUNG_TO_CLEV_LogisticRegression,Hungarian,Cleveland,LogisticRegression
32,8,sex,0.178473,0.178473,PAIRWISE_E13_HUNG_TO_CLEV_LogisticRegression,Hungarian,Cleveland,LogisticRegression
32,8,cp,-0.004711,0.004711,PAIRWISE_E13_HUNG_TO_CLEV_LogisticRegression,Hungarian,Cleveland,LogisticRegression
32,8,trestbps,0.004408,0.004408,PAIRWISE_E13_HUNG_TO_CLEV_LogisticRegression,Hungarian,Cleveland,LogisticRegression
32,8,fbs,-0.237402,0.237402,PAIRWISE_E13_HUNG_TO_CLEV_LogisticRegression,Hungarian,Cleveland,LogisticRegression
32,8,restecg,0.069079,0.069079,PAIRWISE_E13_HUNG_TO_CLEV_LogisticRegression,Hungarian,Cleveland,LogisticRegression
32,8,thalach,-0.038458,0.038458,PAIRWISE_E13_HUNG_TO_CLEV_LogisticRegression,Hungarian,Cleveland,LogisticRegression
32,8,exang,-0.14932,0.14932,PAIRWISE_E13_HUNG_TO_CLEV_LogisticRegression,Hungarian,Cleveland,LogisticRegression
32,8,oldpeak,-0.312297,0.312297,PAIRWISE_E13_HUNG_TO_CLEV_LogisticRegression,Hungarian,Cleveland,LogisticRegression
32,8,slope,-0.162815,0.162815,PAIRWISE_E13_HUNG_TO_CLEV_LogisticRegression,Hungarian,Cleveland,LogisticRegression
35,9,age,-0.03023,0.03023,PAIRWISE_E13_HUNG_TO_CLEV_LogisticRegression,Hungarian,Cleveland,LogisticRegression
35,9,sex,0.180136,0.180136,PAIRWISE_E13_HUNG_TO_CLEV_LogisticRegression,Hungarian,Cleveland,LogisticRegression
35,9,cp,0.225236,0.225236,PAIRWISE_E13_HUNG_TO_CLEV_LogisticRegression,Hungarian,Cleveland,LogisticRegression
35,9,trestbps,-0.006763,0.006763,PAIRWISE_E13_HUNG_TO_CLEV_LogisticRegression,Hungarian,Cleveland,LogisticRegression
35,9,fbs,-0.242012,0.242012,PAIRWISE_E13_HUNG_TO_CLEV_LogisticRegression,Hungarian,Cleveland,LogisticRegression
35,9,restecg,0.06729,0.06729,PAIRWISE_E13_HUNG_TO_CLEV_LogisticRegression,Hungarian,Cleveland,LogisticRegression
35,9,thalach,-0.019161,0.019161,PAIRWISE_E13_HUNG_TO_CLEV_LogisticRegression,Hungarian,Cleveland,LogisticRegression
35,9,exang,-0.177874,0.177874,PAIRWISE_E13_HUNG_TO_CLEV_LogisticRegression,Hungarian,Cleveland,LogisticRegression
35,9,oldpeak,-0.318696,0.318696,PAIRWISE_E13_HUNG_TO_CLEV_LogisticRegression,Hungarian,Cleveland,LogisticRegression
35,9,slope,-0.155022,0.155022,PAIRWISE_E13_HUNG_TO_CLEV_LogisticRegression,Hungarian,Cleveland,LogisticRegression
130,10,age,0.009143,0.009143,PAIRWISE_E13_HUNG_TO_CLEV_LogisticRegression,Hungarian,Cleveland,LogisticRegression
130,10,sex,0.178486,0.178486,PAIRWISE_E13_HUNG_TO_CLEV_LogisticRegression,Hungarian,Cleveland,LogisticRegression
130,10,cp,-0.019746,0.019746,PAIRWISE_E13_HUNG_TO_CLEV_LogisticRegression,Hungarian,Cleveland,LogisticRegression
130,10,trestbps,0.001106,0.001106,PAIRWISE_E13_HUNG_TO_CLEV_LogisticRegression,Hungarian,Cleveland,LogisticRegression
130,10,fbs,-0.22391,0.22391,PAIRWISE_E13_HUNG_TO_CLEV_LogisticRegression,Hungarian,Cleveland,LogisticRegression
130,10,restecg,-0.124863,0.124863,PAIRWISE_E13_HUNG_TO_CLEV_LogisticRegression,Hungarian,Cleveland,LogisticRegression
130,10,thalach,-0.039062,0.039062,PAIRWISE_E13_HUNG_TO_CLEV_LogisticRegression,Hungarian,Cleveland,LogisticRegression
130,10,exang,-0.200066,0.200066,PAIRWISE_E13_HUNG_TO_CLEV_LogisticRegression,Hungarian,Cleveland,LogisticRegression
130,10,oldpeak,0.062778,0.062778,PAIRWISE_E13_HUNG_TO_CLEV_LogisticRegression,Hungarian,Cleveland,LogisticRegression
130,10,slope,0.14759,0.14759,PAIRWISE_E13_HUNG_TO_CLEV_LogisticRegression,Hungarian,Cleveland,LogisticRegression
194,11,age,0.01613,0.01613,PAIRWISE_E13_HUNG_TO_CLEV_LogisticRegression,Hungarian,Cleveland,LogisticRegression
194,11,sex,-0.190398,0.190398,PAIRWISE_E13_HUNG_TO_CLEV_LogisticRegression,Hungarian,Cleveland,LogisticRegression
194,11,cp,-0.019679,0.019679,PAIRWISE_E13_HUNG_TO_CLEV_LogisticRegression,Hungarian,Cleveland,LogisticRegression
194,11,trestbps,0.007205,0.007205,PAIRWISE_E13_HUNG_TO_CLEV_LogisticRegression,Hungarian,Cleveland,LogisticRegression
194,11,fbs,-0.249472,0.249472,PAIRWISE_E13_HUNG_TO_CLEV_LogisticRegression,Hungarian,Cleveland,LogisticRegression
194,11,restecg,-0.149218,0.149218,PAIRWISE_E13_HUNG_TO_CLEV_LogisticRegression,Hungarian,Cleveland,LogisticRegression
194,11,thalach,0.03103,0.03103,PAIRWISE_E13_HUNG_TO_CLEV_LogisticRegression,Hungarian,Cleveland,LogisticRegression
194,11,exang,-0.185698,0.185698,PAIRWISE_E13_HUNG_TO_CLEV_LogisticRegression,Hungarian,Cleveland,LogisticRegression
194,11,oldpeak,0.373803,0.373803,PAIRWISE_E13_HUNG_TO_CLEV_LogisticRegression,Hungarian,Cleveland,LogisticRegression
194,11,slope,0.15995,0.15995,PAIRWISE_E13_HUNG_TO_CLEV_LogisticRegression,Hungarian,Cleveland,LogisticRegression
7,12,age,0.033128,0.033128,PAIRWISE_E13_HUNG_TO_CLEV_LogisticRegression,Hungarian,Cleveland,LogisticRegression
7,12,sex,-0.200631,0.200631,PAIRWISE_E13_HUNG_TO_CLEV_LogisticRegression,Hungarian,Cleveland,LogisticRegression
7,12,cp,0.233369,0.233369,PAIRWISE_E13_HUNG_TO_CLEV_LogisticRegression,Hungarian,Cleveland,LogisticRegression
7,12,trestbps,0.024794,0.024794,PAIRWISE_E13_HUNG_TO_CLEV_LogisticRegression,Hungarian,Cleveland,LogisticRegression
7,12,fbs,-0.256811,0.256811,PAIRWISE_E13_HUNG_TO_CLEV_LogisticRegression,Hungarian,Cleveland,LogisticRegression
7,12,restecg,0.073633,0.073633,PAIRWISE_E13_HUNG_TO_CLEV_LogisticRegression,Hungarian,Cleveland,LogisticRegression
7,12,thalach,-0.034682,0.034682,PAIRWISE_E13_HUNG_TO_CLEV_LogisticRegression,Hungarian,Cleveland,LogisticRegression
7,12,exang,0.18033,0.18033,PAIRWISE_E13_HUNG_TO_CLEV_LogisticRegression,Hungarian,Cleveland,LogisticRegression
7,12,oldpeak,0.060269,0.060269,PAIRWISE_E13_HUNG_TO_CLEV_LogisticRegression,Hungarian,Cleveland,LogisticRegression
7,12,slope,-0.164983,0.164983,PAIRWISE_E13_HUNG_TO_CLEV_LogisticRegression,Hungarian,Cleveland,LogisticRegression
162,13,age,0.021385,0.021385,PAIRWISE_E13_HUNG_TO_CLEV_LogisticRegression,Hungarian,Cleveland,LogisticRegression
162,13,sex,-0.180448,0.180448,PAIRWISE_E13_HUNG_TO_CLEV_LogisticRegression,Hungarian,Cleveland,LogisticRegression
162,13,cp,0.000779,0.000779,PAIRWISE_E13_HUNG_TO_CLEV_LogisticRegression,Hungarian,Cleveland,LogisticRegression
162,13,trestbps,0.000462,0.000462,PAIRWISE_E13_HUNG_TO_CLEV_LogisticRegression,Hungarian,Cleveland,LogisticRegression
162,13,fbs,-0.264415,0.264415,PAIRWISE_E13_HUNG_TO_CLEV_LogisticRegression,Hungarian,Cleveland,LogisticRegression
162,13,restecg,0.041296,0.041296,PAIRWISE_E13_HUNG_TO_CLEV_LogisticRegression,Hungarian,Cleveland,LogisticRegression
162,13,thalach,-0.007662,0.007662,PAIRWISE_E13_HUNG_TO_CLEV_LogisticRegression,Hungarian,Cleveland,LogisticRegression
162,13,exang,-0.168808,0.168808,PAIRWISE_E13_HUNG_TO_CLEV_LogisticRegression,Hungarian,Cleveland,LogisticRegression
162,13,oldpeak,0.368704,0.368704,PAIRWISE_E13_HUNG_TO_CLEV_LogisticRegression,Hungarian,Cleveland,LogisticRegression
162,13,slope,0.15125,0.15125,PAIRWISE_E13_HUNG_TO_CLEV_LogisticRegression,Hungarian,Cleveland,LogisticRegression
106,14,age,0.054276,0.054276,PAIRWISE_E13_HUNG_TO_CLEV_LogisticRegression,Hungarian,Cleveland,LogisticRegression
106,14,sex,0.202129,0.202129,PAIRWISE_E13_HUNG_TO_CLEV_LogisticRegression,Hungarian,Cleveland,LogisticRegression
106,14,cp,0.234172,0.234172,PAIRWISE_E13_HUNG_TO_CLEV_LogisticRegression,Hungarian,Cleveland,LogisticRegression
106,14,trestbps,0.006579,0.006579,PAIRWISE_E13_HUNG_TO_CLEV_LogisticRegression,Hungarian,Cleveland,LogisticRegression
106,14,fbs,-0.262238,0.262238,PAIRWISE_E13_HUNG_TO_CLEV_LogisticRegression,Hungarian,Cleveland,LogisticRegression
106,14,restecg,0.076985,0.076985,PAIRWISE_E13_HUNG_TO_CLEV_LogisticRegression,Hungarian,Cleveland,LogisticRegression
106,14,thalach,-0.005871,0.005871,PAIRWISE_E13_HUNG_TO_CLEV_LogisticRegression,Hungarian,Cleveland,LogisticRegression
106,14,exang,0.162259,0.162259,PAIRWISE_E13_HUNG_TO_CLEV_LogisticRegression,Hungarian,Cleveland,LogisticRegression
106,14,oldpeak,-0.328094,0.328094,PAIRWISE_E13_HUNG_TO_CLEV_LogisticRegression,Hungarian,Cleveland,LogisticRegression
106,14,slope,-0.171735,0.171735,PAIRWISE_E13_HUNG_TO_CLEV_LogisticRegression,Hungarian,Cleveland,LogisticRegression
27,15,age,0.058452,0.058452,PAIRWISE_E13_HUNG_TO_CLEV_LogisticRegression,Hungarian,Cleveland,LogisticRegression
27,15,sex,-0.198894,0.198894,PAIRWISE_E13_HUNG_TO_CLEV_LogisticRegression,Hungarian,Cleveland,LogisticRegression
27,15,cp,-0.1831,0.1831,PAIRWISE_E13_HUNG_TO_CLEV_LogisticRegression,Hungarian,Cleveland,LogisticRegression
27,15,trestbps,-0.014294,0.014294,PAIRWISE_E13_HUNG_TO_CLEV_LogisticRegression,Hungarian,Cleveland,LogisticRegression
27,15,fbs,-0.24314,0.24314,PAIRWISE_E13_HUNG_TO_CLEV_LogisticRegression,Hungarian,Cleveland,LogisticRegression
27,15,restecg,0.085638,0.085638,PAIRWISE_E13_HUNG_TO_CLEV_LogisticRegression,Hungarian,Cleveland,LogisticRegression
27,15,thalach,0.024737,0.024737,PAIRWISE_E13_HUNG_TO_CLEV_LogisticRegression,Hungarian,Cleveland,LogisticRegression
27,15,exang,-0.173642,0.173642,PAIRWISE_E13_HUNG_TO_CLEV_LogisticRegression,Hungarian,Cleveland,LogisticRegression
27,15,oldpeak,0.376739,0.376739,PAIRWISE_E13_HUNG_TO_CLEV_LogisticRegression,Hungarian,Cleveland,LogisticRegression
27,15,slope,0.087163,0.087163,PAIRWISE_E13_HUNG_TO_CLEV_LogisticRegression,Hungarian,Cleveland,LogisticRegression
97,16,age,0.021103,0.021103,PAIRWISE_E13_HUNG_TO_CLEV_LogisticRegression,Hungarian,Cleveland,LogisticRegression
97,16,sex,-0.193415,0.193415,PAIRWISE_E13_HUNG_TO_CLEV_LogisticRegression,Hungarian,Cleveland,LogisticRegression
97,16,cp,0.220239,0.220239,PAIRWISE_E13_HUNG_TO_CLEV_LogisticRegression,Hungarian,Cleveland,LogisticRegression
97,16,trestbps,-0.014471,0.014471,PAIRWISE_E13_HUNG_TO_CLEV_LogisticRegression,Hungarian,Cleveland,LogisticRegression
97,16,fbs,-0.226054,0.226054,PAIRWISE_E13_HUNG_TO_CLEV_LogisticRegression,Hungarian,Cleveland,LogisticRegression
97,16,restecg,-0.050755,0.050755,PAIRWISE_E13_HUNG_TO_CLEV_LogisticRegression,Hungarian,Cleveland,LogisticRegression
97,16,thalach,-0.013923,0.013923,PAIRWISE_E13_HUNG_TO_CLEV_LogisticRegression,Hungarian,Cleveland,LogisticRegression
97,16,exang,-0.174574,0.174574,PAIRWISE_E13_HUNG_TO_CLEV_LogisticRegression,Hungarian,Cleveland,LogisticRegression
97,16,oldpeak,0.393945,0.393945,PAIRWISE_E13_HUNG_TO_CLEV_LogisticRegression,Hungarian,Cleveland,LogisticRegression
97,16,slope,0.153687,0.153687,PAIRWISE_E13_HUNG_TO_CLEV_LogisticRegression,Hungarian,Cleveland,LogisticRegression
92,17,age,0.027013,0.027013,PAIRWISE_E13_HUNG_TO_CLEV_LogisticRegression,Hungarian,Cleveland,LogisticRegression
92,17,sex,0.187309,0.187309,PAIRWISE_E13_HUNG_TO_CLEV_LogisticRegression,Hungarian,Cleveland,LogisticRegression
92,17,cp,-0.013152,0.013152,PAIRWISE_E13_HUNG_TO_CLEV_LogisticRegression,Hungarian,Cleveland,LogisticRegression
92,17,trestbps,-0.011449,0.011449,PAIRWISE_E13_HUNG_TO_CLEV_LogisticRegression,Hungarian,Cleveland,LogisticRegression
92,17,fbs,-0.276433,0.276433,PAIRWISE_E13_HUNG_TO_CLEV_LogisticRegression,Hungarian,Cleveland,LogisticRegression
92,17,restecg,0.063816,0.063816,PAIRWISE_E13_HUNG_TO_CLEV_LogisticRegression,Hungarian,Cleveland,LogisticRegression
92,17,thalach,-0.000242,0.000242,PAIRWISE_E13_HUNG_TO_CLEV_LogisticRegression,Hungarian,Cleveland,LogisticRegression
92,17,exang,-0.181753,0.181753,PAIRWISE_E13_HUNG_TO_CLEV_LogisticRegression,Hungarian,Cleveland,LogisticRegression
92,17,oldpeak,0.396862,0.396862,PAIRWISE_E13_HUNG_TO_CLEV_LogisticRegression,Hungarian,Cleveland,LogisticRegression
92,17,slope,0.150919,0.150919,PAIRWISE_E13_HUNG_TO_CLEV_LogisticRegression,Hungarian,Cleveland,LogisticRegression
66,18,age,0.038137,0.038137,PAIRWISE_E13_HUNG_TO_CLEV_LogisticRegression,Hungarian,Cleveland,LogisticRegression
66,18,sex,0.189596,0.189596,PAIRWISE_E13_HUNG_TO_CLEV_LogisticRegression,Hungarian,Cleveland,LogisticRegression
66,18,cp,-0.008422,0.008422,PAIRWISE_E13_HUNG_TO_CLEV_LogisticRegression,Hungarian,Cleveland,LogisticRegression
66,18,trestbps,-0.008437,0.008437,PAIRWISE_E13_HUNG_TO_CLEV_LogisticRegression,Hungarian,Cleveland,LogisticRegression
66,18,fbs,-0.249662,0.249662,PAIRWISE_E13_HUNG_TO_CLEV_LogisticRegression,Hungarian,Cleveland,LogisticRegression
66,18,restecg,-0.094876,0.094876,PAIRWISE_E13_HUNG_TO_CLEV_LogisticRegression,Hungarian,Cleveland,LogisticRegression
66,18,thalach,-0.017813,0.017813,PAIRWISE_E13_HUNG_TO_CLEV_LogisticRegression,Hungarian,Cleveland,LogisticRegression
66,18,exang,-0.185136,0.185136,PAIRWISE_E13_HUNG_TO_CLEV_LogisticRegression,Hungarian,Cleveland,LogisticRegression
66,18,oldpeak,0.378341,0.378341,PAIRWISE_E13_HUNG_TO_CLEV_LogisticRegression,Hungarian,Cleveland,LogisticRegression
66,18,slope,0.154146,0.154146,PAIRWISE_E13_HUNG_TO_CLEV_LogisticRegression,Hungarian,Cleveland,LogisticRegression
155,19,age,0.038852,0.038852,PAIRWISE_E13_HUNG_TO_CLEV_LogisticRegression,Hungarian,Cleveland,LogisticRegression
155,19,sex,0.18059,0.18059,PAIRWISE_E13_HUNG_TO_CLEV_LogisticRegression,Hungarian,Cleveland,LogisticRegression
155,19,cp,0.246513,0.246513,PAIRWISE_E13_HUNG_TO_CLEV_LogisticRegression,Hungarian,Cleveland,LogisticRegression
155,19,trestbps,-0.005685,0.005685,PAIRWISE_E13_HUNG_TO_CLEV_LogisticRegression,Hungarian,Cleveland,LogisticRegression
155,19,fbs,-0.27512,0.27512,PAIRWISE_E13_HUNG_TO_CLEV_LogisticRegression,Hungarian,Cleveland,LogisticRegression
155,19,restecg,-0.097718,0.097718,PAIRWISE_E13_HUNG_TO_CLEV_LogisticRegression,Hungarian,Cleveland,LogisticRegression
155,19,thalach,0.011494,0.011494,PAIRWISE_E13_HUNG_TO_CLEV_LogisticRegression,Hungarian,Cleveland,LogisticRegression
155,19,exang,-0.177249,0.177249,PAIRWISE_E13_HUNG_TO_CLEV_LogisticRegression,Hungarian,Cleveland,LogisticRegression
155,19,oldpeak,0.367247,0.367247,PAIRWISE_E13_HUNG_TO_CLEV_LogisticRegression,Hungarian,Cleveland,LogisticRegression
155,19,slope,0.153619,0.153619,PAIRWISE_E13_HUNG_TO_CLEV_LogisticRegression,Hungarian,Cleveland,LogisticRegression
211,20,age,-0.03475,0.03475,PAIRWISE_E13_HUNG_TO_CLEV_LogisticRegression,Hungarian,Cleveland,LogisticRegression
211,20,sex,0.177894,0.177894,PAIRWISE_E13_HUNG_TO_CLEV_LogisticRegression,Hungarian,Cleveland,LogisticRegression
211,20,cp,-0.20267,0.20267,PAIRWISE_E13_HUNG_TO_CLEV_LogisticRegression,Hungarian,Cleveland,LogisticRegression
211,20,trestbps,0.016478,0.016478,PAIRWISE_E13_HUNG_TO_CLEV_LogisticRegression,Hungarian,Cleveland,LogisticRegression
211,20,fbs,-0.255152,0.255152,PAIRWISE_E13_HUNG_TO_CLEV_LogisticRegression,Hungarian,Cleveland,LogisticRegression
211,20,restecg,0.062065,0.062065,PAIRWISE_E13_HUNG_TO_CLEV_LogisticRegression,Hungarian,Cleveland,LogisticRegression
211,20,thalach,0.001069,0.001069,PAIRWISE_E13_HUNG_TO_CLEV_LogisticRegression,Hungarian,Cleveland,LogisticRegression
211,20,exang,0.198494,0.198494,PAIRWISE_E13_HUNG_TO_CLEV_LogisticRegression,Hungarian,Cleveland,LogisticRegression
211,20,oldpeak,0.346834,0.346834,PAIRWISE_E13_HUNG_TO_CLEV_LogisticRegression,Hungarian,Cleveland,LogisticRegression
211,20,slope,0.165197,0.165197,PAIRWISE_E13_HUNG_TO_CLEV_LogisticRegression,Hungarian,Cleveland,LogisticRegression
265,21,age,-0.036157,0.036157,PAIRWISE_E13_HUNG_TO_CLEV_LogisticRegression,Hungarian,Cleveland,LogisticRegression
265,21,sex,0.186932,0.186932,PAIRWISE_E13_HUNG_TO_CLEV_LogisticRegression,Hungarian,Cleveland,LogisticRegression
265,21,cp,0.229153,0.229153,PAIRWISE_E13_HUNG_TO_CLEV_LogisticRegression,Hungarian,Cleveland,LogisticRegression
265,21,trestbps,-0.010019,0.010019,PAIRWISE_E13_HUNG_TO_CLEV_LogisticRegression,Hungarian,Cleveland,LogisticRegression
265,21,fbs,-0.265668,0.265668,PAIRWISE_E13_HUNG_TO_CLEV_LogisticRegression,Hungarian,Cleveland,LogisticRegression
265,21,restecg,0.065067,0.065067,PAIRWISE_E13_HUNG_TO_CLEV_LogisticRegression,Hungarian,Cleveland,LogisticRegression
265,21,thalach,0.008742,0.008742,PAIRWISE_E13_HUNG_TO_CLEV_LogisticRegression,Hungarian,Cleveland,LogisticRegression
265,21,exang,0.180416,0.180416,PAIRWISE_E13_HUNG_TO_CLEV_LogisticRegression,Hungarian,Cleveland,LogisticRegression
265,21,oldpeak,0.38725,0.38725,PAIRWISE_E13_HUNG_TO_CLEV_LogisticRegression,Hungarian,Cleveland,LogisticRegression
265,21,slope,0.166861,0.166861,PAIRWISE_E13_HUNG_TO_CLEV_LogisticRegression,Hungarian,Cleveland,LogisticRegression
223,22,age,0.007234,0.007234,PAIRWISE_E13_HUNG_TO_CLEV_LogisticRegression,Hungarian,Cleveland,LogisticRegression
223,22,sex,0.181609,0.181609,PAIRWISE_E13_HUNG_TO_CLEV_LogisticRegression,Hungarian,Cleveland,LogisticRegression
223,22,cp,0.226258,0.226258,PAIRWISE_E13_HUNG_TO_CLEV_LogisticRegression,Hungarian,Cleveland,LogisticRegression
223,22,trestbps,0.005112,0.005112,PAIRWISE_E13_HUNG_TO_CLEV_LogisticRegression,Hungarian,Cleveland,LogisticRegression
223,22,fbs,-0.244972,0.244972,PAIRWISE_E13_HUNG_TO_CLEV_LogisticRegression,Hungarian,Cleveland,LogisticRegression
223,22,restecg,0.059388,0.059388,PAIRWISE_E13_HUNG_TO_CLEV_LogisticRegression,Hungarian,Cleveland,LogisticRegression
223,22,thalach,0.014048,0.014048,PAIRWISE_E13_HUNG_TO_CLEV_LogisticRegression,Hungarian,Cleveland,LogisticRegression
223,22,exang,0.181823,0.181823,PAIRWISE_E13_HUNG_TO_CLEV_LogisticRegression,Hungarian,Cleveland,LogisticRegression
223,22,oldpeak,0.372862,0.372862,PAIRWISE_E13_HUNG_TO_CLEV_LogisticRegression,Hungarian,Cleveland,LogisticRegression
223,22,slope,0.165801,0.165801,PAIRWISE_E13_HUNG_TO_CLEV_LogisticRegression,Hungarian,Cleveland,LogisticRegression
264,23,age,0.028868,0.028868,PAIRWISE_E13_HUNG_TO_CLEV_LogisticRegression,Hungarian,Cleveland,LogisticRegression
264,23,sex,0.185357,0.185357,PAIRWISE_E13_HUNG_TO_CLEV_LogisticRegression,Hungarian,Cleveland,LogisticRegression
264,23,cp,0.234906,0.234906,PAIRWISE_E13_HUNG_TO_CLEV_LogisticRegression,Hungarian,Cleveland,LogisticRegression
264,23,trestbps,0.007225,0.007225,PAIRWISE_E13_HUNG_TO_CLEV_LogisticRegression,Hungarian,Cleveland,LogisticRegression
264,23,fbs,-0.209607,0.209607,PAIRWISE_E13_HUNG_TO_CLEV_LogisticRegression,Hungarian,Cleveland,LogisticRegression
264,23,restecg,-0.122969,0.122969,PAIRWISE_E13_HUNG_TO_CLEV_LogisticRegression,Hungarian,Cleveland,LogisticRegression
264,23,thalach,0.01293,0.01293,PAIRWISE_E13_HUNG_TO_CLEV_LogisticRegression,Hungarian,Cleveland,LogisticRegression
264,23,exang,0.18866,0.18866,PAIRWISE_E13_HUNG_TO_CLEV_LogisticRegression,Hungarian,Cleveland,LogisticRegression
264,23,oldpeak,0.394226,0.394226,PAIRWISE_E13_HUNG_TO_CLEV_LogisticRegression,Hungarian,Cleveland,LogisticRegression
264,23,slope,0.155164,0.155164,PAIRWISE_E13_HUNG_TO_CLEV_LogisticRegression,Hungarian,Cleveland,LogisticRegression
123,24,age,0.017568,0.017568,PAIRWISE_E13_HUNG_TO_CLEV_LogisticRegression,Hungarian,Cleveland,LogisticRegression
123,24,sex,0.197161,0.197161,PAIRWISE_E13_HUNG_TO_CLEV_LogisticRegression,Hungarian,Cleveland,LogisticRegression
123,24,cp,0.226762,0.226762,PAIRWISE_E13_HUNG_TO_CLEV_LogisticRegression,Hungarian,Cleveland,LogisticRegression
123,24,trestbps,-0.015302,0.015302,PAIRWISE_E13_HUNG_TO_CLEV_LogisticRegression,Hungarian,Cleveland,LogisticRegression
123,24,fbs,-0.221611,0.221611,PAIRWISE_E13_HUNG_TO_CLEV_LogisticRegression,Hungarian,Cleveland,LogisticRegression
123,24,restecg,0.074728,0.074728,PAIRWISE_E13_HUNG_TO_CLEV_LogisticRegression,Hungarian,Cleveland,LogisticRegression
123,24,thalach,0.028125,0.028125,PAIRWISE_E13_HUNG_TO_CLEV_LogisticRegression,Hungarian,Cleveland,LogisticRegression
123,24,exang,0.167037,0.167037,PAIRWISE_E13_HUNG_TO_CLEV_LogisticRegression,Hungarian,Cleveland,LogisticRegression
123,24,oldpeak,0.387359,0.387359,PAIRWISE_E13_HUNG_TO_CLEV_LogisticRegression,Hungarian,Cleveland,LogisticRegression
123,24,slope,0.196218,0.196218,PAIRWISE_E13_HUNG_TO_CLEV_LogisticRegression,Hungarian,Cleveland,LogisticRegression
241,0,age,-0.012277,0.012277,PAIRWISE_E14_HUNG_TO_CLEV_RandomForest,Hungarian,Cleveland,RandomForest
241,0,sex,-0.072072,0.072072,PAIRWISE_E14_HUNG_TO_CLEV_RandomForest,Hungarian,Cleveland,RandomForest
241,0,cp,-0.175312,0.175312,PAIRWISE_E14_HUNG_TO_CLEV_RandomForest,Hungarian,Cleveland,RandomForest
241,0,trestbps,-0.022146,0.022146,PAIRWISE_E14_HUNG_TO_CLEV_RandomForest,Hungarian,Cleveland,RandomForest
241,0,fbs,-0.049244,0.049244,PAIRWISE_E14_HUNG_TO_CLEV_RandomForest,Hungarian,Cleveland,RandomForest
241,0,restecg,0.016638,0.016638,PAIRWISE_E14_HUNG_TO_CLEV_RandomForest,Hungarian,Cleveland,RandomForest
241,0,thalach,-0.03391,0.03391,PAIRWISE_E14_HUNG_TO_CLEV_RandomForest,Hungarian,Cleveland,RandomForest
241,0,exang,-0.229228,0.229228,PAIRWISE_E14_HUNG_TO_CLEV_RandomForest,Hungarian,Cleveland,RandomForest
241,0,oldpeak,-0.183631,0.183631,PAIRWISE_E14_HUNG_TO_CLEV_RandomForest,Hungarian,Cleveland,RandomForest
241,0,slope,-0.081683,0.081683,PAIRWISE_E14_HUNG_TO_CLEV_RandomForest,Hungarian,Cleveland,RandomForest
87,1,age,0.007978,0.007978,PAIRWISE_E14_HUNG_TO_CLEV_RandomForest,Hungarian,Cleveland,RandomForest
87,1,sex,-0.090971,0.090971,PAIRWISE_E14_HUNG_TO_CLEV_RandomForest,Hungarian,Cleveland,RandomForest
87,1,cp,-0.088816,0.088816,PAIRWISE_E14_HUNG_TO_CLEV_RandomForest,Hungarian,Cleveland,RandomForest
87,1,trestbps,-0.024722,0.024722,PAIRWISE_E14_HUNG_TO_CLEV_RandomForest,Hungarian,Cleveland,RandomForest
87,1,fbs,-0.051768,0.051768,PAIRWISE_E14_HUNG_TO_CLEV_RandomForest,Hungarian,Cleveland,RandomForest
87,1,restecg,-0.019511,0.019511,PAIRWISE_E14_HUNG_TO_CLEV_RandomForest,Hungarian,Cleveland,RandomForest
87,1,thalach,0.076186,0.076186,PAIRWISE_E14_HUNG_TO_CLEV_RandomForest,Hungarian,Cleveland,RandomForest
87,1,exang,-0.244509,0.244509,PAIRWISE_E14_HUNG_TO_CLEV_RandomForest,Hungarian,Cleveland,RandomForest
87,1,oldpeak,-0.184891,0.184891,PAIRWISE_E14_HUNG_TO_CLEV_RandomForest,Hungarian,Cleveland,RandomForest
87,1,slope,-0.092219,0.092219,PAIRWISE_E14_HUNG_TO_CLEV_RandomForest,Hungarian,Cleveland,RandomForest
125,2,age,-0.017396,0.017396,PAIRWISE_E14_HUNG_TO_CLEV_RandomForest,Hungarian,Cleveland,RandomForest
125,2,sex,-0.071591,0.071591,PAIRWISE_E14_HUNG_TO_CLEV_RandomForest,Hungarian,Cleveland,RandomForest
125,2,cp,-0.160776,0.160776,PAIRWISE_E14_HUNG_TO_CLEV_RandomForest,Hungarian,Cleveland,RandomForest
125,2,trestbps,-0.022231,0.022231,PAIRWISE_E14_HUNG_TO_CLEV_RandomForest,Hungarian,Cleveland,RandomForest
125,2,fbs,-0.047887,0.047887,PAIRWISE_E14_HUNG_TO_CLEV_RandomForest,Hungarian,Cleveland,RandomForest
125,2,restecg,-0.035774,0.035774,PAIRWISE_E14_HUNG_TO_CLEV_RandomForest,Hungarian,Cleveland,RandomForest
125,2,thalach,-0.045639,0.045639,PAIRWISE_E14_HUNG_TO_CLEV_RandomForest,Hungarian,Cleveland,RandomForest
125,2,exang,-0.24777,0.24777,PAIRWISE_E14_HUNG_TO_CLEV_RandomForest,Hungarian,Cleveland,RandomForest
125,2,oldpeak,0.046556,0.046556,PAIRWISE_E14_HUNG_TO_CLEV_RandomForest,Hungarian,Cleveland,RandomForest
125,2,slope,0.087652,0.087652,PAIRWISE_E14_HUNG_TO_CLEV_RandomForest,Hungarian,Cleveland,RandomForest
234,3,age,-0.001606,0.001606,PAIRWISE_E14_HUNG_TO_CLEV_RandomForest,Hungarian,Cleveland,RandomForest
234,3,sex,-0.078096,0.078096,PAIRWISE_E14_HUNG_TO_CLEV_RandomForest,Hungarian,Cleveland,RandomForest
234,3,cp,-0.088545,0.088545,PAIRWISE_E14_HUNG_TO_CLEV_RandomForest,Hungarian,Cleveland,RandomForest
234,3,trestbps,0.014347,0.014347,PAIRWISE_E14_HUNG_TO_CLEV_RandomForest,Hungarian,Cleveland,RandomForest
234,3,fbs,-0.038446,0.038446,PAIRWISE_E14_HUNG_TO_CLEV_RandomForest,Hungarian,Cleveland,RandomForest
234,3,restecg,0.00169,0.00169,PAIRWISE_E14_HUNG_TO_CLEV_RandomForest,Hungarian,Cleveland,RandomForest
234,3,thalach,-0.052023,0.052023,PAIRWISE_E14_HUNG_TO_CLEV_RandomForest,Hungarian,Cleveland,RandomForest
234,3,exang,-0.226941,0.226941,PAIRWISE_E14_HUNG_TO_CLEV_RandomForest,Hungarian,Cleveland,RandomForest
234,3,oldpeak,-0.182333,0.182333,PAIRWISE_E14_HUNG_TO_CLEV_RandomForest,Hungarian,Cleveland,RandomForest
234,3,slope,-0.075201,0.075201,PAIRWISE_E14_HUNG_TO_CLEV_RandomForest,Hungarian,Cleveland,RandomForest
240,4,age,-0.009438,0.009438,PAIRWISE_E14_HUNG_TO_CLEV_RandomForest,Hungarian,Cleveland,RandomForest
240,4,sex,0.069069,0.069069,PAIRWISE_E14_HUNG_TO_CLEV_RandomForest,Hungarian,Cleveland,RandomForest
240,4,cp,-0.174544,0.174544,PAIRWISE_E14_HUNG_TO_CLEV_RandomForest,Hungarian,Cleveland,RandomForest
240,4,trestbps,0.024572,0.024572,PAIRWISE_E14_HUNG_TO_CLEV_RandomForest,Hungarian,Cleveland,RandomForest
240,4,fbs,-0.060084,0.060084,PAIRWISE_E14_HUNG_TO_CLEV_RandomForest,Hungarian,Cleveland,RandomForest
240,4,restecg,0.014543,0.014543,PAIRWISE_E14_HUNG_TO_CLEV_RandomForest,Hungarian,Cleveland,RandomForest
240,4,thalach,-0.020464,0.020464,PAIRWISE_E14_HUNG_TO_CLEV_RandomForest,Hungarian,Cleveland,RandomForest
240,4,exang,-0.22549,0.22549,PAIRWISE_E14_HUNG_TO_CLEV_RandomForest,Hungarian,Cleveland,RandomForest
240,4,oldpeak,-0.191822,0.191822,PAIRWISE_E14_HUNG_TO_CLEV_RandomForest,Hungarian,Cleveland,RandomForest
240,4,slope,-0.095096,0.095096,PAIRWISE_E14_HUNG_TO_CLEV_RandomForest,Hungarian,Cleveland,RandomForest
94,5,age,0.021922,0.021922,PAIRWISE_E14_HUNG_TO_CLEV_RandomForest,Hungarian,Cleveland,RandomForest
94,5,sex,-0.071229,0.071229,PAIRWISE_E14_HUNG_TO_CLEV_RandomForest,Hungarian,Cleveland,RandomForest
94,5,cp,-0.088088,0.088088,PAIRWISE_E14_HUNG_TO_CLEV_RandomForest,Hungarian,Cleveland,RandomForest
94,5,trestbps,-0.001258,0.001258,PAIRWISE_E14_HUNG_TO_CLEV_RandomForest,Hungarian,Cleveland,RandomForest
94,5,fbs,-0.03652,0.03652,PAIRWISE_E14_HUNG_TO_CLEV_RandomForest,Hungarian,Cleveland,RandomForest
94,5,restecg,0.00048,0.00048,PAIRWISE_E14_HUNG_TO_CLEV_RandomForest,Hungarian,Cleveland,RandomForest
94,5,thalach,-0.040712,0.040712,PAIRWISE_E14_HUNG_TO_CLEV_RandomForest,Hungarian,Cleveland,RandomForest
94,5,exang,-0.230979,0.230979,PAIRWISE_E14_HUNG_TO_CLEV_RandomForest,Hungarian,Cleveland,RandomForest
94,5,oldpeak,-0.191793,0.191793,PAIRWISE_E14_HUNG_TO_CLEV_RandomForest,Hungarian,Cleveland,RandomForest
94,5,slope,-0.081694,0.081694,PAIRWISE_E14_HUNG_TO_CLEV_RandomForest,Hungarian,Cleveland,RandomForest
81,6,age,0.00184,0.00184,PAIRWISE_E14_HUNG_TO_CLEV_RandomForest,Hungarian,Cleveland,RandomForest
81,6,sex,-0.072268,0.072268,PAIRWISE_E14_HUNG_TO_CLEV_RandomForest,Hungarian,Cleveland,RandomForest
81,6,cp,0.21016,0.21016,PAIRWISE_E14_HUNG_TO_CLEV_RandomForest,Hungarian,Cleveland,RandomForest
81,6,trestbps,-0.004888,0.004888,PAIRWISE_E14_HUNG_TO_CLEV_RandomForest,Hungarian,Cleveland,RandomForest
81,6,fbs,-0.030698,0.030698,PAIRWISE_E14_HUNG_TO_CLEV_RandomForest,Hungarian,Cleveland,RandomForest
81,6,restecg,-0.026319,0.026319,PAIRWISE_E14_HUNG_TO_CLEV_RandomForest,Hungarian,Cleveland,RandomForest
81,6,thalach,-0.020177,0.020177,PAIRWISE_E14_HUNG_TO_CLEV_RandomForest,Hungarian,Cleveland,RandomForest
81,6,exang,-0.234603,0.234603,PAIRWISE_E14_HUNG_TO_CLEV_RandomForest,Hungarian,Cleveland,RandomForest
81,6,oldpeak,0.043036,0.043036,PAIRWISE_E14_HUNG_TO_CLEV_RandomForest,Hungarian,Cleveland,RandomForest
81,6,slope,0.071197,0.071197,PAIRWISE_E14_HUNG_TO_CLEV_RandomForest,Hungarian,Cleveland,RandomForest
274,7,age,0.028235,0.028235,PAIRWISE_E14_HUNG_TO_CLEV_RandomForest,Hungarian,Cleveland,RandomForest
274,7,sex,0.076847,0.076847,PAIRWISE_E14_HUNG_TO_CLEV_RandomForest,Hungarian,Cleveland,RandomForest
274,7,cp,-0.056299,0.056299,PAIRWISE_E14_HUNG_TO_CLEV_RandomForest,Hungarian,Cleveland,RandomForest
274,7,trestbps,0.00889,0.00889,PAIRWISE_E14_HUNG_TO_CLEV_RandomForest,Hungarian,Cleveland,RandomForest
274,7,fbs,-0.003507,0.003507,PAIRWISE_E14_HUNG_TO_CLEV_RandomForest,Hungarian,Cleveland,RandomForest
274,7,restecg,0.046021,0.046021,PAIRWISE_E14_HUNG_TO_CLEV_RandomForest,Hungarian,Cleveland,RandomForest
274,7,thalach,-0.049284,0.049284,PAIRWISE_E14_HUNG_TO_CLEV_RandomForest,Hungarian,Cleveland,RandomForest
274,7,exang,-0.217754,0.217754,PAIRWISE_E14_HUNG_TO_CLEV_RandomForest,Hungarian,Cleveland,RandomForest
274,7,oldpeak,0.052461,0.052461,PAIRWISE_E14_HUNG_TO_CLEV_RandomForest,Hungarian,Cleveland,RandomForest
274,7,slope,-0.081862,0.081862,PAIRWISE_E14_HUNG_TO_CLEV_RandomForest,Hungarian,Cleveland,RandomForest
63,8,age,0.024588,0.024588,PAIRWISE_E14_HUNG_TO_CLEV_RandomForest,Hungarian,Cleveland,RandomForest
63,8,sex,-0.078648,0.078648,PAIRWISE_E14_HUNG_TO_CLEV_RandomForest,Hungarian,Cleveland,RandomForest
63,8,cp,-0.077789,0.077789,PAIRWISE_E14_HUNG_TO_CLEV_RandomForest,Hungarian,Cleveland,RandomForest
63,8,trestbps,-0.007385,0.007385,PAIRWISE_E14_HUNG_TO_CLEV_RandomForest,Hungarian,Cleveland,RandomForest
63,8,fbs,0.042914,0.042914,PAIRWISE_E14_HUNG_TO_CLEV_RandomForest,Hungarian,Cleveland,RandomForest
63,8,restecg,0.015072,0.015072,PAIRWISE_E14_HUNG_TO_CLEV_RandomForest,Hungarian,Cleveland,RandomForest
63,8,thalach,-0.053097,0.053097,PAIRWISE_E14_HUNG_TO_CLEV_RandomForest,Hungarian,Cleveland,RandomForest
63,8,exang,-0.201861,0.201861,PAIRWISE_E14_HUNG_TO_CLEV_RandomForest,Hungarian,Cleveland,RandomForest
63,8,oldpeak,-0.195423,0.195423,PAIRWISE_E14_HUNG_TO_CLEV_RandomForest,Hungarian,Cleveland,RandomForest
63,8,slope,-0.090751,0.090751,PAIRWISE_E14_HUNG_TO_CLEV_RandomForest,Hungarian,Cleveland,RandomForest
44,9,age,0.025033,0.025033,PAIRWISE_E14_HUNG_TO_CLEV_RandomForest,Hungarian,Cleveland,RandomForest
44,9,sex,-0.071632,0.071632,PAIRWISE_E14_HUNG_TO_CLEV_RandomForest,Hungarian,Cleveland,RandomForest
44,9,cp,0.218904,0.218904,PAIRWISE_E14_HUNG_TO_CLEV_RandomForest,Hungarian,Cleveland,RandomForest
44,9,trestbps,-0.026481,0.026481,PAIRWISE_E14_HUNG_TO_CLEV_RandomForest,Hungarian,Cleveland,RandomForest
44,9,fbs,-0.039406,0.039406,PAIRWISE_E14_HUNG_TO_CLEV_RandomForest,Hungarian,Cleveland,RandomForest
44,9,restecg,-0.031867,0.031867,PAIRWISE_E14_HUNG_TO_CLEV_RandomForest,Hungarian,Cleveland,RandomForest
44,9,thalach,-0.04491,0.04491,PAIRWISE_E14_HUNG_TO_CLEV_RandomForest,Hungarian,Cleveland,RandomForest
44,9,exang,-0.226811,0.226811,PAIRWISE_E14_HUNG_TO_CLEV_RandomForest,Hungarian,Cleveland,RandomForest
44,9,oldpeak,-0.189774,0.189774,PAIRWISE_E14_HUNG_TO_CLEV_RandomForest,Hungarian,Cleveland,RandomForest
44,9,slope,-0.086961,0.086961,PAIRWISE_E14_HUNG_TO_CLEV_RandomForest,Hungarian,Cleveland,RandomForest
15,10,age,0.014635,0.014635,PAIRWISE_E14_HUNG_TO_CLEV_RandomForest,Hungarian,Cleveland,RandomForest
15,10,sex,0.090299,0.090299,PAIRWISE_E14_HUNG_TO_CLEV_RandomForest,Hungarian,Cleveland,RandomForest
15,10,cp,-0.096694,0.096694,PAIRWISE_E14_HUNG_TO_CLEV_RandomForest,Hungarian,Cleveland,RandomForest
15,10,trestbps,0.010551,0.010551,PAIRWISE_E14_HUNG_TO_CLEV_RandomForest,Hungarian,Cleveland,RandomForest
15,10,fbs,-0.013328,0.013328,PAIRWISE_E14_HUNG_TO_CLEV_RandomForest,Hungarian,Cleveland,RandomForest
15,10,restecg,-0.006677,0.006677,PAIRWISE_E14_HUNG_TO_CLEV_RandomForest,Hungarian,Cleveland,RandomForest
15,10,thalach,-0.04957,0.04957,PAIRWISE_E14_HUNG_TO_CLEV_RandomForest,Hungarian,Cleveland,RandomForest
15,10,exang,-0.224715,0.224715,PAIRWISE_E14_HUNG_TO_CLEV_RandomForest,Hungarian,Cleveland,RandomForest
15,10,oldpeak,0.213882,0.213882,PAIRWISE_E14_HUNG_TO_CLEV_RandomForest,Hungarian,Cleveland,RandomForest
15,10,slope,-0.081903,0.081903,PAIRWISE_E14_HUNG_TO_CLEV_RandomForest,Hungarian,Cleveland,RandomForest
268,11,age,-0.013032,0.013032,PAIRWISE_E14_HUNG_TO_CLEV_RandomForest,Hungarian,Cleveland,RandomForest
268,11,sex,0.076423,0.076423,PAIRWISE_E14_HUNG_TO_CLEV_RandomForest,Hungarian,Cleveland,RandomForest
268,11,cp,0.221188,0.221188,PAIRWISE_E14_HUNG_TO_CLEV_RandomForest,Hungarian,Cleveland,RandomForest
268,11,trestbps,0.009117,0.009117,PAIRWISE_E14_HUNG_TO_CLEV_RandomForest,Hungarian,Cleveland,RandomForest
268,11,fbs,-0.051714,0.051714,PAIRWISE_E14_HUNG_TO_CLEV_RandomForest,Hungarian,Cleveland,RandomForest
268,11,restecg,0.008063,0.008063,PAIRWISE_E14_HUNG_TO_CLEV_RandomForest,Hungarian,Cleveland,RandomForest
268,11,thalach,-0.037099,0.037099,PAIRWISE_E14_HUNG_TO_CLEV_RandomForest,Hungarian,Cleveland,RandomForest
268,11,exang,-0.21956,0.21956,PAIRWISE_E14_HUNG_TO_CLEV_RandomForest,Hungarian,Cleveland,RandomForest
268,11,oldpeak,-0.185381,0.185381,PAIRWISE_E14_HUNG_TO_CLEV_RandomForest,Hungarian,Cleveland,RandomForest
268,11,slope,-0.113264,0.113264,PAIRWISE_E14_HUNG_TO_CLEV_RandomForest,Hungarian,Cleveland,RandomForest
196,12,age,0.035422,0.035422,PAIRWISE_E14_HUNG_TO_CLEV_RandomForest,Hungarian,Cleveland,RandomForest
196,12,sex,0.074989,0.074989,PAIRWISE_E14_HUNG_TO_CLEV_RandomForest,Hungarian,Cleveland,RandomForest
196,12,cp,-0.053362,0.053362,PAIRWISE_E14_HUNG_TO_CLEV_RandomForest,Hungarian,Cleveland,RandomForest
196,12,trestbps,0.014625,0.014625,PAIRWISE_E14_HUNG_TO_CLEV_RandomForest,Hungarian,Cleveland,RandomForest
196,12,fbs,0.04807,0.04807,PAIRWISE_E14_HUNG_TO_CLEV_RandomForest,Hungarian,Cleveland,RandomForest
196,12,restecg,0.004957,0.004957,PAIRWISE_E14_HUNG_TO_CLEV_RandomForest,Hungarian,Cleveland,RandomForest
196,12,thalach,0.011871,0.011871,PAIRWISE_E14_HUNG_TO_CLEV_RandomForest,Hungarian,Cleveland,RandomForest
196,12,exang,-0.232066,0.232066,PAIRWISE_E14_HUNG_TO_CLEV_RandomForest,Hungarian,Cleveland,RandomForest
196,12,oldpeak,0.036599,0.036599,PAIRWISE_E14_HUNG_TO_CLEV_RandomForest,Hungarian,Cleveland,RandomForest
196,12,slope,0.073524,0.073524,PAIRWISE_E14_HUNG_TO_CLEV_RandomForest,Hungarian,Cleveland,RandomForest
161,13,age,0.029567,0.029567,PAIRWISE_E14_HUNG_TO_CLEV_RandomForest,Hungarian,Cleveland,RandomForest
161,13,sex,0.07397,0.07397,PAIRWISE_E14_HUNG_TO_CLEV_RandomForest,Hungarian,Cleveland,RandomForest
161,13,cp,0.219152,0.219152,PAIRWISE_E14_HUNG_TO_CLEV_RandomForest,Hungarian,Cleveland,RandomForest
161,13,trestbps,-0.009248,0.009248,PAIRWISE_E14_HUNG_TO_CLEV_RandomForest,Hungarian,Cleveland,RandomForest
161,13,fbs,-0.046218,0.046218,PAIRWISE_E14_HUNG_TO_CLEV_RandomForest,Hungarian,Cleveland,RandomForest
161,13,restecg,-0.03468,0.03468,PAIRWISE_E14_HUNG_TO_CLEV_RandomForest,Hungarian,Cleveland,RandomForest
161,13,thalach,-0.037862,0.037862,PAIRWISE_E14_HUNG_TO_CLEV_RandomForest,Hungarian,Cleveland,RandomForest
161,13,exang,0.229922,0.229922,PAIRWISE_E14_HUNG_TO_CLEV_RandomForest,Hungarian,Cleveland,RandomForest
161,13,oldpeak,-0.189989,0.189989,PAIRWISE_E14_HUNG_TO_CLEV_RandomForest,Hungarian,Cleveland,RandomForest
161,13,slope,-0.087828,0.087828,PAIRWISE_E14_HUNG_TO_CLEV_RandomForest,Hungarian,Cleveland,RandomForest
22,14,age,0.011886,0.011886,PAIRWISE_E14_HUNG_TO_CLEV_RandomForest,Hungarian,Cleveland,RandomForest
22,14,sex,0.068322,0.068322,PAIRWISE_E14_HUNG_TO_CLEV_RandomForest,Hungarian,Cleveland,RandomForest
22,14,cp,-0.157111,0.157111,PAIRWISE_E14_HUNG_TO_CLEV_RandomForest,Hungarian,Cleveland,RandomForest
22,14,trestbps,0.001964,0.001964,PAIRWISE_E14_HUNG_TO_CLEV_RandomForest,Hungarian,Cleveland,RandomForest
22,14,fbs,-0.032483,0.032483,PAIRWISE_E14_HUNG_TO_CLEV_RandomForest,Hungarian,Cleveland,RandomForest
22,14,restecg,-0.013747,0.013747,PAIRWISE_E14_HUNG_TO_CLEV_RandomForest,Hungarian,Cleveland,RandomForest
22,14,thalach,-0.058044,0.058044,PAIRWISE_E14_HUNG_TO_CLEV_RandomForest,Hungarian,Cleveland,RandomForest
22,14,exang,-0.228947,0.228947,PAIRWISE_E14_HUNG_TO_CLEV_RandomForest,Hungarian,Cleveland,RandomForest
22,14,oldpeak,0.229876,0.229876,PAIRWISE_E14_HUNG_TO_CLEV_RandomForest,Hungarian,Cleveland,RandomForest
22,14,slope,0.094244,0.094244,PAIRWISE_E14_HUNG_TO_CLEV_RandomForest,Hungarian,Cleveland,RandomForest
215,15,age,0.022757,0.022757,PAIRWISE_E14_HUNG_TO_CLEV_RandomForest,Hungarian,Cleveland,RandomForest
215,15,sex,0.080168,0.080168,PAIRWISE_E14_HUNG_TO_CLEV_RandomForest,Hungarian,Cleveland,RandomForest
215,15,cp,-0.045163,0.045163,PAIRWISE_E14_HUNG_TO_CLEV_RandomForest,Hungarian,Cleveland,RandomForest
215,15,trestbps,0.016361,0.016361,PAIRWISE_E14_HUNG_TO_CLEV_RandomForest,Hungarian,Cleveland,RandomForest
215,15,fbs,-0.04067,0.04067,PAIRWISE_E14_HUNG_TO_CLEV_RandomForest,Hungarian,Cleveland,RandomForest
215,15,restecg,-0.016932,0.016932,PAIRWISE_E14_HUNG_TO_CLEV_RandomForest,Hungarian,Cleveland,RandomForest
215,15,thalach,-0.054789,0.054789,PAIRWISE_E14_HUNG_TO_CLEV_RandomForest,Hungarian,Cleveland,RandomForest
215,15,exang,-0.222451,0.222451,PAIRWISE_E14_HUNG_TO_CLEV_RandomForest,Hungarian,Cleveland,RandomForest
215,15,oldpeak,0.221775,0.221775,PAIRWISE_E14_HUNG_TO_CLEV_RandomForest,Hungarian,Cleveland,RandomForest
215,15,slope,0.091516,0.091516,PAIRWISE_E14_HUNG_TO_CLEV_RandomForest,Hungarian,Cleveland,RandomForest
61,16,age,0.001334,0.001334,PAIRWISE_E14_HUNG_TO_CLEV_RandomForest,Hungarian,Cleveland,RandomForest
61,16,sex,-0.076738,0.076738,PAIRWISE_E14_HUNG_TO_CLEV_RandomForest,Hungarian,Cleveland,RandomForest
61,16,cp,-0.081656,0.081656,PAIRWISE_E14_HUNG_TO_CLEV_RandomForest,Hungarian,Cleveland,RandomForest
61,16,trestbps,0.017837,0.017837,PAIRWISE_E14_HUNG_TO_CLEV_RandomForest,Hungarian,Cleveland,RandomForest
61,16,fbs,-0.047093,0.047093,PAIRWISE_E14_HUNG_TO_CLEV_RandomForest,Hungarian,Cleveland,RandomForest
61,16,restecg,-0.01684,0.01684,PAIRWISE_E14_HUNG_TO_CLEV_RandomForest,Hungarian,Cleveland,RandomForest
61,16,thalach,-0.043662,0.043662,PAIRWISE_E14_HUNG_TO_CLEV_RandomForest,Hungarian,Cleveland,RandomForest
61,16,exang,0.22046,0.22046,PAIRWISE_E14_HUNG_TO_CLEV_RandomForest,Hungarian,Cleveland,RandomForest
61,16,oldpeak,0.229924,0.229924,PAIRWISE_E14_HUNG_TO_CLEV_RandomForest,Hungarian,Cleveland,RandomForest
61,16,slope,-0.00761,0.00761,PAIRWISE_E14_HUNG_TO_CLEV_RandomForest,Hungarian,Cleveland,RandomForest
40,17,age,0.009518,0.009518,PAIRWISE_E14_HUNG_TO_CLEV_RandomForest,Hungarian,Cleveland,RandomForest
40,17,sex,-0.06043,0.06043,PAIRWISE_E14_HUNG_TO_CLEV_RandomForest,Hungarian,Cleveland,RandomForest
40,17,cp,0.21911,0.21911,PAIRWISE_E14_HUNG_TO_CLEV_RandomForest,Hungarian,Cleveland,RandomForest
40,17,trestbps,0.003707,0.003707,PAIRWISE_E14_HUNG_TO_CLEV_RandomForest,Hungarian,Cleveland,RandomForest
40,17,fbs,-0.022502,0.022502,PAIRWISE_E14_HUNG_TO_CLEV_RandomForest,Hungarian,Cleveland,RandomForest
40,17,restecg,0.001991,0.001991,PAIRWISE_E14_HUNG_TO_CLEV_RandomForest,Hungarian,Cleveland,RandomForest
40,17,thalach,0.081121,0.081121,PAIRWISE_E14_HUNG_TO_CLEV_RandomForest,Hungarian,Cleveland,RandomForest
40,17,exang,-0.23053,0.23053,PAIRWISE_E14_HUNG_TO_CLEV_RandomForest,Hungarian,Cleveland,RandomForest
40,17,oldpeak,0.046523,0.046523,PAIRWISE_E14_HUNG_TO_CLEV_RandomForest,Hungarian,Cleveland,RandomForest
40,17,slope,0.083707,0.083707,PAIRWISE_E14_HUNG_TO_CLEV_RandomForest,Hungarian,Cleveland,RandomForest
192,18,age,-0.012902,0.012902,PAIRWISE_E14_HUNG_TO_CLEV_RandomForest,Hungarian,Cleveland,RandomForest
192,18,sex,0.071748,0.071748,PAIRWISE_E14_HUNG_TO_CLEV_RandomForest,Hungarian,Cleveland,RandomForest
192,18,cp,0.217284,0.217284,PAIRWISE_E14_HUNG_TO_CLEV_RandomForest,Hungarian,Cleveland,RandomForest
192,18,trestbps,-0.014753,0.014753,PAIRWISE_E14_HUNG_TO_CLEV_RandomForest,Hungarian,Cleveland,RandomForest
192,18,fbs,0.04041,0.04041,PAIRWISE_E14_HUNG_TO_CLEV_RandomForest,Hungarian,Cleveland,RandomForest
192,18,restecg,-0.046894,0.046894,PAIRWISE_E14_HUNG_TO_CLEV_RandomForest,Hungarian,Cleveland,RandomForest
192,18,thalach,-0.016693,0.016693,PAIRWISE_E14_HUNG_TO_CLEV_RandomForest,Hungarian,Cleveland,RandomForest
192,18,exang,0.225955,0.225955,PAIRWISE_E14_HUNG_TO_CLEV_RandomForest,Hungarian,Cleveland,RandomForest
192,18,oldpeak,0.049803,0.049803,PAIRWISE_E14_HUNG_TO_CLEV_RandomForest,Hungarian,Cleveland,RandomForest
192,18,slope,0.08593,0.08593,PAIRWISE_E14_HUNG_TO_CLEV_RandomForest,Hungarian,Cleveland,RandomForest
218,19,age,0.023637,0.023637,PAIRWISE_E14_HUNG_TO_CLEV_RandomForest,Hungarian,Cleveland,RandomForest
218,19,sex,-0.079999,0.079999,PAIRWISE_E14_HUNG_TO_CLEV_RandomForest,Hungarian,Cleveland,RandomForest
218,19,cp,0.216099,0.216099,PAIRWISE_E14_HUNG_TO_CLEV_RandomForest,Hungarian,Cleveland,RandomForest
218,19,trestbps,-0.031474,0.031474,PAIRWISE_E14_HUNG_TO_CLEV_RandomForest,Hungarian,Cleveland,RandomForest
218,19,fbs,-0.054123,0.054123,PAIRWISE_E14_HUNG_TO_CLEV_RandomForest,Hungarian,Cleveland,RandomForest
218,19,restecg,0.018675,0.018675,PAIRWISE_E14_HUNG_TO_CLEV_RandomForest,Hungarian,Cleveland,RandomForest
218,19,thalach,0.062979,0.062979,PAIRWISE_E14_HUNG_TO_CLEV_RandomForest,Hungarian,Cleveland,RandomForest
218,19,exang,-0.229739,0.229739,PAIRWISE_E14_HUNG_TO_CLEV_RandomForest,Hungarian,Cleveland,RandomForest
218,19,oldpeak,0.228792,0.228792,PAIRWISE_E14_HUNG_TO_CLEV_RandomForest,Hungarian,Cleveland,RandomForest
218,19,slope,0.098107,0.098107,PAIRWISE_E14_HUNG_TO_CLEV_RandomForest,Hungarian,Cleveland,RandomForest
299,20,age,0.016186,0.016186,PAIRWISE_E14_HUNG_TO_CLEV_RandomForest,Hungarian,Cleveland,RandomForest
299,20,sex,0.071862,0.071862,PAIRWISE_E14_HUNG_TO_CLEV_RandomForest,Hungarian,Cleveland,RandomForest
299,20,cp,0.211023,0.211023,PAIRWISE_E14_HUNG_TO_CLEV_RandomForest,Hungarian,Cleveland,RandomForest
299,20,trestbps,0.017938,0.017938,PAIRWISE_E14_HUNG_TO_CLEV_RandomForest,Hungarian,Cleveland,RandomForest
299,20,fbs,0.047395,0.047395,PAIRWISE_E14_HUNG_TO_CLEV_RandomForest,Hungarian,Cleveland,RandomForest
299,20,restecg,0.009399,0.009399,PAIRWISE_E14_HUNG_TO_CLEV_RandomForest,Hungarian,Cleveland,RandomForest
299,20,thalach,-0.019032,0.019032,PAIRWISE_E14_HUNG_TO_CLEV_RandomForest,Hungarian,Cleveland,RandomForest
299,20,exang,-0.217486,0.217486,PAIRWISE_E14_HUNG_TO_CLEV_RandomForest,Hungarian,Cleveland,RandomForest
299,20,oldpeak,0.219693,0.219693,PAIRWISE_E14_HUNG_TO_CLEV_RandomForest,Hungarian,Cleveland,RandomForest
299,20,slope,0.09567,0.09567,PAIRWISE_E14_HUNG_TO_CLEV_RandomForest,Hungarian,Cleveland,RandomForest
286,21,age,0.016482,0.016482,PAIRWISE_E14_HUNG_TO_CLEV_RandomForest,Hungarian,Cleveland,RandomForest
286,21,sex,-0.08299,0.08299,PAIRWISE_E14_HUNG_TO_CLEV_RandomForest,Hungarian,Cleveland,RandomForest
286,21,cp,0.200877,0.200877,PAIRWISE_E14_HUNG_TO_CLEV_RandomForest,Hungarian,Cleveland,RandomForest
286,21,trestbps,0.013406,0.013406,PAIRWISE_E14_HUNG_TO_CLEV_RandomForest,Hungarian,Cleveland,RandomForest
286,21,fbs,0.04475,0.04475,PAIRWISE_E14_HUNG_TO_CLEV_RandomForest,Hungarian,Cleveland,RandomForest
286,21,restecg,-0.028233,0.028233,PAIRWISE_E14_HUNG_TO_CLEV_RandomForest,Hungarian,Cleveland,RandomForest
286,21,thalach,-0.018759,0.018759,PAIRWISE_E14_HUNG_TO_CLEV_RandomForest,Hungarian,Cleveland,RandomForest
286,21,exang,0.233404,0.233404,PAIRWISE_E14_HUNG_TO_CLEV_RandomForest,Hungarian,Cleveland,RandomForest
286,21,oldpeak,0.217476,0.217476,PAIRWISE_E14_HUNG_TO_CLEV_RandomForest,Hungarian,Cleveland,RandomForest
286,21,slope,0.095542,0.095542,PAIRWISE_E14_HUNG_TO_CLEV_RandomForest,Hungarian,Cleveland,RandomForest
119,22,age,0.003565,0.003565,PAIRWISE_E14_HUNG_TO_CLEV_RandomForest,Hungarian,Cleveland,RandomForest
119,22,sex,0.073075,0.073075,PAIRWISE_E14_HUNG_TO_CLEV_RandomForest,Hungarian,Cleveland,RandomForest
119,22,cp,0.213105,0.213105,PAIRWISE_E14_HUNG_TO_CLEV_RandomForest,Hungarian,Cleveland,RandomForest
119,22,trestbps,-0.00011,0.00011,PAIRWISE_E14_HUNG_TO_CLEV_RandomForest,Hungarian,Cleveland,RandomForest
119,22,fbs,-0.03272,0.03272,PAIRWISE_E14_HUNG_TO_CLEV_RandomForest,Hungarian,Cleveland,RandomForest
119,22,restecg,-0.004147,0.004147,PAIRWISE_E14_HUNG_TO_CLEV_RandomForest,Hungarian,Cleveland,RandomForest
119,22,thalach,-0.003355,0.003355,PAIRWISE_E14_HUNG_TO_CLEV_RandomForest,Hungarian,Cleveland,RandomForest
119,22,exang,-0.227344,0.227344,PAIRWISE_E14_HUNG_TO_CLEV_RandomForest,Hungarian,Cleveland,RandomForest
119,22,oldpeak,0.238033,0.238033,PAIRWISE_E14_HUNG_TO_CLEV_RandomForest,Hungarian,Cleveland,RandomForest
119,22,slope,0.090759,0.090759,PAIRWISE_E14_HUNG_TO_CLEV_RandomForest,Hungarian,Cleveland,RandomForest
264,23,age,0.022134,0.022134,PAIRWISE_E14_HUNG_TO_CLEV_RandomForest,Hungarian,Cleveland,RandomForest
264,23,sex,0.078547,0.078547,PAIRWISE_E14_HUNG_TO_CLEV_RandomForest,Hungarian,Cleveland,RandomForest
264,23,cp,0.223463,0.223463,PAIRWISE_E14_HUNG_TO_CLEV_RandomForest,Hungarian,Cleveland,RandomForest
264,23,trestbps,0.006143,0.006143,PAIRWISE_E14_HUNG_TO_CLEV_RandomForest,Hungarian,Cleveland,RandomForest
264,23,fbs,-0.047018,0.047018,PAIRWISE_E14_HUNG_TO_CLEV_RandomForest,Hungarian,Cleveland,RandomForest
264,23,restecg,-0.007949,0.007949,PAIRWISE_E14_HUNG_TO_CLEV_RandomForest,Hungarian,Cleveland,RandomForest
264,23,thalach,0.002094,0.002094,PAIRWISE_E14_HUNG_TO_CLEV_RandomForest,Hungarian,Cleveland,RandomForest
264,23,exang,0.228076,0.228076,PAIRWISE_E14_HUNG_TO_CLEV_RandomForest,Hungarian,Cleveland,RandomForest
264,23,oldpeak,0.22615,0.22615,PAIRWISE_E14_HUNG_TO_CLEV_RandomForest,Hungarian,Cleveland,RandomForest
264,23,slope,0.095358,0.095358,PAIRWISE_E14_HUNG_TO_CLEV_RandomForest,Hungarian,Cleveland,RandomForest
265,24,age,-0.005176,0.005176,PAIRWISE_E14_HUNG_TO_CLEV_RandomForest,Hungarian,Cleveland,RandomForest
265,24,sex,0.088093,0.088093,PAIRWISE_E14_HUNG_TO_CLEV_RandomForest,Hungarian,Cleveland,RandomForest
265,24,cp,0.218115,0.218115,PAIRWISE_E14_HUNG_TO_CLEV_RandomForest,Hungarian,Cleveland,RandomForest
265,24,trestbps,0.002492,0.002492,PAIRWISE_E14_HUNG_TO_CLEV_RandomForest,Hungarian,Cleveland,RandomForest
265,24,fbs,-0.026398,0.026398,PAIRWISE_E14_HUNG_TO_CLEV_RandomForest,Hungarian,Cleveland,RandomForest
265,24,restecg,0.018701,0.018701,PAIRWISE_E14_HUNG_TO_CLEV_RandomForest,Hungarian,Cleveland,RandomForest
265,24,thalach,-0.004007,0.004007,PAIRWISE_E14_HUNG_TO_CLEV_RandomForest,Hungarian,Cleveland,RandomForest
265,24,exang,0.230758,0.230758,PAIRWISE_E14_HUNG_TO_CLEV_RandomForest,Hungarian,Cleveland,RandomForest
265,24,oldpeak,0.236743,0.236743,PAIRWISE_E14_HUNG_TO_CLEV_RandomForest,Hungarian,Cleveland,RandomForest
265,24,slope,0.101715,0.101715,PAIRWISE_E14_HUNG_TO_CLEV_RandomForest,Hungarian,Cleveland,RandomForest
259,0,age,0.016226,0.016226,PAIRWISE_E15_HUNG_TO_CLEV_SVM,Hungarian,Cleveland,SVM
259,0,sex,0.086285,0.086285,PAIRWISE_E15_HUNG_TO_CLEV_SVM,Hungarian,Cleveland,SVM
259,0,cp,-0.129197,0.129197,PAIRWISE_E15_HUNG_TO_CLEV_SVM,Hungarian,Cleveland,SVM
259,0,trestbps,-0.017935,0.017935,PAIRWISE_E15_HUNG_TO_CLEV_SVM,Hungarian,Cleveland,SVM
259,0,fbs,-0.102968,0.102968,PAIRWISE_E15_HUNG_TO_CLEV_SVM,Hungarian,Cleveland,SVM
259,0,restecg,0.006561,0.006561,PAIRWISE_E15_HUNG_TO_CLEV_SVM,Hungarian,Cleveland,SVM
259,0,thalach,0.004352,0.004352,PAIRWISE_E15_HUNG_TO_CLEV_SVM,Hungarian,Cleveland,SVM
259,0,exang,-0.269098,0.269098,PAIRWISE_E15_HUNG_TO_CLEV_SVM,Hungarian,Cleveland,SVM
259,0,oldpeak,0.030977,0.030977,PAIRWISE_E15_HUNG_TO_CLEV_SVM,Hungarian,Cleveland,SVM
259,0,slope,-0.146445,0.146445,PAIRWISE_E15_HUNG_TO_CLEV_SVM,Hungarian,Cleveland,SVM
105,1,age,0.008956,0.008956,PAIRWISE_E15_HUNG_TO_CLEV_SVM,Hungarian,Cleveland,SVM
105,1,sex,0.099069,0.099069,PAIRWISE_E15_HUNG_TO_CLEV_SVM,Hungarian,Cleveland,SVM
105,1,cp,-0.114925,0.114925,PAIRWISE_E15_HUNG_TO_CLEV_SVM,Hungarian,Cleveland,SVM
105,1,trestbps,-0.014944,0.014944,PAIRWISE_E15_HUNG_TO_CLEV_SVM,Hungarian,Cleveland,SVM
105,1,fbs,-0.081728,0.081728,PAIRWISE_E15_HUNG_TO_CLEV_SVM,Hungarian,Cleveland,SVM
105,1,restecg,0.010552,0.010552,PAIRWISE_E15_HUNG_TO_CLEV_SVM,Hungarian,Cleveland,SVM
105,1,thalach,-0.02503,0.02503,PAIRWISE_E15_HUNG_TO_CLEV_SVM,Hungarian,Cleveland,SVM
105,1,exang,-0.273021,0.273021,PAIRWISE_E15_HUNG_TO_CLEV_SVM,Hungarian,Cleveland,SVM
105,1,oldpeak,-0.227239,0.227239,PAIRWISE_E15_HUNG_TO_CLEV_SVM,Hungarian,Cleveland,SVM
105,1,slope,-0.146168,0.146168,PAIRWISE_E15_HUNG_TO_CLEV_SVM,Hungarian,Cleveland,SVM
216,2,age,-0.019503,0.019503,PAIRWISE_E15_HUNG_TO_CLEV_SVM,Hungarian,Cleveland,SVM
216,2,sex,-0.094783,0.094783,PAIRWISE_E15_HUNG_TO_CLEV_SVM,Hungarian,Cleveland,SVM
216,2,cp,-0.121298,0.121298,PAIRWISE_E15_HUNG_TO_CLEV_SVM,Hungarian,Cleveland,SVM
216,2,trestbps,-0.001982,0.001982,PAIRWISE_E15_HUNG_TO_CLEV_SVM,Hungarian,Cleveland,SVM
216,2,fbs,-0.092349,0.092349,PAIRWISE_E15_HUNG_TO_CLEV_SVM,Hungarian,Cleveland,SVM
216,2,restecg,0.011906,0.011906,PAIRWISE_E15_HUNG_TO_CLEV_SVM,Hungarian,Cleveland,SVM
216,2,thalach,-0.030115,0.030115,PAIRWISE_E15_HUNG_TO_CLEV_SVM,Hungarian,Cleveland,SVM
216,2,exang,-0.281166,0.281166,PAIRWISE_E15_HUNG_TO_CLEV_SVM,Hungarian,Cleveland,SVM
216,2,oldpeak,-0.202488,0.202488,PAIRWISE_E15_HUNG_TO_CLEV_SVM,Hungarian,Cleveland,SVM
216,2,slope,-0.138359,0.138359,PAIRWISE_E15_HUNG_TO_CLEV_SVM,Hungarian,Cleveland,SVM
232,3,age,0.001221,0.001221,PAIRWISE_E15_HUNG_TO_CLEV_SVM,Hungarian,Cleveland,SVM
232,3,sex,0.089227,0.089227,PAIRWISE_E15_HUNG_TO_CLEV_SVM,Hungarian,Cleveland,SVM
232,3,cp,-0.025897,0.025897,PAIRWISE_E15_HUNG_TO_CLEV_SVM,Hungarian,Cleveland,SVM
232,3,trestbps,-0.003054,0.003054,PAIRWISE_E15_HUNG_TO_CLEV_SVM,Hungarian,Cleveland,SVM
232,3,fbs,-0.107143,0.107143,PAIRWISE_E15_HUNG_TO_CLEV_SVM,Hungarian,Cleveland,SVM
232,3,restecg,-0.044119,0.044119,PAIRWISE_E15_HUNG_TO_CLEV_SVM,Hungarian,Cleveland,SVM
232,3,thalach,0.025806,0.025806,PAIRWISE_E15_HUNG_TO_CLEV_SVM,Hungarian,Cleveland,SVM
232,3,exang,-0.269197,0.269197,PAIRWISE_E15_HUNG_TO_CLEV_SVM,Hungarian,Cleveland,SVM
232,3,oldpeak,0.029258,0.029258,PAIRWISE_E15_HUNG_TO_CLEV_SVM,Hungarian,Cleveland,SVM
232,3,slope,-0.158728,0.158728,PAIRWISE_E15_HUNG_TO_CLEV_SVM,Hungarian,Cleveland,SVM
284,4,age,0.043739,0.043739,PAIRWISE_E15_HUNG_TO_CLEV_SVM,Hungarian,Cleveland,SVM
284,4,sex,0.085904,0.085904,PAIRWISE_E15_HUNG_TO_CLEV_SVM,Hungarian,Cleveland,SVM
284,4,cp,0.121505,0.121505,PAIRWISE_E15_HUNG_TO_CLEV_SVM,Hungarian,Cleveland,SVM
284,4,trestbps,0.01783,0.01783,PAIRWISE_E15_HUNG_TO_CLEV_SVM,Hungarian,Cleveland,SVM
284,4,fbs,-0.123682,0.123682,PAIRWISE_E15_HUNG_TO_CLEV_SVM,Hungarian,Cleveland,SVM
284,4,restecg,0.000344,0.000344,PAIRWISE_E15_HUNG_TO_CLEV_SVM,Hungarian,Cleveland,SVM
284,4,thalach,-0.025081,0.025081,PAIRWISE_E15_HUNG_TO_CLEV_SVM,Hungarian,Cleveland,SVM
284,4,exang,-0.268085,0.268085,PAIRWISE_E15_HUNG_TO_CLEV_SVM,Hungarian,Cleveland,SVM
284,4,oldpeak,-0.232281,0.232281,PAIRWISE_E15_HUNG_TO_CLEV_SVM,Hungarian,Cleveland,SVM
284,4,slope,-0.153222,0.153222,PAIRWISE_E15_HUNG_TO_CLEV_SVM,Hungarian,Cleveland,SVM
287,5,age,0.036356,0.036356,PAIRWISE_E15_HUNG_TO_CLEV_SVM,Hungarian,Cleveland,SVM
287,5,sex,0.088066,0.088066,PAIRWISE_E15_HUNG_TO_CLEV_SVM,Hungarian,Cleveland,SVM
287,5,cp,-0.133532,0.133532,PAIRWISE_E15_HUNG_TO_CLEV_SVM,Hungarian,Cleveland,SVM
287,5,trestbps,0.000995,0.000995,PAIRWISE_E15_HUNG_TO_CLEV_SVM,Hungarian,Cleveland,SVM
287,5,fbs,-0.091981,0.091981,PAIRWISE_E15_HUNG_TO_CLEV_SVM,Hungarian,Cleveland,SVM
287,5,restecg,-0.031286,0.031286,PAIRWISE_E15_HUNG_TO_CLEV_SVM,Hungarian,Cleveland,SVM
287,5,thalach,-0.039132,0.039132,PAIRWISE_E15_HUNG_TO_CLEV_SVM,Hungarian,Cleveland,SVM
287,5,exang,-0.287499,0.287499,PAIRWISE_E15_HUNG_TO_CLEV_SVM,Hungarian,Cleveland,SVM
287,5,oldpeak,0.035757,0.035757,PAIRWISE_E15_HUNG_TO_CLEV_SVM,Hungarian,Cleveland,SVM
287,5,slope,0.153862,0.153862,PAIRWISE_E15_HUNG_TO_CLEV_SVM,Hungarian,Cleveland,SVM
157,6,age,0.025219,0.025219,PAIRWISE_E15_HUNG_TO_CLEV_SVM,Hungarian,Cleveland,SVM
157,6,sex,0.076976,0.076976,PAIRWISE_E15_HUNG_TO_CLEV_SVM,Hungarian,Cleveland,SVM
157,6,cp,0.111737,0.111737,PAIRWISE_E15_HUNG_TO_CLEV_SVM,Hungarian,Cleveland,SVM
157,6,trestbps,0.008263,0.008263,PAIRWISE_E15_HUNG_TO_CLEV_SVM,Hungarian,Cleveland,SVM
157,6,fbs,-0.107894,0.107894,PAIRWISE_E15_HUNG_TO_CLEV_SVM,Hungarian,Cleveland,SVM
157,6,restecg,0.00667,0.00667,PAIRWISE_E15_HUNG_TO_CLEV_SVM,Hungarian,Cleveland,SVM
157,6,thalach,-0.032476,0.032476,PAIRWISE_E15_HUNG_TO_CLEV_SVM,Hungarian,Cleveland,SVM
157,6,exang,-0.277534,0.277534,PAIRWISE_E15_HUNG_TO_CLEV_SVM,Hungarian,Cleveland,SVM
157,6,oldpeak,-0.240481,0.240481,PAIRWISE_E15_HUNG_TO_CLEV_SVM,Hungarian,Cleveland,SVM
157,6,slope,-0.146238,0.146238,PAIRWISE_E15_HUNG_TO_CLEV_SVM,Hungarian,Cleveland,SVM
135,7,age,0.038434,0.038434,PAIRWISE_E15_HUNG_TO_CLEV_SVM,Hungarian,Cleveland,SVM
135,7,sex,-0.098923,0.098923,PAIRWISE_E15_HUNG_TO_CLEV_SVM,Hungarian,Cleveland,SVM
135,7,cp,-0.104263,0.104263,PAIRWISE_E15_HUNG_TO_CLEV_SVM,Hungarian,Cleveland,SVM
135,7,trestbps,0.004683,0.004683,PAIRWISE_E15_HUNG_TO_CLEV_SVM,Hungarian,Cleveland,SVM
135,7,fbs,-0.063581,0.063581,PAIRWISE_E15_HUNG_TO_CLEV_SVM,Hungarian,Cleveland,SVM
135,7,restecg,0.028888,0.028888,PAIRWISE_E15_HUNG_TO_CLEV_SVM,Hungarian,Cleveland,SVM
135,7,thalach,-0.048684,0.048684,PAIRWISE_E15_HUNG_TO_CLEV_SVM,Hungarian,Cleveland,SVM
135,7,exang,-0.262284,0.262284,PAIRWISE_E15_HUNG_TO_CLEV_SVM,Hungarian,Cleveland,SVM
135,7,oldpeak,0.315414,0.315414,PAIRWISE_E15_HUNG_TO_CLEV_SVM,Hungarian,Cleveland,SVM
135,7,slope,0.151472,0.151472,PAIRWISE_E15_HUNG_TO_CLEV_SVM,Hungarian,Cleveland,SVM
276,8,age,0.019756,0.019756,PAIRWISE_E15_HUNG_TO_CLEV_SVM,Hungarian,Cleveland,SVM
276,8,sex,-0.08674,0.08674,PAIRWISE_E15_HUNG_TO_CLEV_SVM,Hungarian,Cleveland,SVM
276,8,cp,-0.009729,0.009729,PAIRWISE_E15_HUNG_TO_CLEV_SVM,Hungarian,Cleveland,SVM
276,8,trestbps,0.008479,0.008479,PAIRWISE_E15_HUNG_TO_CLEV_SVM,Hungarian,Cleveland,SVM
276,8,fbs,-0.091626,0.091626,PAIRWISE_E15_HUNG_TO_CLEV_SVM,Hungarian,Cleveland,SVM
276,8,restecg,0.007901,0.007901,PAIRWISE_E15_HUNG_TO_CLEV_SVM,Hungarian,Cleveland,SVM
276,8,thalach,-0.007735,0.007735,PAIRWISE_E15_HUNG_TO_CLEV_SVM,Hungarian,Cleveland,SVM
276,8,exang,-0.26353,0.26353,PAIRWISE_E15_HUNG_TO_CLEV_SVM,Hungarian,Cleveland,SVM
276,8,oldpeak,-0.249399,0.249399,PAIRWISE_E15_HUNG_TO_CLEV_SVM,Hungarian,Cleveland,SVM
276,8,slope,0.143311,0.143311,PAIRWISE_E15_HUNG_TO_CLEV_SVM,Hungarian,Cleveland,SVM
165,9,age,0.02277,0.02277,PAIRWISE_E15_HUNG_TO_CLEV_SVM,Hungarian,Cleveland,SVM
165,9,sex,0.083281,0.083281,PAIRWISE_E15_HUNG_TO_CLEV_SVM,Hungarian,Cleveland,SVM
165,9,cp,0.126036,0.126036,PAIRWISE_E15_HUNG_TO_CLEV_SVM,Hungarian,Cleveland,SVM
165,9,trestbps,-0.002948,0.002948,PAIRWISE_E15_HUNG_TO_CLEV_SVM,Hungarian,Cleveland,SVM
165,9,fbs,-0.071107,0.071107,PAIRWISE_E15_HUNG_TO_CLEV_SVM,Hungarian,Cleveland,SVM
165,9,restecg,-0.004689,0.004689,PAIRWISE_E15_HUNG_TO_CLEV_SVM,Hungarian,Cleveland,SVM
165,9,thalach,-0.035519,0.035519,PAIRWISE_E15_HUNG_TO_CLEV_SVM,Hungarian,Cleveland,SVM
165,9,exang,0.276512,0.276512,PAIRWISE_E15_HUNG_TO_CLEV_SVM,Hungarian,Cleveland,SVM
165,9,oldpeak,-0.236471,0.236471,PAIRWISE_E15_HUNG_TO_CLEV_SVM,Hungarian,Cleveland,SVM
165,9,slope,-0.160894,0.160894,PAIRWISE_E15_HUNG_TO_CLEV_SVM,Hungarian,Cleveland,SVM
114,10,age,0.033389,0.033389,PAIRWISE_E15_HUNG_TO_CLEV_SVM,Hungarian,Cleveland,SVM
114,10,sex,-0.115458,0.115458,PAIRWISE_E15_HUNG_TO_CLEV_SVM,Hungarian,Cleveland,SVM
114,10,cp,-0.03852,0.03852,PAIRWISE_E15_HUNG_TO_CLEV_SVM,Hungarian,Cleveland,SVM
114,10,trestbps,0.006677,0.006677,PAIRWISE_E15_HUNG_TO_CLEV_SVM,Hungarian,Cleveland,SVM
114,10,fbs,-0.070094,0.070094,PAIRWISE_E15_HUNG_TO_CLEV_SVM,Hungarian,Cleveland,SVM
114,10,restecg,-0.008781,0.008781,PAIRWISE_E15_HUNG_TO_CLEV_SVM,Hungarian,Cleveland,SVM
114,10,thalach,0.040948,0.040948,PAIRWISE_E15_HUNG_TO_CLEV_SVM,Hungarian,Cleveland,SVM
114,10,exang,-0.266842,0.266842,PAIRWISE_E15_HUNG_TO_CLEV_SVM,Hungarian,Cleveland,SVM
114,10,oldpeak,0.293884,0.293884,PAIRWISE_E15_HUNG_TO_CLEV_SVM,Hungarian,Cleveland,SVM
114,10,slope,0.152541,0.152541,PAIRWISE_E15_HUNG_TO_CLEV_SVM,Hungarian,Cleveland,SVM
229,11,age,0.00441,0.00441,PAIRWISE_E15_HUNG_TO_CLEV_SVM,Hungarian,Cleveland,SVM
229,11,sex,0.102153,0.102153,PAIRWISE_E15_HUNG_TO_CLEV_SVM,Hungarian,Cleveland,SVM
229,11,cp,0.121813,0.121813,PAIRWISE_E15_HUNG_TO_CLEV_SVM,Hungarian,Cleveland,SVM
229,11,trestbps,-0.008578,0.008578,PAIRWISE_E15_HUNG_TO_CLEV_SVM,Hungarian,Cleveland,SVM
229,11,fbs,-0.112714,0.112714,PAIRWISE_E15_HUNG_TO_CLEV_SVM,Hungarian,Cleveland,SVM
229,11,restecg,-0.023676,0.023676,PAIRWISE_E15_HUNG_TO_CLEV_SVM,Hungarian,Cleveland,SVM
229,11,thalach,-0.002754,0.002754,PAIRWISE_E15_HUNG_TO_CLEV_SVM,Hungarian,Cleveland,SVM
229,11,exang,0.273871,0.273871,PAIRWISE_E15_HUNG_TO_CLEV_SVM,Hungarian,Cleveland,SVM
229,11,oldpeak,0.036888,0.036888,PAIRWISE_E15_HUNG_TO_CLEV_SVM,Hungarian,Cleveland,SVM
229,11,slope,-0.208398,0.208398,PAIRWISE_E15_HUNG_TO_CLEV_SVM,Hungarian,Cleveland,SVM
156,12,age,0.016488,0.016488,PAIRWISE_E15_HUNG_TO_CLEV_SVM,Hungarian,Cleveland,SVM
156,12,sex,0.089901,0.089901,PAIRWISE_E15_HUNG_TO_CLEV_SVM,Hungarian,Cleveland,SVM
156,12,cp,0.123466,0.123466,PAIRWISE_E15_HUNG_TO_CLEV_SVM,Hungarian,Cleveland,SVM
156,12,trestbps,-0.012274,0.012274,PAIRWISE_E15_HUNG_TO_CLEV_SVM,Hungarian,Cleveland,SVM
156,12,fbs,-0.083656,0.083656,PAIRWISE_E15_HUNG_TO_CLEV_SVM,Hungarian,Cleveland,SVM
156,12,restecg,0.003737,0.003737,PAIRWISE_E15_HUNG_TO_CLEV_SVM,Hungarian,Cleveland,SVM
156,12,thalach,-0.051107,0.051107,PAIRWISE_E15_HUNG_TO_CLEV_SVM,Hungarian,Cleveland,SVM
156,12,exang,0.281205,0.281205,PAIRWISE_E15_HUNG_TO_CLEV_SVM,Hungarian,Cleveland,SVM
156,12,oldpeak,0.315543,0.315543,PAIRWISE_E15_HUNG_TO_CLEV_SVM,Hungarian,Cleveland,SVM
156,12,slope,-0.169794,0.169794,PAIRWISE_E15_HUNG_TO_CLEV_SVM,Hungarian,Cleveland,SVM
16,13,age,-0.020987,0.020987,PAIRWISE_E15_HUNG_TO_CLEV_SVM,Hungarian,Cleveland,SVM
16,13,sex,0.100399,0.100399,PAIRWISE_E15_HUNG_TO_CLEV_SVM,Hungarian,Cleveland,SVM
16,13,cp,-0.121602,0.121602,PAIRWISE_E15_HUNG_TO_CLEV_SVM,Hungarian,Cleveland,SVM
16,13,trestbps,-0.021,0.021,PAIRWISE_E15_HUNG_TO_CLEV_SVM,Hungarian,Cleveland,SVM
16,13,fbs,-0.094552,0.094552,PAIRWISE_E15_HUNG_TO_CLEV_SVM,Hungarian,Cleveland,SVM
16,13,restecg,-0.001929,0.001929,PAIRWISE_E15_HUNG_TO_CLEV_SVM,Hungarian,Cleveland,SVM
16,13,thalach,-0.018645,0.018645,PAIRWISE_E15_HUNG_TO_CLEV_SVM,Hungarian,Cleveland,SVM
16,13,exang,-0.278804,0.278804,PAIRWISE_E15_HUNG_TO_CLEV_SVM,Hungarian,Cleveland,SVM
16,13,oldpeak,0.029696,0.029696,PAIRWISE_E15_HUNG_TO_CLEV_SVM,Hungarian,Cleveland,SVM
16,13,slope,0.100531,0.100531,PAIRWISE_E15_HUNG_TO_CLEV_SVM,Hungarian,Cleveland,SVM
21,14,age,0.023621,0.023621,PAIRWISE_E15_HUNG_TO_CLEV_SVM,Hungarian,Cleveland,SVM
21,14,sex,-0.099548,0.099548,PAIRWISE_E15_HUNG_TO_CLEV_SVM,Hungarian,Cleveland,SVM
21,14,cp,-0.107463,0.107463,PAIRWISE_E15_HUNG_TO_CLEV_SVM,Hungarian,Cleveland,SVM
21,14,trestbps,-0.004309,0.004309,PAIRWISE_E15_HUNG_TO_CLEV_SVM,Hungarian,Cleveland,SVM
21,14,fbs,0.089091,0.089091,PAIRWISE_E15_HUNG_TO_CLEV_SVM,Hungarian,Cleveland,SVM
21,14,restecg,0.012815,0.012815,PAIRWISE_E15_HUNG_TO_CLEV_SVM,Hungarian,Cleveland,SVM
21,14,thalach,-0.030531,0.030531,PAIRWISE_E15_HUNG_TO_CLEV_SVM,Hungarian,Cleveland,SVM
21,14,exang,-0.258512,0.258512,PAIRWISE_E15_HUNG_TO_CLEV_SVM,Hungarian,Cleveland,SVM
21,14,oldpeak,0.020734,0.020734,PAIRWISE_E15_HUNG_TO_CLEV_SVM,Hungarian,Cleveland,SVM
21,14,slope,-0.17211,0.17211,PAIRWISE_E15_HUNG_TO_CLEV_SVM,Hungarian,Cleveland,SVM
116,15,age,0.014453,0.014453,PAIRWISE_E15_HUNG_TO_CLEV_SVM,Hungarian,Cleveland,SVM
116,15,sex,0.07092,0.07092,PAIRWISE_E15_HUNG_TO_CLEV_SVM,Hungarian,Cleveland,SVM
116,15,cp,-0.011423,0.011423,PAIRWISE_E15_HUNG_TO_CLEV_SVM,Hungarian,Cleveland,SVM
116,15,trestbps,-0.002268,0.002268,PAIRWISE_E15_HUNG_TO_CLEV_SVM,Hungarian,Cleveland,SVM
116,15,fbs,0.09354,0.09354,PAIRWISE_E15_HUNG_TO_CLEV_SVM,Hungarian,Cleveland,SVM
116,15,restecg,-0.002502,0.002502,PAIRWISE_E15_HUNG_TO_CLEV_SVM,Hungarian,Cleveland,SVM
116,15,thalach,-0.027329,0.027329,PAIRWISE_E15_HUNG_TO_CLEV_SVM,Hungarian,Cleveland,SVM
116,15,exang,-0.268983,0.268983,PAIRWISE_E15_HUNG_TO_CLEV_SVM,Hungarian,Cleveland,SVM
116,15,oldpeak,-0.206092,0.206092,PAIRWISE_E15_HUNG_TO_CLEV_SVM,Hungarian,Cleveland,SVM
116,15,slope,-0.135565,0.135565,PAIRWISE_E15_HUNG_TO_CLEV_SVM,Hungarian,Cleveland,SVM
294,16,age,0.003633,0.003633,PAIRWISE_E15_HUNG_TO_CLEV_SVM,Hungarian,Cleveland,SVM
294,16,sex,-0.089445,0.089445,PAIRWISE_E15_HUNG_TO_CLEV_SVM,Hungarian,Cleveland,SVM
294,16,cp,0.125533,0.125533,PAIRWISE_E15_HUNG_TO_CLEV_SVM,Hungarian,Cleveland,SVM
294,16,trestbps,-0.014025,0.014025,PAIRWISE_E15_HUNG_TO_CLEV_SVM,Hungarian,Cleveland,SVM
294,16,fbs,-0.083993,0.083993,PAIRWISE_E15_HUNG_TO_CLEV_SVM,Hungarian,Cleveland,SVM
294,16,restecg,-0.005081,0.005081,PAIRWISE_E15_HUNG_TO_CLEV_SVM,Hungarian,Cleveland,SVM
294,16,thalach,-0.004675,0.004675,PAIRWISE_E15_HUNG_TO_CLEV_SVM,Hungarian,Cleveland,SVM
294,16,exang,0.275447,0.275447,PAIRWISE_E15_HUNG_TO_CLEV_SVM,Hungarian,Cleveland,SVM
294,16,oldpeak,-0.235033,0.235033,PAIRWISE_E15_HUNG_TO_CLEV_SVM,Hungarian,Cleveland,SVM
294,16,slope,0.158506,0.158506,PAIRWISE_E15_HUNG_TO_CLEV_SVM,Hungarian,Cleveland,SVM
228,17,age,-0.011062,0.011062,PAIRWISE_E15_HUNG_TO_CLEV_SVM,Hungarian,Cleveland,SVM
228,17,sex,0.096029,0.096029,PAIRWISE_E15_HUNG_TO_CLEV_SVM,Hungarian,Cleveland,SVM
228,17,cp,0.13651,0.13651,PAIRWISE_E15_HUNG_TO_CLEV_SVM,Hungarian,Cleveland,SVM
228,17,trestbps,-0.013444,0.013444,PAIRWISE_E15_HUNG_TO_CLEV_SVM,Hungarian,Cleveland,SVM
228,17,fbs,-0.077199,0.077199,PAIRWISE_E15_HUNG_TO_CLEV_SVM,Hungarian,Cleveland,SVM
228,17,restecg,-0.058744,0.058744,PAIRWISE_E15_HUNG_TO_CLEV_SVM,Hungarian,Cleveland,SVM
228,17,thalach,0.064244,0.064244,PAIRWISE_E15_HUNG_TO_CLEV_SVM,Hungarian,Cleveland,SVM
228,17,exang,0.277848,0.277848,PAIRWISE_E15_HUNG_TO_CLEV_SVM,Hungarian,Cleveland,SVM
228,17,oldpeak,-0.238156,0.238156,PAIRWISE_E15_HUNG_TO_CLEV_SVM,Hungarian,Cleveland,SVM
228,17,slope,0.178153,0.178153,PAIRWISE_E15_HUNG_TO_CLEV_SVM,Hungarian,Cleveland,SVM
155,18,age,0.022807,0.022807,PAIRWISE_E15_HUNG_TO_CLEV_SVM,Hungarian,Cleveland,SVM
155,18,sex,0.108711,0.108711,PAIRWISE_E15_HUNG_TO_CLEV_SVM,Hungarian,Cleveland,SVM
155,18,cp,0.138763,0.138763,PAIRWISE_E15_HUNG_TO_CLEV_SVM,Hungarian,Cleveland,SVM
155,18,trestbps,-0.019617,0.019617,PAIRWISE_E15_HUNG_TO_CLEV_SVM,Hungarian,Cleveland,SVM
155,18,fbs,-0.090884,0.090884,PAIRWISE_E15_HUNG_TO_CLEV_SVM,Hungarian,Cleveland,SVM
155,18,restecg,0.009095,0.009095,PAIRWISE_E15_HUNG_TO_CLEV_SVM,Hungarian,Cleveland,SVM
155,18,thalach,0.040743,0.040743,PAIRWISE_E15_HUNG_TO_CLEV_SVM,Hungarian,Cleveland,SVM
155,18,exang,-0.285054,0.285054,PAIRWISE_E15_HUNG_TO_CLEV_SVM,Hungarian,Cleveland,SVM
155,18,oldpeak,0.301321,0.301321,PAIRWISE_E15_HUNG_TO_CLEV_SVM,Hungarian,Cleveland,SVM
155,18,slope,0.158657,0.158657,PAIRWISE_E15_HUNG_TO_CLEV_SVM,Hungarian,Cleveland,SVM
153,19,age,0.016333,0.016333,PAIRWISE_E15_HUNG_TO_CLEV_SVM,Hungarian,Cleveland,SVM
153,19,sex,0.077669,0.077669,PAIRWISE_E15_HUNG_TO_CLEV_SVM,Hungarian,Cleveland,SVM
153,19,cp,0.135199,0.135199,PAIRWISE_E15_HUNG_TO_CLEV_SVM,Hungarian,Cleveland,SVM
153,19,trestbps,0.00946,0.00946,PAIRWISE_E15_HUNG_TO_CLEV_SVM,Hungarian,Cleveland,SVM
153,19,fbs,-0.110103,0.110103,PAIRWISE_E15_HUNG_TO_CLEV_SVM,Hungarian,Cleveland,SVM
153,19,restecg,-0.037421,0.037421,PAIRWISE_E15_HUNG_TO_CLEV_SVM,Hungarian,Cleveland,SVM
153,19,thalach,-0.025062,0.025062,PAIRWISE_E15_HUNG_TO_CLEV_SVM,Hungarian,Cleveland,SVM
153,19,exang,0.290494,0.290494,PAIRWISE_E15_HUNG_TO_CLEV_SVM,Hungarian,Cleveland,SVM
153,19,oldpeak,0.044543,0.044543,PAIRWISE_E15_HUNG_TO_CLEV_SVM,Hungarian,Cleveland,SVM
153,19,slope,0.175915,0.175915,PAIRWISE_E15_HUNG_TO_CLEV_SVM,Hungarian,Cleveland,SVM
47,20,age,0.001044,0.001044,PAIRWISE_E15_HUNG_TO_CLEV_SVM,Hungarian,Cleveland,SVM
47,20,sex,0.08076,0.08076,PAIRWISE_E15_HUNG_TO_CLEV_SVM,Hungarian,Cleveland,SVM
47,20,cp,0.117051,0.117051,PAIRWISE_E15_HUNG_TO_CLEV_SVM,Hungarian,Cleveland,SVM
47,20,trestbps,0.011689,0.011689,PAIRWISE_E15_HUNG_TO_CLEV_SVM,Hungarian,Cleveland,SVM
47,20,fbs,-0.110095,0.110095,PAIRWISE_E15_HUNG_TO_CLEV_SVM,Hungarian,Cleveland,SVM
47,20,restecg,-0.04926,0.04926,PAIRWISE_E15_HUNG_TO_CLEV_SVM,Hungarian,Cleveland,SVM
47,20,thalach,-0.006867,0.006867,PAIRWISE_E15_HUNG_TO_CLEV_SVM,Hungarian,Cleveland,SVM
47,20,exang,-0.275026,0.275026,PAIRWISE_E15_HUNG_TO_CLEV_SVM,Hungarian,Cleveland,SVM
47,20,oldpeak,0.296638,0.296638,PAIRWISE_E15_HUNG_TO_CLEV_SVM,Hungarian,Cleveland,SVM
47,20,slope,0.161201,0.161201,PAIRWISE_E15_HUNG_TO_CLEV_SVM,Hungarian,Cleveland,SVM
83,21,age,0.010974,0.010974,PAIRWISE_E15_HUNG_TO_CLEV_SVM,Hungarian,Cleveland,SVM
83,21,sex,0.106179,0.106179,PAIRWISE_E15_HUNG_TO_CLEV_SVM,Hungarian,Cleveland,SVM
83,21,cp,0.007613,0.007613,PAIRWISE_E15_HUNG_TO_CLEV_SVM,Hungarian,Cleveland,SVM
83,21,trestbps,-0.005986,0.005986,PAIRWISE_E15_HUNG_TO_CLEV_SVM,Hungarian,Cleveland,SVM
83,21,fbs,0.083452,0.083452,PAIRWISE_E15_HUNG_TO_CLEV_SVM,Hungarian,Cleveland,SVM
83,21,restecg,-0.023701,0.023701,PAIRWISE_E15_HUNG_TO_CLEV_SVM,Hungarian,Cleveland,SVM
83,21,thalach,-0.023193,0.023193,PAIRWISE_E15_HUNG_TO_CLEV_SVM,Hungarian,Cleveland,SVM
83,21,exang,0.271206,0.271206,PAIRWISE_E15_HUNG_TO_CLEV_SVM,Hungarian,Cleveland,SVM
83,21,oldpeak,0.296255,0.296255,PAIRWISE_E15_HUNG_TO_CLEV_SVM,Hungarian,Cleveland,SVM
83,21,slope,0.162212,0.162212,PAIRWISE_E15_HUNG_TO_CLEV_SVM,Hungarian,Cleveland,SVM
267,22,age,0.005077,0.005077,PAIRWISE_E15_HUNG_TO_CLEV_SVM,Hungarian,Cleveland,SVM
267,22,sex,0.089149,0.089149,PAIRWISE_E15_HUNG_TO_CLEV_SVM,Hungarian,Cleveland,SVM
267,22,cp,-0.017821,0.017821,PAIRWISE_E15_HUNG_TO_CLEV_SVM,Hungarian,Cleveland,SVM
267,22,trestbps,0.003372,0.003372,PAIRWISE_E15_HUNG_TO_CLEV_SVM,Hungarian,Cleveland,SVM
267,22,fbs,0.091361,0.091361,PAIRWISE_E15_HUNG_TO_CLEV_SVM,Hungarian,Cleveland,SVM
267,22,restecg,-0.003729,0.003729,PAIRWISE_E15_HUNG_TO_CLEV_SVM,Hungarian,Cleveland,SVM
267,22,thalach,0.006555,0.006555,PAIRWISE_E15_HUNG_TO_CLEV_SVM,Hungarian,Cleveland,SVM
267,22,exang,-0.270311,0.270311,PAIRWISE_E15_HUNG_TO_CLEV_SVM,Hungarian,Cleveland,SVM
267,22,oldpeak,0.311971,0.311971,PAIRWISE_E15_HUNG_TO_CLEV_SVM,Hungarian,Cleveland,SVM
267,22,slope,0.171568,0.171568,PAIRWISE_E15_HUNG_TO_CLEV_SVM,Hungarian,Cleveland,SVM
280,23,age,0.012906,0.012906,PAIRWISE_E15_HUNG_TO_CLEV_SVM,Hungarian,Cleveland,SVM
280,23,sex,0.100255,0.100255,PAIRWISE_E15_HUNG_TO_CLEV_SVM,Hungarian,Cleveland,SVM
280,23,cp,0.132352,0.132352,PAIRWISE_E15_HUNG_TO_CLEV_SVM,Hungarian,Cleveland,SVM
280,23,trestbps,-0.016932,0.016932,PAIRWISE_E15_HUNG_TO_CLEV_SVM,Hungarian,Cleveland,SVM
280,23,fbs,-0.072013,0.072013,PAIRWISE_E15_HUNG_TO_CLEV_SVM,Hungarian,Cleveland,SVM
280,23,restecg,-0.002235,0.002235,PAIRWISE_E15_HUNG_TO_CLEV_SVM,Hungarian,Cleveland,SVM
280,23,thalach,-0.005289,0.005289,PAIRWISE_E15_HUNG_TO_CLEV_SVM,Hungarian,Cleveland,SVM
280,23,exang,0.282928,0.282928,PAIRWISE_E15_HUNG_TO_CLEV_SVM,Hungarian,Cleveland,SVM
280,23,oldpeak,0.294434,0.294434,PAIRWISE_E15_HUNG_TO_CLEV_SVM,Hungarian,Cleveland,SVM
280,23,slope,0.177901,0.177901,PAIRWISE_E15_HUNG_TO_CLEV_SVM,Hungarian,Cleveland,SVM
272,24,age,-0.020379,0.020379,PAIRWISE_E15_HUNG_TO_CLEV_SVM,Hungarian,Cleveland,SVM
272,24,sex,0.10587,0.10587,PAIRWISE_E15_HUNG_TO_CLEV_SVM,Hungarian,Cleveland,SVM
272,24,cp,0.12486,0.12486,PAIRWISE_E15_HUNG_TO_CLEV_SVM,Hungarian,Cleveland,SVM
272,24,trestbps,-0.011279,0.011279,PAIRWISE_E15_HUNG_TO_CLEV_SVM,Hungarian,Cleveland,SVM
272,24,fbs,-0.093059,0.093059,PAIRWISE_E15_HUNG_TO_CLEV_SVM,Hungarian,Cleveland,SVM
272,24,restecg,-0.003574,0.003574,PAIRWISE_E15_HUNG_TO_CLEV_SVM,Hungarian,Cleveland,SVM
272,24,thalach,0.060721,0.060721,PAIRWISE_E15_HUNG_TO_CLEV_SVM,Hungarian,Cleveland,SVM
272,24,exang,0.268204,0.268204,PAIRWISE_E15_HUNG_TO_CLEV_SVM,Hungarian,Cleveland,SVM
272,24,oldpeak,0.321528,0.321528,PAIRWISE_E15_HUNG_TO_CLEV_SVM,Hungarian,Cleveland,SVM
272,24,slope,0.164598,0.164598,PAIRWISE_E15_HUNG_TO_CLEV_SVM,Hungarian,Cleveland,SVM
241,0,age,-0.012018,0.012018,PAIRWISE_E16_HUNG_TO_CLEV_XGBoost,Hungarian,Cleveland,XGBoost
241,0,sex,-0.162393,0.162393,PAIRWISE_E16_HUNG_TO_CLEV_XGBoost,Hungarian,Cleveland,XGBoost
241,0,cp,-0.25346,0.25346,PAIRWISE_E16_HUNG_TO_CLEV_XGBoost,Hungarian,Cleveland,XGBoost
241,0,trestbps,-0.028818,0.028818,PAIRWISE_E16_HUNG_TO_CLEV_XGBoost,Hungarian,Cleveland,XGBoost
241,0,fbs,-0.110321,0.110321,PAIRWISE_E16_HUNG_TO_CLEV_XGBoost,Hungarian,Cleveland,XGBoost
241,0,restecg,0.031849,0.031849,PAIRWISE_E16_HUNG_TO_CLEV_XGBoost,Hungarian,Cleveland,XGBoost
241,0,thalach,0.005895,0.005895,PAIRWISE_E16_HUNG_TO_CLEV_XGBoost,Hungarian,Cleveland,XGBoost
241,0,exang,-0.147911,0.147911,PAIRWISE_E16_HUNG_TO_CLEV_XGBoost,Hungarian,Cleveland,XGBoost
241,0,oldpeak,-0.192544,0.192544,PAIRWISE_E16_HUNG_TO_CLEV_XGBoost,Hungarian,Cleveland,XGBoost
241,0,slope,-0.07679,0.07679,PAIRWISE_E16_HUNG_TO_CLEV_XGBoost,Hungarian,Cleveland,XGBoost
115,1,age,-0.004818,0.004818,PAIRWISE_E16_HUNG_TO_CLEV_XGBoost,Hungarian,Cleveland,XGBoost
115,1,sex,0.164725,0.164725,PAIRWISE_E16_HUNG_TO_CLEV_XGBoost,Hungarian,Cleveland,XGBoost
115,1,cp,-0.249794,0.249794,PAIRWISE_E16_HUNG_TO_CLEV_XGBoost,Hungarian,Cleveland,XGBoost
115,1,trestbps,-0.00228,0.00228,PAIRWISE_E16_HUNG_TO_CLEV_XGBoost,Hungarian,Cleveland,XGBoost
115,1,fbs,-0.084015,0.084015,PAIRWISE_E16_HUNG_TO_CLEV_XGBoost,Hungarian,Cleveland,XGBoost
115,1,restecg,0.032738,0.032738,PAIRWISE_E16_HUNG_TO_CLEV_XGBoost,Hungarian,Cleveland,XGBoost
115,1,thalach,-0.03841,0.03841,PAIRWISE_E16_HUNG_TO_CLEV_XGBoost,Hungarian,Cleveland,XGBoost
115,1,exang,-0.151765,0.151765,PAIRWISE_E16_HUNG_TO_CLEV_XGBoost,Hungarian,Cleveland,XGBoost
115,1,oldpeak,-0.209288,0.209288,PAIRWISE_E16_HUNG_TO_CLEV_XGBoost,Hungarian,Cleveland,XGBoost
115,1,slope,0.088401,0.088401,PAIRWISE_E16_HUNG_TO_CLEV_XGBoost,Hungarian,Cleveland,XGBoost
288,2,age,0.033711,0.033711,PAIRWISE_E16_HUNG_TO_CLEV_XGBoost,Hungarian,Cleveland,XGBoost
288,2,sex,0.166616,0.166616,PAIRWISE_E16_HUNG_TO_CLEV_XGBoost,Hungarian,Cleveland,XGBoost
288,2,cp,-0.252352,0.252352,PAIRWISE_E16_HUNG_TO_CLEV_XGBoost,Hungarian,Cleveland,XGBoost
288,2,trestbps,-0.027072,0.027072,PAIRWISE_E16_HUNG_TO_CLEV_XGBoost,Hungarian,Cleveland,XGBoost
288,2,fbs,-0.085165,0.085165,PAIRWISE_E16_HUNG_TO_CLEV_XGBoost,Hungarian,Cleveland,XGBoost
288,2,restecg,-0.034112,0.034112,PAIRWISE_E16_HUNG_TO_CLEV_XGBoost,Hungarian,Cleveland,XGBoost
288,2,thalach,-0.013044,0.013044,PAIRWISE_E16_HUNG_TO_CLEV_XGBoost,Hungarian,Cleveland,XGBoost
288,2,exang,-0.166947,0.166947,PAIRWISE_E16_HUNG_TO_CLEV_XGBoost,Hungarian,Cleveland,XGBoost
288,2,oldpeak,-0.193602,0.193602,PAIRWISE_E16_HUNG_TO_CLEV_XGBoost,Hungarian,Cleveland,XGBoost
288,2,slope,-0.09059,0.09059,PAIRWISE_E16_HUNG_TO_CLEV_XGBoost,Hungarian,Cleveland,XGBoost
260,3,age,-0.013632,0.013632,PAIRWISE_E16_HUNG_TO_CLEV_XGBoost,Hungarian,Cleveland,XGBoost
260,3,sex,-0.173808,0.173808,PAIRWISE_E16_HUNG_TO_CLEV_XGBoost,Hungarian,Cleveland,XGBoost
260,3,cp,-0.08592,0.08592,PAIRWISE_E16_HUNG_TO_CLEV_XGBoost,Hungarian,Cleveland,XGBoost
260,3,trestbps,0.041467,0.041467,PAIRWISE_E16_HUNG_TO_CLEV_XGBoost,Hungarian,Cleveland,XGBoost
260,3,fbs,-0.052764,0.052764,PAIRWISE_E16_HUNG_TO_CLEV_XGBoost,Hungarian,Cleveland,XGBoost
260,3,restecg,0.002439,0.002439,PAIRWISE_E16_HUNG_TO_CLEV_XGBoost,Hungarian,Cleveland,XGBoost
260,3,thalach,-0.048719,0.048719,PAIRWISE_E16_HUNG_TO_CLEV_XGBoost,Hungarian,Cleveland,XGBoost
260,3,exang,-0.139486,0.139486,PAIRWISE_E16_HUNG_TO_CLEV_XGBoost,Hungarian,Cleveland,XGBoost
260,3,oldpeak,-0.010919,0.010919,PAIRWISE_E16_HUNG_TO_CLEV_XGBoost,Hungarian,Cleveland,XGBoost
260,3,slope,0.06917,0.06917,PAIRWISE_E16_HUNG_TO_CLEV_XGBoost,Hungarian,Cleveland,XGBoost
5,4,age,0.035966,0.035966,PAIRWISE_E16_HUNG_TO_CLEV_XGBoost,Hungarian,Cleveland,XGBoost
5,4,sex,0.150156,0.150156,PAIRWISE_E16_HUNG_TO_CLEV_XGBoost,Hungarian,Cleveland,XGBoost
5,4,cp,-0.271088,0.271088,PAIRWISE_E16_HUNG_TO_CLEV_XGBoost,Hungarian,Cleveland,XGBoost
5,4,trestbps,0.066649,0.066649,PAIRWISE_E16_HUNG_TO_CLEV_XGBoost,Hungarian,Cleveland,XGBoost
5,4,fbs,-0.103103,0.103103,PAIRWISE_E16_HUNG_TO_CLEV_XGBoost,Hungarian,Cleveland,XGBoost
5,4,restecg,0.005354,0.005354,PAIRWISE_E16_HUNG_TO_CLEV_XGBoost,Hungarian,Cleveland,XGBoost
5,4,thalach,-0.029244,0.029244,PAIRWISE_E16_HUNG_TO_CLEV_XGBoost,Hungarian,Cleveland,XGBoost
5,4,exang,-0.166379,0.166379,PAIRWISE_E16_HUNG_TO_CLEV_XGBoost,Hungarian,Cleveland,XGBoost
5,4,oldpeak,-0.009696,0.009696,PAIRWISE_E16_HUNG_TO_CLEV_XGBoost,Hungarian,Cleveland,XGBoost
5,4,slope,-0.095035,0.095035,PAIRWISE_E16_HUNG_TO_CLEV_XGBoost,Hungarian,Cleveland,XGBoost
281,5,age,-0.019306,0.019306,PAIRWISE_E16_HUNG_TO_CLEV_XGBoost,Hungarian,Cleveland,XGBoost
281,5,sex,0.158064,0.158064,PAIRWISE_E16_HUNG_TO_CLEV_XGBoost,Hungarian,Cleveland,XGBoost
281,5,cp,-0.075386,0.075386,PAIRWISE_E16_HUNG_TO_CLEV_XGBoost,Hungarian,Cleveland,XGBoost
281,5,trestbps,-0.022445,0.022445,PAIRWISE_E16_HUNG_TO_CLEV_XGBoost,Hungarian,Cleveland,XGBoost
281,5,fbs,-0.096754,0.096754,PAIRWISE_E16_HUNG_TO_CLEV_XGBoost,Hungarian,Cleveland,XGBoost
281,5,restecg,0.016261,0.016261,PAIRWISE_E16_HUNG_TO_CLEV_XGBoost,Hungarian,Cleveland,XGBoost
281,5,thalach,0.001059,0.001059,PAIRWISE_E16_HUNG_TO_CLEV_XGBoost,Hungarian,Cleveland,XGBoost
281,5,exang,-0.170401,0.170401,PAIRWISE_E16_HUNG_TO_CLEV_XGBoost,Hungarian,Cleveland,XGBoost
281,5,oldpeak,-0.209503,0.209503,PAIRWISE_E16_HUNG_TO_CLEV_XGBoost,Hungarian,Cleveland,XGBoost
281,5,slope,-0.087278,0.087278,PAIRWISE_E16_HUNG_TO_CLEV_XGBoost,Hungarian,Cleveland,XGBoost
159,6,age,0.042927,0.042927,PAIRWISE_E16_HUNG_TO_CLEV_XGBoost,Hungarian,Cleveland,XGBoost
159,6,sex,0.159946,0.159946,PAIRWISE_E16_HUNG_TO_CLEV_XGBoost,Hungarian,Cleveland,XGBoost
159,6,cp,-0.074922,0.074922,PAIRWISE_E16_HUNG_TO_CLEV_XGBoost,Hungarian,Cleveland,XGBoost
159,6,trestbps,0.053406,0.053406,PAIRWISE_E16_HUNG_TO_CLEV_XGBoost,Hungarian,Cleveland,XGBoost
159,6,fbs,-0.093323,0.093323,PAIRWISE_E16_HUNG_TO_CLEV_XGBoost,Hungarian,Cleveland,XGBoost
159,6,restecg,0.026945,0.026945,PAIRWISE_E16_HUNG_TO_CLEV_XGBoost,Hungarian,Cleveland,XGBoost
159,6,thalach,-0.013576,0.013576,PAIRWISE_E16_HUNG_TO_CLEV_XGBoost,Hungarian,Cleveland,XGBoost
159,6,exang,-0.150504,0.150504,PAIRWISE_E16_HUNG_TO_CLEV_XGBoost,Hungarian,Cleveland,XGBoost
159,6,oldpeak,0.000351,0.000351,PAIRWISE_E16_HUNG_TO_CLEV_XGBoost,Hungarian,Cleveland,XGBoost
159,6,slope,-0.072517,0.072517,PAIRWISE_E16_HUNG_TO_CLEV_XGBoost,Hungarian,Cleveland,XGBoost
44,7,age,0.038375,0.038375,PAIRWISE_E16_HUNG_TO_CLEV_XGBoost,Hungarian,Cleveland,XGBoost
44,7,sex,-0.180014,0.180014,PAIRWISE_E16_HUNG_TO_CLEV_XGBoost,Hungarian,Cleveland,XGBoost
44,7,cp,0.252705,0.252705,PAIRWISE_E16_HUNG_TO_CLEV_XGBoost,Hungarian,Cleveland,XGBoost
44,7,trestbps,-0.035544,0.035544,PAIRWISE_E16_HUNG_TO_CLEV_XGBoost,Hungarian,Cleveland,XGBoost
44,7,fbs,-0.083958,0.083958,PAIRWISE_E16_HUNG_TO_CLEV_XGBoost,Hungarian,Cleveland,XGBoost
44,7,restecg,-0.016561,0.016561,PAIRWISE_E16_HUNG_TO_CLEV_XGBoost,Hungarian,Cleveland,XGBoost
44,7,thalach,-0.001552,0.001552,PAIRWISE_E16_HUNG_TO_CLEV_XGBoost,Hungarian,Cleveland,XGBoost
44,7,exang,-0.161503,0.161503,PAIRWISE_E16_HUNG_TO_CLEV_XGBoost,Hungarian,Cleveland,XGBoost
44,7,oldpeak,-0.210325,0.210325,PAIRWISE_E16_HUNG_TO_CLEV_XGBoost,Hungarian,Cleveland,XGBoost
44,7,slope,-0.08616,0.08616,PAIRWISE_E16_HUNG_TO_CLEV_XGBoost,Hungarian,Cleveland,XGBoost
199,8,age,0.014019,0.014019,PAIRWISE_E16_HUNG_TO_CLEV_XGBoost,Hungarian,Cleveland,XGBoost
199,8,sex,0.172534,0.172534,PAIRWISE_E16_HUNG_TO_CLEV_XGBoost,Hungarian,Cleveland,XGBoost
199,8,cp,0.064013,0.064013,PAIRWISE_E16_HUNG_TO_CLEV_XGBoost,Hungarian,Cleveland,XGBoost
199,8,trestbps,0.002244,0.002244,PAIRWISE_E16_HUNG_TO_CLEV_XGBoost,Hungarian,Cleveland,XGBoost
199,8,fbs,-0.090954,0.090954,PAIRWISE_E16_HUNG_TO_CLEV_XGBoost,Hungarian,Cleveland,XGBoost
199,8,restecg,-0.037949,0.037949,PAIRWISE_E16_HUNG_TO_CLEV_XGBoost,Hungarian,Cleveland,XGBoost
199,8,thalach,-0.020305,0.020305,PAIRWISE_E16_HUNG_TO_CLEV_XGBoost,Hungarian,Cleveland,XGBoost
199,8,exang,-0.125049,0.125049,PAIRWISE_E16_HUNG_TO_CLEV_XGBoost,Hungarian,Cleveland,XGBoost
199,8,oldpeak,-0.230412,0.230412,PAIRWISE_E16_HUNG_TO_CLEV_XGBoost,Hungarian,Cleveland,XGBoost
199,8,slope,-0.086413,0.086413,PAIRWISE_E16_HUNG_TO_CLEV_XGBoost,Hungarian,Cleveland,XGBoost
35,9,age,-0.002375,0.002375,PAIRWISE_E16_HUNG_TO_CLEV_XGBoost,Hungarian,Cleveland,XGBoost
35,9,sex,0.168307,0.168307,PAIRWISE_E16_HUNG_TO_CLEV_XGBoost,Hungarian,Cleveland,XGBoost
35,9,cp,0.283861,0.283861,PAIRWISE_E16_HUNG_TO_CLEV_XGBoost,Hungarian,Cleveland,XGBoost
35,9,trestbps,-0.011365,0.011365,PAIRWISE_E16_HUNG_TO_CLEV_XGBoost,Hungarian,Cleveland,XGBoost
35,9,fbs,-0.113784,0.113784,PAIRWISE_E16_HUNG_TO_CLEV_XGBoost,Hungarian,Cleveland,XGBoost
35,9,restecg,0.029976,0.029976,PAIRWISE_E16_HUNG_TO_CLEV_XGBoost,Hungarian,Cleveland,XGBoost
35,9,thalach,0.003022,0.003022,PAIRWISE_E16_HUNG_TO_CLEV_XGBoost,Hungarian,Cleveland,XGBoost
35,9,exang,-0.153109,0.153109,PAIRWISE_E16_HUNG_TO_CLEV_XGBoost,Hungarian,Cleveland,XGBoost
35,9,oldpeak,-0.207282,0.207282,PAIRWISE_E16_HUNG_TO_CLEV_XGBoost,Hungarian,Cleveland,XGBoost
35,9,slope,-0.093475,0.093475,PAIRWISE_E16_HUNG_TO_CLEV_XGBoost,Hungarian,Cleveland,XGBoost
297,10,age,0.032443,0.032443,PAIRWISE_E16_HUNG_TO_CLEV_XGBoost,Hungarian,Cleveland,XGBoost
297,10,sex,-0.18628,0.18628,PAIRWISE_E16_HUNG_TO_CLEV_XGBoost,Hungarian,Cleveland,XGBoost
297,10,cp,0.275554,0.275554,PAIRWISE_E16_HUNG_TO_CLEV_XGBoost,Hungarian,Cleveland,XGBoost
297,10,trestbps,-0.020016,0.020016,PAIRWISE_E16_HUNG_TO_CLEV_XGBoost,Hungarian,Cleveland,XGBoost
297,10,fbs,-0.085203,0.085203,PAIRWISE_E16_HUNG_TO_CLEV_XGBoost,Hungarian,Cleveland,XGBoost
297,10,restecg,0.014479,0.014479,PAIRWISE_E16_HUNG_TO_CLEV_XGBoost,Hungarian,Cleveland,XGBoost
297,10,thalach,-0.009508,0.009508,PAIRWISE_E16_HUNG_TO_CLEV_XGBoost,Hungarian,Cleveland,XGBoost
297,10,exang,0.168446,0.168446,PAIRWISE_E16_HUNG_TO_CLEV_XGBoost,Hungarian,Cleveland,XGBoost
297,10,oldpeak,-0.032729,0.032729,PAIRWISE_E16_HUNG_TO_CLEV_XGBoost,Hungarian,Cleveland,XGBoost
297,10,slope,0.070336,0.070336,PAIRWISE_E16_HUNG_TO_CLEV_XGBoost,Hungarian,Cleveland,XGBoost
51,11,age,0.024676,0.024676,PAIRWISE_E16_HUNG_TO_CLEV_XGBoost,Hungarian,Cleveland,XGBoost
51,11,sex,0.187453,0.187453,PAIRWISE_E16_HUNG_TO_CLEV_XGBoost,Hungarian,Cleveland,XGBoost
51,11,cp,0.286332,0.286332,PAIRWISE_E16_HUNG_TO_CLEV_XGBoost,Hungarian,Cleveland,XGBoost
51,11,trestbps,0.052981,0.052981,PAIRWISE_E16_HUNG_TO_CLEV_XGBoost,Hungarian,Cleveland,XGBoost
51,11,fbs,-0.084061,0.084061,PAIRWISE_E16_HUNG_TO_CLEV_XGBoost,Hungarian,Cleveland,XGBoost
51,11,restecg,0.002621,0.002621,PAIRWISE_E16_HUNG_TO_CLEV_XGBoost,Hungarian,Cleveland,XGBoost
51,11,thalach,-0.039814,0.039814,PAIRWISE_E16_HUNG_TO_CLEV_XGBoost,Hungarian,Cleveland,XGBoost
51,11,exang,-0.171666,0.171666,PAIRWISE_E16_HUNG_TO_CLEV_XGBoost,Hungarian,Cleveland,XGBoost
51,11,oldpeak,-0.009031,0.009031,PAIRWISE_E16_HUNG_TO_CLEV_XGBoost,Hungarian,Cleveland,XGBoost
51,11,slope,-0.115224,0.115224,PAIRWISE_E16_HUNG_TO_CLEV_XGBoost,Hungarian,Cleveland,XGBoost
290,12,age,0.047296,0.047296,PAIRWISE_E16_HUNG_TO_CLEV_XGBoost,Hungarian,Cleveland,XGBoost
290,12,sex,0.161822,0.161822,PAIRWISE_E16_HUNG_TO_CLEV_XGBoost,Hungarian,Cleveland,XGBoost
290,12,cp,-0.050438,0.050438,PAIRWISE_E16_HUNG_TO_CLEV_XGBoost,Hungarian,Cleveland,XGBoost
290,12,trestbps,-0.013599,0.013599,PAIRWISE_E16_HUNG_TO_CLEV_XGBoost,Hungarian,Cleveland,XGBoost
290,12,fbs,-0.113759,0.113759,PAIRWISE_E16_HUNG_TO_CLEV_XGBoost,Hungarian,Cleveland,XGBoost
290,12,restecg,0.035112,0.035112,PAIRWISE_E16_HUNG_TO_CLEV_XGBoost,Hungarian,Cleveland,XGBoost
290,12,thalach,-0.019785,0.019785,PAIRWISE_E16_HUNG_TO_CLEV_XGBoost,Hungarian,Cleveland,XGBoost
290,12,exang,-0.165084,0.165084,PAIRWISE_E16_HUNG_TO_CLEV_XGBoost,Hungarian,Cleveland,XGBoost
290,12,oldpeak,-0.021726,0.021726,PAIRWISE_E16_HUNG_TO_CLEV_XGBoost,Hungarian,Cleveland,XGBoost
290,12,slope,0.075877,0.075877,PAIRWISE_E16_HUNG_TO_CLEV_XGBoost,Hungarian,Cleveland,XGBoost
133,13,age,0.010485,0.010485,PAIRWISE_E16_HUNG_TO_CLEV_XGBoost,Hungarian,Cleveland,XGBoost
133,13,sex,0.173141,0.173141,PAIRWISE_E16_HUNG_TO_CLEV_XGBoost,Hungarian,Cleveland,XGBoost
133,13,cp,0.28039,0.28039,PAIRWISE_E16_HUNG_TO_CLEV_XGBoost,Hungarian,Cleveland,XGBoost
133,13,trestbps,-0.01468,0.01468,PAIRWISE_E16_HUNG_TO_CLEV_XGBoost,Hungarian,Cleveland,XGBoost
133,13,fbs,-0.099316,0.099316,PAIRWISE_E16_HUNG_TO_CLEV_XGBoost,Hungarian,Cleveland,XGBoost
133,13,restecg,-0.017117,0.017117,PAIRWISE_E16_HUNG_TO_CLEV_XGBoost,Hungarian,Cleveland,XGBoost
133,13,thalach,0.01101,0.01101,PAIRWISE_E16_HUNG_TO_CLEV_XGBoost,Hungarian,Cleveland,XGBoost
133,13,exang,0.147078,0.147078,PAIRWISE_E16_HUNG_TO_CLEV_XGBoost,Hungarian,Cleveland,XGBoost
133,13,oldpeak,-0.203166,0.203166,PAIRWISE_E16_HUNG_TO_CLEV_XGBoost,Hungarian,Cleveland,XGBoost
133,13,slope,-0.086694,0.086694,PAIRWISE_E16_HUNG_TO_CLEV_XGBoost,Hungarian,Cleveland,XGBoost
92,14,age,0.031563,0.031563,PAIRWISE_E16_HUNG_TO_CLEV_XGBoost,Hungarian,Cleveland,XGBoost
92,14,sex,0.171662,0.171662,PAIRWISE_E16_HUNG_TO_CLEV_XGBoost,Hungarian,Cleveland,XGBoost
92,14,cp,-0.093315,0.093315,PAIRWISE_E16_HUNG_TO_CLEV_XGBoost,Hungarian,Cleveland,XGBoost
92,14,trestbps,-0.053459,0.053459,PAIRWISE_E16_HUNG_TO_CLEV_XGBoost,Hungarian,Cleveland,XGBoost
92,14,fbs,-0.098338,0.098338,PAIRWISE_E16_HUNG_TO_CLEV_XGBoost,Hungarian,Cleveland,XGBoost
92,14,restecg,0.02478,0.02478,PAIRWISE_E16_HUNG_TO_CLEV_XGBoost,Hungarian,Cleveland,XGBoost
92,14,thalach,-0.018279,0.018279,PAIRWISE_E16_HUNG_TO_CLEV_XGBoost,Hungarian,Cleveland,XGBoost
92,14,exang,-0.160001,0.160001,PAIRWISE_E16_HUNG_TO_CLEV_XGBoost,Hungarian,Cleveland,XGBoost
92,14,oldpeak,0.303528,0.303528,PAIRWISE_E16_HUNG_TO_CLEV_XGBoost,Hungarian,Cleveland,XGBoost
92,14,slope,0.08777,0.08777,PAIRWISE_E16_HUNG_TO_CLEV_XGBoost,Hungarian,Cleveland,XGBoost
54,15,age,0.023523,0.023523,PAIRWISE_E16_HUNG_TO_CLEV_XGBoost,Hungarian,Cleveland,XGBoost
54,15,sex,0.160478,0.160478,PAIRWISE_E16_HUNG_TO_CLEV_XGBoost,Hungarian,Cleveland,XGBoost
54,15,cp,0.27241,0.27241,PAIRWISE_E16_HUNG_TO_CLEV_XGBoost,Hungarian,Cleveland,XGBoost
54,15,trestbps,-0.046536,0.046536,PAIRWISE_E16_HUNG_TO_CLEV_XGBoost,Hungarian,Cleveland,XGBoost
54,15,fbs,-0.085029,0.085029,PAIRWISE_E16_HUNG_TO_CLEV_XGBoost,Hungarian,Cleveland,XGBoost
54,15,restecg,0.02967,0.02967,PAIRWISE_E16_HUNG_TO_CLEV_XGBoost,Hungarian,Cleveland,XGBoost
54,15,thalach,-0.020387,0.020387,PAIRWISE_E16_HUNG_TO_CLEV_XGBoost,Hungarian,Cleveland,XGBoost
54,15,exang,0.146963,0.146963,PAIRWISE_E16_HUNG_TO_CLEV_XGBoost,Hungarian,Cleveland,XGBoost
54,15,oldpeak,0.289976,0.289976,PAIRWISE_E16_HUNG_TO_CLEV_XGBoost,Hungarian,Cleveland,XGBoost
54,15,slope,-0.085613,0.085613,PAIRWISE_E16_HUNG_TO_CLEV_XGBoost,Hungarian,Cleveland,XGBoost
28,16,age,-0.013052,0.013052,PAIRWISE_E16_HUNG_TO_CLEV_XGBoost,Hungarian,Cleveland,XGBoost
28,16,sex,0.171785,0.171785,PAIRWISE_E16_HUNG_TO_CLEV_XGBoost,Hungarian,Cleveland,XGBoost
28,16,cp,0.264188,0.264188,PAIRWISE_E16_HUNG_TO_CLEV_XGBoost,Hungarian,Cleveland,XGBoost
28,16,trestbps,-0.008536,0.008536,PAIRWISE_E16_HUNG_TO_CLEV_XGBoost,Hungarian,Cleveland,XGBoost
28,16,fbs,-0.106636,0.106636,PAIRWISE_E16_HUNG_TO_CLEV_XGBoost,Hungarian,Cleveland,XGBoost
28,16,restecg,0.017488,0.017488,PAIRWISE_E16_HUNG_TO_CLEV_XGBoost,Hungarian,Cleveland,XGBoost
28,16,thalach,-0.001908,0.001908,PAIRWISE_E16_HUNG_TO_CLEV_XGBoost,Hungarian,Cleveland,XGBoost
28,16,exang,-0.168771,0.168771,PAIRWISE_E16_HUNG_TO_CLEV_XGBoost,Hungarian,Cleveland,XGBoost
28,16,oldpeak,0.317512,0.317512,PAIRWISE_E16_HUNG_TO_CLEV_XGBoost,Hungarian,Cleveland,XGBoost
28,16,slope,-0.109053,0.109053,PAIRWISE_E16_HUNG_TO_CLEV_XGBoost,Hungarian,Cleveland,XGBoost
176,17,age,0.010086,0.010086,PAIRWISE_E16_HUNG_TO_CLEV_XGBoost,Hungarian,Cleveland,XGBoost
176,17,sex,0.166068,0.166068,PAIRWISE_E16_HUNG_TO_CLEV_XGBoost,Hungarian,Cleveland,XGBoost
176,17,cp,0.287543,0.287543,PAIRWISE_E16_HUNG_TO_CLEV_XGBoost,Hungarian,Cleveland,XGBoost
176,17,trestbps,0.047128,0.047128,PAIRWISE_E16_HUNG_TO_CLEV_XGBoost,Hungarian,Cleveland,XGBoost
176,17,fbs,0.090682,0.090682,PAIRWISE_E16_HUNG_TO_CLEV_XGBoost,Hungarian,Cleveland,XGBoost
176,17,restecg,0.025429,0.025429,PAIRWISE_E16_HUNG_TO_CLEV_XGBoost,Hungarian,Cleveland,XGBoost
176,17,thalach,-0.019771,0.019771,PAIRWISE_E16_HUNG_TO_CLEV_XGBoost,Hungarian,Cleveland,XGBoost
176,17,exang,-0.164275,0.164275,PAIRWISE_E16_HUNG_TO_CLEV_XGBoost,Hungarian,Cleveland,XGBoost
176,17,oldpeak,-0.014079,0.014079,PAIRWISE_E16_HUNG_TO_CLEV_XGBoost,Hungarian,Cleveland,XGBoost
176,17,slope,-0.083194,0.083194,PAIRWISE_E16_HUNG_TO_CLEV_XGBoost,Hungarian,Cleveland,XGBoost
153,18,age,0.048674,0.048674,PAIRWISE_E16_HUNG_TO_CLEV_XGBoost,Hungarian,Cleveland,XGBoost
153,18,sex,0.179316,0.179316,PAIRWISE_E16_HUNG_TO_CLEV_XGBoost,Hungarian,Cleveland,XGBoost
153,18,cp,0.290838,0.290838,PAIRWISE_E16_HUNG_TO_CLEV_XGBoost,Hungarian,Cleveland,XGBoost
153,18,trestbps,0.00524,0.00524,PAIRWISE_E16_HUNG_TO_CLEV_XGBoost,Hungarian,Cleveland,XGBoost
153,18,fbs,-0.113543,0.113543,PAIRWISE_E16_HUNG_TO_CLEV_XGBoost,Hungarian,Cleveland,XGBoost
153,18,restecg,-0.061437,0.061437,PAIRWISE_E16_HUNG_TO_CLEV_XGBoost,Hungarian,Cleveland,XGBoost
153,18,thalach,-0.010462,0.010462,PAIRWISE_E16_HUNG_TO_CLEV_XGBoost,Hungarian,Cleveland,XGBoost
153,18,exang,0.155439,0.155439,PAIRWISE_E16_HUNG_TO_CLEV_XGBoost,Hungarian,Cleveland,XGBoost
153,18,oldpeak,-0.011869,0.011869,PAIRWISE_E16_HUNG_TO_CLEV_XGBoost,Hungarian,Cleveland,XGBoost
153,18,slope,0.07626,0.07626,PAIRWISE_E16_HUNG_TO_CLEV_XGBoost,Hungarian,Cleveland,XGBoost
64,19,age,0.017004,0.017004,PAIRWISE_E16_HUNG_TO_CLEV_XGBoost,Hungarian,Cleveland,XGBoost
64,19,sex,0.175704,0.175704,PAIRWISE_E16_HUNG_TO_CLEV_XGBoost,Hungarian,Cleveland,XGBoost
64,19,cp,0.284882,0.284882,PAIRWISE_E16_HUNG_TO_CLEV_XGBoost,Hungarian,Cleveland,XGBoost
64,19,trestbps,0.052711,0.052711,PAIRWISE_E16_HUNG_TO_CLEV_XGBoost,Hungarian,Cleveland,XGBoost
64,19,fbs,-0.11804,0.11804,PAIRWISE_E16_HUNG_TO_CLEV_XGBoost,Hungarian,Cleveland,XGBoost
64,19,restecg,0.029229,0.029229,PAIRWISE_E16_HUNG_TO_CLEV_XGBoost,Hungarian,Cleveland,XGBoost
64,19,thalach,0.033335,0.033335,PAIRWISE_E16_HUNG_TO_CLEV_XGBoost,Hungarian,Cleveland,XGBoost
64,19,exang,-0.158587,0.158587,PAIRWISE_E16_HUNG_TO_CLEV_XGBoost,Hungarian,Cleveland,XGBoost
64,19,oldpeak,0.295679,0.295679,PAIRWISE_E16_HUNG_TO_CLEV_XGBoost,Hungarian,Cleveland,XGBoost
64,19,slope,0.094213,0.094213,PAIRWISE_E16_HUNG_TO_CLEV_XGBoost,Hungarian,Cleveland,XGBoost
124,20,age,0.05768,0.05768,PAIRWISE_E16_HUNG_TO_CLEV_XGBoost,Hungarian,Cleveland,XGBoost
124,20,sex,0.16118,0.16118,PAIRWISE_E16_HUNG_TO_CLEV_XGBoost,Hungarian,Cleveland,XGBoost
124,20,cp,0.041048,0.041048,PAIRWISE_E16_HUNG_TO_CLEV_XGBoost,Hungarian,Cleveland,XGBoost
124,20,trestbps,-0.020282,0.020282,PAIRWISE_E16_HUNG_TO_CLEV_XGBoost,Hungarian,Cleveland,XGBoost
124,20,fbs,0.087749,0.087749,PAIRWISE_E16_HUNG_TO_CLEV_XGBoost,Hungarian,Cleveland,XGBoost
124,20,restecg,0.049551,0.049551,PAIRWISE_E16_HUNG_TO_CLEV_XGBoost,Hungarian,Cleveland,XGBoost
124,20,thalach,0.023884,0.023884,PAIRWISE_E16_HUNG_TO_CLEV_XGBoost,Hungarian,Cleveland,XGBoost
124,20,exang,-0.166248,0.166248,PAIRWISE_E16_HUNG_TO_CLEV_XGBoost,Hungarian,Cleveland,XGBoost
124,20,oldpeak,0.278279,0.278279,PAIRWISE_E16_HUNG_TO_CLEV_XGBoost,Hungarian,Cleveland,XGBoost
124,20,slope,0.114704,0.114704,PAIRWISE_E16_HUNG_TO_CLEV_XGBoost,Hungarian,Cleveland,XGBoost
38,21,age,0.01763,0.01763,PAIRWISE_E16_HUNG_TO_CLEV_XGBoost,Hungarian,Cleveland,XGBoost
38,21,sex,0.184173,0.184173,PAIRWISE_E16_HUNG_TO_CLEV_XGBoost,Hungarian,Cleveland,XGBoost
38,21,cp,0.283241,0.283241,PAIRWISE_E16_HUNG_TO_CLEV_XGBoost,Hungarian,Cleveland,XGBoost
38,21,trestbps,-0.019394,0.019394,PAIRWISE_E16_HUNG_TO_CLEV_XGBoost,Hungarian,Cleveland,XGBoost
38,21,fbs,-0.114553,0.114553,PAIRWISE_E16_HUNG_TO_CLEV_XGBoost,Hungarian,Cleveland,XGBoost
38,21,restecg,0.029329,0.029329,PAIRWISE_E16_HUNG_TO_CLEV_XGBoost,Hungarian,Cleveland,XGBoost
38,21,thalach,-0.026741,0.026741,PAIRWISE_E16_HUNG_TO_CLEV_XGBoost,Hungarian,Cleveland,XGBoost
38,21,exang,0.162979,0.162979,PAIRWISE_E16_HUNG_TO_CLEV_XGBoost,Hungarian,Cleveland,XGBoost
38,21,oldpeak,0.288312,0.288312,PAIRWISE_E16_HUNG_TO_CLEV_XGBoost,Hungarian,Cleveland,XGBoost
38,21,slope,0.093348,0.093348,PAIRWISE_E16_HUNG_TO_CLEV_XGBoost,Hungarian,Cleveland,XGBoost
292,22,age,-0.021156,0.021156,PAIRWISE_E16_HUNG_TO_CLEV_XGBoost,Hungarian,Cleveland,XGBoost
292,22,sex,0.171567,0.171567,PAIRWISE_E16_HUNG_TO_CLEV_XGBoost,Hungarian,Cleveland,XGBoost
292,22,cp,0.281429,0.281429,PAIRWISE_E16_HUNG_TO_CLEV_XGBoost,Hungarian,Cleveland,XGBoost
292,22,trestbps,0.054157,0.054157,PAIRWISE_E16_HUNG_TO_CLEV_XGBoost,Hungarian,Cleveland,XGBoost
292,22,fbs,-0.078115,0.078115,PAIRWISE_E16_HUNG_TO_CLEV_XGBoost,Hungarian,Cleveland,XGBoost
292,22,restecg,0.017103,0.017103,PAIRWISE_E16_HUNG_TO_CLEV_XGBoost,Hungarian,Cleveland,XGBoost
292,22,thalach,-0.014745,0.014745,PAIRWISE_E16_HUNG_TO_CLEV_XGBoost,Hungarian,Cleveland,XGBoost
292,22,exang,0.156293,0.156293,PAIRWISE_E16_HUNG_TO_CLEV_XGBoost,Hungarian,Cleveland,XGBoost
292,22,oldpeak,0.300923,0.300923,PAIRWISE_E16_HUNG_TO_CLEV_XGBoost,Hungarian,Cleveland,XGBoost
292,22,slope,0.034825,0.034825,PAIRWISE_E16_HUNG_TO_CLEV_XGBoost,Hungarian,Cleveland,XGBoost
68,23,age,0.027365,0.027365,PAIRWISE_E16_HUNG_TO_CLEV_XGBoost,Hungarian,Cleveland,XGBoost
68,23,sex,0.180801,0.180801,PAIRWISE_E16_HUNG_TO_CLEV_XGBoost,Hungarian,Cleveland,XGBoost
68,23,cp,0.286839,0.286839,PAIRWISE_E16_HUNG_TO_CLEV_XGBoost,Hungarian,Cleveland,XGBoost
68,23,trestbps,0.000538,0.000538,PAIRWISE_E16_HUNG_TO_CLEV_XGBoost,Hungarian,Cleveland,XGBoost
68,23,fbs,-0.101235,0.101235,PAIRWISE_E16_HUNG_TO_CLEV_XGBoost,Hungarian,Cleveland,XGBoost
68,23,restecg,-0.029843,0.029843,PAIRWISE_E16_HUNG_TO_CLEV_XGBoost,Hungarian,Cleveland,XGBoost
68,23,thalach,-0.008772,0.008772,PAIRWISE_E16_HUNG_TO_CLEV_XGBoost,Hungarian,Cleveland,XGBoost
68,23,exang,0.167257,0.167257,PAIRWISE_E16_HUNG_TO_CLEV_XGBoost,Hungarian,Cleveland,XGBoost
68,23,oldpeak,0.29173,0.29173,PAIRWISE_E16_HUNG_TO_CLEV_XGBoost,Hungarian,Cleveland,XGBoost
68,23,slope,0.028567,0.028567,PAIRWISE_E16_HUNG_TO_CLEV_XGBoost,Hungarian,Cleveland,XGBoost
191,24,age,0.004138,0.004138,PAIRWISE_E16_HUNG_TO_CLEV_XGBoost,Hungarian,Cleveland,XGBoost
191,24,sex,0.185671,0.185671,PAIRWISE_E16_HUNG_TO_CLEV_XGBoost,Hungarian,Cleveland,XGBoost
191,24,cp,0.273863,0.273863,PAIRWISE_E16_HUNG_TO_CLEV_XGBoost,Hungarian,Cleveland,XGBoost
191,24,trestbps,-0.011298,0.011298,PAIRWISE_E16_HUNG_TO_CLEV_XGBoost,Hungarian,Cleveland,XGBoost
191,24,fbs,-0.084081,0.084081,PAIRWISE_E16_HUNG_TO_CLEV_XGBoost,Hungarian,Cleveland,XGBoost
191,24,restecg,0.030118,0.030118,PAIRWISE_E16_HUNG_TO_CLEV_XGBoost,Hungarian,Cleveland,XGBoost
191,24,thalach,0.057058,0.057058,PAIRWISE_E16_HUNG_TO_CLEV_XGBoost,Hungarian,Cleveland,XGBoost
191,24,exang,0.158627,0.158627,PAIRWISE_E16_HUNG_TO_CLEV_XGBoost,Hungarian,Cleveland,XGBoost
191,24,oldpeak,0.312008,0.312008,PAIRWISE_E16_HUNG_TO_CLEV_XGBoost,Hungarian,Cleveland,XGBoost
191,24,slope,0.085476,0.085476,PAIRWISE_E16_HUNG_TO_CLEV_XGBoost,Hungarian,Cleveland,XGBoost
112,0,age,-0.000156,0.000156,PAIRWISE_E17_ZURI_TO_CLEV_LogisticRegression,Zurich,Cleveland,LogisticRegression
112,0,sex,-0.071017,0.071017,PAIRWISE_E17_ZURI_TO_CLEV_LogisticRegression,Zurich,Cleveland,LogisticRegression
112,0,cp,-0.253782,0.253782,PAIRWISE_E17_ZURI_TO_CLEV_LogisticRegression,Zurich,Cleveland,LogisticRegression
112,0,trestbps,-0.004572,0.004572,PAIRWISE_E17_ZURI_TO_CLEV_LogisticRegression,Zurich,Cleveland,LogisticRegression
112,0,fbs,-0.064202,0.064202,PAIRWISE_E17_ZURI_TO_CLEV_LogisticRegression,Zurich,Cleveland,LogisticRegression
112,0,restecg,0.006591,0.006591,PAIRWISE_E17_ZURI_TO_CLEV_LogisticRegression,Zurich,Cleveland,LogisticRegression
112,0,thalach,-0.065865,0.065865,PAIRWISE_E17_ZURI_TO_CLEV_LogisticRegression,Zurich,Cleveland,LogisticRegression
112,0,exang,-0.046163,0.046163,PAIRWISE_E17_ZURI_TO_CLEV_LogisticRegression,Zurich,Cleveland,LogisticRegression
112,0,oldpeak,0.004437,0.004437,PAIRWISE_E17_ZURI_TO_CLEV_LogisticRegression,Zurich,Cleveland,LogisticRegression
112,0,slope,-0.006575,0.006575,PAIRWISE_E17_ZURI_TO_CLEV_LogisticRegression,Zurich,Cleveland,LogisticRegression
298,1,age,0.009475,0.009475,PAIRWISE_E17_ZURI_TO_CLEV_LogisticRegression,Zurich,Cleveland,LogisticRegression
298,1,sex,-0.068439,0.068439,PAIRWISE_E17_ZURI_TO_CLEV_LogisticRegression,Zurich,Cleveland,LogisticRegression
298,1,cp,-0.216627,0.216627,PAIRWISE_E17_ZURI_TO_CLEV_LogisticRegression,Zurich,Cleveland,LogisticRegression
298,1,trestbps,-0.003947,0.003947,PAIRWISE_E17_ZURI_TO_CLEV_LogisticRegression,Zurich,Cleveland,LogisticRegression
298,1,fbs,-0.060203,0.060203,PAIRWISE_E17_ZURI_TO_CLEV_LogisticRegression,Zurich,Cleveland,LogisticRegression
298,1,restecg,-0.007036,0.007036,PAIRWISE_E17_ZURI_TO_CLEV_LogisticRegression,Zurich,Cleveland,LogisticRegression
298,1,thalach,-0.005742,0.005742,PAIRWISE_E17_ZURI_TO_CLEV_LogisticRegression,Zurich,Cleveland,LogisticRegression
298,1,exang,-0.044215,0.044215,PAIRWISE_E17_ZURI_TO_CLEV_LogisticRegression,Zurich,Cleveland,LogisticRegression
298,1,oldpeak,-0.00841,0.00841,PAIRWISE_E17_ZURI_TO_CLEV_LogisticRegression,Zurich,Cleveland,LogisticRegression
298,1,slope,-0.005035,0.005035,PAIRWISE_E17_ZURI_TO_CLEV_LogisticRegression,Zurich,Cleveland,LogisticRegression
128,2,age,0.016896,0.016896,PAIRWISE_E17_ZURI_TO_CLEV_LogisticRegression,Zurich,Cleveland,LogisticRegression
128,2,sex,-0.072853,0.072853,PAIRWISE_E17_ZURI_TO_CLEV_LogisticRegression,Zurich,Cleveland,LogisticRegression
128,2,cp,-0.112279,0.112279,PAIRWISE_E17_ZURI_TO_CLEV_LogisticRegression,Zurich,Cleveland,LogisticRegression
128,2,trestbps,-0.012849,0.012849,PAIRWISE_E17_ZURI_TO_CLEV_LogisticRegression,Zurich,Cleveland,LogisticRegression
128,2,fbs,-0.051668,0.051668,PAIRWISE_E17_ZURI_TO_CLEV_LogisticRegression,Zurich,Cleveland,LogisticRegression
128,2,restecg,-0.005953,0.005953,PAIRWISE_E17_ZURI_TO_CLEV_LogisticRegression,Zurich,Cleveland,LogisticRegression
128,2,thalach,-0.062542,0.062542,PAIRWISE_E17_ZURI_TO_CLEV_LogisticRegression,Zurich,Cleveland,LogisticRegression
128,2,exang,-0.043908,0.043908,PAIRWISE_E17_ZURI_TO_CLEV_LogisticRegression,Zurich,Cleveland,LogisticRegression
128,2,oldpeak,0.010128,0.010128,PAIRWISE_E17_ZURI_TO_CLEV_LogisticRegression,Zurich,Cleveland,LogisticRegression
128,2,slope,0.009391,0.009391,PAIRWISE_E17_ZURI_TO_CLEV_LogisticRegression,Zurich,Cleveland,LogisticRegression
278,3,age,-0.000363,0.000363,PAIRWISE_E17_ZURI_TO_CLEV_LogisticRegression,Zurich,Cleveland,LogisticRegression
278,3,sex,-0.060437,0.060437,PAIRWISE_E17_ZURI_TO_CLEV_LogisticRegression,Zurich,Cleveland,LogisticRegression
278,3,cp,-0.135671,0.135671,PAIRWISE_E17_ZURI_TO_CLEV_LogisticRegression,Zurich,Cleveland,LogisticRegression
278,3,trestbps,0.002543,0.002543,PAIRWISE_E17_ZURI_TO_CLEV_LogisticRegression,Zurich,Cleveland,LogisticRegression
278,3,fbs,-0.055212,0.055212,PAIRWISE_E17_ZURI_TO_CLEV_LogisticRegression,Zurich,Cleveland,LogisticRegression
278,3,restecg,0.014085,0.014085,PAIRWISE_E17_ZURI_TO_CLEV_LogisticRegression,Zurich,Cleveland,LogisticRegression
278,3,thalach,-0.064868,0.064868,PAIRWISE_E17_ZURI_TO_CLEV_LogisticRegression,Zurich,Cleveland,LogisticRegression
278,3,exang,-0.045826,0.045826,PAIRWISE_E17_ZURI_TO_CLEV_LogisticRegression,Zurich,Cleveland,LogisticRegression
278,3,oldpeak,0.003875,0.003875,PAIRWISE_E17_ZURI_TO_CLEV_LogisticRegression,Zurich,Cleveland,LogisticRegression
278,3,slope,0.021228,0.021228,PAIRWISE_E17_ZURI_TO_CLEV_LogisticRegression,Zurich,Cleveland,LogisticRegression
212,4,age,-0.001695,0.001695,PAIRWISE_E17_ZURI_TO_CLEV_LogisticRegression,Zurich,Cleveland,LogisticRegression
212,4,sex,-0.068686,0.068686,PAIRWISE_E17_ZURI_TO_CLEV_LogisticRegression,Zurich,Cleveland,LogisticRegression
212,4,cp,-0.039024,0.039024,PAIRWISE_E17_ZURI_TO_CLEV_LogisticRegression,Zurich,Cleveland,LogisticRegression
212,4,trestbps,-0.00476,0.00476,PAIRWISE_E17_ZURI_TO_CLEV_LogisticRegression,Zurich,Cleveland,LogisticRegression
212,4,fbs,-0.062019,0.062019,PAIRWISE_E17_ZURI_TO_CLEV_LogisticRegression,Zurich,Cleveland,LogisticRegression
212,4,restecg,0.007263,0.007263,PAIRWISE_E17_ZURI_TO_CLEV_LogisticRegression,Zurich,Cleveland,LogisticRegression
212,4,thalach,-0.07902,0.07902,PAIRWISE_E17_ZURI_TO_CLEV_LogisticRegression,Zurich,Cleveland,LogisticRegression
212,4,exang,-0.043048,0.043048,PAIRWISE_E17_ZURI_TO_CLEV_LogisticRegression,Zurich,Cleveland,LogisticRegression
212,4,oldpeak,-0.003077,0.003077,PAIRWISE_E17_ZURI_TO_CLEV_LogisticRegression,Zurich,Cleveland,LogisticRegression
212,4,slope,-0.012318,0.012318,PAIRWISE_E17_ZURI_TO_CLEV_LogisticRegression,Zurich,Cleveland,LogisticRegression
178,5,age,0.00493,0.00493,PAIRWISE_E17_ZURI_TO_CLEV_LogisticRegression,Zurich,Cleveland,LogisticRegression
178,5,sex,-0.067673,0.067673,PAIRWISE_E17_ZURI_TO_CLEV_LogisticRegression,Zurich,Cleveland,LogisticRegression
178,5,cp,-0.039426,0.039426,PAIRWISE_E17_ZURI_TO_CLEV_LogisticRegression,Zurich,Cleveland,LogisticRegression
178,5,trestbps,-0.010223,0.010223,PAIRWISE_E17_ZURI_TO_CLEV_LogisticRegression,Zurich,Cleveland,LogisticRegression
178,5,fbs,-0.055925,0.055925,PAIRWISE_E17_ZURI_TO_CLEV_LogisticRegression,Zurich,Cleveland,LogisticRegression
178,5,restecg,-0.011106,0.011106,PAIRWISE_E17_ZURI_TO_CLEV_LogisticRegression,Zurich,Cleveland,LogisticRegression
178,5,thalach,-0.068225,0.068225,PAIRWISE_E17_ZURI_TO_CLEV_LogisticRegression,Zurich,Cleveland,LogisticRegression
178,5,exang,-0.048181,0.048181,PAIRWISE_E17_ZURI_TO_CLEV_LogisticRegression,Zurich,Cleveland,LogisticRegression
178,5,oldpeak,-0.008765,0.008765,PAIRWISE_E17_ZURI_TO_CLEV_LogisticRegression,Zurich,Cleveland,LogisticRegression
178,5,slope,0.020092,0.020092,PAIRWISE_E17_ZURI_TO_CLEV_LogisticRegression,Zurich,Cleveland,LogisticRegression
130,6,age,0.009045,0.009045,PAIRWISE_E17_ZURI_TO_CLEV_LogisticRegression,Zurich,Cleveland,LogisticRegression
130,6,sex,-0.071683,0.071683,PAIRWISE_E17_ZURI_TO_CLEV_LogisticRegression,Zurich,Cleveland,LogisticRegression
130,6,cp,-0.037789,0.037789,PAIRWISE_E17_ZURI_TO_CLEV_LogisticRegression,Zurich,Cleveland,LogisticRegression
130,6,trestbps,0.006184,0.006184,PAIRWISE_E17_ZURI_TO_CLEV_LogisticRegression,Zurich,Cleveland,LogisticRegression
130,6,fbs,-0.05341,0.05341,PAIRWISE_E17_ZURI_TO_CLEV_LogisticRegression,Zurich,Cleveland,LogisticRegression
130,6,restecg,0.016194,0.016194,PAIRWISE_E17_ZURI_TO_CLEV_LogisticRegression,Zurich,Cleveland,LogisticRegression
130,6,thalach,-0.066464,0.066464,PAIRWISE_E17_ZURI_TO_CLEV_LogisticRegression,Zurich,Cleveland,LogisticRegression
130,6,exang,-0.045646,0.045646,PAIRWISE_E17_ZURI_TO_CLEV_LogisticRegression,Zurich,Cleveland,LogisticRegression
130,6,oldpeak,-0.003257,0.003257,PAIRWISE_E17_ZURI_TO_CLEV_LogisticRegression,Zurich,Cleveland,LogisticRegression
130,6,slope,-0.013752,0.013752,PAIRWISE_E17_ZURI_TO_CLEV_LogisticRegression,Zurich,Cleveland,LogisticRegression
219,7,age,-0.000989,0.000989,PAIRWISE_E17_ZURI_TO_CLEV_LogisticRegression,Zurich,Cleveland,LogisticRegression
219,7,sex,-0.065809,0.065809,PAIRWISE_E17_ZURI_TO_CLEV_LogisticRegression,Zurich,Cleveland,LogisticRegression
219,7,cp,0.10542,0.10542,PAIRWISE_E17_ZURI_TO_CLEV_LogisticRegression,Zurich,Cleveland,LogisticRegression
219,7,trestbps,-0.002117,0.002117,PAIRWISE_E17_ZURI_TO_CLEV_LogisticRegression,Zurich,Cleveland,LogisticRegression
219,7,fbs,-0.049033,0.049033,PAIRWISE_E17_ZURI_TO_CLEV_LogisticRegression,Zurich,Cleveland,LogisticRegression
219,7,restecg,0.006769,0.006769,PAIRWISE_E17_ZURI_TO_CLEV_LogisticRegression,Zurich,Cleveland,LogisticRegression
219,7,thalach,-0.065138,0.065138,PAIRWISE_E17_ZURI_TO_CLEV_LogisticRegression,Zurich,Cleveland,LogisticRegression
219,7,exang,-0.043103,0.043103,PAIRWISE_E17_ZURI_TO_CLEV_LogisticRegression,Zurich,Cleveland,LogisticRegression
219,7,oldpeak,0.002072,0.002072,PAIRWISE_E17_ZURI_TO_CLEV_LogisticRegression,Zurich,Cleveland,LogisticRegression
219,7,slope,0.018954,0.018954,PAIRWISE_E17_ZURI_TO_CLEV_LogisticRegression,Zurich,Cleveland,LogisticRegression
46,8,age,0.009306,0.009306,PAIRWISE_E17_ZURI_TO_CLEV_LogisticRegression,Zurich,Cleveland,LogisticRegression
46,8,sex,-0.06903,0.06903,PAIRWISE_E17_ZURI_TO_CLEV_LogisticRegression,Zurich,Cleveland,LogisticRegression
46,8,cp,-0.040342,0.040342,PAIRWISE_E17_ZURI_TO_CLEV_LogisticRegression,Zurich,Cleveland,LogisticRegression
46,8,trestbps,-0.005808,0.005808,PAIRWISE_E17_ZURI_TO_CLEV_LogisticRegression,Zurich,Cleveland,LogisticRegression
46,8,fbs,-0.056433,0.056433,PAIRWISE_E17_ZURI_TO_CLEV_LogisticRegression,Zurich,Cleveland,LogisticRegression
46,8,restecg,-0.016264,0.016264,PAIRWISE_E17_ZURI_TO_CLEV_LogisticRegression,Zurich,Cleveland,LogisticRegression
46,8,thalach,-0.005764,0.005764,PAIRWISE_E17_ZURI_TO_CLEV_LogisticRegression,Zurich,Cleveland,LogisticRegression
46,8,exang,-0.041116,0.041116,PAIRWISE_E17_ZURI_TO_CLEV_LogisticRegression,Zurich,Cleveland,LogisticRegression
46,8,oldpeak,-0.002058,0.002058,PAIRWISE_E17_ZURI_TO_CLEV_LogisticRegression,Zurich,Cleveland,LogisticRegression
46,8,slope,0.018885,0.018885,PAIRWISE_E17_ZURI_TO_CLEV_LogisticRegression,Zurich,Cleveland,LogisticRegression
238,9,age,0.008221,0.008221,PAIRWISE_E17_ZURI_TO_CLEV_LogisticRegression,Zurich,Cleveland,LogisticRegression
238,9,sex,0.067093,0.067093,PAIRWISE_E17_ZURI_TO_CLEV_LogisticRegression,Zurich,Cleveland,LogisticRegression
238,9,cp,-0.099113,0.099113,PAIRWISE_E17_ZURI_TO_CLEV_LogisticRegression,Zurich,Cleveland,LogisticRegression
238,9,trestbps,-0.00256,0.00256,PAIRWISE_E17_ZURI_TO_CLEV_LogisticRegression,Zurich,Cleveland,LogisticRegression
238,9,fbs,-0.048582,0.048582,PAIRWISE_E17_ZURI_TO_CLEV_LogisticRegression,Zurich,Cleveland,LogisticRegression
238,9,restecg,-0.006094,0.006094,PAIRWISE_E17_ZURI_TO_CLEV_LogisticRegression,Zurich,Cleveland,LogisticRegression
238,9,thalach,-0.060582,0.060582,PAIRWISE_E17_ZURI_TO_CLEV_LogisticRegression,Zurich,Cleveland,LogisticRegression
238,9,exang,-0.047692,0.047692,PAIRWISE_E17_ZURI_TO_CLEV_LogisticRegression,Zurich,Cleveland,LogisticRegression
238,9,oldpeak,-0.002053,0.002053,PAIRWISE_E17_ZURI_TO_CLEV_LogisticRegression,Zurich,Cleveland,LogisticRegression
238,9,slope,-0.002367,0.002367,PAIRWISE_E17_ZURI_TO_CLEV_LogisticRegression,Zurich,Cleveland,LogisticRegression
198,10,age,0.012999,0.012999,PAIRWISE_E17_ZURI_TO_CLEV_LogisticRegression,Zurich,Cleveland,LogisticRegression
198,10,sex,0.069947,0.069947,PAIRWISE_E17_ZURI_TO_CLEV_LogisticRegression,Zurich,Cleveland,LogisticRegression
198,10,cp,-0.106752,0.106752,PAIRWISE_E17_ZURI_TO_CLEV_LogisticRegression,Zurich,Cleveland,LogisticRegression
198,10,trestbps,-0.003342,0.003342,PAIRWISE_E17_ZURI_TO_CLEV_LogisticRegression,Zurich,Cleveland,LogisticRegression
198,10,fbs,-0.055704,0.055704,PAIRWISE_E17_ZURI_TO_CLEV_LogisticRegression,Zurich,Cleveland,LogisticRegression
198,10,restecg,-0.00999,0.00999,PAIRWISE_E17_ZURI_TO_CLEV_LogisticRegression,Zurich,Cleveland,LogisticRegression
198,10,thalach,-0.062809,0.062809,PAIRWISE_E17_ZURI_TO_CLEV_LogisticRegression,Zurich,Cleveland,LogisticRegression
198,10,exang,-0.046102,0.046102,PAIRWISE_E17_ZURI_TO_CLEV_LogisticRegression,Zurich,Cleveland,LogisticRegression
198,10,oldpeak,0.0019,0.0019,PAIRWISE_E17_ZURI_TO_CLEV_LogisticRegression,Zurich,Cleveland,LogisticRegression
198,10,slope,0.021882,0.021882,PAIRWISE_E17_ZURI_TO_CLEV_LogisticRegression,Zurich,Cleveland,LogisticRegression
174,11,age,-0.005579,0.005579,PAIRWISE_E17_ZURI_TO_CLEV_LogisticRegression,Zurich,Cleveland,LogisticRegression
174,11,sex,-0.073146,0.073146,PAIRWISE_E17_ZURI_TO_CLEV_LogisticRegression,Zurich,Cleveland,LogisticRegression
174,11,cp,0.098618,0.098618,PAIRWISE_E17_ZURI_TO_CLEV_LogisticRegression,Zurich,Cleveland,LogisticRegression
174,11,trestbps,0.000674,0.000674,PAIRWISE_E17_ZURI_TO_CLEV_LogisticRegression,Zurich,Cleveland,LogisticRegression
174,11,fbs,-0.058991,0.058991,PAIRWISE_E17_ZURI_TO_CLEV_LogisticRegression,Zurich,Cleveland,LogisticRegression
174,11,restecg,0.011138,0.011138,PAIRWISE_E17_ZURI_TO_CLEV_LogisticRegression,Zurich,Cleveland,LogisticRegression
174,11,thalach,-0.009648,0.009648,PAIRWISE_E17_ZURI_TO_CLEV_LogisticRegression,Zurich,Cleveland,LogisticRegression
174,11,exang,-0.048732,0.048732,PAIRWISE_E17_ZURI_TO_CLEV_LogisticRegression,Zurich,Cleveland,LogisticRegression
174,11,oldpeak,0.000439,0.000439,PAIRWISE_E17_ZURI_TO_CLEV_LogisticRegression,Zurich,Cleveland,LogisticRegression
174,11,slope,-0.00821,0.00821,PAIRWISE_E17_ZURI_TO_CLEV_LogisticRegression,Zurich,Cleveland,LogisticRegression
292,12,age,0.008982,0.008982,PAIRWISE_E17_ZURI_TO_CLEV_LogisticRegression,Zurich,Cleveland,LogisticRegression
292,12,sex,-0.06807,0.06807,PAIRWISE_E17_ZURI_TO_CLEV_LogisticRegression,Zurich,Cleveland,LogisticRegression
292,12,cp,0.099408,0.099408,PAIRWISE_E17_ZURI_TO_CLEV_LogisticRegression,Zurich,Cleveland,LogisticRegression
292,12,trestbps,0.006296,0.006296,PAIRWISE_E17_ZURI_TO_CLEV_LogisticRegression,Zurich,Cleveland,LogisticRegression
292,12,fbs,-0.045343,0.045343,PAIRWISE_E17_ZURI_TO_CLEV_LogisticRegression,Zurich,Cleveland,LogisticRegression
292,12,restecg,-0.007417,0.007417,PAIRWISE_E17_ZURI_TO_CLEV_LogisticRegression,Zurich,Cleveland,LogisticRegression
292,12,thalach,-0.063104,0.063104,PAIRWISE_E17_ZURI_TO_CLEV_LogisticRegression,Zurich,Cleveland,LogisticRegression
292,12,exang,0.045161,0.045161,PAIRWISE_E17_ZURI_TO_CLEV_LogisticRegression,Zurich,Cleveland,LogisticRegression
292,12,oldpeak,-0.001813,0.001813,PAIRWISE_E17_ZURI_TO_CLEV_LogisticRegression,Zurich,Cleveland,LogisticRegression
292,12,slope,-0.028546,0.028546,PAIRWISE_E17_ZURI_TO_CLEV_LogisticRegression,Zurich,Cleveland,LogisticRegression
95,13,age,0.001079,0.001079,PAIRWISE_E17_ZURI_TO_CLEV_LogisticRegression,Zurich,Cleveland,LogisticRegression
95,13,sex,-0.069789,0.069789,PAIRWISE_E17_ZURI_TO_CLEV_LogisticRegression,Zurich,Cleveland,LogisticRegression
95,13,cp,0.098951,0.098951,PAIRWISE_E17_ZURI_TO_CLEV_LogisticRegression,Zurich,Cleveland,LogisticRegression
95,13,trestbps,-0.001478,0.001478,PAIRWISE_E17_ZURI_TO_CLEV_LogisticRegression,Zurich,Cleveland,LogisticRegression
95,13,fbs,-0.055326,0.055326,PAIRWISE_E17_ZURI_TO_CLEV_LogisticRegression,Zurich,Cleveland,LogisticRegression
95,13,restecg,-0.00311,0.00311,PAIRWISE_E17_ZURI_TO_CLEV_LogisticRegression,Zurich,Cleveland,LogisticRegression
95,13,thalach,-0.056801,0.056801,PAIRWISE_E17_ZURI_TO_CLEV_LogisticRegression,Zurich,Cleveland,LogisticRegression
95,13,exang,0.041946,0.041946,PAIRWISE_E17_ZURI_TO_CLEV_LogisticRegression,Zurich,Cleveland,LogisticRegression
95,13,oldpeak,0.004287,0.004287,PAIRWISE_E17_ZURI_TO_CLEV_LogisticRegression,Zurich,Cleveland,LogisticRegression
95,13,slope,0.013171,0.013171,PAIRWISE_E17_ZURI_TO_CLEV_LogisticRegression,Zurich,Cleveland,LogisticRegression
21,14,age,-0.001874,0.001874,PAIRWISE_E17_ZURI_TO_CLEV_LogisticRegression,Zurich,Cleveland,LogisticRegression
21,14,sex,0.071181,0.071181,PAIRWISE_E17_ZURI_TO_CLEV_LogisticRegression,Zurich,Cleveland,LogisticRegression
21,14,cp,-0.238181,0.238181,PAIRWISE_E17_ZURI_TO_CLEV_LogisticRegression,Zurich,Cleveland,LogisticRegression
21,14,trestbps,0.009833,0.009833,PAIRWISE_E17_ZURI_TO_CLEV_LogisticRegression,Zurich,Cleveland,LogisticRegression
21,14,fbs,0.069879,0.069879,PAIRWISE_E17_ZURI_TO_CLEV_LogisticRegression,Zurich,Cleveland,LogisticRegression
21,14,restecg,0.020844,0.020844,PAIRWISE_E17_ZURI_TO_CLEV_LogisticRegression,Zurich,Cleveland,LogisticRegression
21,14,thalach,-0.058786,0.058786,PAIRWISE_E17_ZURI_TO_CLEV_LogisticRegression,Zurich,Cleveland,LogisticRegression
21,14,exang,-0.046175,0.046175,PAIRWISE_E17_ZURI_TO_CLEV_LogisticRegression,Zurich,Cleveland,LogisticRegression
21,14,oldpeak,0.001209,0.001209,PAIRWISE_E17_ZURI_TO_CLEV_LogisticRegression,Zurich,Cleveland,LogisticRegression
21,14,slope,0.021115,0.021115,PAIRWISE_E17_ZURI_TO_CLEV_LogisticRegression,Zurich,Cleveland,LogisticRegression
260,15,age,-0.003363,0.003363,PAIRWISE_E17_ZURI_TO_CLEV_LogisticRegression,Zurich,Cleveland,LogisticRegression
260,15,sex,0.064908,0.064908,PAIRWISE_E17_ZURI_TO_CLEV_LogisticRegression,Zurich,Cleveland,LogisticRegression
260,15,cp,-0.037851,0.037851,PAIRWISE_E17_ZURI_TO_CLEV_LogisticRegression,Zurich,Cleveland,LogisticRegression
260,15,trestbps,0.012258,0.012258,PAIRWISE_E17_ZURI_TO_CLEV_LogisticRegression,Zurich,Cleveland,LogisticRegression
260,15,fbs,-0.054658,0.054658,PAIRWISE_E17_ZURI_TO_CLEV_LogisticRegression,Zurich,Cleveland,LogisticRegression
260,15,restecg,-0.007227,0.007227,PAIRWISE_E17_ZURI_TO_CLEV_LogisticRegression,Zurich,Cleveland,LogisticRegression
260,15,thalach,-0.058689,0.058689,PAIRWISE_E17_ZURI_TO_CLEV_LogisticRegression,Zurich,Cleveland,LogisticRegression
260,15,exang,-0.055092,0.055092,PAIRWISE_E17_ZURI_TO_CLEV_LogisticRegression,Zurich,Cleveland,LogisticRegression
260,15,oldpeak,0.013018,0.013018,PAIRWISE_E17_ZURI_TO_CLEV_LogisticRegression,Zurich,Cleveland,LogisticRegression
260,15,slope,-0.00458,0.00458,PAIRWISE_E17_ZURI_TO_CLEV_LogisticRegression,Zurich,Cleveland,LogisticRegression
206,16,age,-0.004757,0.004757,PAIRWISE_E17_ZURI_TO_CLEV_LogisticRegression,Zurich,Cleveland,LogisticRegression
206,16,sex,-0.069926,0.069926,PAIRWISE_E17_ZURI_TO_CLEV_LogisticRegression,Zurich,Cleveland,LogisticRegression
206,16,cp,0.097431,0.097431,PAIRWISE_E17_ZURI_TO_CLEV_LogisticRegression,Zurich,Cleveland,LogisticRegression
206,16,trestbps,0.006578,0.006578,PAIRWISE_E17_ZURI_TO_CLEV_LogisticRegression,Zurich,Cleveland,LogisticRegression
206,16,fbs,-0.048405,0.048405,PAIRWISE_E17_ZURI_TO_CLEV_LogisticRegression,Zurich,Cleveland,LogisticRegression
206,16,restecg,0.008074,0.008074,PAIRWISE_E17_ZURI_TO_CLEV_LogisticRegression,Zurich,Cleveland,LogisticRegression
206,16,thalach,-0.004351,0.004351,PAIRWISE_E17_ZURI_TO_CLEV_LogisticRegression,Zurich,Cleveland,LogisticRegression
206,16,exang,0.051278,0.051278,PAIRWISE_E17_ZURI_TO_CLEV_LogisticRegression,Zurich,Cleveland,LogisticRegression
206,16,oldpeak,-0.003363,0.003363,PAIRWISE_E17_ZURI_TO_CLEV_LogisticRegression,Zurich,Cleveland,LogisticRegression
206,16,slope,-0.006924,0.006924,PAIRWISE_E17_ZURI_TO_CLEV_LogisticRegression,Zurich,Cleveland,LogisticRegression
229,17,age,-0.009458,0.009458,PAIRWISE_E17_ZURI_TO_CLEV_LogisticRegression,Zurich,Cleveland,LogisticRegression
229,17,sex,-0.065362,0.065362,PAIRWISE_E17_ZURI_TO_CLEV_LogisticRegression,Zurich,Cleveland,LogisticRegression
229,17,cp,0.086233,0.086233,PAIRWISE_E17_ZURI_TO_CLEV_LogisticRegression,Zurich,Cleveland,LogisticRegression
229,17,trestbps,-0.010017,0.010017,PAIRWISE_E17_ZURI_TO_CLEV_LogisticRegression,Zurich,Cleveland,LogisticRegression
229,17,fbs,-0.0537,0.0537,PAIRWISE_E17_ZURI_TO_CLEV_LogisticRegression,Zurich,Cleveland,LogisticRegression
229,17,restecg,0.014772,0.014772,PAIRWISE_E17_ZURI_TO_CLEV_LogisticRegression,Zurich,Cleveland,LogisticRegression
229,17,thalach,-0.002159,0.002159,PAIRWISE_E17_ZURI_TO_CLEV_LogisticRegression,Zurich,Cleveland,LogisticRegression
229,17,exang,0.046695,0.046695,PAIRWISE_E17_ZURI_TO_CLEV_LogisticRegression,Zurich,Cleveland,LogisticRegression
229,17,oldpeak,-0.011069,0.011069,PAIRWISE_E17_ZURI_TO_CLEV_LogisticRegression,Zurich,Cleveland,LogisticRegression
229,17,slope,0.016429,0.016429,PAIRWISE_E17_ZURI_TO_CLEV_LogisticRegression,Zurich,Cleveland,LogisticRegression
203,18,age,-0.012261,0.012261,PAIRWISE_E17_ZURI_TO_CLEV_LogisticRegression,Zurich,Cleveland,LogisticRegression
203,18,sex,0.067966,0.067966,PAIRWISE_E17_ZURI_TO_CLEV_LogisticRegression,Zurich,Cleveland,LogisticRegression
203,18,cp,-0.035157,0.035157,PAIRWISE_E17_ZURI_TO_CLEV_LogisticRegression,Zurich,Cleveland,LogisticRegression
203,18,trestbps,-0.002498,0.002498,PAIRWISE_E17_ZURI_TO_CLEV_LogisticRegression,Zurich,Cleveland,LogisticRegression
203,18,fbs,-0.054318,0.054318,PAIRWISE_E17_ZURI_TO_CLEV_LogisticRegression,Zurich,Cleveland,LogisticRegression
203,18,restecg,-0.011416,0.011416,PAIRWISE_E17_ZURI_TO_CLEV_LogisticRegression,Zurich,Cleveland,LogisticRegression
203,18,thalach,-0.010962,0.010962,PAIRWISE_E17_ZURI_TO_CLEV_LogisticRegression,Zurich,Cleveland,LogisticRegression
203,18,exang,-0.041103,0.041103,PAIRWISE_E17_ZURI_TO_CLEV_LogisticRegression,Zurich,Cleveland,LogisticRegression
203,18,oldpeak,0.004894,0.004894,PAIRWISE_E17_ZURI_TO_CLEV_LogisticRegression,Zurich,Cleveland,LogisticRegression
203,18,slope,0.015037,0.015037,PAIRWISE_E17_ZURI_TO_CLEV_LogisticRegression,Zurich,Cleveland,LogisticRegression
91,19,age,-0.006469,0.006469,PAIRWISE_E17_ZURI_TO_CLEV_LogisticRegression,Zurich,Cleveland,LogisticRegression
91,19,sex,0.070904,0.070904,PAIRWISE_E17_ZURI_TO_CLEV_LogisticRegression,Zurich,Cleveland,LogisticRegression
91,19,cp,0.09247,0.09247,PAIRWISE_E17_ZURI_TO_CLEV_LogisticRegression,Zurich,Cleveland,LogisticRegression
91,19,trestbps,0.008922,0.008922,PAIRWISE_E17_ZURI_TO_CLEV_LogisticRegression,Zurich,Cleveland,LogisticRegression
91,19,fbs,-0.04552,0.04552,PAIRWISE_E17_ZURI_TO_CLEV_LogisticRegression,Zurich,Cleveland,LogisticRegression
91,19,restecg,0.012925,0.012925,PAIRWISE_E17_ZURI_TO_CLEV_LogisticRegression,Zurich,Cleveland,LogisticRegression
91,19,thalach,-0.065059,0.065059,PAIRWISE_E17_ZURI_TO_CLEV_LogisticRegression,Zurich,Cleveland,LogisticRegression
91,19,exang,-0.047038,0.047038,PAIRWISE_E17_ZURI_TO_CLEV_LogisticRegression,Zurich,Cleveland,LogisticRegression
91,19,oldpeak,0.000816,0.000816,PAIRWISE_E17_ZURI_TO_CLEV_LogisticRegression,Zurich,Cleveland,LogisticRegression
91,19,slope,-0.011764,0.011764,PAIRWISE_E17_ZURI_TO_CLEV_LogisticRegression,Zurich,Cleveland,LogisticRegression
220,20,age,0.01255,0.01255,PAIRWISE_E17_ZURI_TO_CLEV_LogisticRegression,Zurich,Cleveland,LogisticRegression
220,20,sex,0.07468,0.07468,PAIRWISE_E17_ZURI_TO_CLEV_LogisticRegression,Zurich,Cleveland,LogisticRegression
220,20,cp,-0.033947,0.033947,PAIRWISE_E17_ZURI_TO_CLEV_LogisticRegression,Zurich,Cleveland,LogisticRegression
220,20,trestbps,-0.001917,0.001917,PAIRWISE_E17_ZURI_TO_CLEV_LogisticRegression,Zurich,Cleveland,LogisticRegression
220,20,fbs,-0.054265,0.054265,PAIRWISE_E17_ZURI_TO_CLEV_LogisticRegression,Zurich,Cleveland,LogisticRegression
220,20,restecg,0.001189,0.001189,PAIRWISE_E17_ZURI_TO_CLEV_LogisticRegression,Zurich,Cleveland,LogisticRegression
220,20,thalach,-0.065336,0.065336,PAIRWISE_E17_ZURI_TO_CLEV_LogisticRegression,Zurich,Cleveland,LogisticRegression
220,20,exang,0.051156,0.051156,PAIRWISE_E17_ZURI_TO_CLEV_LogisticRegression,Zurich,Cleveland,LogisticRegression
220,20,oldpeak,-0.001037,0.001037,PAIRWISE_E17_ZURI_TO_CLEV_LogisticRegression,Zurich,Cleveland,LogisticRegression
220,20,slope,0.020314,0.020314,PAIRWISE_E17_ZURI_TO_CLEV_LogisticRegression,Zurich,Cleveland,LogisticRegression
256,21,age,-0.013039,0.013039,PAIRWISE_E17_ZURI_TO_CLEV_LogisticRegression,Zurich,Cleveland,LogisticRegression
256,21,sex,0.072092,0.072092,PAIRWISE_E17_ZURI_TO_CLEV_LogisticRegression,Zurich,Cleveland,LogisticRegression
256,21,cp,0.105641,0.105641,PAIRWISE_E17_ZURI_TO_CLEV_LogisticRegression,Zurich,Cleveland,LogisticRegression
256,21,trestbps,-0.009008,0.009008,PAIRWISE_E17_ZURI_TO_CLEV_LogisticRegression,Zurich,Cleveland,LogisticRegression
256,21,fbs,-0.062319,0.062319,PAIRWISE_E17_ZURI_TO_CLEV_LogisticRegression,Zurich,Cleveland,LogisticRegression
256,21,restecg,-0.012151,0.012151,PAIRWISE_E17_ZURI_TO_CLEV_LogisticRegression,Zurich,Cleveland,LogisticRegression
256,21,thalach,-0.060122,0.060122,PAIRWISE_E17_ZURI_TO_CLEV_LogisticRegression,Zurich,Cleveland,LogisticRegression
256,21,exang,-0.045163,0.045163,PAIRWISE_E17_ZURI_TO_CLEV_LogisticRegression,Zurich,Cleveland,LogisticRegression
256,21,oldpeak,0.01137,0.01137,PAIRWISE_E17_ZURI_TO_CLEV_LogisticRegression,Zurich,Cleveland,LogisticRegression
256,21,slope,0.02135,0.02135,PAIRWISE_E17_ZURI_TO_CLEV_LogisticRegression,Zurich,Cleveland,LogisticRegression
120,22,age,0.007026,0.007026,PAIRWISE_E17_ZURI_TO_CLEV_LogisticRegression,Zurich,Cleveland,LogisticRegression
120,22,sex,-0.067606,0.067606,PAIRWISE_E17_ZURI_TO_CLEV_LogisticRegression,Zurich,Cleveland,LogisticRegression
120,22,cp,0.097071,0.097071,PAIRWISE_E17_ZURI_TO_CLEV_LogisticRegression,Zurich,Cleveland,LogisticRegression
120,22,trestbps,-0.006197,0.006197,PAIRWISE_E17_ZURI_TO_CLEV_LogisticRegression,Zurich,Cleveland,LogisticRegression
120,22,fbs,0.059686,0.059686,PAIRWISE_E17_ZURI_TO_CLEV_LogisticRegression,Zurich,Cleveland,LogisticRegression
120,22,restecg,0.001502,0.001502,PAIRWISE_E17_ZURI_TO_CLEV_LogisticRegression,Zurich,Cleveland,LogisticRegression
120,22,thalach,-0.060497,0.060497,PAIRWISE_E17_ZURI_TO_CLEV_LogisticRegression,Zurich,Cleveland,LogisticRegression
120,22,exang,0.045209,0.045209,PAIRWISE_E17_ZURI_TO_CLEV_LogisticRegression,Zurich,Cleveland,LogisticRegression
120,22,oldpeak,-0.001576,0.001576,PAIRWISE_E17_ZURI_TO_CLEV_LogisticRegression,Zurich,Cleveland,LogisticRegression
120,22,slope,0.014172,0.014172,PAIRWISE_E17_ZURI_TO_CLEV_LogisticRegression,Zurich,Cleveland,LogisticRegression
217,23,age,0.007081,0.007081,PAIRWISE_E17_ZURI_TO_CLEV_LogisticRegression,Zurich,Cleveland,LogisticRegression
217,23,sex,0.066516,0.066516,PAIRWISE_E17_ZURI_TO_CLEV_LogisticRegression,Zurich,Cleveland,LogisticRegression
217,23,cp,0.092405,0.092405,PAIRWISE_E17_ZURI_TO_CLEV_LogisticRegression,Zurich,Cleveland,LogisticRegression
217,23,trestbps,0.001452,0.001452,PAIRWISE_E17_ZURI_TO_CLEV_LogisticRegression,Zurich,Cleveland,LogisticRegression
217,23,fbs,-0.053273,0.053273,PAIRWISE_E17_ZURI_TO_CLEV_LogisticRegression,Zurich,Cleveland,LogisticRegression
217,23,restecg,0.004363,0.004363,PAIRWISE_E17_ZURI_TO_CLEV_LogisticRegression,Zurich,Cleveland,LogisticRegression
217,23,thalach,-0.057586,0.057586,PAIRWISE_E17_ZURI_TO_CLEV_LogisticRegression,Zurich,Cleveland,LogisticRegression
217,23,exang,0.047086,0.047086,PAIRWISE_E17_ZURI_TO_CLEV_LogisticRegression,Zurich,Cleveland,LogisticRegression
217,23,oldpeak,0.003652,0.003652,PAIRWISE_E17_ZURI_TO_CLEV_LogisticRegression,Zurich,Cleveland,LogisticRegression
217,23,slope,-0.006355,0.006355,PAIRWISE_E17_ZURI_TO_CLEV_LogisticRegression,Zurich,Cleveland,LogisticRegression
113,24,age,0.001141,0.001141,PAIRWISE_E17_ZURI_TO_CLEV_LogisticRegression,Zurich,Cleveland,LogisticRegression
113,24,sex,0.065745,0.065745,PAIRWISE_E17_ZURI_TO_CLEV_LogisticRegression,Zurich,Cleveland,LogisticRegression
113,24,cp,0.094466,0.094466,PAIRWISE_E17_ZURI_TO_CLEV_LogisticRegression,Zurich,Cleveland,LogisticRegression
113,24,trestbps,0.001093,0.001093,PAIRWISE_E17_ZURI_TO_CLEV_LogisticRegression,Zurich,Cleveland,LogisticRegression
113,24,fbs,0.057332,0.057332,PAIRWISE_E17_ZURI_TO_CLEV_LogisticRegression,Zurich,Cleveland,LogisticRegression
113,24,restecg,0.004947,0.004947,PAIRWISE_E17_ZURI_TO_CLEV_LogisticRegression,Zurich,Cleveland,LogisticRegression
113,24,thalach,-0.011074,0.011074,PAIRWISE_E17_ZURI_TO_CLEV_LogisticRegression,Zurich,Cleveland,LogisticRegression
113,24,exang,0.050193,0.050193,PAIRWISE_E17_ZURI_TO_CLEV_LogisticRegression,Zurich,Cleveland,LogisticRegression
113,24,oldpeak,-0.004091,0.004091,PAIRWISE_E17_ZURI_TO_CLEV_LogisticRegression,Zurich,Cleveland,LogisticRegression
113,24,slope,-0.001123,0.001123,PAIRWISE_E17_ZURI_TO_CLEV_LogisticRegression,Zurich,Cleveland,LogisticRegression
188,0,age,-0.003411,0.003411,PAIRWISE_E18_ZURI_TO_CLEV_RandomForest,Zurich,Cleveland,RandomForest
188,0,sex,0.009615,0.009615,PAIRWISE_E18_ZURI_TO_CLEV_RandomForest,Zurich,Cleveland,RandomForest
188,0,cp,-0.122458,0.122458,PAIRWISE_E18_ZURI_TO_CLEV_RandomForest,Zurich,Cleveland,RandomForest
188,0,trestbps,-0.016322,0.016322,PAIRWISE_E18_ZURI_TO_CLEV_RandomForest,Zurich,Cleveland,RandomForest
188,0,fbs,0.004587,0.004587,PAIRWISE_E18_ZURI_TO_CLEV_RandomForest,Zurich,Cleveland,RandomForest
188,0,restecg,-0.032469,0.032469,PAIRWISE_E18_ZURI_TO_CLEV_RandomForest,Zurich,Cleveland,RandomForest
188,0,thalach,-0.058467,0.058467,PAIRWISE_E18_ZURI_TO_CLEV_RandomForest,Zurich,Cleveland,RandomForest
188,0,exang,-0.011243,0.011243,PAIRWISE_E18_ZURI_TO_CLEV_RandomForest,Zurich,Cleveland,RandomForest
188,0,oldpeak,-0.013722,0.013722,PAIRWISE_E18_ZURI_TO_CLEV_RandomForest,Zurich,Cleveland,RandomForest
188,0,slope,-0.03176,0.03176,PAIRWISE_E18_ZURI_TO_CLEV_RandomForest,Zurich,Cleveland,RandomForest
4,1,age,-0.00747,0.00747,PAIRWISE_E18_ZURI_TO_CLEV_RandomForest,Zurich,Cleveland,RandomForest
4,1,sex,0.003029,0.003029,PAIRWISE_E18_ZURI_TO_CLEV_RandomForest,Zurich,Cleveland,RandomForest
4,1,cp,-0.120157,0.120157,PAIRWISE_E18_ZURI_TO_CLEV_RandomForest,Zurich,Cleveland,RandomForest
4,1,trestbps,0.008491,0.008491,PAIRWISE_E18_ZURI_TO_CLEV_RandomForest,Zurich,Cleveland,RandomForest
4,1,fbs,-0.016282,0.016282,PAIRWISE_E18_ZURI_TO_CLEV_RandomForest,Zurich,Cleveland,RandomForest
4,1,restecg,-0.029473,0.029473,PAIRWISE_E18_ZURI_TO_CLEV_RandomForest,Zurich,Cleveland,RandomForest
4,1,thalach,-0.033404,0.033404,PAIRWISE_E18_ZURI_TO_CLEV_RandomForest,Zurich,Cleveland,RandomForest
4,1,exang,-0.012762,0.012762,PAIRWISE_E18_ZURI_TO_CLEV_RandomForest,Zurich,Cleveland,RandomForest
4,1,oldpeak,0.009285,0.009285,PAIRWISE_E18_ZURI_TO_CLEV_RandomForest,Zurich,Cleveland,RandomForest
4,1,slope,-0.025187,0.025187,PAIRWISE_E18_ZURI_TO_CLEV_RandomForest,Zurich,Cleveland,RandomForest
160,2,age,0.003163,0.003163,PAIRWISE_E18_ZURI_TO_CLEV_RandomForest,Zurich,Cleveland,RandomForest
160,2,sex,0.00016,0.00016,PAIRWISE_E18_ZURI_TO_CLEV_RandomForest,Zurich,Cleveland,RandomForest
160,2,cp,-0.1272,0.1272,PAIRWISE_E18_ZURI_TO_CLEV_RandomForest,Zurich,Cleveland,RandomForest
160,2,trestbps,0.001583,0.001583,PAIRWISE_E18_ZURI_TO_CLEV_RandomForest,Zurich,Cleveland,RandomForest
160,2,fbs,-0.004158,0.004158,PAIRWISE_E18_ZURI_TO_CLEV_RandomForest,Zurich,Cleveland,RandomForest
160,2,restecg,0.00737,0.00737,PAIRWISE_E18_ZURI_TO_CLEV_RandomForest,Zurich,Cleveland,RandomForest
160,2,thalach,-0.04786,0.04786,PAIRWISE_E18_ZURI_TO_CLEV_RandomForest,Zurich,Cleveland,RandomForest
160,2,exang,-0.011312,0.011312,PAIRWISE_E18_ZURI_TO_CLEV_RandomForest,Zurich,Cleveland,RandomForest
160,2,oldpeak,-0.017772,0.017772,PAIRWISE_E18_ZURI_TO_CLEV_RandomForest,Zurich,Cleveland,RandomForest
160,2,slope,-0.045894,0.045894,PAIRWISE_E18_ZURI_TO_CLEV_RandomForest,Zurich,Cleveland,RandomForest
269,3,age,-0.008996,0.008996,PAIRWISE_E18_ZURI_TO_CLEV_RandomForest,Zurich,Cleveland,RandomForest
269,3,sex,0.009652,0.009652,PAIRWISE_E18_ZURI_TO_CLEV_RandomForest,Zurich,Cleveland,RandomForest
269,3,cp,-0.102976,0.102976,PAIRWISE_E18_ZURI_TO_CLEV_RandomForest,Zurich,Cleveland,RandomForest
269,3,trestbps,0.003644,0.003644,PAIRWISE_E18_ZURI_TO_CLEV_RandomForest,Zurich,Cleveland,RandomForest
269,3,fbs,-0.002188,0.002188,PAIRWISE_E18_ZURI_TO_CLEV_RandomForest,Zurich,Cleveland,RandomForest
269,3,restecg,0.00763,0.00763,PAIRWISE_E18_ZURI_TO_CLEV_RandomForest,Zurich,Cleveland,RandomForest
269,3,thalach,-0.053136,0.053136,PAIRWISE_E18_ZURI_TO_CLEV_RandomForest,Zurich,Cleveland,RandomForest
269,3,exang,-0.016774,0.016774,PAIRWISE_E18_ZURI_TO_CLEV_RandomForest,Zurich,Cleveland,RandomForest
269,3,oldpeak,-0.019252,0.019252,PAIRWISE_E18_ZURI_TO_CLEV_RandomForest,Zurich,Cleveland,RandomForest
269,3,slope,-0.029695,0.029695,PAIRWISE_E18_ZURI_TO_CLEV_RandomForest,Zurich,Cleveland,RandomForest
48,4,age,-0.01444,0.01444,PAIRWISE_E18_ZURI_TO_CLEV_RandomForest,Zurich,Cleveland,RandomForest
48,4,sex,-0.003854,0.003854,PAIRWISE_E18_ZURI_TO_CLEV_RandomForest,Zurich,Cleveland,RandomForest
48,4,cp,-0.101103,0.101103,PAIRWISE_E18_ZURI_TO_CLEV_RandomForest,Zurich,Cleveland,RandomForest
48,4,trestbps,-0.003192,0.003192,PAIRWISE_E18_ZURI_TO_CLEV_RandomForest,Zurich,Cleveland,RandomForest
48,4,fbs,0.003704,0.003704,PAIRWISE_E18_ZURI_TO_CLEV_RandomForest,Zurich,Cleveland,RandomForest
48,4,restecg,-0.027307,0.027307,PAIRWISE_E18_ZURI_TO_CLEV_RandomForest,Zurich,Cleveland,RandomForest
48,4,thalach,-0.050695,0.050695,PAIRWISE_E18_ZURI_TO_CLEV_RandomForest,Zurich,Cleveland,RandomForest
48,4,exang,-0.009409,0.009409,PAIRWISE_E18_ZURI_TO_CLEV_RandomForest,Zurich,Cleveland,RandomForest
48,4,oldpeak,0.01738,0.01738,PAIRWISE_E18_ZURI_TO_CLEV_RandomForest,Zurich,Cleveland,RandomForest
48,4,slope,-0.027308,0.027308,PAIRWISE_E18_ZURI_TO_CLEV_RandomForest,Zurich,Cleveland,RandomForest
198,5,age,-0.008777,0.008777,PAIRWISE_E18_ZURI_TO_CLEV_RandomForest,Zurich,Cleveland,RandomForest
198,5,sex,0.005444,0.005444,PAIRWISE_E18_ZURI_TO_CLEV_RandomForest,Zurich,Cleveland,RandomForest
198,5,cp,-0.10989,0.10989,PAIRWISE_E18_ZURI_TO_CLEV_RandomForest,Zurich,Cleveland,RandomForest
198,5,trestbps,0.008205,0.008205,PAIRWISE_E18_ZURI_TO_CLEV_RandomForest,Zurich,Cleveland,RandomForest
198,5,fbs,-0.012735,0.012735,PAIRWISE_E18_ZURI_TO_CLEV_RandomForest,Zurich,Cleveland,RandomForest
198,5,restecg,0.012445,0.012445,PAIRWISE_E18_ZURI_TO_CLEV_RandomForest,Zurich,Cleveland,RandomForest
198,5,thalach,-0.041592,0.041592,PAIRWISE_E18_ZURI_TO_CLEV_RandomForest,Zurich,Cleveland,RandomForest
198,5,exang,-0.01516,0.01516,PAIRWISE_E18_ZURI_TO_CLEV_RandomForest,Zurich,Cleveland,RandomForest
198,5,oldpeak,0.01429,0.01429,PAIRWISE_E18_ZURI_TO_CLEV_RandomForest,Zurich,Cleveland,RandomForest
198,5,slope,-0.028383,0.028383,PAIRWISE_E18_ZURI_TO_CLEV_RandomForest,Zurich,Cleveland,RandomForest
32,6,age,-0.017311,0.017311,PAIRWISE_E18_ZURI_TO_CLEV_RandomForest,Zurich,Cleveland,RandomForest
32,6,sex,-0.000939,0.000939,PAIRWISE_E18_ZURI_TO_CLEV_RandomForest,Zurich,Cleveland,RandomForest
32,6,cp,-0.098757,0.098757,PAIRWISE_E18_ZURI_TO_CLEV_RandomForest,Zurich,Cleveland,RandomForest
32,6,trestbps,0.005249,0.005249,PAIRWISE_E18_ZURI_TO_CLEV_RandomForest,Zurich,Cleveland,RandomForest
32,6,fbs,0.015789,0.015789,PAIRWISE_E18_ZURI_TO_CLEV_RandomForest,Zurich,Cleveland,RandomForest
32,6,restecg,0.002633,0.002633,PAIRWISE_E18_ZURI_TO_CLEV_RandomForest,Zurich,Cleveland,RandomForest
32,6,thalach,-0.045369,0.045369,PAIRWISE_E18_ZURI_TO_CLEV_RandomForest,Zurich,Cleveland,RandomForest
32,6,exang,-0.020784,0.020784,PAIRWISE_E18_ZURI_TO_CLEV_RandomForest,Zurich,Cleveland,RandomForest
32,6,oldpeak,-0.01931,0.01931,PAIRWISE_E18_ZURI_TO_CLEV_RandomForest,Zurich,Cleveland,RandomForest
32,6,slope,-0.028513,0.028513,PAIRWISE_E18_ZURI_TO_CLEV_RandomForest,Zurich,Cleveland,RandomForest
258,7,age,-0.020339,0.020339,PAIRWISE_E18_ZURI_TO_CLEV_RandomForest,Zurich,Cleveland,RandomForest
258,7,sex,-0.000785,0.000785,PAIRWISE_E18_ZURI_TO_CLEV_RandomForest,Zurich,Cleveland,RandomForest
258,7,cp,-0.106381,0.106381,PAIRWISE_E18_ZURI_TO_CLEV_RandomForest,Zurich,Cleveland,RandomForest
258,7,trestbps,-0.005288,0.005288,PAIRWISE_E18_ZURI_TO_CLEV_RandomForest,Zurich,Cleveland,RandomForest
258,7,fbs,0.000263,0.000263,PAIRWISE_E18_ZURI_TO_CLEV_RandomForest,Zurich,Cleveland,RandomForest
258,7,restecg,-0.019658,0.019658,PAIRWISE_E18_ZURI_TO_CLEV_RandomForest,Zurich,Cleveland,RandomForest
258,7,thalach,-0.055257,0.055257,PAIRWISE_E18_ZURI_TO_CLEV_RandomForest,Zurich,Cleveland,RandomForest
258,7,exang,-0.013803,0.013803,PAIRWISE_E18_ZURI_TO_CLEV_RandomForest,Zurich,Cleveland,RandomForest
258,7,oldpeak,-0.014904,0.014904,PAIRWISE_E18_ZURI_TO_CLEV_RandomForest,Zurich,Cleveland,RandomForest
258,7,slope,-0.023018,0.023018,PAIRWISE_E18_ZURI_TO_CLEV_RandomForest,Zurich,Cleveland,RandomForest
290,8,age,-0.011993,0.011993,PAIRWISE_E18_ZURI_TO_CLEV_RandomForest,Zurich,Cleveland,RandomForest
290,8,sex,-5.3e-05,5.3e-05,PAIRWISE_E18_ZURI_TO_CLEV_RandomForest,Zurich,Cleveland,RandomForest
290,8,cp,-0.095812,0.095812,PAIRWISE_E18_ZURI_TO_CLEV_RandomForest,Zurich,Cleveland,RandomForest
290,8,trestbps,-0.015334,0.015334,PAIRWISE_E18_ZURI_TO_CLEV_RandomForest,Zurich,Cleveland,RandomForest
290,8,fbs,-0.003411,0.003411,PAIRWISE_E18_ZURI_TO_CLEV_RandomForest,Zurich,Cleveland,RandomForest
290,8,restecg,-0.032331,0.032331,PAIRWISE_E18_ZURI_TO_CLEV_RandomForest,Zurich,Cleveland,RandomForest
290,8,thalach,-0.051362,0.051362,PAIRWISE_E18_ZURI_TO_CLEV_RandomForest,Zurich,Cleveland,RandomForest
290,8,exang,-0.005893,0.005893,PAIRWISE_E18_ZURI_TO_CLEV_RandomForest,Zurich,Cleveland,RandomForest
290,8,oldpeak,0.015562,0.015562,PAIRWISE_E18_ZURI_TO_CLEV_RandomForest,Zurich,Cleveland,RandomForest
290,8,slope,0.049083,0.049083,PAIRWISE_E18_ZURI_TO_CLEV_RandomForest,Zurich,Cleveland,RandomForest
244,9,age,0.024023,0.024023,PAIRWISE_E18_ZURI_TO_CLEV_RandomForest,Zurich,Cleveland,RandomForest
244,9,sex,-0.001337,0.001337,PAIRWISE_E18_ZURI_TO_CLEV_RandomForest,Zurich,Cleveland,RandomForest
244,9,cp,-0.108367,0.108367,PAIRWISE_E18_ZURI_TO_CLEV_RandomForest,Zurich,Cleveland,RandomForest
244,9,trestbps,0.004447,0.004447,PAIRWISE_E18_ZURI_TO_CLEV_RandomForest,Zurich,Cleveland,RandomForest
244,9,fbs,0.000349,0.000349,PAIRWISE_E18_ZURI_TO_CLEV_RandomForest,Zurich,Cleveland,RandomForest
244,9,restecg,0.013293,0.013293,PAIRWISE_E18_ZURI_TO_CLEV_RandomForest,Zurich,Cleveland,RandomForest
244,9,thalach,0.00405,0.00405,PAIRWISE_E18_ZURI_TO_CLEV_RandomForest,Zurich,Cleveland,RandomForest
244,9,exang,-0.015306,0.015306,PAIRWISE_E18_ZURI_TO_CLEV_RandomForest,Zurich,Cleveland,RandomForest
244,9,oldpeak,-0.023032,0.023032,PAIRWISE_E18_ZURI_TO_CLEV_RandomForest,Zurich,Cleveland,RandomForest
244,9,slope,-0.02669,0.02669,PAIRWISE_E18_ZURI_TO_CLEV_RandomForest,Zurich,Cleveland,RandomForest
183,10,age,0.015565,0.015565,PAIRWISE_E18_ZURI_TO_CLEV_RandomForest,Zurich,Cleveland,RandomForest
183,10,sex,0.008029,0.008029,PAIRWISE_E18_ZURI_TO_CLEV_RandomForest,Zurich,Cleveland,RandomForest
183,10,cp,-0.064658,0.064658,PAIRWISE_E18_ZURI_TO_CLEV_RandomForest,Zurich,Cleveland,RandomForest
183,10,trestbps,-0.011132,0.011132,PAIRWISE_E18_ZURI_TO_CLEV_RandomForest,Zurich,Cleveland,RandomForest
183,10,fbs,-0.006084,0.006084,PAIRWISE_E18_ZURI_TO_CLEV_RandomForest,Zurich,Cleveland,RandomForest
183,10,restecg,-0.025778,0.025778,PAIRWISE_E18_ZURI_TO_CLEV_RandomForest,Zurich,Cleveland,RandomForest
183,10,thalach,-0.039863,0.039863,PAIRWISE_E18_ZURI_TO_CLEV_RandomForest,Zurich,Cleveland,RandomForest
183,10,exang,-0.012901,0.012901,PAIRWISE_E18_ZURI_TO_CLEV_RandomForest,Zurich,Cleveland,RandomForest
183,10,oldpeak,0.008794,0.008794,PAIRWISE_E18_ZURI_TO_CLEV_RandomForest,Zurich,Cleveland,RandomForest
183,10,slope,-0.056974,0.056974,PAIRWISE_E18_ZURI_TO_CLEV_RandomForest,Zurich,Cleveland,RandomForest
271,11,age,-0.005377,0.005377,PAIRWISE_E18_ZURI_TO_CLEV_RandomForest,Zurich,Cleveland,RandomForest
271,11,sex,0.006382,0.006382,PAIRWISE_E18_ZURI_TO_CLEV_RandomForest,Zurich,Cleveland,RandomForest
271,11,cp,0.113581,0.113581,PAIRWISE_E18_ZURI_TO_CLEV_RandomForest,Zurich,Cleveland,RandomForest
271,11,trestbps,-0.008312,0.008312,PAIRWISE_E18_ZURI_TO_CLEV_RandomForest,Zurich,Cleveland,RandomForest
271,11,fbs,-0.004135,0.004135,PAIRWISE_E18_ZURI_TO_CLEV_RandomForest,Zurich,Cleveland,RandomForest
271,11,restecg,-0.02819,0.02819,PAIRWISE_E18_ZURI_TO_CLEV_RandomForest,Zurich,Cleveland,RandomForest
271,11,thalach,0.014685,0.014685,PAIRWISE_E18_ZURI_TO_CLEV_RandomForest,Zurich,Cleveland,RandomForest
271,11,exang,-0.016851,0.016851,PAIRWISE_E18_ZURI_TO_CLEV_RandomForest,Zurich,Cleveland,RandomForest
271,11,oldpeak,0.009473,0.009473,PAIRWISE_E18_ZURI_TO_CLEV_RandomForest,Zurich,Cleveland,RandomForest
271,11,slope,-0.024945,0.024945,PAIRWISE_E18_ZURI_TO_CLEV_RandomForest,Zurich,Cleveland,RandomForest
27,12,age,-0.005918,0.005918,PAIRWISE_E18_ZURI_TO_CLEV_RandomForest,Zurich,Cleveland,RandomForest
27,12,sex,-0.007731,0.007731,PAIRWISE_E18_ZURI_TO_CLEV_RandomForest,Zurich,Cleveland,RandomForest
27,12,cp,-0.078479,0.078479,PAIRWISE_E18_ZURI_TO_CLEV_RandomForest,Zurich,Cleveland,RandomForest
27,12,trestbps,-0.011059,0.011059,PAIRWISE_E18_ZURI_TO_CLEV_RandomForest,Zurich,Cleveland,RandomForest
27,12,fbs,-0.017124,0.017124,PAIRWISE_E18_ZURI_TO_CLEV_RandomForest,Zurich,Cleveland,RandomForest
27,12,restecg,0.009282,0.009282,PAIRWISE_E18_ZURI_TO_CLEV_RandomForest,Zurich,Cleveland,RandomForest
27,12,thalach,0.017864,0.017864,PAIRWISE_E18_ZURI_TO_CLEV_RandomForest,Zurich,Cleveland,RandomForest
27,12,exang,-0.014352,0.014352,PAIRWISE_E18_ZURI_TO_CLEV_RandomForest,Zurich,Cleveland,RandomForest
27,12,oldpeak,0.011458,0.011458,PAIRWISE_E18_ZURI_TO_CLEV_RandomForest,Zurich,Cleveland,RandomForest
27,12,slope,-0.060735,0.060735,PAIRWISE_E18_ZURI_TO_CLEV_RandomForest,Zurich,Cleveland,RandomForest
126,13,age,-0.003372,0.003372,PAIRWISE_E18_ZURI_TO_CLEV_RandomForest,Zurich,Cleveland,RandomForest
126,13,sex,-0.008582,0.008582,PAIRWISE_E18_ZURI_TO_CLEV_RandomForest,Zurich,Cleveland,RandomForest
126,13,cp,0.115505,0.115505,PAIRWISE_E18_ZURI_TO_CLEV_RandomForest,Zurich,Cleveland,RandomForest
126,13,trestbps,-0.014869,0.014869,PAIRWISE_E18_ZURI_TO_CLEV_RandomForest,Zurich,Cleveland,RandomForest
126,13,fbs,0.004539,0.004539,PAIRWISE_E18_ZURI_TO_CLEV_RandomForest,Zurich,Cleveland,RandomForest
126,13,restecg,-0.023755,0.023755,PAIRWISE_E18_ZURI_TO_CLEV_RandomForest,Zurich,Cleveland,RandomForest
126,13,thalach,0.014788,0.014788,PAIRWISE_E18_ZURI_TO_CLEV_RandomForest,Zurich,Cleveland,RandomForest
126,13,exang,0.014097,0.014097,PAIRWISE_E18_ZURI_TO_CLEV_RandomForest,Zurich,Cleveland,RandomForest
126,13,oldpeak,0.00364,0.00364,PAIRWISE_E18_ZURI_TO_CLEV_RandomForest,Zurich,Cleveland,RandomForest
126,13,slope,-0.056649,0.056649,PAIRWISE_E18_ZURI_TO_CLEV_RandomForest,Zurich,Cleveland,RandomForest
88,14,age,-0.004713,0.004713,PAIRWISE_E18_ZURI_TO_CLEV_RandomForest,Zurich,Cleveland,RandomForest
88,14,sex,0.00127,0.00127,PAIRWISE_E18_ZURI_TO_CLEV_RandomForest,Zurich,Cleveland,RandomForest
88,14,cp,0.116469,0.116469,PAIRWISE_E18_ZURI_TO_CLEV_RandomForest,Zurich,Cleveland,RandomForest
88,14,trestbps,0.004959,0.004959,PAIRWISE_E18_ZURI_TO_CLEV_RandomForest,Zurich,Cleveland,RandomForest
88,14,fbs,-0.002624,0.002624,PAIRWISE_E18_ZURI_TO_CLEV_RandomForest,Zurich,Cleveland,RandomForest
88,14,restecg,-0.024168,0.024168,PAIRWISE_E18_ZURI_TO_CLEV_RandomForest,Zurich,Cleveland,RandomForest
88,14,thalach,-0.043919,0.043919,PAIRWISE_E18_ZURI_TO_CLEV_RandomForest,Zurich,Cleveland,RandomForest
88,14,exang,-0.014217,0.014217,PAIRWISE_E18_ZURI_TO_CLEV_RandomForest,Zurich,Cleveland,RandomForest
88,14,oldpeak,-0.019529,0.019529,PAIRWISE_E18_ZURI_TO_CLEV_RandomForest,Zurich,Cleveland,RandomForest
88,14,slope,-0.0268,0.0268,PAIRWISE_E18_ZURI_TO_CLEV_RandomForest,Zurich,Cleveland,RandomForest
158,15,age,0.020989,0.020989,PAIRWISE_E18_ZURI_TO_CLEV_RandomForest,Zurich,Cleveland,RandomForest
158,15,sex,-0.003416,0.003416,PAIRWISE_E18_ZURI_TO_CLEV_RandomForest,Zurich,Cleveland,RandomForest
158,15,cp,0.116122,0.116122,PAIRWISE_E18_ZURI_TO_CLEV_RandomForest,Zurich,Cleveland,RandomForest
158,15,trestbps,0.003455,0.003455,PAIRWISE_E18_ZURI_TO_CLEV_RandomForest,Zurich,Cleveland,RandomForest
158,15,fbs,-0.004661,0.004661,PAIRWISE_E18_ZURI_TO_CLEV_RandomForest,Zurich,Cleveland,RandomForest
158,15,restecg,-0.026312,0.026312,PAIRWISE_E18_ZURI_TO_CLEV_RandomForest,Zurich,Cleveland,RandomForest
158,15,thalach,-0.041353,0.041353,PAIRWISE_E18_ZURI_TO_CLEV_RandomForest,Zurich,Cleveland,RandomForest
158,15,exang,-0.01252,0.01252,PAIRWISE_E18_ZURI_TO_CLEV_RandomForest,Zurich,Cleveland,RandomForest
158,15,oldpeak,0.013518,0.013518,PAIRWISE_E18_ZURI_TO_CLEV_RandomForest,Zurich,Cleveland,RandomForest
158,15,slope,0.043286,0.043286,PAIRWISE_E18_ZURI_TO_CLEV_RandomForest,Zurich,Cleveland,RandomForest
267,16,age,0.012094,0.012094,PAIRWISE_E18_ZURI_TO_CLEV_RandomForest,Zurich,Cleveland,RandomForest
267,16,sex,0.003831,0.003831,PAIRWISE_E18_ZURI_TO_CLEV_RandomForest,Zurich,Cleveland,RandomForest
267,16,cp,-0.105414,0.105414,PAIRWISE_E18_ZURI_TO_CLEV_RandomForest,Zurich,Cleveland,RandomForest
267,16,trestbps,0.009023,0.009023,PAIRWISE_E18_ZURI_TO_CLEV_RandomForest,Zurich,Cleveland,RandomForest
267,16,fbs,0.002846,0.002846,PAIRWISE_E18_ZURI_TO_CLEV_RandomForest,Zurich,Cleveland,RandomForest
267,16,restecg,0.010118,0.010118,PAIRWISE_E18_ZURI_TO_CLEV_RandomForest,Zurich,Cleveland,RandomForest
267,16,thalach,0.019276,0.019276,PAIRWISE_E18_ZURI_TO_CLEV_RandomForest,Zurich,Cleveland,RandomForest
267,16,exang,-0.016052,0.016052,PAIRWISE_E18_ZURI_TO_CLEV_RandomForest,Zurich,Cleveland,RandomForest
267,16,oldpeak,0.006186,0.006186,PAIRWISE_E18_ZURI_TO_CLEV_RandomForest,Zurich,Cleveland,RandomForest
267,16,slope,0.044954,0.044954,PAIRWISE_E18_ZURI_TO_CLEV_RandomForest,Zurich,Cleveland,RandomForest
229,17,age,-0.012104,0.012104,PAIRWISE_E18_ZURI_TO_CLEV_RandomForest,Zurich,Cleveland,RandomForest
229,17,sex,0.002471,0.002471,PAIRWISE_E18_ZURI_TO_CLEV_RandomForest,Zurich,Cleveland,RandomForest
229,17,cp,0.108655,0.108655,PAIRWISE_E18_ZURI_TO_CLEV_RandomForest,Zurich,Cleveland,RandomForest
229,17,trestbps,-0.003803,0.003803,PAIRWISE_E18_ZURI_TO_CLEV_RandomForest,Zurich,Cleveland,RandomForest
229,17,fbs,-0.006077,0.006077,PAIRWISE_E18_ZURI_TO_CLEV_RandomForest,Zurich,Cleveland,RandomForest
229,17,restecg,-0.028634,0.028634,PAIRWISE_E18_ZURI_TO_CLEV_RandomForest,Zurich,Cleveland,RandomForest
229,17,thalach,0.02172,0.02172,PAIRWISE_E18_ZURI_TO_CLEV_RandomForest,Zurich,Cleveland,RandomForest
229,17,exang,0.01101,0.01101,PAIRWISE_E18_ZURI_TO_CLEV_RandomForest,Zurich,Cleveland,RandomForest
229,17,oldpeak,0.010724,0.010724,PAIRWISE_E18_ZURI_TO_CLEV_RandomForest,Zurich,Cleveland,RandomForest
229,17,slope,-0.028591,0.028591,PAIRWISE_E18_ZURI_TO_CLEV_RandomForest,Zurich,Cleveland,RandomForest
39,18,age,0.022427,0.022427,PAIRWISE_E18_ZURI_TO_CLEV_RandomForest,Zurich,Cleveland,RandomForest
39,18,sex,0.005925,0.005925,PAIRWISE_E18_ZURI_TO_CLEV_RandomForest,Zurich,Cleveland,RandomForest
39,18,cp,-0.091779,0.091779,PAIRWISE_E18_ZURI_TO_CLEV_RandomForest,Zurich,Cleveland,RandomForest
39,18,trestbps,-0.014367,0.014367,PAIRWISE_E18_ZURI_TO_CLEV_RandomForest,Zurich,Cleveland,RandomForest
39,18,fbs,-0.000942,0.000942,PAIRWISE_E18_ZURI_TO_CLEV_RandomForest,Zurich,Cleveland,RandomForest
39,18,restecg,0.007365,0.007365,PAIRWISE_E18_ZURI_TO_CLEV_RandomForest,Zurich,Cleveland,RandomForest
39,18,thalach,0.015624,0.015624,PAIRWISE_E18_ZURI_TO_CLEV_RandomForest,Zurich,Cleveland,RandomForest
39,18,exang,0.01464,0.01464,PAIRWISE_E18_ZURI_TO_CLEV_RandomForest,Zurich,Cleveland,RandomForest
39,18,oldpeak,0.01372,0.01372,PAIRWISE_E18_ZURI_TO_CLEV_RandomForest,Zurich,Cleveland,RandomForest
39,18,slope,0.049985,0.049985,PAIRWISE_E18_ZURI_TO_CLEV_RandomForest,Zurich,Cleveland,RandomForest
118,19,age,-0.009494,0.009494,PAIRWISE_E18_ZURI_TO_CLEV_RandomForest,Zurich,Cleveland,RandomForest
118,19,sex,0.002445,0.002445,PAIRWISE_E18_ZURI_TO_CLEV_RandomForest,Zurich,Cleveland,RandomForest
118,19,cp,0.111045,0.111045,PAIRWISE_E18_ZURI_TO_CLEV_RandomForest,Zurich,Cleveland,RandomForest
118,19,trestbps,0.008086,0.008086,PAIRWISE_E18_ZURI_TO_CLEV_RandomForest,Zurich,Cleveland,RandomForest
118,19,fbs,0.00564,0.00564,PAIRWISE_E18_ZURI_TO_CLEV_RandomForest,Zurich,Cleveland,RandomForest
118,19,restecg,-0.029335,0.029335,PAIRWISE_E18_ZURI_TO_CLEV_RandomForest,Zurich,Cleveland,RandomForest
118,19,thalach,0.021148,0.021148,PAIRWISE_E18_ZURI_TO_CLEV_RandomForest,Zurich,Cleveland,RandomForest
118,19,exang,0.015882,0.015882,PAIRWISE_E18_ZURI_TO_CLEV_RandomForest,Zurich,Cleveland,RandomForest
118,19,oldpeak,0.007296,0.007296,PAIRWISE_E18_ZURI_TO_CLEV_RandomForest,Zurich,Cleveland,RandomForest
118,19,slope,-0.032468,0.032468,PAIRWISE_E18_ZURI_TO_CLEV_RandomForest,Zurich,Cleveland,RandomForest
81,20,age,-0.00593,0.00593,PAIRWISE_E18_ZURI_TO_CLEV_RandomForest,Zurich,Cleveland,RandomForest
81,20,sex,0.00256,0.00256,PAIRWISE_E18_ZURI_TO_CLEV_RandomForest,Zurich,Cleveland,RandomForest
81,20,cp,0.111024,0.111024,PAIRWISE_E18_ZURI_TO_CLEV_RandomForest,Zurich,Cleveland,RandomForest
81,20,trestbps,0.003767,0.003767,PAIRWISE_E18_ZURI_TO_CLEV_RandomForest,Zurich,Cleveland,RandomForest
81,20,fbs,-0.007286,0.007286,PAIRWISE_E18_ZURI_TO_CLEV_RandomForest,Zurich,Cleveland,RandomForest
81,20,restecg,-0.03125,0.03125,PAIRWISE_E18_ZURI_TO_CLEV_RandomForest,Zurich,Cleveland,RandomForest
81,20,thalach,-0.042866,0.042866,PAIRWISE_E18_ZURI_TO_CLEV_RandomForest,Zurich,Cleveland,RandomForest
81,20,exang,-0.013267,0.013267,PAIRWISE_E18_ZURI_TO_CLEV_RandomForest,Zurich,Cleveland,RandomForest
81,20,oldpeak,0.009954,0.009954,PAIRWISE_E18_ZURI_TO_CLEV_RandomForest,Zurich,Cleveland,RandomForest
81,20,slope,0.049557,0.049557,PAIRWISE_E18_ZURI_TO_CLEV_RandomForest,Zurich,Cleveland,RandomForest
129,21,age,-0.007551,0.007551,PAIRWISE_E18_ZURI_TO_CLEV_RandomForest,Zurich,Cleveland,RandomForest
129,21,sex,-0.002325,0.002325,PAIRWISE_E18_ZURI_TO_CLEV_RandomForest,Zurich,Cleveland,RandomForest
129,21,cp,0.113107,0.113107,PAIRWISE_E18_ZURI_TO_CLEV_RandomForest,Zurich,Cleveland,RandomForest
129,21,trestbps,-0.002715,0.002715,PAIRWISE_E18_ZURI_TO_CLEV_RandomForest,Zurich,Cleveland,RandomForest
129,21,fbs,-0.009309,0.009309,PAIRWISE_E18_ZURI_TO_CLEV_RandomForest,Zurich,Cleveland,RandomForest
129,21,restecg,0.006549,0.006549,PAIRWISE_E18_ZURI_TO_CLEV_RandomForest,Zurich,Cleveland,RandomForest
129,21,thalach,-0.045533,0.045533,PAIRWISE_E18_ZURI_TO_CLEV_RandomForest,Zurich,Cleveland,RandomForest
129,21,exang,-0.010816,0.010816,PAIRWISE_E18_ZURI_TO_CLEV_RandomForest,Zurich,Cleveland,RandomForest
129,21,oldpeak,-0.018199,0.018199,PAIRWISE_E18_ZURI_TO_CLEV_RandomForest,Zurich,Cleveland,RandomForest
129,21,slope,-0.026495,0.026495,PAIRWISE_E18_ZURI_TO_CLEV_RandomForest,Zurich,Cleveland,RandomForest
266,22,age,0.001808,0.001808,PAIRWISE_E18_ZURI_TO_CLEV_RandomForest,Zurich,Cleveland,RandomForest
266,22,sex,0.001067,0.001067,PAIRWISE_E18_ZURI_TO_CLEV_RandomForest,Zurich,Cleveland,RandomForest
266,22,cp,0.112958,0.112958,PAIRWISE_E18_ZURI_TO_CLEV_RandomForest,Zurich,Cleveland,RandomForest
266,22,trestbps,0.00298,0.00298,PAIRWISE_E18_ZURI_TO_CLEV_RandomForest,Zurich,Cleveland,RandomForest
266,22,fbs,0.002522,0.002522,PAIRWISE_E18_ZURI_TO_CLEV_RandomForest,Zurich,Cleveland,RandomForest
266,22,restecg,0.010973,0.010973,PAIRWISE_E18_ZURI_TO_CLEV_RandomForest,Zurich,Cleveland,RandomForest
266,22,thalach,-0.039431,0.039431,PAIRWISE_E18_ZURI_TO_CLEV_RandomForest,Zurich,Cleveland,RandomForest
266,22,exang,0.010104,0.010104,PAIRWISE_E18_ZURI_TO_CLEV_RandomForest,Zurich,Cleveland,RandomForest
266,22,oldpeak,0.01123,0.01123,PAIRWISE_E18_ZURI_TO_CLEV_RandomForest,Zurich,Cleveland,RandomForest
266,22,slope,0.04374,0.04374,PAIRWISE_E18_ZURI_TO_CLEV_RandomForest,Zurich,Cleveland,RandomForest
218,23,age,-0.016308,0.016308,PAIRWISE_E18_ZURI_TO_CLEV_RandomForest,Zurich,Cleveland,RandomForest
218,23,sex,0.007081,0.007081,PAIRWISE_E18_ZURI_TO_CLEV_RandomForest,Zurich,Cleveland,RandomForest
218,23,cp,0.111184,0.111184,PAIRWISE_E18_ZURI_TO_CLEV_RandomForest,Zurich,Cleveland,RandomForest
218,23,trestbps,0.00248,0.00248,PAIRWISE_E18_ZURI_TO_CLEV_RandomForest,Zurich,Cleveland,RandomForest
218,23,fbs,0.009927,0.009927,PAIRWISE_E18_ZURI_TO_CLEV_RandomForest,Zurich,Cleveland,RandomForest
218,23,restecg,0.012773,0.012773,PAIRWISE_E18_ZURI_TO_CLEV_RandomForest,Zurich,Cleveland,RandomForest
218,23,thalach,0.016816,0.016816,PAIRWISE_E18_ZURI_TO_CLEV_RandomForest,Zurich,Cleveland,RandomForest
218,23,exang,-0.013655,0.013655,PAIRWISE_E18_ZURI_TO_CLEV_RandomForest,Zurich,Cleveland,RandomForest
218,23,oldpeak,0.002712,0.002712,PAIRWISE_E18_ZURI_TO_CLEV_RandomForest,Zurich,Cleveland,RandomForest
218,23,slope,0.047955,0.047955,PAIRWISE_E18_ZURI_TO_CLEV_RandomForest,Zurich,Cleveland,RandomForest
138,24,age,-0.005954,0.005954,PAIRWISE_E18_ZURI_TO_CLEV_RandomForest,Zurich,Cleveland,RandomForest
138,24,sex,0.001056,0.001056,PAIRWISE_E18_ZURI_TO_CLEV_RandomForest,Zurich,Cleveland,RandomForest
138,24,cp,0.111566,0.111566,PAIRWISE_E18_ZURI_TO_CLEV_RandomForest,Zurich,Cleveland,RandomForest
138,24,trestbps,0.012428,0.012428,PAIRWISE_E18_ZURI_TO_CLEV_RandomForest,Zurich,Cleveland,RandomForest
138,24,fbs,0.00255,0.00255,PAIRWISE_E18_ZURI_TO_CLEV_RandomForest,Zurich,Cleveland,RandomForest
138,24,restecg,0.013027,0.013027,PAIRWISE_E18_ZURI_TO_CLEV_RandomForest,Zurich,Cleveland,RandomForest
138,24,thalach,0.016605,0.016605,PAIRWISE_E18_ZURI_TO_CLEV_RandomForest,Zurich,Cleveland,RandomForest
138,24,exang,0.0099,0.0099,PAIRWISE_E18_ZURI_TO_CLEV_RandomForest,Zurich,Cleveland,RandomForest
138,24,oldpeak,0.008392,0.008392,PAIRWISE_E18_ZURI_TO_CLEV_RandomForest,Zurich,Cleveland,RandomForest
138,24,slope,0.043955,0.043955,PAIRWISE_E18_ZURI_TO_CLEV_RandomForest,Zurich,Cleveland,RandomForest
13,0,age,-0.000711,0.000711,PAIRWISE_E19_ZURI_TO_CLEV_SVM,Zurich,Cleveland,SVM
13,0,sex,0.005377,0.005377,PAIRWISE_E19_ZURI_TO_CLEV_SVM,Zurich,Cleveland,SVM
13,0,cp,-0.027869,0.027869,PAIRWISE_E19_ZURI_TO_CLEV_SVM,Zurich,Cleveland,SVM
13,0,trestbps,0.00113,0.00113,PAIRWISE_E19_ZURI_TO_CLEV_SVM,Zurich,Cleveland,SVM
13,0,fbs,0.006429,0.006429,PAIRWISE_E19_ZURI_TO_CLEV_SVM,Zurich,Cleveland,SVM
13,0,restecg,0.002368,0.002368,PAIRWISE_E19_ZURI_TO_CLEV_SVM,Zurich,Cleveland,SVM
13,0,thalach,-0.007912,0.007912,PAIRWISE_E19_ZURI_TO_CLEV_SVM,Zurich,Cleveland,SVM
13,0,exang,-0.001405,0.001405,PAIRWISE_E19_ZURI_TO_CLEV_SVM,Zurich,Cleveland,SVM
13,0,oldpeak,0.001835,0.001835,PAIRWISE_E19_ZURI_TO_CLEV_SVM,Zurich,Cleveland,SVM
13,0,slope,-0.009573,0.009573,PAIRWISE_E19_ZURI_TO_CLEV_SVM,Zurich,Cleveland,SVM
98,1,age,0.000733,0.000733,PAIRWISE_E19_ZURI_TO_CLEV_SVM,Zurich,Cleveland,SVM
98,1,sex,0.004213,0.004213,PAIRWISE_E19_ZURI_TO_CLEV_SVM,Zurich,Cleveland,SVM
98,1,cp,-0.024862,0.024862,PAIRWISE_E19_ZURI_TO_CLEV_SVM,Zurich,Cleveland,SVM
98,1,trestbps,0.002819,0.002819,PAIRWISE_E19_ZURI_TO_CLEV_SVM,Zurich,Cleveland,SVM
98,1,fbs,0.00772,0.00772,PAIRWISE_E19_ZURI_TO_CLEV_SVM,Zurich,Cleveland,SVM
98,1,restecg,0.00479,0.00479,PAIRWISE_E19_ZURI_TO_CLEV_SVM,Zurich,Cleveland,SVM
98,1,thalach,-0.00286,0.00286,PAIRWISE_E19_ZURI_TO_CLEV_SVM,Zurich,Cleveland,SVM
98,1,exang,-0.001445,0.001445,PAIRWISE_E19_ZURI_TO_CLEV_SVM,Zurich,Cleveland,SVM
98,1,oldpeak,7.2e-05,7.2e-05,PAIRWISE_E19_ZURI_TO_CLEV_SVM,Zurich,Cleveland,SVM
98,1,slope,-0.006422,0.006422,PAIRWISE_E19_ZURI_TO_CLEV_SVM,Zurich,Cleveland,SVM
278,2,age,0.000323,0.000323,PAIRWISE_E19_ZURI_TO_CLEV_SVM,Zurich,Cleveland,SVM
278,2,sex,0.004282,0.004282,PAIRWISE_E19_ZURI_TO_CLEV_SVM,Zurich,Cleveland,SVM
278,2,cp,-0.023111,0.023111,PAIRWISE_E19_ZURI_TO_CLEV_SVM,Zurich,Cleveland,SVM
278,2,trestbps,-0.002412,0.002412,PAIRWISE_E19_ZURI_TO_CLEV_SVM,Zurich,Cleveland,SVM
278,2,fbs,0.008418,0.008418,PAIRWISE_E19_ZURI_TO_CLEV_SVM,Zurich,Cleveland,SVM
278,2,restecg,-0.007201,0.007201,PAIRWISE_E19_ZURI_TO_CLEV_SVM,Zurich,Cleveland,SVM
278,2,thalach,-0.004776,0.004776,PAIRWISE_E19_ZURI_TO_CLEV_SVM,Zurich,Cleveland,SVM
278,2,exang,-0.000867,0.000867,PAIRWISE_E19_ZURI_TO_CLEV_SVM,Zurich,Cleveland,SVM
278,2,oldpeak,0.00044,0.00044,PAIRWISE_E19_ZURI_TO_CLEV_SVM,Zurich,Cleveland,SVM
278,2,slope,-0.010167,0.010167,PAIRWISE_E19_ZURI_TO_CLEV_SVM,Zurich,Cleveland,SVM
132,3,age,-0.000172,0.000172,PAIRWISE_E19_ZURI_TO_CLEV_SVM,Zurich,Cleveland,SVM
132,3,sex,0.004296,0.004296,PAIRWISE_E19_ZURI_TO_CLEV_SVM,Zurich,Cleveland,SVM
132,3,cp,-0.036016,0.036016,PAIRWISE_E19_ZURI_TO_CLEV_SVM,Zurich,Cleveland,SVM
132,3,trestbps,0.00269,0.00269,PAIRWISE_E19_ZURI_TO_CLEV_SVM,Zurich,Cleveland,SVM
132,3,fbs,0.006945,0.006945,PAIRWISE_E19_ZURI_TO_CLEV_SVM,Zurich,Cleveland,SVM
132,3,restecg,-0.01006,0.01006,PAIRWISE_E19_ZURI_TO_CLEV_SVM,Zurich,Cleveland,SVM
132,3,thalach,-0.006153,0.006153,PAIRWISE_E19_ZURI_TO_CLEV_SVM,Zurich,Cleveland,SVM
132,3,exang,-0.002711,0.002711,PAIRWISE_E19_ZURI_TO_CLEV_SVM,Zurich,Cleveland,SVM
132,3,oldpeak,0.001916,0.001916,PAIRWISE_E19_ZURI_TO_CLEV_SVM,Zurich,Cleveland,SVM
132,3,slope,-0.008612,0.008612,PAIRWISE_E19_ZURI_TO_CLEV_SVM,Zurich,Cleveland,SVM
130,4,age,0.002655,0.002655,PAIRWISE_E19_ZURI_TO_CLEV_SVM,Zurich,Cleveland,SVM
130,4,sex,0.004023,0.004023,PAIRWISE_E19_ZURI_TO_CLEV_SVM,Zurich,Cleveland,SVM
130,4,cp,-0.015975,0.015975,PAIRWISE_E19_ZURI_TO_CLEV_SVM,Zurich,Cleveland,SVM
130,4,trestbps,0.003314,0.003314,PAIRWISE_E19_ZURI_TO_CLEV_SVM,Zurich,Cleveland,SVM
130,4,fbs,0.00827,0.00827,PAIRWISE_E19_ZURI_TO_CLEV_SVM,Zurich,Cleveland,SVM
130,4,restecg,-0.009857,0.009857,PAIRWISE_E19_ZURI_TO_CLEV_SVM,Zurich,Cleveland,SVM
130,4,thalach,-0.006339,0.006339,PAIRWISE_E19_ZURI_TO_CLEV_SVM,Zurich,Cleveland,SVM
130,4,exang,-0.000356,0.000356,PAIRWISE_E19_ZURI_TO_CLEV_SVM,Zurich,Cleveland,SVM
130,4,oldpeak,-0.001083,0.001083,PAIRWISE_E19_ZURI_TO_CLEV_SVM,Zurich,Cleveland,SVM
130,4,slope,0.007737,0.007737,PAIRWISE_E19_ZURI_TO_CLEV_SVM,Zurich,Cleveland,SVM
50,5,age,-8.6e-05,8.6e-05,PAIRWISE_E19_ZURI_TO_CLEV_SVM,Zurich,Cleveland,SVM
50,5,sex,-0.003749,0.003749,PAIRWISE_E19_ZURI_TO_CLEV_SVM,Zurich,Cleveland,SVM
50,5,cp,-0.022235,0.022235,PAIRWISE_E19_ZURI_TO_CLEV_SVM,Zurich,Cleveland,SVM
50,5,trestbps,-0.001491,0.001491,PAIRWISE_E19_ZURI_TO_CLEV_SVM,Zurich,Cleveland,SVM
50,5,fbs,0.006994,0.006994,PAIRWISE_E19_ZURI_TO_CLEV_SVM,Zurich,Cleveland,SVM
50,5,restecg,0.005267,0.005267,PAIRWISE_E19_ZURI_TO_CLEV_SVM,Zurich,Cleveland,SVM
50,5,thalach,-0.004665,0.004665,PAIRWISE_E19_ZURI_TO_CLEV_SVM,Zurich,Cleveland,SVM
50,5,exang,-0.000966,0.000966,PAIRWISE_E19_ZURI_TO_CLEV_SVM,Zurich,Cleveland,SVM
50,5,oldpeak,-0.000803,0.000803,PAIRWISE_E19_ZURI_TO_CLEV_SVM,Zurich,Cleveland,SVM
50,5,slope,-0.008741,0.008741,PAIRWISE_E19_ZURI_TO_CLEV_SVM,Zurich,Cleveland,SVM
56,6,age,-0.000389,0.000389,PAIRWISE_E19_ZURI_TO_CLEV_SVM,Zurich,Cleveland,SVM
56,6,sex,0.004491,0.004491,PAIRWISE_E19_ZURI_TO_CLEV_SVM,Zurich,Cleveland,SVM
56,6,cp,-0.014914,0.014914,PAIRWISE_E19_ZURI_TO_CLEV_SVM,Zurich,Cleveland,SVM
56,6,trestbps,0.003683,0.003683,PAIRWISE_E19_ZURI_TO_CLEV_SVM,Zurich,Cleveland,SVM
56,6,fbs,0.006522,0.006522,PAIRWISE_E19_ZURI_TO_CLEV_SVM,Zurich,Cleveland,SVM
56,6,restecg,0.003924,0.003924,PAIRWISE_E19_ZURI_TO_CLEV_SVM,Zurich,Cleveland,SVM
56,6,thalach,-0.004819,0.004819,PAIRWISE_E19_ZURI_TO_CLEV_SVM,Zurich,Cleveland,SVM
56,6,exang,-0.001878,0.001878,PAIRWISE_E19_ZURI_TO_CLEV_SVM,Zurich,Cleveland,SVM
56,6,oldpeak,0.000285,0.000285,PAIRWISE_E19_ZURI_TO_CLEV_SVM,Zurich,Cleveland,SVM
56,6,slope,0.008605,0.008605,PAIRWISE_E19_ZURI_TO_CLEV_SVM,Zurich,Cleveland,SVM
8,7,age,0.000657,0.000657,PAIRWISE_E19_ZURI_TO_CLEV_SVM,Zurich,Cleveland,SVM
8,7,sex,0.005446,0.005446,PAIRWISE_E19_ZURI_TO_CLEV_SVM,Zurich,Cleveland,SVM
8,7,cp,0.018985,0.018985,PAIRWISE_E19_ZURI_TO_CLEV_SVM,Zurich,Cleveland,SVM
8,7,trestbps,0.003226,0.003226,PAIRWISE_E19_ZURI_TO_CLEV_SVM,Zurich,Cleveland,SVM
8,7,fbs,0.009541,0.009541,PAIRWISE_E19_ZURI_TO_CLEV_SVM,Zurich,Cleveland,SVM
8,7,restecg,-0.009097,0.009097,PAIRWISE_E19_ZURI_TO_CLEV_SVM,Zurich,Cleveland,SVM
8,7,thalach,-0.005383,0.005383,PAIRWISE_E19_ZURI_TO_CLEV_SVM,Zurich,Cleveland,SVM
8,7,exang,-0.001267,0.001267,PAIRWISE_E19_ZURI_TO_CLEV_SVM,Zurich,Cleveland,SVM
8,7,oldpeak,0.000472,0.000472,PAIRWISE_E19_ZURI_TO_CLEV_SVM,Zurich,Cleveland,SVM
8,7,slope,0.008077,0.008077,PAIRWISE_E19_ZURI_TO_CLEV_SVM,Zurich,Cleveland,SVM
26,8,age,0.001355,0.001355,PAIRWISE_E19_ZURI_TO_CLEV_SVM,Zurich,Cleveland,SVM
26,8,sex,-0.002591,0.002591,PAIRWISE_E19_ZURI_TO_CLEV_SVM,Zurich,Cleveland,SVM
26,8,cp,-0.015373,0.015373,PAIRWISE_E19_ZURI_TO_CLEV_SVM,Zurich,Cleveland,SVM
26,8,trestbps,0.000657,0.000657,PAIRWISE_E19_ZURI_TO_CLEV_SVM,Zurich,Cleveland,SVM
26,8,fbs,0.006559,0.006559,PAIRWISE_E19_ZURI_TO_CLEV_SVM,Zurich,Cleveland,SVM
26,8,restecg,0.003668,0.003668,PAIRWISE_E19_ZURI_TO_CLEV_SVM,Zurich,Cleveland,SVM
26,8,thalach,-0.005134,0.005134,PAIRWISE_E19_ZURI_TO_CLEV_SVM,Zurich,Cleveland,SVM
26,8,exang,-0.001098,0.001098,PAIRWISE_E19_ZURI_TO_CLEV_SVM,Zurich,Cleveland,SVM
26,8,oldpeak,-0.000181,0.000181,PAIRWISE_E19_ZURI_TO_CLEV_SVM,Zurich,Cleveland,SVM
26,8,slope,-0.008757,0.008757,PAIRWISE_E19_ZURI_TO_CLEV_SVM,Zurich,Cleveland,SVM
0,9,age,-0.000979,0.000979,PAIRWISE_E19_ZURI_TO_CLEV_SVM,Zurich,Cleveland,SVM
0,9,sex,0.003936,0.003936,PAIRWISE_E19_ZURI_TO_CLEV_SVM,Zurich,Cleveland,SVM
0,9,cp,-0.013862,0.013862,PAIRWISE_E19_ZURI_TO_CLEV_SVM,Zurich,Cleveland,SVM
0,9,trestbps,0.001895,0.001895,PAIRWISE_E19_ZURI_TO_CLEV_SVM,Zurich,Cleveland,SVM
0,9,fbs,-0.007206,0.007206,PAIRWISE_E19_ZURI_TO_CLEV_SVM,Zurich,Cleveland,SVM
0,9,restecg,-0.009989,0.009989,PAIRWISE_E19_ZURI_TO_CLEV_SVM,Zurich,Cleveland,SVM
0,9,thalach,-0.004811,0.004811,PAIRWISE_E19_ZURI_TO_CLEV_SVM,Zurich,Cleveland,SVM
0,9,exang,7e-06,7e-06,PAIRWISE_E19_ZURI_TO_CLEV_SVM,Zurich,Cleveland,SVM
0,9,oldpeak,-0.001727,0.001727,PAIRWISE_E19_ZURI_TO_CLEV_SVM,Zurich,Cleveland,SVM
0,9,slope,-0.004713,0.004713,PAIRWISE_E19_ZURI_TO_CLEV_SVM,Zurich,Cleveland,SVM
14,10,age,0.000889,0.000889,PAIRWISE_E19_ZURI_TO_CLEV_SVM,Zurich,Cleveland,SVM
14,10,sex,0.004516,0.004516,PAIRWISE_E19_ZURI_TO_CLEV_SVM,Zurich,Cleveland,SVM
14,10,cp,-0.015241,0.015241,PAIRWISE_E19_ZURI_TO_CLEV_SVM,Zurich,Cleveland,SVM
14,10,trestbps,-0.001716,0.001716,PAIRWISE_E19_ZURI_TO_CLEV_SVM,Zurich,Cleveland,SVM
14,10,fbs,-0.007764,0.007764,PAIRWISE_E19_ZURI_TO_CLEV_SVM,Zurich,Cleveland,SVM
14,10,restecg,0.003132,0.003132,PAIRWISE_E19_ZURI_TO_CLEV_SVM,Zurich,Cleveland,SVM
14,10,thalach,-0.003526,0.003526,PAIRWISE_E19_ZURI_TO_CLEV_SVM,Zurich,Cleveland,SVM
14,10,exang,-0.001331,0.001331,PAIRWISE_E19_ZURI_TO_CLEV_SVM,Zurich,Cleveland,SVM
14,10,oldpeak,0.002509,0.002509,PAIRWISE_E19_ZURI_TO_CLEV_SVM,Zurich,Cleveland,SVM
14,10,slope,-0.007038,0.007038,PAIRWISE_E19_ZURI_TO_CLEV_SVM,Zurich,Cleveland,SVM
227,11,age,-0.000297,0.000297,PAIRWISE_E19_ZURI_TO_CLEV_SVM,Zurich,Cleveland,SVM
227,11,sex,-0.004012,0.004012,PAIRWISE_E19_ZURI_TO_CLEV_SVM,Zurich,Cleveland,SVM
227,11,cp,-0.013198,0.013198,PAIRWISE_E19_ZURI_TO_CLEV_SVM,Zurich,Cleveland,SVM
227,11,trestbps,-0.001489,0.001489,PAIRWISE_E19_ZURI_TO_CLEV_SVM,Zurich,Cleveland,SVM
227,11,fbs,0.006109,0.006109,PAIRWISE_E19_ZURI_TO_CLEV_SVM,Zurich,Cleveland,SVM
227,11,restecg,0.004623,0.004623,PAIRWISE_E19_ZURI_TO_CLEV_SVM,Zurich,Cleveland,SVM
227,11,thalach,-0.005596,0.005596,PAIRWISE_E19_ZURI_TO_CLEV_SVM,Zurich,Cleveland,SVM
227,11,exang,-0.003044,0.003044,PAIRWISE_E19_ZURI_TO_CLEV_SVM,Zurich,Cleveland,SVM
227,11,oldpeak,-0.000766,0.000766,PAIRWISE_E19_ZURI_TO_CLEV_SVM,Zurich,Cleveland,SVM
227,11,slope,-0.008433,0.008433,PAIRWISE_E19_ZURI_TO_CLEV_SVM,Zurich,Cleveland,SVM
277,12,age,0.001067,0.001067,PAIRWISE_E19_ZURI_TO_CLEV_SVM,Zurich,Cleveland,SVM
277,12,sex,-0.004042,0.004042,PAIRWISE_E19_ZURI_TO_CLEV_SVM,Zurich,Cleveland,SVM
277,12,cp,-0.015446,0.015446,PAIRWISE_E19_ZURI_TO_CLEV_SVM,Zurich,Cleveland,SVM
277,12,trestbps,0.005134,0.005134,PAIRWISE_E19_ZURI_TO_CLEV_SVM,Zurich,Cleveland,SVM
277,12,fbs,0.009073,0.009073,PAIRWISE_E19_ZURI_TO_CLEV_SVM,Zurich,Cleveland,SVM
277,12,restecg,0.004989,0.004989,PAIRWISE_E19_ZURI_TO_CLEV_SVM,Zurich,Cleveland,SVM
277,12,thalach,-0.00403,0.00403,PAIRWISE_E19_ZURI_TO_CLEV_SVM,Zurich,Cleveland,SVM
277,12,exang,-0.001711,0.001711,PAIRWISE_E19_ZURI_TO_CLEV_SVM,Zurich,Cleveland,SVM
277,12,oldpeak,-0.000383,0.000383,PAIRWISE_E19_ZURI_TO_CLEV_SVM,Zurich,Cleveland,SVM
277,12,slope,0.008433,0.008433,PAIRWISE_E19_ZURI_TO_CLEV_SVM,Zurich,Cleveland,SVM
76,13,age,0.002003,0.002003,PAIRWISE_E19_ZURI_TO_CLEV_SVM,Zurich,Cleveland,SVM
76,13,sex,0.004256,0.004256,PAIRWISE_E19_ZURI_TO_CLEV_SVM,Zurich,Cleveland,SVM
76,13,cp,0.02022,0.02022,PAIRWISE_E19_ZURI_TO_CLEV_SVM,Zurich,Cleveland,SVM
76,13,trestbps,0.003323,0.003323,PAIRWISE_E19_ZURI_TO_CLEV_SVM,Zurich,Cleveland,SVM
76,13,fbs,0.006569,0.006569,PAIRWISE_E19_ZURI_TO_CLEV_SVM,Zurich,Cleveland,SVM
76,13,restecg,-0.00816,0.00816,PAIRWISE_E19_ZURI_TO_CLEV_SVM,Zurich,Cleveland,SVM
76,13,thalach,-0.004047,0.004047,PAIRWISE_E19_ZURI_TO_CLEV_SVM,Zurich,Cleveland,SVM
76,13,exang,0.001485,0.001485,PAIRWISE_E19_ZURI_TO_CLEV_SVM,Zurich,Cleveland,SVM
76,13,oldpeak,-0.001974,0.001974,PAIRWISE_E19_ZURI_TO_CLEV_SVM,Zurich,Cleveland,SVM
76,13,slope,0.009293,0.009293,PAIRWISE_E19_ZURI_TO_CLEV_SVM,Zurich,Cleveland,SVM
213,14,age,-0.00032,0.00032,PAIRWISE_E19_ZURI_TO_CLEV_SVM,Zurich,Cleveland,SVM
213,14,sex,-0.00449,0.00449,PAIRWISE_E19_ZURI_TO_CLEV_SVM,Zurich,Cleveland,SVM
213,14,cp,0.017425,0.017425,PAIRWISE_E19_ZURI_TO_CLEV_SVM,Zurich,Cleveland,SVM
213,14,trestbps,-0.000861,0.000861,PAIRWISE_E19_ZURI_TO_CLEV_SVM,Zurich,Cleveland,SVM
213,14,fbs,-0.006047,0.006047,PAIRWISE_E19_ZURI_TO_CLEV_SVM,Zurich,Cleveland,SVM
213,14,restecg,0.003278,0.003278,PAIRWISE_E19_ZURI_TO_CLEV_SVM,Zurich,Cleveland,SVM
213,14,thalach,-0.004753,0.004753,PAIRWISE_E19_ZURI_TO_CLEV_SVM,Zurich,Cleveland,SVM
213,14,exang,0.001327,0.001327,PAIRWISE_E19_ZURI_TO_CLEV_SVM,Zurich,Cleveland,SVM
213,14,oldpeak,-0.000491,0.000491,PAIRWISE_E19_ZURI_TO_CLEV_SVM,Zurich,Cleveland,SVM
213,14,slope,0.008304,0.008304,PAIRWISE_E19_ZURI_TO_CLEV_SVM,Zurich,Cleveland,SVM
203,15,age,0.000438,0.000438,PAIRWISE_E19_ZURI_TO_CLEV_SVM,Zurich,Cleveland,SVM
203,15,sex,-0.003487,0.003487,PAIRWISE_E19_ZURI_TO_CLEV_SVM,Zurich,Cleveland,SVM
203,15,cp,-0.011815,0.011815,PAIRWISE_E19_ZURI_TO_CLEV_SVM,Zurich,Cleveland,SVM
203,15,trestbps,0.001318,0.001318,PAIRWISE_E19_ZURI_TO_CLEV_SVM,Zurich,Cleveland,SVM
203,15,fbs,0.00589,0.00589,PAIRWISE_E19_ZURI_TO_CLEV_SVM,Zurich,Cleveland,SVM
203,15,restecg,0.006205,0.006205,PAIRWISE_E19_ZURI_TO_CLEV_SVM,Zurich,Cleveland,SVM
203,15,thalach,0.001713,0.001713,PAIRWISE_E19_ZURI_TO_CLEV_SVM,Zurich,Cleveland,SVM
203,15,exang,-0.001549,0.001549,PAIRWISE_E19_ZURI_TO_CLEV_SVM,Zurich,Cleveland,SVM
203,15,oldpeak,0.001633,0.001633,PAIRWISE_E19_ZURI_TO_CLEV_SVM,Zurich,Cleveland,SVM
203,15,slope,-0.006279,0.006279,PAIRWISE_E19_ZURI_TO_CLEV_SVM,Zurich,Cleveland,SVM
104,16,age,0.000551,0.000551,PAIRWISE_E19_ZURI_TO_CLEV_SVM,Zurich,Cleveland,SVM
104,16,sex,0.0042,0.0042,PAIRWISE_E19_ZURI_TO_CLEV_SVM,Zurich,Cleveland,SVM
104,16,cp,-0.014841,0.014841,PAIRWISE_E19_ZURI_TO_CLEV_SVM,Zurich,Cleveland,SVM
104,16,trestbps,0.001247,0.001247,PAIRWISE_E19_ZURI_TO_CLEV_SVM,Zurich,Cleveland,SVM
104,16,fbs,0.007967,0.007967,PAIRWISE_E19_ZURI_TO_CLEV_SVM,Zurich,Cleveland,SVM
104,16,restecg,0.003498,0.003498,PAIRWISE_E19_ZURI_TO_CLEV_SVM,Zurich,Cleveland,SVM
104,16,thalach,0.000891,0.000891,PAIRWISE_E19_ZURI_TO_CLEV_SVM,Zurich,Cleveland,SVM
104,16,exang,-0.000912,0.000912,PAIRWISE_E19_ZURI_TO_CLEV_SVM,Zurich,Cleveland,SVM
104,16,oldpeak,-0.001465,0.001465,PAIRWISE_E19_ZURI_TO_CLEV_SVM,Zurich,Cleveland,SVM
104,16,slope,0.009642,0.009642,PAIRWISE_E19_ZURI_TO_CLEV_SVM,Zurich,Cleveland,SVM
117,17,age,0.0001,0.0001,PAIRWISE_E19_ZURI_TO_CLEV_SVM,Zurich,Cleveland,SVM
117,17,sex,-0.003246,0.003246,PAIRWISE_E19_ZURI_TO_CLEV_SVM,Zurich,Cleveland,SVM
117,17,cp,0.017497,0.017497,PAIRWISE_E19_ZURI_TO_CLEV_SVM,Zurich,Cleveland,SVM
117,17,trestbps,0.002836,0.002836,PAIRWISE_E19_ZURI_TO_CLEV_SVM,Zurich,Cleveland,SVM
117,17,fbs,0.007078,0.007078,PAIRWISE_E19_ZURI_TO_CLEV_SVM,Zurich,Cleveland,SVM
117,17,restecg,0.003967,0.003967,PAIRWISE_E19_ZURI_TO_CLEV_SVM,Zurich,Cleveland,SVM
117,17,thalach,-0.004879,0.004879,PAIRWISE_E19_ZURI_TO_CLEV_SVM,Zurich,Cleveland,SVM
117,17,exang,-0.001291,0.001291,PAIRWISE_E19_ZURI_TO_CLEV_SVM,Zurich,Cleveland,SVM
117,17,oldpeak,-0.000262,0.000262,PAIRWISE_E19_ZURI_TO_CLEV_SVM,Zurich,Cleveland,SVM
117,17,slope,-0.007595,0.007595,PAIRWISE_E19_ZURI_TO_CLEV_SVM,Zurich,Cleveland,SVM
100,18,age,0.000159,0.000159,PAIRWISE_E19_ZURI_TO_CLEV_SVM,Zurich,Cleveland,SVM
100,18,sex,0.00532,0.00532,PAIRWISE_E19_ZURI_TO_CLEV_SVM,Zurich,Cleveland,SVM
100,18,cp,0.019966,0.019966,PAIRWISE_E19_ZURI_TO_CLEV_SVM,Zurich,Cleveland,SVM
100,18,trestbps,-0.001724,0.001724,PAIRWISE_E19_ZURI_TO_CLEV_SVM,Zurich,Cleveland,SVM
100,18,fbs,0.006731,0.006731,PAIRWISE_E19_ZURI_TO_CLEV_SVM,Zurich,Cleveland,SVM
100,18,restecg,-0.007627,0.007627,PAIRWISE_E19_ZURI_TO_CLEV_SVM,Zurich,Cleveland,SVM
100,18,thalach,-0.002861,0.002861,PAIRWISE_E19_ZURI_TO_CLEV_SVM,Zurich,Cleveland,SVM
100,18,exang,-6.5e-05,6.5e-05,PAIRWISE_E19_ZURI_TO_CLEV_SVM,Zurich,Cleveland,SVM
100,18,oldpeak,0.000863,0.000863,PAIRWISE_E19_ZURI_TO_CLEV_SVM,Zurich,Cleveland,SVM
100,18,slope,-0.007833,0.007833,PAIRWISE_E19_ZURI_TO_CLEV_SVM,Zurich,Cleveland,SVM
74,19,age,-0.000378,0.000378,PAIRWISE_E19_ZURI_TO_CLEV_SVM,Zurich,Cleveland,SVM
74,19,sex,0.004549,0.004549,PAIRWISE_E19_ZURI_TO_CLEV_SVM,Zurich,Cleveland,SVM
74,19,cp,0.018952,0.018952,PAIRWISE_E19_ZURI_TO_CLEV_SVM,Zurich,Cleveland,SVM
74,19,trestbps,-0.001716,0.001716,PAIRWISE_E19_ZURI_TO_CLEV_SVM,Zurich,Cleveland,SVM
74,19,fbs,0.005855,0.005855,PAIRWISE_E19_ZURI_TO_CLEV_SVM,Zurich,Cleveland,SVM
74,19,restecg,-0.008596,0.008596,PAIRWISE_E19_ZURI_TO_CLEV_SVM,Zurich,Cleveland,SVM
74,19,thalach,-0.004676,0.004676,PAIRWISE_E19_ZURI_TO_CLEV_SVM,Zurich,Cleveland,SVM
74,19,exang,-0.000778,0.000778,PAIRWISE_E19_ZURI_TO_CLEV_SVM,Zurich,Cleveland,SVM
74,19,oldpeak,-0.000558,0.000558,PAIRWISE_E19_ZURI_TO_CLEV_SVM,Zurich,Cleveland,SVM
74,19,slope,-0.008269,0.008269,PAIRWISE_E19_ZURI_TO_CLEV_SVM,Zurich,Cleveland,SVM
172,20,age,0.00161,0.00161,PAIRWISE_E19_ZURI_TO_CLEV_SVM,Zurich,Cleveland,SVM
172,20,sex,-0.004919,0.004919,PAIRWISE_E19_ZURI_TO_CLEV_SVM,Zurich,Cleveland,SVM
172,20,cp,0.018674,0.018674,PAIRWISE_E19_ZURI_TO_CLEV_SVM,Zurich,Cleveland,SVM
172,20,trestbps,-0.001853,0.001853,PAIRWISE_E19_ZURI_TO_CLEV_SVM,Zurich,Cleveland,SVM
172,20,fbs,0.008142,0.008142,PAIRWISE_E19_ZURI_TO_CLEV_SVM,Zurich,Cleveland,SVM
172,20,restecg,0.00335,0.00335,PAIRWISE_E19_ZURI_TO_CLEV_SVM,Zurich,Cleveland,SVM
172,20,thalach,-0.004966,0.004966,PAIRWISE_E19_ZURI_TO_CLEV_SVM,Zurich,Cleveland,SVM
172,20,exang,0.002537,0.002537,PAIRWISE_E19_ZURI_TO_CLEV_SVM,Zurich,Cleveland,SVM
172,20,oldpeak,-0.000326,0.000326,PAIRWISE_E19_ZURI_TO_CLEV_SVM,Zurich,Cleveland,SVM
172,20,slope,0.008335,0.008335,PAIRWISE_E19_ZURI_TO_CLEV_SVM,Zurich,Cleveland,SVM
218,21,age,-0.000916,0.000916,PAIRWISE_E19_ZURI_TO_CLEV_SVM,Zurich,Cleveland,SVM
218,21,sex,-0.005419,0.005419,PAIRWISE_E19_ZURI_TO_CLEV_SVM,Zurich,Cleveland,SVM
218,21,cp,0.01803,0.01803,PAIRWISE_E19_ZURI_TO_CLEV_SVM,Zurich,Cleveland,SVM
218,21,trestbps,0.003677,0.003677,PAIRWISE_E19_ZURI_TO_CLEV_SVM,Zurich,Cleveland,SVM
218,21,fbs,0.006064,0.006064,PAIRWISE_E19_ZURI_TO_CLEV_SVM,Zurich,Cleveland,SVM
218,21,restecg,0.002736,0.002736,PAIRWISE_E19_ZURI_TO_CLEV_SVM,Zurich,Cleveland,SVM
218,21,thalach,-5e-06,5e-06,PAIRWISE_E19_ZURI_TO_CLEV_SVM,Zurich,Cleveland,SVM
218,21,exang,-0.000248,0.000248,PAIRWISE_E19_ZURI_TO_CLEV_SVM,Zurich,Cleveland,SVM
218,21,oldpeak,-0.002363,0.002363,PAIRWISE_E19_ZURI_TO_CLEV_SVM,Zurich,Cleveland,SVM
218,21,slope,0.008352,0.008352,PAIRWISE_E19_ZURI_TO_CLEV_SVM,Zurich,Cleveland,SVM
79,22,age,0.000282,0.000282,PAIRWISE_E19_ZURI_TO_CLEV_SVM,Zurich,Cleveland,SVM
79,22,sex,0.003531,0.003531,PAIRWISE_E19_ZURI_TO_CLEV_SVM,Zurich,Cleveland,SVM
79,22,cp,0.019524,0.019524,PAIRWISE_E19_ZURI_TO_CLEV_SVM,Zurich,Cleveland,SVM
79,22,trestbps,-0.002551,0.002551,PAIRWISE_E19_ZURI_TO_CLEV_SVM,Zurich,Cleveland,SVM
79,22,fbs,0.007622,0.007622,PAIRWISE_E19_ZURI_TO_CLEV_SVM,Zurich,Cleveland,SVM
79,22,restecg,-0.00979,0.00979,PAIRWISE_E19_ZURI_TO_CLEV_SVM,Zurich,Cleveland,SVM
79,22,thalach,0.002158,0.002158,PAIRWISE_E19_ZURI_TO_CLEV_SVM,Zurich,Cleveland,SVM
79,22,exang,0.001452,0.001452,PAIRWISE_E19_ZURI_TO_CLEV_SVM,Zurich,Cleveland,SVM
79,22,oldpeak,0.000925,0.000925,PAIRWISE_E19_ZURI_TO_CLEV_SVM,Zurich,Cleveland,SVM
79,22,slope,-0.009039,0.009039,PAIRWISE_E19_ZURI_TO_CLEV_SVM,Zurich,Cleveland,SVM
254,23,age,0.000237,0.000237,PAIRWISE_E19_ZURI_TO_CLEV_SVM,Zurich,Cleveland,SVM
254,23,sex,0.005823,0.005823,PAIRWISE_E19_ZURI_TO_CLEV_SVM,Zurich,Cleveland,SVM
254,23,cp,0.017921,0.017921,PAIRWISE_E19_ZURI_TO_CLEV_SVM,Zurich,Cleveland,SVM
254,23,trestbps,-0.002418,0.002418,PAIRWISE_E19_ZURI_TO_CLEV_SVM,Zurich,Cleveland,SVM
254,23,fbs,0.007714,0.007714,PAIRWISE_E19_ZURI_TO_CLEV_SVM,Zurich,Cleveland,SVM
254,23,restecg,0.004513,0.004513,PAIRWISE_E19_ZURI_TO_CLEV_SVM,Zurich,Cleveland,SVM
254,23,thalach,-0.002112,0.002112,PAIRWISE_E19_ZURI_TO_CLEV_SVM,Zurich,Cleveland,SVM
254,23,exang,-0.000421,0.000421,PAIRWISE_E19_ZURI_TO_CLEV_SVM,Zurich,Cleveland,SVM
254,23,oldpeak,-0.000302,0.000302,PAIRWISE_E19_ZURI_TO_CLEV_SVM,Zurich,Cleveland,SVM
254,23,slope,0.009024,0.009024,PAIRWISE_E19_ZURI_TO_CLEV_SVM,Zurich,Cleveland,SVM
109,24,age,-0.00127,0.00127,PAIRWISE_E19_ZURI_TO_CLEV_SVM,Zurich,Cleveland,SVM
109,24,sex,0.002509,0.002509,PAIRWISE_E19_ZURI_TO_CLEV_SVM,Zurich,Cleveland,SVM
109,24,cp,0.019239,0.019239,PAIRWISE_E19_ZURI_TO_CLEV_SVM,Zurich,Cleveland,SVM
109,24,trestbps,0.001154,0.001154,PAIRWISE_E19_ZURI_TO_CLEV_SVM,Zurich,Cleveland,SVM
109,24,fbs,0.006124,0.006124,PAIRWISE_E19_ZURI_TO_CLEV_SVM,Zurich,Cleveland,SVM
109,24,restecg,0.004223,0.004223,PAIRWISE_E19_ZURI_TO_CLEV_SVM,Zurich,Cleveland,SVM
109,24,thalach,-0.000486,0.000486,PAIRWISE_E19_ZURI_TO_CLEV_SVM,Zurich,Cleveland,SVM
109,24,exang,-0.001918,0.001918,PAIRWISE_E19_ZURI_TO_CLEV_SVM,Zurich,Cleveland,SVM
109,24,oldpeak,-0.000386,0.000386,PAIRWISE_E19_ZURI_TO_CLEV_SVM,Zurich,Cleveland,SVM
109,24,slope,0.00972,0.00972,PAIRWISE_E19_ZURI_TO_CLEV_SVM,Zurich,Cleveland,SVM
67,0,age,-0.03192,0.03192,PAIRWISE_E20_ZURI_TO_CLEV_XGBoost,Zurich,Cleveland,XGBoost
67,0,sex,0.009725,0.009725,PAIRWISE_E20_ZURI_TO_CLEV_XGBoost,Zurich,Cleveland,XGBoost
67,0,cp,-0.147471,0.147471,PAIRWISE_E20_ZURI_TO_CLEV_XGBoost,Zurich,Cleveland,XGBoost
67,0,trestbps,-0.009123,0.009123,PAIRWISE_E20_ZURI_TO_CLEV_XGBoost,Zurich,Cleveland,XGBoost
67,0,fbs,0.002371,0.002371,PAIRWISE_E20_ZURI_TO_CLEV_XGBoost,Zurich,Cleveland,XGBoost
67,0,restecg,-0.016784,0.016784,PAIRWISE_E20_ZURI_TO_CLEV_XGBoost,Zurich,Cleveland,XGBoost
67,0,thalach,-0.070234,0.070234,PAIRWISE_E20_ZURI_TO_CLEV_XGBoost,Zurich,Cleveland,XGBoost
67,0,exang,-0.01495,0.01495,PAIRWISE_E20_ZURI_TO_CLEV_XGBoost,Zurich,Cleveland,XGBoost
67,0,oldpeak,-0.028836,0.028836,PAIRWISE_E20_ZURI_TO_CLEV_XGBoost,Zurich,Cleveland,XGBoost
67,0,slope,-0.011107,0.011107,PAIRWISE_E20_ZURI_TO_CLEV_XGBoost,Zurich,Cleveland,XGBoost
240,1,age,-0.012675,0.012675,PAIRWISE_E20_ZURI_TO_CLEV_XGBoost,Zurich,Cleveland,XGBoost
240,1,sex,-0.002853,0.002853,PAIRWISE_E20_ZURI_TO_CLEV_XGBoost,Zurich,Cleveland,XGBoost
240,1,cp,-0.116858,0.116858,PAIRWISE_E20_ZURI_TO_CLEV_XGBoost,Zurich,Cleveland,XGBoost
240,1,trestbps,-0.005585,0.005585,PAIRWISE_E20_ZURI_TO_CLEV_XGBoost,Zurich,Cleveland,XGBoost
240,1,fbs,-0.017218,0.017218,PAIRWISE_E20_ZURI_TO_CLEV_XGBoost,Zurich,Cleveland,XGBoost
240,1,restecg,0.010001,0.010001,PAIRWISE_E20_ZURI_TO_CLEV_XGBoost,Zurich,Cleveland,XGBoost
240,1,thalach,-0.051687,0.051687,PAIRWISE_E20_ZURI_TO_CLEV_XGBoost,Zurich,Cleveland,XGBoost
240,1,exang,-0.009978,0.009978,PAIRWISE_E20_ZURI_TO_CLEV_XGBoost,Zurich,Cleveland,XGBoost
240,1,oldpeak,0.021615,0.021615,PAIRWISE_E20_ZURI_TO_CLEV_XGBoost,Zurich,Cleveland,XGBoost
240,1,slope,-0.00054,0.00054,PAIRWISE_E20_ZURI_TO_CLEV_XGBoost,Zurich,Cleveland,XGBoost
125,2,age,0.000839,0.000839,PAIRWISE_E20_ZURI_TO_CLEV_XGBoost,Zurich,Cleveland,XGBoost
125,2,sex,-0.016109,0.016109,PAIRWISE_E20_ZURI_TO_CLEV_XGBoost,Zurich,Cleveland,XGBoost
125,2,cp,-0.147886,0.147886,PAIRWISE_E20_ZURI_TO_CLEV_XGBoost,Zurich,Cleveland,XGBoost
125,2,trestbps,0.013153,0.013153,PAIRWISE_E20_ZURI_TO_CLEV_XGBoost,Zurich,Cleveland,XGBoost
125,2,fbs,0.010476,0.010476,PAIRWISE_E20_ZURI_TO_CLEV_XGBoost,Zurich,Cleveland,XGBoost
125,2,restecg,-0.006274,0.006274,PAIRWISE_E20_ZURI_TO_CLEV_XGBoost,Zurich,Cleveland,XGBoost
125,2,thalach,-0.076654,0.076654,PAIRWISE_E20_ZURI_TO_CLEV_XGBoost,Zurich,Cleveland,XGBoost
125,2,exang,-0.009804,0.009804,PAIRWISE_E20_ZURI_TO_CLEV_XGBoost,Zurich,Cleveland,XGBoost
125,2,oldpeak,-0.003858,0.003858,PAIRWISE_E20_ZURI_TO_CLEV_XGBoost,Zurich,Cleveland,XGBoost
125,2,slope,0.013193,0.013193,PAIRWISE_E20_ZURI_TO_CLEV_XGBoost,Zurich,Cleveland,XGBoost
253,3,age,-0.021569,0.021569,PAIRWISE_E20_ZURI_TO_CLEV_XGBoost,Zurich,Cleveland,XGBoost
253,3,sex,-0.00477,0.00477,PAIRWISE_E20_ZURI_TO_CLEV_XGBoost,Zurich,Cleveland,XGBoost
253,3,cp,-0.15438,0.15438,PAIRWISE_E20_ZURI_TO_CLEV_XGBoost,Zurich,Cleveland,XGBoost
253,3,trestbps,0.000332,0.000332,PAIRWISE_E20_ZURI_TO_CLEV_XGBoost,Zurich,Cleveland,XGBoost
253,3,fbs,-0.006677,0.006677,PAIRWISE_E20_ZURI_TO_CLEV_XGBoost,Zurich,Cleveland,XGBoost
253,3,restecg,-0.0078,0.0078,PAIRWISE_E20_ZURI_TO_CLEV_XGBoost,Zurich,Cleveland,XGBoost
253,3,thalach,-0.070531,0.070531,PAIRWISE_E20_ZURI_TO_CLEV_XGBoost,Zurich,Cleveland,XGBoost
253,3,exang,-0.01638,0.01638,PAIRWISE_E20_ZURI_TO_CLEV_XGBoost,Zurich,Cleveland,XGBoost
253,3,oldpeak,-0.013569,0.013569,PAIRWISE_E20_ZURI_TO_CLEV_XGBoost,Zurich,Cleveland,XGBoost
253,3,slope,-0.008662,0.008662,PAIRWISE_E20_ZURI_TO_CLEV_XGBoost,Zurich,Cleveland,XGBoost
86,4,age,-0.031835,0.031835,PAIRWISE_E20_ZURI_TO_CLEV_XGBoost,Zurich,Cleveland,XGBoost
86,4,sex,0.001773,0.001773,PAIRWISE_E20_ZURI_TO_CLEV_XGBoost,Zurich,Cleveland,XGBoost
86,4,cp,-0.155652,0.155652,PAIRWISE_E20_ZURI_TO_CLEV_XGBoost,Zurich,Cleveland,XGBoost
86,4,trestbps,0.000765,0.000765,PAIRWISE_E20_ZURI_TO_CLEV_XGBoost,Zurich,Cleveland,XGBoost
86,4,fbs,-0.001734,0.001734,PAIRWISE_E20_ZURI_TO_CLEV_XGBoost,Zurich,Cleveland,XGBoost
86,4,restecg,-0.008971,0.008971,PAIRWISE_E20_ZURI_TO_CLEV_XGBoost,Zurich,Cleveland,XGBoost
86,4,thalach,-0.07237,0.07237,PAIRWISE_E20_ZURI_TO_CLEV_XGBoost,Zurich,Cleveland,XGBoost
86,4,exang,-0.001276,0.001276,PAIRWISE_E20_ZURI_TO_CLEV_XGBoost,Zurich,Cleveland,XGBoost
86,4,oldpeak,0.025676,0.025676,PAIRWISE_E20_ZURI_TO_CLEV_XGBoost,Zurich,Cleveland,XGBoost
86,4,slope,-0.0009,0.0009,PAIRWISE_E20_ZURI_TO_CLEV_XGBoost,Zurich,Cleveland,XGBoost
208,5,age,-0.015313,0.015313,PAIRWISE_E20_ZURI_TO_CLEV_XGBoost,Zurich,Cleveland,XGBoost
208,5,sex,-0.012904,0.012904,PAIRWISE_E20_ZURI_TO_CLEV_XGBoost,Zurich,Cleveland,XGBoost
208,5,cp,-0.147055,0.147055,PAIRWISE_E20_ZURI_TO_CLEV_XGBoost,Zurich,Cleveland,XGBoost
208,5,trestbps,-0.000687,0.000687,PAIRWISE_E20_ZURI_TO_CLEV_XGBoost,Zurich,Cleveland,XGBoost
208,5,fbs,-0.018181,0.018181,PAIRWISE_E20_ZURI_TO_CLEV_XGBoost,Zurich,Cleveland,XGBoost
208,5,restecg,0.008681,0.008681,PAIRWISE_E20_ZURI_TO_CLEV_XGBoost,Zurich,Cleveland,XGBoost
208,5,thalach,-0.054502,0.054502,PAIRWISE_E20_ZURI_TO_CLEV_XGBoost,Zurich,Cleveland,XGBoost
208,5,exang,-0.00644,0.00644,PAIRWISE_E20_ZURI_TO_CLEV_XGBoost,Zurich,Cleveland,XGBoost
208,5,oldpeak,0.017574,0.017574,PAIRWISE_E20_ZURI_TO_CLEV_XGBoost,Zurich,Cleveland,XGBoost
208,5,slope,-0.008684,0.008684,PAIRWISE_E20_ZURI_TO_CLEV_XGBoost,Zurich,Cleveland,XGBoost
186,6,age,-0.022102,0.022102,PAIRWISE_E20_ZURI_TO_CLEV_XGBoost,Zurich,Cleveland,XGBoost
186,6,sex,-0.007061,0.007061,PAIRWISE_E20_ZURI_TO_CLEV_XGBoost,Zurich,Cleveland,XGBoost
186,6,cp,-0.151591,0.151591,PAIRWISE_E20_ZURI_TO_CLEV_XGBoost,Zurich,Cleveland,XGBoost
186,6,trestbps,0.001843,0.001843,PAIRWISE_E20_ZURI_TO_CLEV_XGBoost,Zurich,Cleveland,XGBoost
186,6,fbs,-0.001864,0.001864,PAIRWISE_E20_ZURI_TO_CLEV_XGBoost,Zurich,Cleveland,XGBoost
186,6,restecg,0.00881,0.00881,PAIRWISE_E20_ZURI_TO_CLEV_XGBoost,Zurich,Cleveland,XGBoost
186,6,thalach,-0.062745,0.062745,PAIRWISE_E20_ZURI_TO_CLEV_XGBoost,Zurich,Cleveland,XGBoost
186,6,exang,-0.011101,0.011101,PAIRWISE_E20_ZURI_TO_CLEV_XGBoost,Zurich,Cleveland,XGBoost
186,6,oldpeak,-0.002317,0.002317,PAIRWISE_E20_ZURI_TO_CLEV_XGBoost,Zurich,Cleveland,XGBoost
186,6,slope,0.005921,0.005921,PAIRWISE_E20_ZURI_TO_CLEV_XGBoost,Zurich,Cleveland,XGBoost
12,7,age,-0.024737,0.024737,PAIRWISE_E20_ZURI_TO_CLEV_XGBoost,Zurich,Cleveland,XGBoost
12,7,sex,-0.004398,0.004398,PAIRWISE_E20_ZURI_TO_CLEV_XGBoost,Zurich,Cleveland,XGBoost
12,7,cp,-0.14977,0.14977,PAIRWISE_E20_ZURI_TO_CLEV_XGBoost,Zurich,Cleveland,XGBoost
12,7,trestbps,0.003419,0.003419,PAIRWISE_E20_ZURI_TO_CLEV_XGBoost,Zurich,Cleveland,XGBoost
12,7,fbs,-0.001148,0.001148,PAIRWISE_E20_ZURI_TO_CLEV_XGBoost,Zurich,Cleveland,XGBoost
12,7,restecg,-0.006085,0.006085,PAIRWISE_E20_ZURI_TO_CLEV_XGBoost,Zurich,Cleveland,XGBoost
12,7,thalach,-0.066377,0.066377,PAIRWISE_E20_ZURI_TO_CLEV_XGBoost,Zurich,Cleveland,XGBoost
12,7,exang,0.007653,0.007653,PAIRWISE_E20_ZURI_TO_CLEV_XGBoost,Zurich,Cleveland,XGBoost
12,7,oldpeak,-0.009477,0.009477,PAIRWISE_E20_ZURI_TO_CLEV_XGBoost,Zurich,Cleveland,XGBoost
12,7,slope,-0.000175,0.000175,PAIRWISE_E20_ZURI_TO_CLEV_XGBoost,Zurich,Cleveland,XGBoost
66,8,age,0.02646,0.02646,PAIRWISE_E20_ZURI_TO_CLEV_XGBoost,Zurich,Cleveland,XGBoost
66,8,sex,-0.002256,0.002256,PAIRWISE_E20_ZURI_TO_CLEV_XGBoost,Zurich,Cleveland,XGBoost
66,8,cp,-0.163025,0.163025,PAIRWISE_E20_ZURI_TO_CLEV_XGBoost,Zurich,Cleveland,XGBoost
66,8,trestbps,0.006444,0.006444,PAIRWISE_E20_ZURI_TO_CLEV_XGBoost,Zurich,Cleveland,XGBoost
66,8,fbs,7.2e-05,7.2e-05,PAIRWISE_E20_ZURI_TO_CLEV_XGBoost,Zurich,Cleveland,XGBoost
66,8,restecg,-0.003772,0.003772,PAIRWISE_E20_ZURI_TO_CLEV_XGBoost,Zurich,Cleveland,XGBoost
66,8,thalach,-0.06083,0.06083,PAIRWISE_E20_ZURI_TO_CLEV_XGBoost,Zurich,Cleveland,XGBoost
66,8,exang,-0.009422,0.009422,PAIRWISE_E20_ZURI_TO_CLEV_XGBoost,Zurich,Cleveland,XGBoost
66,8,oldpeak,-0.034355,0.034355,PAIRWISE_E20_ZURI_TO_CLEV_XGBoost,Zurich,Cleveland,XGBoost
66,8,slope,-0.004098,0.004098,PAIRWISE_E20_ZURI_TO_CLEV_XGBoost,Zurich,Cleveland,XGBoost
42,9,age,0.027846,0.027846,PAIRWISE_E20_ZURI_TO_CLEV_XGBoost,Zurich,Cleveland,XGBoost
42,9,sex,-0.007722,0.007722,PAIRWISE_E20_ZURI_TO_CLEV_XGBoost,Zurich,Cleveland,XGBoost
42,9,cp,-0.123764,0.123764,PAIRWISE_E20_ZURI_TO_CLEV_XGBoost,Zurich,Cleveland,XGBoost
42,9,trestbps,0.00936,0.00936,PAIRWISE_E20_ZURI_TO_CLEV_XGBoost,Zurich,Cleveland,XGBoost
42,9,fbs,-0.000618,0.000618,PAIRWISE_E20_ZURI_TO_CLEV_XGBoost,Zurich,Cleveland,XGBoost
42,9,restecg,0.009714,0.009714,PAIRWISE_E20_ZURI_TO_CLEV_XGBoost,Zurich,Cleveland,XGBoost
42,9,thalach,-0.06567,0.06567,PAIRWISE_E20_ZURI_TO_CLEV_XGBoost,Zurich,Cleveland,XGBoost
42,9,exang,-0.012297,0.012297,PAIRWISE_E20_ZURI_TO_CLEV_XGBoost,Zurich,Cleveland,XGBoost
42,9,oldpeak,-0.00789,0.00789,PAIRWISE_E20_ZURI_TO_CLEV_XGBoost,Zurich,Cleveland,XGBoost
42,9,slope,-0.005791,0.005791,PAIRWISE_E20_ZURI_TO_CLEV_XGBoost,Zurich,Cleveland,XGBoost
257,10,age,0.013045,0.013045,PAIRWISE_E20_ZURI_TO_CLEV_XGBoost,Zurich,Cleveland,XGBoost
257,10,sex,-0.010195,0.010195,PAIRWISE_E20_ZURI_TO_CLEV_XGBoost,Zurich,Cleveland,XGBoost
257,10,cp,-0.136747,0.136747,PAIRWISE_E20_ZURI_TO_CLEV_XGBoost,Zurich,Cleveland,XGBoost
257,10,trestbps,0.003439,0.003439,PAIRWISE_E20_ZURI_TO_CLEV_XGBoost,Zurich,Cleveland,XGBoost
257,10,fbs,-0.002215,0.002215,PAIRWISE_E20_ZURI_TO_CLEV_XGBoost,Zurich,Cleveland,XGBoost
257,10,restecg,-0.004417,0.004417,PAIRWISE_E20_ZURI_TO_CLEV_XGBoost,Zurich,Cleveland,XGBoost
257,10,thalach,0.008786,0.008786,PAIRWISE_E20_ZURI_TO_CLEV_XGBoost,Zurich,Cleveland,XGBoost
257,10,exang,-0.014307,0.014307,PAIRWISE_E20_ZURI_TO_CLEV_XGBoost,Zurich,Cleveland,XGBoost
257,10,oldpeak,-0.001067,0.001067,PAIRWISE_E20_ZURI_TO_CLEV_XGBoost,Zurich,Cleveland,XGBoost
257,10,slope,-0.001183,0.001183,PAIRWISE_E20_ZURI_TO_CLEV_XGBoost,Zurich,Cleveland,XGBoost
194,11,age,0.026514,0.026514,PAIRWISE_E20_ZURI_TO_CLEV_XGBoost,Zurich,Cleveland,XGBoost
194,11,sex,0.003156,0.003156,PAIRWISE_E20_ZURI_TO_CLEV_XGBoost,Zurich,Cleveland,XGBoost
194,11,cp,-0.155556,0.155556,PAIRWISE_E20_ZURI_TO_CLEV_XGBoost,Zurich,Cleveland,XGBoost
194,11,trestbps,0.012007,0.012007,PAIRWISE_E20_ZURI_TO_CLEV_XGBoost,Zurich,Cleveland,XGBoost
194,11,fbs,0.002988,0.002988,PAIRWISE_E20_ZURI_TO_CLEV_XGBoost,Zurich,Cleveland,XGBoost
194,11,restecg,0.0001,0.0001,PAIRWISE_E20_ZURI_TO_CLEV_XGBoost,Zurich,Cleveland,XGBoost
194,11,thalach,0.021567,0.021567,PAIRWISE_E20_ZURI_TO_CLEV_XGBoost,Zurich,Cleveland,XGBoost
194,11,exang,-0.016855,0.016855,PAIRWISE_E20_ZURI_TO_CLEV_XGBoost,Zurich,Cleveland,XGBoost
194,11,oldpeak,-0.020644,0.020644,PAIRWISE_E20_ZURI_TO_CLEV_XGBoost,Zurich,Cleveland,XGBoost
194,11,slope,-0.002856,0.002856,PAIRWISE_E20_ZURI_TO_CLEV_XGBoost,Zurich,Cleveland,XGBoost
244,12,age,0.028352,0.028352,PAIRWISE_E20_ZURI_TO_CLEV_XGBoost,Zurich,Cleveland,XGBoost
244,12,sex,0.003375,0.003375,PAIRWISE_E20_ZURI_TO_CLEV_XGBoost,Zurich,Cleveland,XGBoost
244,12,cp,-0.161296,0.161296,PAIRWISE_E20_ZURI_TO_CLEV_XGBoost,Zurich,Cleveland,XGBoost
244,12,trestbps,-0.00107,0.00107,PAIRWISE_E20_ZURI_TO_CLEV_XGBoost,Zurich,Cleveland,XGBoost
244,12,fbs,0.003338,0.003338,PAIRWISE_E20_ZURI_TO_CLEV_XGBoost,Zurich,Cleveland,XGBoost
244,12,restecg,0.005348,0.005348,PAIRWISE_E20_ZURI_TO_CLEV_XGBoost,Zurich,Cleveland,XGBoost
244,12,thalach,0.012252,0.012252,PAIRWISE_E20_ZURI_TO_CLEV_XGBoost,Zurich,Cleveland,XGBoost
244,12,exang,-0.015092,0.015092,PAIRWISE_E20_ZURI_TO_CLEV_XGBoost,Zurich,Cleveland,XGBoost
244,12,oldpeak,0.017789,0.017789,PAIRWISE_E20_ZURI_TO_CLEV_XGBoost,Zurich,Cleveland,XGBoost
244,12,slope,0.002822,0.002822,PAIRWISE_E20_ZURI_TO_CLEV_XGBoost,Zurich,Cleveland,XGBoost
224,13,age,0.017329,0.017329,PAIRWISE_E20_ZURI_TO_CLEV_XGBoost,Zurich,Cleveland,XGBoost
224,13,sex,-0.006603,0.006603,PAIRWISE_E20_ZURI_TO_CLEV_XGBoost,Zurich,Cleveland,XGBoost
224,13,cp,0.17524,0.17524,PAIRWISE_E20_ZURI_TO_CLEV_XGBoost,Zurich,Cleveland,XGBoost
224,13,trestbps,-0.005621,0.005621,PAIRWISE_E20_ZURI_TO_CLEV_XGBoost,Zurich,Cleveland,XGBoost
224,13,fbs,-0.005885,0.005885,PAIRWISE_E20_ZURI_TO_CLEV_XGBoost,Zurich,Cleveland,XGBoost
224,13,restecg,0.009242,0.009242,PAIRWISE_E20_ZURI_TO_CLEV_XGBoost,Zurich,Cleveland,XGBoost
224,13,thalach,-0.063882,0.063882,PAIRWISE_E20_ZURI_TO_CLEV_XGBoost,Zurich,Cleveland,XGBoost
224,13,exang,0.018503,0.018503,PAIRWISE_E20_ZURI_TO_CLEV_XGBoost,Zurich,Cleveland,XGBoost
224,13,oldpeak,-0.029708,0.029708,PAIRWISE_E20_ZURI_TO_CLEV_XGBoost,Zurich,Cleveland,XGBoost
224,13,slope,0.004018,0.004018,PAIRWISE_E20_ZURI_TO_CLEV_XGBoost,Zurich,Cleveland,XGBoost
143,14,age,0.023249,0.023249,PAIRWISE_E20_ZURI_TO_CLEV_XGBoost,Zurich,Cleveland,XGBoost
143,14,sex,-0.000762,0.000762,PAIRWISE_E20_ZURI_TO_CLEV_XGBoost,Zurich,Cleveland,XGBoost
143,14,cp,-0.149961,0.149961,PAIRWISE_E20_ZURI_TO_CLEV_XGBoost,Zurich,Cleveland,XGBoost
143,14,trestbps,0.009393,0.009393,PAIRWISE_E20_ZURI_TO_CLEV_XGBoost,Zurich,Cleveland,XGBoost
143,14,fbs,0.007923,0.007923,PAIRWISE_E20_ZURI_TO_CLEV_XGBoost,Zurich,Cleveland,XGBoost
143,14,restecg,0.008669,0.008669,PAIRWISE_E20_ZURI_TO_CLEV_XGBoost,Zurich,Cleveland,XGBoost
143,14,thalach,0.034395,0.034395,PAIRWISE_E20_ZURI_TO_CLEV_XGBoost,Zurich,Cleveland,XGBoost
143,14,exang,0.016448,0.016448,PAIRWISE_E20_ZURI_TO_CLEV_XGBoost,Zurich,Cleveland,XGBoost
143,14,oldpeak,-0.022427,0.022427,PAIRWISE_E20_ZURI_TO_CLEV_XGBoost,Zurich,Cleveland,XGBoost
143,14,slope,0.009075,0.009075,PAIRWISE_E20_ZURI_TO_CLEV_XGBoost,Zurich,Cleveland,XGBoost
73,15,age,0.014251,0.014251,PAIRWISE_E20_ZURI_TO_CLEV_XGBoost,Zurich,Cleveland,XGBoost
73,15,sex,-0.002332,0.002332,PAIRWISE_E20_ZURI_TO_CLEV_XGBoost,Zurich,Cleveland,XGBoost
73,15,cp,0.166386,0.166386,PAIRWISE_E20_ZURI_TO_CLEV_XGBoost,Zurich,Cleveland,XGBoost
73,15,trestbps,-0.006578,0.006578,PAIRWISE_E20_ZURI_TO_CLEV_XGBoost,Zurich,Cleveland,XGBoost
73,15,fbs,0.013211,0.013211,PAIRWISE_E20_ZURI_TO_CLEV_XGBoost,Zurich,Cleveland,XGBoost
73,15,restecg,-0.006725,0.006725,PAIRWISE_E20_ZURI_TO_CLEV_XGBoost,Zurich,Cleveland,XGBoost
73,15,thalach,-0.059467,0.059467,PAIRWISE_E20_ZURI_TO_CLEV_XGBoost,Zurich,Cleveland,XGBoost
73,15,exang,-0.009974,0.009974,PAIRWISE_E20_ZURI_TO_CLEV_XGBoost,Zurich,Cleveland,XGBoost
73,15,oldpeak,-0.002956,0.002956,PAIRWISE_E20_ZURI_TO_CLEV_XGBoost,Zurich,Cleveland,XGBoost
73,15,slope,0.000413,0.000413,PAIRWISE_E20_ZURI_TO_CLEV_XGBoost,Zurich,Cleveland,XGBoost
286,16,age,0.019799,0.019799,PAIRWISE_E20_ZURI_TO_CLEV_XGBoost,Zurich,Cleveland,XGBoost
286,16,sex,0.002346,0.002346,PAIRWISE_E20_ZURI_TO_CLEV_XGBoost,Zurich,Cleveland,XGBoost
286,16,cp,0.168702,0.168702,PAIRWISE_E20_ZURI_TO_CLEV_XGBoost,Zurich,Cleveland,XGBoost
286,16,trestbps,-0.001635,0.001635,PAIRWISE_E20_ZURI_TO_CLEV_XGBoost,Zurich,Cleveland,XGBoost
286,16,fbs,0.001703,0.001703,PAIRWISE_E20_ZURI_TO_CLEV_XGBoost,Zurich,Cleveland,XGBoost
286,16,restecg,-0.006353,0.006353,PAIRWISE_E20_ZURI_TO_CLEV_XGBoost,Zurich,Cleveland,XGBoost
286,16,thalach,-0.056419,0.056419,PAIRWISE_E20_ZURI_TO_CLEV_XGBoost,Zurich,Cleveland,XGBoost
286,16,exang,0.008028,0.008028,PAIRWISE_E20_ZURI_TO_CLEV_XGBoost,Zurich,Cleveland,XGBoost
286,16,oldpeak,-0.022797,0.022797,PAIRWISE_E20_ZURI_TO_CLEV_XGBoost,Zurich,Cleveland,XGBoost
286,16,slope,0.001037,0.001037,PAIRWISE_E20_ZURI_TO_CLEV_XGBoost,Zurich,Cleveland,XGBoost
120,17,age,-0.015435,0.015435,PAIRWISE_E20_ZURI_TO_CLEV_XGBoost,Zurich,Cleveland,XGBoost
120,17,sex,0.008154,0.008154,PAIRWISE_E20_ZURI_TO_CLEV_XGBoost,Zurich,Cleveland,XGBoost
120,17,cp,0.161469,0.161469,PAIRWISE_E20_ZURI_TO_CLEV_XGBoost,Zurich,Cleveland,XGBoost
120,17,trestbps,0.00344,0.00344,PAIRWISE_E20_ZURI_TO_CLEV_XGBoost,Zurich,Cleveland,XGBoost
120,17,fbs,0.001551,0.001551,PAIRWISE_E20_ZURI_TO_CLEV_XGBoost,Zurich,Cleveland,XGBoost
120,17,restecg,-0.001648,0.001648,PAIRWISE_E20_ZURI_TO_CLEV_XGBoost,Zurich,Cleveland,XGBoost
120,17,thalach,-0.065473,0.065473,PAIRWISE_E20_ZURI_TO_CLEV_XGBoost,Zurich,Cleveland,XGBoost
120,17,exang,0.017385,0.017385,PAIRWISE_E20_ZURI_TO_CLEV_XGBoost,Zurich,Cleveland,XGBoost
120,17,oldpeak,0.021566,0.021566,PAIRWISE_E20_ZURI_TO_CLEV_XGBoost,Zurich,Cleveland,XGBoost
120,17,slope,-0.006297,0.006297,PAIRWISE_E20_ZURI_TO_CLEV_XGBoost,Zurich,Cleveland,XGBoost
7,18,age,0.018754,0.018754,PAIRWISE_E20_ZURI_TO_CLEV_XGBoost,Zurich,Cleveland,XGBoost
7,18,sex,0.004938,0.004938,PAIRWISE_E20_ZURI_TO_CLEV_XGBoost,Zurich,Cleveland,XGBoost
7,18,cp,0.147182,0.147182,PAIRWISE_E20_ZURI_TO_CLEV_XGBoost,Zurich,Cleveland,XGBoost
7,18,trestbps,0.008124,0.008124,PAIRWISE_E20_ZURI_TO_CLEV_XGBoost,Zurich,Cleveland,XGBoost
7,18,fbs,-0.00011,0.00011,PAIRWISE_E20_ZURI_TO_CLEV_XGBoost,Zurich,Cleveland,XGBoost
7,18,restecg,0.009489,0.009489,PAIRWISE_E20_ZURI_TO_CLEV_XGBoost,Zurich,Cleveland,XGBoost
7,18,thalach,-0.048397,0.048397,PAIRWISE_E20_ZURI_TO_CLEV_XGBoost,Zurich,Cleveland,XGBoost
7,18,exang,0.009786,0.009786,PAIRWISE_E20_ZURI_TO_CLEV_XGBoost,Zurich,Cleveland,XGBoost
7,18,oldpeak,-0.009981,0.009981,PAIRWISE_E20_ZURI_TO_CLEV_XGBoost,Zurich,Cleveland,XGBoost
7,18,slope,-0.006084,0.006084,PAIRWISE_E20_ZURI_TO_CLEV_XGBoost,Zurich,Cleveland,XGBoost
284,19,age,0.025701,0.025701,PAIRWISE_E20_ZURI_TO_CLEV_XGBoost,Zurich,Cleveland,XGBoost
284,19,sex,-0.004894,0.004894,PAIRWISE_E20_ZURI_TO_CLEV_XGBoost,Zurich,Cleveland,XGBoost
284,19,cp,0.164461,0.164461,PAIRWISE_E20_ZURI_TO_CLEV_XGBoost,Zurich,Cleveland,XGBoost
284,19,trestbps,0.002027,0.002027,PAIRWISE_E20_ZURI_TO_CLEV_XGBoost,Zurich,Cleveland,XGBoost
284,19,fbs,0.000437,0.000437,PAIRWISE_E20_ZURI_TO_CLEV_XGBoost,Zurich,Cleveland,XGBoost
284,19,restecg,0.009286,0.009286,PAIRWISE_E20_ZURI_TO_CLEV_XGBoost,Zurich,Cleveland,XGBoost
284,19,thalach,-0.058414,0.058414,PAIRWISE_E20_ZURI_TO_CLEV_XGBoost,Zurich,Cleveland,XGBoost
284,19,exang,-0.01175,0.01175,PAIRWISE_E20_ZURI_TO_CLEV_XGBoost,Zurich,Cleveland,XGBoost
284,19,oldpeak,0.018785,0.018785,PAIRWISE_E20_ZURI_TO_CLEV_XGBoost,Zurich,Cleveland,XGBoost
284,19,slope,-0.005253,0.005253,PAIRWISE_E20_ZURI_TO_CLEV_XGBoost,Zurich,Cleveland,XGBoost
251,20,age,0.020825,0.020825,PAIRWISE_E20_ZURI_TO_CLEV_XGBoost,Zurich,Cleveland,XGBoost
251,20,sex,0.005152,0.005152,PAIRWISE_E20_ZURI_TO_CLEV_XGBoost,Zurich,Cleveland,XGBoost
251,20,cp,0.16064,0.16064,PAIRWISE_E20_ZURI_TO_CLEV_XGBoost,Zurich,Cleveland,XGBoost
251,20,trestbps,-0.000887,0.000887,PAIRWISE_E20_ZURI_TO_CLEV_XGBoost,Zurich,Cleveland,XGBoost
251,20,fbs,-0.007785,0.007785,PAIRWISE_E20_ZURI_TO_CLEV_XGBoost,Zurich,Cleveland,XGBoost
251,20,restecg,0.011939,0.011939,PAIRWISE_E20_ZURI_TO_CLEV_XGBoost,Zurich,Cleveland,XGBoost
251,20,thalach,0.013345,0.013345,PAIRWISE_E20_ZURI_TO_CLEV_XGBoost,Zurich,Cleveland,XGBoost
251,20,exang,-0.008069,0.008069,PAIRWISE_E20_ZURI_TO_CLEV_XGBoost,Zurich,Cleveland,XGBoost
251,20,oldpeak,-0.020441,0.020441,PAIRWISE_E20_ZURI_TO_CLEV_XGBoost,Zurich,Cleveland,XGBoost
251,20,slope,0.003059,0.003059,PAIRWISE_E20_ZURI_TO_CLEV_XGBoost,Zurich,Cleveland,XGBoost
72,21,age,0.017101,0.017101,PAIRWISE_E20_ZURI_TO_CLEV_XGBoost,Zurich,Cleveland,XGBoost
72,21,sex,0.008203,0.008203,PAIRWISE_E20_ZURI_TO_CLEV_XGBoost,Zurich,Cleveland,XGBoost
72,21,cp,0.163907,0.163907,PAIRWISE_E20_ZURI_TO_CLEV_XGBoost,Zurich,Cleveland,XGBoost
72,21,trestbps,0.005471,0.005471,PAIRWISE_E20_ZURI_TO_CLEV_XGBoost,Zurich,Cleveland,XGBoost
72,21,fbs,-0.02035,0.02035,PAIRWISE_E20_ZURI_TO_CLEV_XGBoost,Zurich,Cleveland,XGBoost
72,21,restecg,0.00365,0.00365,PAIRWISE_E20_ZURI_TO_CLEV_XGBoost,Zurich,Cleveland,XGBoost
72,21,thalach,0.008985,0.008985,PAIRWISE_E20_ZURI_TO_CLEV_XGBoost,Zurich,Cleveland,XGBoost
72,21,exang,0.014366,0.014366,PAIRWISE_E20_ZURI_TO_CLEV_XGBoost,Zurich,Cleveland,XGBoost
72,21,oldpeak,-0.026246,0.026246,PAIRWISE_E20_ZURI_TO_CLEV_XGBoost,Zurich,Cleveland,XGBoost
72,21,slope,0.000635,0.000635,PAIRWISE_E20_ZURI_TO_CLEV_XGBoost,Zurich,Cleveland,XGBoost
264,22,age,0.021656,0.021656,PAIRWISE_E20_ZURI_TO_CLEV_XGBoost,Zurich,Cleveland,XGBoost
264,22,sex,-0.004168,0.004168,PAIRWISE_E20_ZURI_TO_CLEV_XGBoost,Zurich,Cleveland,XGBoost
264,22,cp,0.17036,0.17036,PAIRWISE_E20_ZURI_TO_CLEV_XGBoost,Zurich,Cleveland,XGBoost
264,22,trestbps,0.002888,0.002888,PAIRWISE_E20_ZURI_TO_CLEV_XGBoost,Zurich,Cleveland,XGBoost
264,22,fbs,0.009243,0.009243,PAIRWISE_E20_ZURI_TO_CLEV_XGBoost,Zurich,Cleveland,XGBoost
264,22,restecg,0.000101,0.000101,PAIRWISE_E20_ZURI_TO_CLEV_XGBoost,Zurich,Cleveland,XGBoost
264,22,thalach,0.033587,0.033587,PAIRWISE_E20_ZURI_TO_CLEV_XGBoost,Zurich,Cleveland,XGBoost
264,22,exang,0.009872,0.009872,PAIRWISE_E20_ZURI_TO_CLEV_XGBoost,Zurich,Cleveland,XGBoost
264,22,oldpeak,-0.030237,0.030237,PAIRWISE_E20_ZURI_TO_CLEV_XGBoost,Zurich,Cleveland,XGBoost
264,22,slope,0.001867,0.001867,PAIRWISE_E20_ZURI_TO_CLEV_XGBoost,Zurich,Cleveland,XGBoost
37,23,age,0.013447,0.013447,PAIRWISE_E20_ZURI_TO_CLEV_XGBoost,Zurich,Cleveland,XGBoost
37,23,sex,-0.004497,0.004497,PAIRWISE_E20_ZURI_TO_CLEV_XGBoost,Zurich,Cleveland,XGBoost
37,23,cp,0.159475,0.159475,PAIRWISE_E20_ZURI_TO_CLEV_XGBoost,Zurich,Cleveland,XGBoost
37,23,trestbps,-0.001575,0.001575,PAIRWISE_E20_ZURI_TO_CLEV_XGBoost,Zurich,Cleveland,XGBoost
37,23,fbs,-8.1e-05,8.1e-05,PAIRWISE_E20_ZURI_TO_CLEV_XGBoost,Zurich,Cleveland,XGBoost
37,23,restecg,-0.011198,0.011198,PAIRWISE_E20_ZURI_TO_CLEV_XGBoost,Zurich,Cleveland,XGBoost
37,23,thalach,0.016787,0.016787,PAIRWISE_E20_ZURI_TO_CLEV_XGBoost,Zurich,Cleveland,XGBoost
37,23,exang,0.009793,0.009793,PAIRWISE_E20_ZURI_TO_CLEV_XGBoost,Zurich,Cleveland,XGBoost
37,23,oldpeak,-0.007496,0.007496,PAIRWISE_E20_ZURI_TO_CLEV_XGBoost,Zurich,Cleveland,XGBoost
37,23,slope,0.003088,0.003088,PAIRWISE_E20_ZURI_TO_CLEV_XGBoost,Zurich,Cleveland,XGBoost
297,24,age,0.021182,0.021182,PAIRWISE_E20_ZURI_TO_CLEV_XGBoost,Zurich,Cleveland,XGBoost
297,24,sex,-0.008227,0.008227,PAIRWISE_E20_ZURI_TO_CLEV_XGBoost,Zurich,Cleveland,XGBoost
297,24,cp,0.155661,0.155661,PAIRWISE_E20_ZURI_TO_CLEV_XGBoost,Zurich,Cleveland,XGBoost
297,24,trestbps,0.006396,0.006396,PAIRWISE_E20_ZURI_TO_CLEV_XGBoost,Zurich,Cleveland,XGBoost
297,24,fbs,-0.000758,0.000758,PAIRWISE_E20_ZURI_TO_CLEV_XGBoost,Zurich,Cleveland,XGBoost
297,24,restecg,0.013071,0.013071,PAIRWISE_E20_ZURI_TO_CLEV_XGBoost,Zurich,Cleveland,XGBoost
297,24,thalach,0.025959,0.025959,PAIRWISE_E20_ZURI_TO_CLEV_XGBoost,Zurich,Cleveland,XGBoost
297,24,exang,0.008585,0.008585,PAIRWISE_E20_ZURI_TO_CLEV_XGBoost,Zurich,Cleveland,XGBoost
297,24,oldpeak,0.012744,0.012744,PAIRWISE_E20_ZURI_TO_CLEV_XGBoost,Zurich,Cleveland,XGBoost
297,24,slope,-0.000234,0.000234,PAIRWISE_E20_ZURI_TO_CLEV_XGBoost,Zurich,Cleveland,XGBoost
101,0,age,-0.088029,0.088029,PAIRWISE_E21_VA L_TO_CLEV_LogisticRegression,VA Long Beach,Cleveland,LogisticRegression
101,0,sex,0.214245,0.214245,PAIRWISE_E21_VA L_TO_CLEV_LogisticRegression,VA Long Beach,Cleveland,LogisticRegression
101,0,cp,-0.353713,0.353713,PAIRWISE_E21_VA L_TO_CLEV_LogisticRegression,VA Long Beach,Cleveland,LogisticRegression
101,0,trestbps,-0.004484,0.004484,PAIRWISE_E21_VA L_TO_CLEV_LogisticRegression,VA Long Beach,Cleveland,LogisticRegression
101,0,fbs,-0.135916,0.135916,PAIRWISE_E21_VA L_TO_CLEV_LogisticRegression,VA Long Beach,Cleveland,LogisticRegression
101,0,restecg,-0.073708,0.073708,PAIRWISE_E21_VA L_TO_CLEV_LogisticRegression,VA Long Beach,Cleveland,LogisticRegression
101,0,thalach,-0.025545,0.025545,PAIRWISE_E21_VA L_TO_CLEV_LogisticRegression,VA Long Beach,Cleveland,LogisticRegression
101,0,exang,-0.105247,0.105247,PAIRWISE_E21_VA L_TO_CLEV_LogisticRegression,VA Long Beach,Cleveland,LogisticRegression
101,0,oldpeak,-0.1126,0.1126,PAIRWISE_E21_VA L_TO_CLEV_LogisticRegression,VA Long Beach,Cleveland,LogisticRegression
101,0,slope,-0.026171,0.026171,PAIRWISE_E21_VA L_TO_CLEV_LogisticRegression,VA Long Beach,Cleveland,LogisticRegression
169,1,age,-0.082924,0.082924,PAIRWISE_E21_VA L_TO_CLEV_LogisticRegression,VA Long Beach,Cleveland,LogisticRegression
169,1,sex,-0.208355,0.208355,PAIRWISE_E21_VA L_TO_CLEV_LogisticRegression,VA Long Beach,Cleveland,LogisticRegression
169,1,cp,-0.215136,0.215136,PAIRWISE_E21_VA L_TO_CLEV_LogisticRegression,VA Long Beach,Cleveland,LogisticRegression
169,1,trestbps,-0.017705,0.017705,PAIRWISE_E21_VA L_TO_CLEV_LogisticRegression,VA Long Beach,Cleveland,LogisticRegression
169,1,fbs,-0.132918,0.132918,PAIRWISE_E21_VA L_TO_CLEV_LogisticRegression,VA Long Beach,Cleveland,LogisticRegression
169,1,restecg,0.056693,0.056693,PAIRWISE_E21_VA L_TO_CLEV_LogisticRegression,VA Long Beach,Cleveland,LogisticRegression
169,1,thalach,-0.021674,0.021674,PAIRWISE_E21_VA L_TO_CLEV_LogisticRegression,VA Long Beach,Cleveland,LogisticRegression
169,1,exang,-0.113664,0.113664,PAIRWISE_E21_VA L_TO_CLEV_LogisticRegression,VA Long Beach,Cleveland,LogisticRegression
169,1,oldpeak,-0.112462,0.112462,PAIRWISE_E21_VA L_TO_CLEV_LogisticRegression,VA Long Beach,Cleveland,LogisticRegression
169,1,slope,-0.01019,0.01019,PAIRWISE_E21_VA L_TO_CLEV_LogisticRegression,VA Long Beach,Cleveland,LogisticRegression
11,2,age,-0.025434,0.025434,PAIRWISE_E21_VA L_TO_CLEV_LogisticRegression,VA Long Beach,Cleveland,LogisticRegression
11,2,sex,-0.188312,0.188312,PAIRWISE_E21_VA L_TO_CLEV_LogisticRegression,VA Long Beach,Cleveland,LogisticRegression
11,2,cp,-0.20582,0.20582,PAIRWISE_E21_VA L_TO_CLEV_LogisticRegression,VA Long Beach,Cleveland,LogisticRegression
11,2,trestbps,0.014142,0.014142,PAIRWISE_E21_VA L_TO_CLEV_LogisticRegression,VA Long Beach,Cleveland,LogisticRegression
11,2,fbs,-0.147119,0.147119,PAIRWISE_E21_VA L_TO_CLEV_LogisticRegression,VA Long Beach,Cleveland,LogisticRegression
11,2,restecg,-0.07778,0.07778,PAIRWISE_E21_VA L_TO_CLEV_LogisticRegression,VA Long Beach,Cleveland,LogisticRegression
11,2,thalach,-0.021018,0.021018,PAIRWISE_E21_VA L_TO_CLEV_LogisticRegression,VA Long Beach,Cleveland,LogisticRegression
11,2,exang,-0.108838,0.108838,PAIRWISE_E21_VA L_TO_CLEV_LogisticRegression,VA Long Beach,Cleveland,LogisticRegression
11,2,oldpeak,-0.017252,0.017252,PAIRWISE_E21_VA L_TO_CLEV_LogisticRegression,VA Long Beach,Cleveland,LogisticRegression
11,2,slope,-0.016798,0.016798,PAIRWISE_E21_VA L_TO_CLEV_LogisticRegression,VA Long Beach,Cleveland,LogisticRegression
188,3,age,-0.086327,0.086327,PAIRWISE_E21_VA L_TO_CLEV_LogisticRegression,VA Long Beach,Cleveland,LogisticRegression
188,3,sex,0.239567,0.239567,PAIRWISE_E21_VA L_TO_CLEV_LogisticRegression,VA Long Beach,Cleveland,LogisticRegression
188,3,cp,-0.211259,0.211259,PAIRWISE_E21_VA L_TO_CLEV_LogisticRegression,VA Long Beach,Cleveland,LogisticRegression
188,3,trestbps,0.007761,0.007761,PAIRWISE_E21_VA L_TO_CLEV_LogisticRegression,VA Long Beach,Cleveland,LogisticRegression
188,3,fbs,-0.128228,0.128228,PAIRWISE_E21_VA L_TO_CLEV_LogisticRegression,VA Long Beach,Cleveland,LogisticRegression
188,3,restecg,-0.08139,0.08139,PAIRWISE_E21_VA L_TO_CLEV_LogisticRegression,VA Long Beach,Cleveland,LogisticRegression
188,3,thalach,-0.03268,0.03268,PAIRWISE_E21_VA L_TO_CLEV_LogisticRegression,VA Long Beach,Cleveland,LogisticRegression
188,3,exang,-0.11268,0.11268,PAIRWISE_E21_VA L_TO_CLEV_LogisticRegression,VA Long Beach,Cleveland,LogisticRegression
188,3,oldpeak,-0.124746,0.124746,PAIRWISE_E21_VA L_TO_CLEV_LogisticRegression,VA Long Beach,Cleveland,LogisticRegression
188,3,slope,-0.036107,0.036107,PAIRWISE_E21_VA L_TO_CLEV_LogisticRegression,VA Long Beach,Cleveland,LogisticRegression
275,4,age,0.025181,0.025181,PAIRWISE_E21_VA L_TO_CLEV_LogisticRegression,VA Long Beach,Cleveland,LogisticRegression
275,4,sex,0.210464,0.210464,PAIRWISE_E21_VA L_TO_CLEV_LogisticRegression,VA Long Beach,Cleveland,LogisticRegression
275,4,cp,-0.365372,0.365372,PAIRWISE_E21_VA L_TO_CLEV_LogisticRegression,VA Long Beach,Cleveland,LogisticRegression
275,4,trestbps,0.022318,0.022318,PAIRWISE_E21_VA L_TO_CLEV_LogisticRegression,VA Long Beach,Cleveland,LogisticRegression
275,4,fbs,-0.135246,0.135246,PAIRWISE_E21_VA L_TO_CLEV_LogisticRegression,VA Long Beach,Cleveland,LogisticRegression
275,4,restecg,-0.086335,0.086335,PAIRWISE_E21_VA L_TO_CLEV_LogisticRegression,VA Long Beach,Cleveland,LogisticRegression
275,4,thalach,-0.045033,0.045033,PAIRWISE_E21_VA L_TO_CLEV_LogisticRegression,VA Long Beach,Cleveland,LogisticRegression
275,4,exang,-0.124981,0.124981,PAIRWISE_E21_VA L_TO_CLEV_LogisticRegression,VA Long Beach,Cleveland,LogisticRegression
275,4,oldpeak,-0.025031,0.025031,PAIRWISE_E21_VA L_TO_CLEV_LogisticRegression,VA Long Beach,Cleveland,LogisticRegression
275,4,slope,-0.014497,0.014497,PAIRWISE_E21_VA L_TO_CLEV_LogisticRegression,VA Long Beach,Cleveland,LogisticRegression
149,5,age,0.012017,0.012017,PAIRWISE_E21_VA L_TO_CLEV_LogisticRegression,VA Long Beach,Cleveland,LogisticRegression
149,5,sex,-0.202844,0.202844,PAIRWISE_E21_VA L_TO_CLEV_LogisticRegression,VA Long Beach,Cleveland,LogisticRegression
149,5,cp,-0.07676,0.07676,PAIRWISE_E21_VA L_TO_CLEV_LogisticRegression,VA Long Beach,Cleveland,LogisticRegression
149,5,trestbps,0.009282,0.009282,PAIRWISE_E21_VA L_TO_CLEV_LogisticRegression,VA Long Beach,Cleveland,LogisticRegression
149,5,fbs,-0.144103,0.144103,PAIRWISE_E21_VA L_TO_CLEV_LogisticRegression,VA Long Beach,Cleveland,LogisticRegression
149,5,restecg,0.058662,0.058662,PAIRWISE_E21_VA L_TO_CLEV_LogisticRegression,VA Long Beach,Cleveland,LogisticRegression
149,5,thalach,-0.039464,0.039464,PAIRWISE_E21_VA L_TO_CLEV_LogisticRegression,VA Long Beach,Cleveland,LogisticRegression
149,5,exang,-0.114763,0.114763,PAIRWISE_E21_VA L_TO_CLEV_LogisticRegression,VA Long Beach,Cleveland,LogisticRegression
149,5,oldpeak,-0.124462,0.124462,PAIRWISE_E21_VA L_TO_CLEV_LogisticRegression,VA Long Beach,Cleveland,LogisticRegression
149,5,slope,-0.030657,0.030657,PAIRWISE_E21_VA L_TO_CLEV_LogisticRegression,VA Long Beach,Cleveland,LogisticRegression
184,6,age,0.001476,0.001476,PAIRWISE_E21_VA L_TO_CLEV_LogisticRegression,VA Long Beach,Cleveland,LogisticRegression
184,6,sex,-0.217791,0.217791,PAIRWISE_E21_VA L_TO_CLEV_LogisticRegression,VA Long Beach,Cleveland,LogisticRegression
184,6,cp,0.183265,0.183265,PAIRWISE_E21_VA L_TO_CLEV_LogisticRegression,VA Long Beach,Cleveland,LogisticRegression
184,6,trestbps,0.022582,0.022582,PAIRWISE_E21_VA L_TO_CLEV_LogisticRegression,VA Long Beach,Cleveland,LogisticRegression
184,6,fbs,-0.123736,0.123736,PAIRWISE_E21_VA L_TO_CLEV_LogisticRegression,VA Long Beach,Cleveland,LogisticRegression
184,6,restecg,-0.075429,0.075429,PAIRWISE_E21_VA L_TO_CLEV_LogisticRegression,VA Long Beach,Cleveland,LogisticRegression
184,6,thalach,-0.03672,0.03672,PAIRWISE_E21_VA L_TO_CLEV_LogisticRegression,VA Long Beach,Cleveland,LogisticRegression
184,6,exang,-0.122195,0.122195,PAIRWISE_E21_VA L_TO_CLEV_LogisticRegression,VA Long Beach,Cleveland,LogisticRegression
184,6,oldpeak,-0.129241,0.129241,PAIRWISE_E21_VA L_TO_CLEV_LogisticRegression,VA Long Beach,Cleveland,LogisticRegression
184,6,slope,-0.044061,0.044061,PAIRWISE_E21_VA L_TO_CLEV_LogisticRegression,VA Long Beach,Cleveland,LogisticRegression
152,7,age,0.073981,0.073981,PAIRWISE_E21_VA L_TO_CLEV_LogisticRegression,VA Long Beach,Cleveland,LogisticRegression
152,7,sex,-0.170314,0.170314,PAIRWISE_E21_VA L_TO_CLEV_LogisticRegression,VA Long Beach,Cleveland,LogisticRegression
152,7,cp,-0.075951,0.075951,PAIRWISE_E21_VA L_TO_CLEV_LogisticRegression,VA Long Beach,Cleveland,LogisticRegression
152,7,trestbps,-0.005263,0.005263,PAIRWISE_E21_VA L_TO_CLEV_LogisticRegression,VA Long Beach,Cleveland,LogisticRegression
152,7,fbs,-0.141365,0.141365,PAIRWISE_E21_VA L_TO_CLEV_LogisticRegression,VA Long Beach,Cleveland,LogisticRegression
152,7,restecg,-0.053522,0.053522,PAIRWISE_E21_VA L_TO_CLEV_LogisticRegression,VA Long Beach,Cleveland,LogisticRegression
152,7,thalach,-0.044366,0.044366,PAIRWISE_E21_VA L_TO_CLEV_LogisticRegression,VA Long Beach,Cleveland,LogisticRegression
152,7,exang,-0.097769,0.097769,PAIRWISE_E21_VA L_TO_CLEV_LogisticRegression,VA Long Beach,Cleveland,LogisticRegression
152,7,oldpeak,0.038957,0.038957,PAIRWISE_E21_VA L_TO_CLEV_LogisticRegression,VA Long Beach,Cleveland,LogisticRegression
152,7,slope,-0.006886,0.006886,PAIRWISE_E21_VA L_TO_CLEV_LogisticRegression,VA Long Beach,Cleveland,LogisticRegression
217,8,age,-0.08141,0.08141,PAIRWISE_E21_VA L_TO_CLEV_LogisticRegression,VA Long Beach,Cleveland,LogisticRegression
217,8,sex,-0.228652,0.228652,PAIRWISE_E21_VA L_TO_CLEV_LogisticRegression,VA Long Beach,Cleveland,LogisticRegression
217,8,cp,0.185003,0.185003,PAIRWISE_E21_VA L_TO_CLEV_LogisticRegression,VA Long Beach,Cleveland,LogisticRegression
217,8,trestbps,0.007669,0.007669,PAIRWISE_E21_VA L_TO_CLEV_LogisticRegression,VA Long Beach,Cleveland,LogisticRegression
217,8,fbs,-0.132975,0.132975,PAIRWISE_E21_VA L_TO_CLEV_LogisticRegression,VA Long Beach,Cleveland,LogisticRegression
217,8,restecg,-0.058193,0.058193,PAIRWISE_E21_VA L_TO_CLEV_LogisticRegression,VA Long Beach,Cleveland,LogisticRegression
217,8,thalach,-0.028059,0.028059,PAIRWISE_E21_VA L_TO_CLEV_LogisticRegression,VA Long Beach,Cleveland,LogisticRegression
217,8,exang,0.107183,0.107183,PAIRWISE_E21_VA L_TO_CLEV_LogisticRegression,VA Long Beach,Cleveland,LogisticRegression
217,8,oldpeak,-0.116961,0.116961,PAIRWISE_E21_VA L_TO_CLEV_LogisticRegression,VA Long Beach,Cleveland,LogisticRegression
217,8,slope,-0.01204,0.01204,PAIRWISE_E21_VA L_TO_CLEV_LogisticRegression,VA Long Beach,Cleveland,LogisticRegression
16,9,age,-0.07776,0.07776,PAIRWISE_E21_VA L_TO_CLEV_LogisticRegression,VA Long Beach,Cleveland,LogisticRegression
16,9,sex,0.220211,0.220211,PAIRWISE_E21_VA L_TO_CLEV_LogisticRegression,VA Long Beach,Cleveland,LogisticRegression
16,9,cp,-0.220483,0.220483,PAIRWISE_E21_VA L_TO_CLEV_LogisticRegression,VA Long Beach,Cleveland,LogisticRegression
16,9,trestbps,-0.01111,0.01111,PAIRWISE_E21_VA L_TO_CLEV_LogisticRegression,VA Long Beach,Cleveland,LogisticRegression
16,9,fbs,-0.142759,0.142759,PAIRWISE_E21_VA L_TO_CLEV_LogisticRegression,VA Long Beach,Cleveland,LogisticRegression
16,9,restecg,0.06947,0.06947,PAIRWISE_E21_VA L_TO_CLEV_LogisticRegression,VA Long Beach,Cleveland,LogisticRegression
16,9,thalach,-0.032937,0.032937,PAIRWISE_E21_VA L_TO_CLEV_LogisticRegression,VA Long Beach,Cleveland,LogisticRegression
16,9,exang,-0.114664,0.114664,PAIRWISE_E21_VA L_TO_CLEV_LogisticRegression,VA Long Beach,Cleveland,LogisticRegression
16,9,oldpeak,-0.021591,0.021591,PAIRWISE_E21_VA L_TO_CLEV_LogisticRegression,VA Long Beach,Cleveland,LogisticRegression
16,9,slope,0.042871,0.042871,PAIRWISE_E21_VA L_TO_CLEV_LogisticRegression,VA Long Beach,Cleveland,LogisticRegression
48,10,age,0.063206,0.063206,PAIRWISE_E21_VA L_TO_CLEV_LogisticRegression,VA Long Beach,Cleveland,LogisticRegression
48,10,sex,-0.192829,0.192829,PAIRWISE_E21_VA L_TO_CLEV_LogisticRegression,VA Long Beach,Cleveland,LogisticRegression
48,10,cp,-0.071553,0.071553,PAIRWISE_E21_VA L_TO_CLEV_LogisticRegression,VA Long Beach,Cleveland,LogisticRegression
48,10,trestbps,-0.009467,0.009467,PAIRWISE_E21_VA L_TO_CLEV_LogisticRegression,VA Long Beach,Cleveland,LogisticRegression
48,10,fbs,0.13699,0.13699,PAIRWISE_E21_VA L_TO_CLEV_LogisticRegression,VA Long Beach,Cleveland,LogisticRegression
48,10,restecg,-0.076013,0.076013,PAIRWISE_E21_VA L_TO_CLEV_LogisticRegression,VA Long Beach,Cleveland,LogisticRegression
48,10,thalach,-0.018827,0.018827,PAIRWISE_E21_VA L_TO_CLEV_LogisticRegression,VA Long Beach,Cleveland,LogisticRegression
48,10,exang,-0.103565,0.103565,PAIRWISE_E21_VA L_TO_CLEV_LogisticRegression,VA Long Beach,Cleveland,LogisticRegression
48,10,oldpeak,-0.033202,0.033202,PAIRWISE_E21_VA L_TO_CLEV_LogisticRegression,VA Long Beach,Cleveland,LogisticRegression
48,10,slope,-0.035547,0.035547,PAIRWISE_E21_VA L_TO_CLEV_LogisticRegression,VA Long Beach,Cleveland,LogisticRegression
114,11,age,0.030834,0.030834,PAIRWISE_E21_VA L_TO_CLEV_LogisticRegression,VA Long Beach,Cleveland,LogisticRegression
114,11,sex,-0.143112,0.143112,PAIRWISE_E21_VA L_TO_CLEV_LogisticRegression,VA Long Beach,Cleveland,LogisticRegression
114,11,cp,-0.072204,0.072204,PAIRWISE_E21_VA L_TO_CLEV_LogisticRegression,VA Long Beach,Cleveland,LogisticRegression
114,11,trestbps,-0.025669,0.025669,PAIRWISE_E21_VA L_TO_CLEV_LogisticRegression,VA Long Beach,Cleveland,LogisticRegression
114,11,fbs,-0.147584,0.147584,PAIRWISE_E21_VA L_TO_CLEV_LogisticRegression,VA Long Beach,Cleveland,LogisticRegression
114,11,restecg,0.061126,0.061126,PAIRWISE_E21_VA L_TO_CLEV_LogisticRegression,VA Long Beach,Cleveland,LogisticRegression
114,11,thalach,0.026672,0.026672,PAIRWISE_E21_VA L_TO_CLEV_LogisticRegression,VA Long Beach,Cleveland,LogisticRegression
114,11,exang,-0.116636,0.116636,PAIRWISE_E21_VA L_TO_CLEV_LogisticRegression,VA Long Beach,Cleveland,LogisticRegression
114,11,oldpeak,-0.026012,0.026012,PAIRWISE_E21_VA L_TO_CLEV_LogisticRegression,VA Long Beach,Cleveland,LogisticRegression
114,11,slope,-0.000479,0.000479,PAIRWISE_E21_VA L_TO_CLEV_LogisticRegression,VA Long Beach,Cleveland,LogisticRegression
244,12,age,-0.018239,0.018239,PAIRWISE_E21_VA L_TO_CLEV_LogisticRegression,VA Long Beach,Cleveland,LogisticRegression
244,12,sex,-0.23287,0.23287,PAIRWISE_E21_VA L_TO_CLEV_LogisticRegression,VA Long Beach,Cleveland,LogisticRegression
244,12,cp,-0.068678,0.068678,PAIRWISE_E21_VA L_TO_CLEV_LogisticRegression,VA Long Beach,Cleveland,LogisticRegression
244,12,trestbps,-0.011502,0.011502,PAIRWISE_E21_VA L_TO_CLEV_LogisticRegression,VA Long Beach,Cleveland,LogisticRegression
244,12,fbs,0.142066,0.142066,PAIRWISE_E21_VA L_TO_CLEV_LogisticRegression,VA Long Beach,Cleveland,LogisticRegression
244,12,restecg,0.057494,0.057494,PAIRWISE_E21_VA L_TO_CLEV_LogisticRegression,VA Long Beach,Cleveland,LogisticRegression
244,12,thalach,0.030973,0.030973,PAIRWISE_E21_VA L_TO_CLEV_LogisticRegression,VA Long Beach,Cleveland,LogisticRegression
244,12,exang,-0.127791,0.127791,PAIRWISE_E21_VA L_TO_CLEV_LogisticRegression,VA Long Beach,Cleveland,LogisticRegression
244,12,oldpeak,-0.116667,0.116667,PAIRWISE_E21_VA L_TO_CLEV_LogisticRegression,VA Long Beach,Cleveland,LogisticRegression
244,12,slope,-0.029591,0.029591,PAIRWISE_E21_VA L_TO_CLEV_LogisticRegression,VA Long Beach,Cleveland,LogisticRegression
226,13,age,-0.090541,0.090541,PAIRWISE_E21_VA L_TO_CLEV_LogisticRegression,VA Long Beach,Cleveland,LogisticRegression
226,13,sex,0.192055,0.192055,PAIRWISE_E21_VA L_TO_CLEV_LogisticRegression,VA Long Beach,Cleveland,LogisticRegression
226,13,cp,0.178305,0.178305,PAIRWISE_E21_VA L_TO_CLEV_LogisticRegression,VA Long Beach,Cleveland,LogisticRegression
226,13,trestbps,-0.008859,0.008859,PAIRWISE_E21_VA L_TO_CLEV_LogisticRegression,VA Long Beach,Cleveland,LogisticRegression
226,13,fbs,-0.137059,0.137059,PAIRWISE_E21_VA L_TO_CLEV_LogisticRegression,VA Long Beach,Cleveland,LogisticRegression
226,13,restecg,0.057982,0.057982,PAIRWISE_E21_VA L_TO_CLEV_LogisticRegression,VA Long Beach,Cleveland,LogisticRegression
226,13,thalach,-0.039757,0.039757,PAIRWISE_E21_VA L_TO_CLEV_LogisticRegression,VA Long Beach,Cleveland,LogisticRegression
226,13,exang,-0.118635,0.118635,PAIRWISE_E21_VA L_TO_CLEV_LogisticRegression,VA Long Beach,Cleveland,LogisticRegression
226,13,oldpeak,-0.112358,0.112358,PAIRWISE_E21_VA L_TO_CLEV_LogisticRegression,VA Long Beach,Cleveland,LogisticRegression
226,13,slope,-0.051421,0.051421,PAIRWISE_E21_VA L_TO_CLEV_LogisticRegression,VA Long Beach,Cleveland,LogisticRegression
23,14,age,0.001894,0.001894,PAIRWISE_E21_VA L_TO_CLEV_LogisticRegression,VA Long Beach,Cleveland,LogisticRegression
23,14,sex,0.1624,0.1624,PAIRWISE_E21_VA L_TO_CLEV_LogisticRegression,VA Long Beach,Cleveland,LogisticRegression
23,14,cp,-0.08425,0.08425,PAIRWISE_E21_VA L_TO_CLEV_LogisticRegression,VA Long Beach,Cleveland,LogisticRegression
23,14,trestbps,0.008998,0.008998,PAIRWISE_E21_VA L_TO_CLEV_LogisticRegression,VA Long Beach,Cleveland,LogisticRegression
23,14,fbs,-0.138906,0.138906,PAIRWISE_E21_VA L_TO_CLEV_LogisticRegression,VA Long Beach,Cleveland,LogisticRegression
23,14,restecg,-0.078595,0.078595,PAIRWISE_E21_VA L_TO_CLEV_LogisticRegression,VA Long Beach,Cleveland,LogisticRegression
23,14,thalach,-0.037314,0.037314,PAIRWISE_E21_VA L_TO_CLEV_LogisticRegression,VA Long Beach,Cleveland,LogisticRegression
23,14,exang,-0.124832,0.124832,PAIRWISE_E21_VA L_TO_CLEV_LogisticRegression,VA Long Beach,Cleveland,LogisticRegression
23,14,oldpeak,0.103542,0.103542,PAIRWISE_E21_VA L_TO_CLEV_LogisticRegression,VA Long Beach,Cleveland,LogisticRegression
23,14,slope,-0.043861,0.043861,PAIRWISE_E21_VA L_TO_CLEV_LogisticRegression,VA Long Beach,Cleveland,LogisticRegression
109,15,age,-0.099557,0.099557,PAIRWISE_E21_VA L_TO_CLEV_LogisticRegression,VA Long Beach,Cleveland,LogisticRegression
109,15,sex,0.206315,0.206315,PAIRWISE_E21_VA L_TO_CLEV_LogisticRegression,VA Long Beach,Cleveland,LogisticRegression
109,15,cp,0.181209,0.181209,PAIRWISE_E21_VA L_TO_CLEV_LogisticRegression,VA Long Beach,Cleveland,LogisticRegression
109,15,trestbps,-0.008203,0.008203,PAIRWISE_E21_VA L_TO_CLEV_LogisticRegression,VA Long Beach,Cleveland,LogisticRegression
109,15,fbs,-0.129993,0.129993,PAIRWISE_E21_VA L_TO_CLEV_LogisticRegression,VA Long Beach,Cleveland,LogisticRegression
109,15,restecg,0.056938,0.056938,PAIRWISE_E21_VA L_TO_CLEV_LogisticRegression,VA Long Beach,Cleveland,LogisticRegression
109,15,thalach,-0.030725,0.030725,PAIRWISE_E21_VA L_TO_CLEV_LogisticRegression,VA Long Beach,Cleveland,LogisticRegression
109,15,exang,-0.110367,0.110367,PAIRWISE_E21_VA L_TO_CLEV_LogisticRegression,VA Long Beach,Cleveland,LogisticRegression
109,15,oldpeak,-0.019876,0.019876,PAIRWISE_E21_VA L_TO_CLEV_LogisticRegression,VA Long Beach,Cleveland,LogisticRegression
109,15,slope,-0.012648,0.012648,PAIRWISE_E21_VA L_TO_CLEV_LogisticRegression,VA Long Beach,Cleveland,LogisticRegression
218,16,age,0.027984,0.027984,PAIRWISE_E21_VA L_TO_CLEV_LogisticRegression,VA Long Beach,Cleveland,LogisticRegression
218,16,sex,-0.215649,0.215649,PAIRWISE_E21_VA L_TO_CLEV_LogisticRegression,VA Long Beach,Cleveland,LogisticRegression
218,16,cp,0.176417,0.176417,PAIRWISE_E21_VA L_TO_CLEV_LogisticRegression,VA Long Beach,Cleveland,LogisticRegression
218,16,trestbps,-0.010546,0.010546,PAIRWISE_E21_VA L_TO_CLEV_LogisticRegression,VA Long Beach,Cleveland,LogisticRegression
218,16,fbs,-0.146969,0.146969,PAIRWISE_E21_VA L_TO_CLEV_LogisticRegression,VA Long Beach,Cleveland,LogisticRegression
218,16,restecg,0.064181,0.064181,PAIRWISE_E21_VA L_TO_CLEV_LogisticRegression,VA Long Beach,Cleveland,LogisticRegression
218,16,thalach,0.019114,0.019114,PAIRWISE_E21_VA L_TO_CLEV_LogisticRegression,VA Long Beach,Cleveland,LogisticRegression
218,16,exang,-0.108867,0.108867,PAIRWISE_E21_VA L_TO_CLEV_LogisticRegression,VA Long Beach,Cleveland,LogisticRegression
218,16,oldpeak,0.045426,0.045426,PAIRWISE_E21_VA L_TO_CLEV_LogisticRegression,VA Long Beach,Cleveland,LogisticRegression
218,16,slope,-0.000529,0.000529,PAIRWISE_E21_VA L_TO_CLEV_LogisticRegression,VA Long Beach,Cleveland,LogisticRegression
247,17,age,-0.078596,0.078596,PAIRWISE_E21_VA L_TO_CLEV_LogisticRegression,VA Long Beach,Cleveland,LogisticRegression
247,17,sex,0.181974,0.181974,PAIRWISE_E21_VA L_TO_CLEV_LogisticRegression,VA Long Beach,Cleveland,LogisticRegression
247,17,cp,0.192007,0.192007,PAIRWISE_E21_VA L_TO_CLEV_LogisticRegression,VA Long Beach,Cleveland,LogisticRegression
247,17,trestbps,-0.017975,0.017975,PAIRWISE_E21_VA L_TO_CLEV_LogisticRegression,VA Long Beach,Cleveland,LogisticRegression
247,17,fbs,-0.138998,0.138998,PAIRWISE_E21_VA L_TO_CLEV_LogisticRegression,VA Long Beach,Cleveland,LogisticRegression
247,17,restecg,-0.064284,0.064284,PAIRWISE_E21_VA L_TO_CLEV_LogisticRegression,VA Long Beach,Cleveland,LogisticRegression
247,17,thalach,-0.00391,0.00391,PAIRWISE_E21_VA L_TO_CLEV_LogisticRegression,VA Long Beach,Cleveland,LogisticRegression
247,17,exang,0.10872,0.10872,PAIRWISE_E21_VA L_TO_CLEV_LogisticRegression,VA Long Beach,Cleveland,LogisticRegression
247,17,oldpeak,-0.01973,0.01973,PAIRWISE_E21_VA L_TO_CLEV_LogisticRegression,VA Long Beach,Cleveland,LogisticRegression
247,17,slope,-0.017794,0.017794,PAIRWISE_E21_VA L_TO_CLEV_LogisticRegression,VA Long Beach,Cleveland,LogisticRegression
161,18,age,0.072034,0.072034,PAIRWISE_E21_VA L_TO_CLEV_LogisticRegression,VA Long Beach,Cleveland,LogisticRegression
161,18,sex,0.21635,0.21635,PAIRWISE_E21_VA L_TO_CLEV_LogisticRegression,VA Long Beach,Cleveland,LogisticRegression
161,18,cp,0.173336,0.173336,PAIRWISE_E21_VA L_TO_CLEV_LogisticRegression,VA Long Beach,Cleveland,LogisticRegression
161,18,trestbps,9.7e-05,9.7e-05,PAIRWISE_E21_VA L_TO_CLEV_LogisticRegression,VA Long Beach,Cleveland,LogisticRegression
161,18,fbs,-0.142443,0.142443,PAIRWISE_E21_VA L_TO_CLEV_LogisticRegression,VA Long Beach,Cleveland,LogisticRegression
161,18,restecg,-0.061373,0.061373,PAIRWISE_E21_VA L_TO_CLEV_LogisticRegression,VA Long Beach,Cleveland,LogisticRegression
161,18,thalach,-0.027786,0.027786,PAIRWISE_E21_VA L_TO_CLEV_LogisticRegression,VA Long Beach,Cleveland,LogisticRegression
161,18,exang,0.114156,0.114156,PAIRWISE_E21_VA L_TO_CLEV_LogisticRegression,VA Long Beach,Cleveland,LogisticRegression
161,18,oldpeak,-0.112863,0.112863,PAIRWISE_E21_VA L_TO_CLEV_LogisticRegression,VA Long Beach,Cleveland,LogisticRegression
161,18,slope,-0.03884,0.03884,PAIRWISE_E21_VA L_TO_CLEV_LogisticRegression,VA Long Beach,Cleveland,LogisticRegression
113,19,age,-0.077312,0.077312,PAIRWISE_E21_VA L_TO_CLEV_LogisticRegression,VA Long Beach,Cleveland,LogisticRegression
113,19,sex,-0.171597,0.171597,PAIRWISE_E21_VA L_TO_CLEV_LogisticRegression,VA Long Beach,Cleveland,LogisticRegression
113,19,cp,0.17614,0.17614,PAIRWISE_E21_VA L_TO_CLEV_LogisticRegression,VA Long Beach,Cleveland,LogisticRegression
113,19,trestbps,0.002831,0.002831,PAIRWISE_E21_VA L_TO_CLEV_LogisticRegression,VA Long Beach,Cleveland,LogisticRegression
113,19,fbs,0.134448,0.134448,PAIRWISE_E21_VA L_TO_CLEV_LogisticRegression,VA Long Beach,Cleveland,LogisticRegression
113,19,restecg,-0.06648,0.06648,PAIRWISE_E21_VA L_TO_CLEV_LogisticRegression,VA Long Beach,Cleveland,LogisticRegression
113,19,thalach,0.001575,0.001575,PAIRWISE_E21_VA L_TO_CLEV_LogisticRegression,VA Long Beach,Cleveland,LogisticRegression
113,19,exang,0.113909,0.113909,PAIRWISE_E21_VA L_TO_CLEV_LogisticRegression,VA Long Beach,Cleveland,LogisticRegression
113,19,oldpeak,0.105972,0.105972,PAIRWISE_E21_VA L_TO_CLEV_LogisticRegression,VA Long Beach,Cleveland,LogisticRegression
113,19,slope,-0.013093,0.013093,PAIRWISE_E21_VA L_TO_CLEV_LogisticRegression,VA Long Beach,Cleveland,LogisticRegression
143,20,age,0.017237,0.017237,PAIRWISE_E21_VA L_TO_CLEV_LogisticRegression,VA Long Beach,Cleveland,LogisticRegression
143,20,sex,0.164941,0.164941,PAIRWISE_E21_VA L_TO_CLEV_LogisticRegression,VA Long Beach,Cleveland,LogisticRegression
143,20,cp,-0.066452,0.066452,PAIRWISE_E21_VA L_TO_CLEV_LogisticRegression,VA Long Beach,Cleveland,LogisticRegression
143,20,trestbps,-0.013775,0.013775,PAIRWISE_E21_VA L_TO_CLEV_LogisticRegression,VA Long Beach,Cleveland,LogisticRegression
143,20,fbs,-0.139129,0.139129,PAIRWISE_E21_VA L_TO_CLEV_LogisticRegression,VA Long Beach,Cleveland,LogisticRegression
143,20,restecg,0.066381,0.066381,PAIRWISE_E21_VA L_TO_CLEV_LogisticRegression,VA Long Beach,Cleveland,LogisticRegression
143,20,thalach,-0.009675,0.009675,PAIRWISE_E21_VA L_TO_CLEV_LogisticRegression,VA Long Beach,Cleveland,LogisticRegression
143,20,exang,0.101225,0.101225,PAIRWISE_E21_VA L_TO_CLEV_LogisticRegression,VA Long Beach,Cleveland,LogisticRegression
143,20,oldpeak,0.062264,0.062264,PAIRWISE_E21_VA L_TO_CLEV_LogisticRegression,VA Long Beach,Cleveland,LogisticRegression
143,20,slope,-0.002358,0.002358,PAIRWISE_E21_VA L_TO_CLEV_LogisticRegression,VA Long Beach,Cleveland,LogisticRegression
252,21,age,0.038488,0.038488,PAIRWISE_E21_VA L_TO_CLEV_LogisticRegression,VA Long Beach,Cleveland,LogisticRegression
252,21,sex,0.207237,0.207237,PAIRWISE_E21_VA L_TO_CLEV_LogisticRegression,VA Long Beach,Cleveland,LogisticRegression
252,21,cp,0.17879,0.17879,PAIRWISE_E21_VA L_TO_CLEV_LogisticRegression,VA Long Beach,Cleveland,LogisticRegression
252,21,trestbps,0.003121,0.003121,PAIRWISE_E21_VA L_TO_CLEV_LogisticRegression,VA Long Beach,Cleveland,LogisticRegression
252,21,fbs,-0.130119,0.130119,PAIRWISE_E21_VA L_TO_CLEV_LogisticRegression,VA Long Beach,Cleveland,LogisticRegression
252,21,restecg,0.050223,0.050223,PAIRWISE_E21_VA L_TO_CLEV_LogisticRegression,VA Long Beach,Cleveland,LogisticRegression
252,21,thalach,0.037088,0.037088,PAIRWISE_E21_VA L_TO_CLEV_LogisticRegression,VA Long Beach,Cleveland,LogisticRegression
252,21,exang,0.108849,0.108849,PAIRWISE_E21_VA L_TO_CLEV_LogisticRegression,VA Long Beach,Cleveland,LogisticRegression
252,21,oldpeak,-0.121116,0.121116,PAIRWISE_E21_VA L_TO_CLEV_LogisticRegression,VA Long Beach,Cleveland,LogisticRegression
252,21,slope,0.0023,0.0023,PAIRWISE_E21_VA L_TO_CLEV_LogisticRegression,VA Long Beach,Cleveland,LogisticRegression
235,22,age,-0.086619,0.086619,PAIRWISE_E21_VA L_TO_CLEV_LogisticRegression,VA Long Beach,Cleveland,LogisticRegression
235,22,sex,0.184343,0.184343,PAIRWISE_E21_VA L_TO_CLEV_LogisticRegression,VA Long Beach,Cleveland,LogisticRegression
235,22,cp,0.181983,0.181983,PAIRWISE_E21_VA L_TO_CLEV_LogisticRegression,VA Long Beach,Cleveland,LogisticRegression
235,22,trestbps,-0.01477,0.01477,PAIRWISE_E21_VA L_TO_CLEV_LogisticRegression,VA Long Beach,Cleveland,LogisticRegression
235,22,fbs,-0.143473,0.143473,PAIRWISE_E21_VA L_TO_CLEV_LogisticRegression,VA Long Beach,Cleveland,LogisticRegression
235,22,restecg,-0.082312,0.082312,PAIRWISE_E21_VA L_TO_CLEV_LogisticRegression,VA Long Beach,Cleveland,LogisticRegression
235,22,thalach,0.005722,0.005722,PAIRWISE_E21_VA L_TO_CLEV_LogisticRegression,VA Long Beach,Cleveland,LogisticRegression
235,22,exang,0.114727,0.114727,PAIRWISE_E21_VA L_TO_CLEV_LogisticRegression,VA Long Beach,Cleveland,LogisticRegression
235,22,oldpeak,0.120091,0.120091,PAIRWISE_E21_VA L_TO_CLEV_LogisticRegression,VA Long Beach,Cleveland,LogisticRegression
235,22,slope,-0.00878,0.00878,PAIRWISE_E21_VA L_TO_CLEV_LogisticRegression,VA Long Beach,Cleveland,LogisticRegression
72,23,age,0.026959,0.026959,PAIRWISE_E21_VA L_TO_CLEV_LogisticRegression,VA Long Beach,Cleveland,LogisticRegression
72,23,sex,0.213984,0.213984,PAIRWISE_E21_VA L_TO_CLEV_LogisticRegression,VA Long Beach,Cleveland,LogisticRegression
72,23,cp,0.164279,0.164279,PAIRWISE_E21_VA L_TO_CLEV_LogisticRegression,VA Long Beach,Cleveland,LogisticRegression
72,23,trestbps,-0.016573,0.016573,PAIRWISE_E21_VA L_TO_CLEV_LogisticRegression,VA Long Beach,Cleveland,LogisticRegression
72,23,fbs,-0.136574,0.136574,PAIRWISE_E21_VA L_TO_CLEV_LogisticRegression,VA Long Beach,Cleveland,LogisticRegression
72,23,restecg,0.058642,0.058642,PAIRWISE_E21_VA L_TO_CLEV_LogisticRegression,VA Long Beach,Cleveland,LogisticRegression
72,23,thalach,0.02362,0.02362,PAIRWISE_E21_VA L_TO_CLEV_LogisticRegression,VA Long Beach,Cleveland,LogisticRegression
72,23,exang,0.115458,0.115458,PAIRWISE_E21_VA L_TO_CLEV_LogisticRegression,VA Long Beach,Cleveland,LogisticRegression
72,23,oldpeak,0.045769,0.045769,PAIRWISE_E21_VA L_TO_CLEV_LogisticRegression,VA Long Beach,Cleveland,LogisticRegression
72,23,slope,-0.015344,0.015344,PAIRWISE_E21_VA L_TO_CLEV_LogisticRegression,VA Long Beach,Cleveland,LogisticRegression
123,24,age,-0.09597,0.09597,PAIRWISE_E21_VA L_TO_CLEV_LogisticRegression,VA Long Beach,Cleveland,LogisticRegression
123,24,sex,0.184159,0.184159,PAIRWISE_E21_VA L_TO_CLEV_LogisticRegression,VA Long Beach,Cleveland,LogisticRegression
123,24,cp,0.193854,0.193854,PAIRWISE_E21_VA L_TO_CLEV_LogisticRegression,VA Long Beach,Cleveland,LogisticRegression
123,24,trestbps,-2.7e-05,2.7e-05,PAIRWISE_E21_VA L_TO_CLEV_LogisticRegression,VA Long Beach,Cleveland,LogisticRegression
123,24,fbs,-0.13903,0.13903,PAIRWISE_E21_VA L_TO_CLEV_LogisticRegression,VA Long Beach,Cleveland,LogisticRegression
123,24,restecg,0.058004,0.058004,PAIRWISE_E21_VA L_TO_CLEV_LogisticRegression,VA Long Beach,Cleveland,LogisticRegression
123,24,thalach,0.007577,0.007577,PAIRWISE_E21_VA L_TO_CLEV_LogisticRegression,VA Long Beach,Cleveland,LogisticRegression
123,24,exang,0.124163,0.124163,PAIRWISE_E21_VA L_TO_CLEV_LogisticRegression,VA Long Beach,Cleveland,LogisticRegression
123,24,oldpeak,0.111192,0.111192,PAIRWISE_E21_VA L_TO_CLEV_LogisticRegression,VA Long Beach,Cleveland,LogisticRegression
123,24,slope,0.047978,0.047978,PAIRWISE_E21_VA L_TO_CLEV_LogisticRegression,VA Long Beach,Cleveland,LogisticRegression
101,0,age,-0.073219,0.073219,PAIRWISE_E22_VA L_TO_CLEV_RandomForest,VA Long Beach,Cleveland,RandomForest
101,0,sex,0.022403,0.022403,PAIRWISE_E22_VA L_TO_CLEV_RandomForest,VA Long Beach,Cleveland,RandomForest
101,0,cp,-0.145498,0.145498,PAIRWISE_E22_VA L_TO_CLEV_RandomForest,VA Long Beach,Cleveland,RandomForest
101,0,trestbps,-0.029172,0.029172,PAIRWISE_E22_VA L_TO_CLEV_RandomForest,VA Long Beach,Cleveland,RandomForest
101,0,fbs,-0.039478,0.039478,PAIRWISE_E22_VA L_TO_CLEV_RandomForest,VA Long Beach,Cleveland,RandomForest
101,0,restecg,-0.022233,0.022233,PAIRWISE_E22_VA L_TO_CLEV_RandomForest,VA Long Beach,Cleveland,RandomForest
101,0,thalach,-0.040418,0.040418,PAIRWISE_E22_VA L_TO_CLEV_RandomForest,VA Long Beach,Cleveland,RandomForest
101,0,exang,-0.066311,0.066311,PAIRWISE_E22_VA L_TO_CLEV_RandomForest,VA Long Beach,Cleveland,RandomForest
101,0,oldpeak,-0.057843,0.057843,PAIRWISE_E22_VA L_TO_CLEV_RandomForest,VA Long Beach,Cleveland,RandomForest
101,0,slope,-0.015753,0.015753,PAIRWISE_E22_VA L_TO_CLEV_RandomForest,VA Long Beach,Cleveland,RandomForest
222,1,age,-0.070442,0.070442,PAIRWISE_E22_VA L_TO_CLEV_RandomForest,VA Long Beach,Cleveland,RandomForest
222,1,sex,-0.028962,0.028962,PAIRWISE_E22_VA L_TO_CLEV_RandomForest,VA Long Beach,Cleveland,RandomForest
222,1,cp,-0.02277,0.02277,PAIRWISE_E22_VA L_TO_CLEV_RandomForest,VA Long Beach,Cleveland,RandomForest
222,1,trestbps,-0.044057,0.044057,PAIRWISE_E22_VA L_TO_CLEV_RandomForest,VA Long Beach,Cleveland,RandomForest
222,1,fbs,-0.048247,0.048247,PAIRWISE_E22_VA L_TO_CLEV_RandomForest,VA Long Beach,Cleveland,RandomForest
222,1,restecg,0.030004,0.030004,PAIRWISE_E22_VA L_TO_CLEV_RandomForest,VA Long Beach,Cleveland,RandomForest
222,1,thalach,-0.037852,0.037852,PAIRWISE_E22_VA L_TO_CLEV_RandomForest,VA Long Beach,Cleveland,RandomForest
222,1,exang,-0.072073,0.072073,PAIRWISE_E22_VA L_TO_CLEV_RandomForest,VA Long Beach,Cleveland,RandomForest
222,1,oldpeak,-0.064085,0.064085,PAIRWISE_E22_VA L_TO_CLEV_RandomForest,VA Long Beach,Cleveland,RandomForest
222,1,slope,-0.027923,0.027923,PAIRWISE_E22_VA L_TO_CLEV_RandomForest,VA Long Beach,Cleveland,RandomForest
52,2,age,-0.065263,0.065263,PAIRWISE_E22_VA L_TO_CLEV_RandomForest,VA Long Beach,Cleveland,RandomForest
52,2,sex,0.023271,0.023271,PAIRWISE_E22_VA L_TO_CLEV_RandomForest,VA Long Beach,Cleveland,RandomForest
52,2,cp,0.104069,0.104069,PAIRWISE_E22_VA L_TO_CLEV_RandomForest,VA Long Beach,Cleveland,RandomForest
52,2,trestbps,-0.03576,0.03576,PAIRWISE_E22_VA L_TO_CLEV_RandomForest,VA Long Beach,Cleveland,RandomForest
52,2,fbs,-0.054841,0.054841,PAIRWISE_E22_VA L_TO_CLEV_RandomForest,VA Long Beach,Cleveland,RandomForest
52,2,restecg,-0.022034,0.022034,PAIRWISE_E22_VA L_TO_CLEV_RandomForest,VA Long Beach,Cleveland,RandomForest
52,2,thalach,-0.048788,0.048788,PAIRWISE_E22_VA L_TO_CLEV_RandomForest,VA Long Beach,Cleveland,RandomForest
52,2,exang,-0.088232,0.088232,PAIRWISE_E22_VA L_TO_CLEV_RandomForest,VA Long Beach,Cleveland,RandomForest
52,2,oldpeak,-0.054898,0.054898,PAIRWISE_E22_VA L_TO_CLEV_RandomForest,VA Long Beach,Cleveland,RandomForest
52,2,slope,-0.016837,0.016837,PAIRWISE_E22_VA L_TO_CLEV_RandomForest,VA Long Beach,Cleveland,RandomForest
269,3,age,-0.065192,0.065192,PAIRWISE_E22_VA L_TO_CLEV_RandomForest,VA Long Beach,Cleveland,RandomForest
269,3,sex,0.046682,0.046682,PAIRWISE_E22_VA L_TO_CLEV_RandomForest,VA Long Beach,Cleveland,RandomForest
269,3,cp,-0.02942,0.02942,PAIRWISE_E22_VA L_TO_CLEV_RandomForest,VA Long Beach,Cleveland,RandomForest
269,3,trestbps,-0.009451,0.009451,PAIRWISE_E22_VA L_TO_CLEV_RandomForest,VA Long Beach,Cleveland,RandomForest
269,3,fbs,-0.040568,0.040568,PAIRWISE_E22_VA L_TO_CLEV_RandomForest,VA Long Beach,Cleveland,RandomForest
269,3,restecg,0.026328,0.026328,PAIRWISE_E22_VA L_TO_CLEV_RandomForest,VA Long Beach,Cleveland,RandomForest
269,3,thalach,-0.063946,0.063946,PAIRWISE_E22_VA L_TO_CLEV_RandomForest,VA Long Beach,Cleveland,RandomForest
269,3,exang,-0.070787,0.070787,PAIRWISE_E22_VA L_TO_CLEV_RandomForest,VA Long Beach,Cleveland,RandomForest
269,3,oldpeak,-0.072533,0.072533,PAIRWISE_E22_VA L_TO_CLEV_RandomForest,VA Long Beach,Cleveland,RandomForest
269,3,slope,-0.01835,0.01835,PAIRWISE_E22_VA L_TO_CLEV_RandomForest,VA Long Beach,Cleveland,RandomForest
78,4,age,-0.059483,0.059483,PAIRWISE_E22_VA L_TO_CLEV_RandomForest,VA Long Beach,Cleveland,RandomForest
78,4,sex,0.03522,0.03522,PAIRWISE_E22_VA L_TO_CLEV_RandomForest,VA Long Beach,Cleveland,RandomForest
78,4,cp,-0.186553,0.186553,PAIRWISE_E22_VA L_TO_CLEV_RandomForest,VA Long Beach,Cleveland,RandomForest
78,4,trestbps,-0.003559,0.003559,PAIRWISE_E22_VA L_TO_CLEV_RandomForest,VA Long Beach,Cleveland,RandomForest
78,4,fbs,-0.056354,0.056354,PAIRWISE_E22_VA L_TO_CLEV_RandomForest,VA Long Beach,Cleveland,RandomForest
78,4,restecg,-0.028675,0.028675,PAIRWISE_E22_VA L_TO_CLEV_RandomForest,VA Long Beach,Cleveland,RandomForest
78,4,thalach,-0.061652,0.061652,PAIRWISE_E22_VA L_TO_CLEV_RandomForest,VA Long Beach,Cleveland,RandomForest
78,4,exang,-0.082608,0.082608,PAIRWISE_E22_VA L_TO_CLEV_RandomForest,VA Long Beach,Cleveland,RandomForest
78,4,oldpeak,-0.060488,0.060488,PAIRWISE_E22_VA L_TO_CLEV_RandomForest,VA Long Beach,Cleveland,RandomForest
78,4,slope,-0.020728,0.020728,PAIRWISE_E22_VA L_TO_CLEV_RandomForest,VA Long Beach,Cleveland,RandomForest
198,5,age,-0.063905,0.063905,PAIRWISE_E22_VA L_TO_CLEV_RandomForest,VA Long Beach,Cleveland,RandomForest
198,5,sex,0.009166,0.009166,PAIRWISE_E22_VA L_TO_CLEV_RandomForest,VA Long Beach,Cleveland,RandomForest
198,5,cp,-0.179749,0.179749,PAIRWISE_E22_VA L_TO_CLEV_RandomForest,VA Long Beach,Cleveland,RandomForest
198,5,trestbps,-0.013638,0.013638,PAIRWISE_E22_VA L_TO_CLEV_RandomForest,VA Long Beach,Cleveland,RandomForest
198,5,fbs,-0.042062,0.042062,PAIRWISE_E22_VA L_TO_CLEV_RandomForest,VA Long Beach,Cleveland,RandomForest
198,5,restecg,0.040324,0.040324,PAIRWISE_E22_VA L_TO_CLEV_RandomForest,VA Long Beach,Cleveland,RandomForest
198,5,thalach,-0.06746,0.06746,PAIRWISE_E22_VA L_TO_CLEV_RandomForest,VA Long Beach,Cleveland,RandomForest
198,5,exang,-0.077779,0.077779,PAIRWISE_E22_VA L_TO_CLEV_RandomForest,VA Long Beach,Cleveland,RandomForest
198,5,oldpeak,-0.011011,0.011011,PAIRWISE_E22_VA L_TO_CLEV_RandomForest,VA Long Beach,Cleveland,RandomForest
198,5,slope,-0.012262,0.012262,PAIRWISE_E22_VA L_TO_CLEV_RandomForest,VA Long Beach,Cleveland,RandomForest
204,6,age,-0.070673,0.070673,PAIRWISE_E22_VA L_TO_CLEV_RandomForest,VA Long Beach,Cleveland,RandomForest
204,6,sex,0.031176,0.031176,PAIRWISE_E22_VA L_TO_CLEV_RandomForest,VA Long Beach,Cleveland,RandomForest
204,6,cp,0.114599,0.114599,PAIRWISE_E22_VA L_TO_CLEV_RandomForest,VA Long Beach,Cleveland,RandomForest
204,6,trestbps,-0.03197,0.03197,PAIRWISE_E22_VA L_TO_CLEV_RandomForest,VA Long Beach,Cleveland,RandomForest
204,6,fbs,-0.039742,0.039742,PAIRWISE_E22_VA L_TO_CLEV_RandomForest,VA Long Beach,Cleveland,RandomForest
204,6,restecg,0.038773,0.038773,PAIRWISE_E22_VA L_TO_CLEV_RandomForest,VA Long Beach,Cleveland,RandomForest
204,6,thalach,-0.055711,0.055711,PAIRWISE_E22_VA L_TO_CLEV_RandomForest,VA Long Beach,Cleveland,RandomForest
204,6,exang,-0.078122,0.078122,PAIRWISE_E22_VA L_TO_CLEV_RandomForest,VA Long Beach,Cleveland,RandomForest
204,6,oldpeak,-0.067141,0.067141,PAIRWISE_E22_VA L_TO_CLEV_RandomForest,VA Long Beach,Cleveland,RandomForest
204,6,slope,-0.017421,0.017421,PAIRWISE_E22_VA L_TO_CLEV_RandomForest,VA Long Beach,Cleveland,RandomForest
261,7,age,0.003356,0.003356,PAIRWISE_E22_VA L_TO_CLEV_RandomForest,VA Long Beach,Cleveland,RandomForest
261,7,sex,0.006388,0.006388,PAIRWISE_E22_VA L_TO_CLEV_RandomForest,VA Long Beach,Cleveland,RandomForest
261,7,cp,-0.204264,0.204264,PAIRWISE_E22_VA L_TO_CLEV_RandomForest,VA Long Beach,Cleveland,RandomForest
261,7,trestbps,0.02162,0.02162,PAIRWISE_E22_VA L_TO_CLEV_RandomForest,VA Long Beach,Cleveland,RandomForest
261,7,fbs,0.049348,0.049348,PAIRWISE_E22_VA L_TO_CLEV_RandomForest,VA Long Beach,Cleveland,RandomForest
261,7,restecg,-0.000817,0.000817,PAIRWISE_E22_VA L_TO_CLEV_RandomForest,VA Long Beach,Cleveland,RandomForest
261,7,thalach,-0.050307,0.050307,PAIRWISE_E22_VA L_TO_CLEV_RandomForest,VA Long Beach,Cleveland,RandomForest
261,7,exang,-0.063461,0.063461,PAIRWISE_E22_VA L_TO_CLEV_RandomForest,VA Long Beach,Cleveland,RandomForest
261,7,oldpeak,-0.051606,0.051606,PAIRWISE_E22_VA L_TO_CLEV_RandomForest,VA Long Beach,Cleveland,RandomForest
261,7,slope,-0.009666,0.009666,PAIRWISE_E22_VA L_TO_CLEV_RandomForest,VA Long Beach,Cleveland,RandomForest
249,8,age,0.018966,0.018966,PAIRWISE_E22_VA L_TO_CLEV_RandomForest,VA Long Beach,Cleveland,RandomForest
249,8,sex,0.019594,0.019594,PAIRWISE_E22_VA L_TO_CLEV_RandomForest,VA Long Beach,Cleveland,RandomForest
249,8,cp,-0.190687,0.190687,PAIRWISE_E22_VA L_TO_CLEV_RandomForest,VA Long Beach,Cleveland,RandomForest
249,8,trestbps,-0.004272,0.004272,PAIRWISE_E22_VA L_TO_CLEV_RandomForest,VA Long Beach,Cleveland,RandomForest
249,8,fbs,0.039293,0.039293,PAIRWISE_E22_VA L_TO_CLEV_RandomForest,VA Long Beach,Cleveland,RandomForest
249,8,restecg,-0.004444,0.004444,PAIRWISE_E22_VA L_TO_CLEV_RandomForest,VA Long Beach,Cleveland,RandomForest
249,8,thalach,-0.06019,0.06019,PAIRWISE_E22_VA L_TO_CLEV_RandomForest,VA Long Beach,Cleveland,RandomForest
249,8,exang,-0.076325,0.076325,PAIRWISE_E22_VA L_TO_CLEV_RandomForest,VA Long Beach,Cleveland,RandomForest
249,8,oldpeak,-0.060772,0.060772,PAIRWISE_E22_VA L_TO_CLEV_RandomForest,VA Long Beach,Cleveland,RandomForest
249,8,slope,-0.02408,0.02408,PAIRWISE_E22_VA L_TO_CLEV_RandomForest,VA Long Beach,Cleveland,RandomForest
184,9,age,0.005382,0.005382,PAIRWISE_E22_VA L_TO_CLEV_RandomForest,VA Long Beach,Cleveland,RandomForest
184,9,sex,-0.008141,0.008141,PAIRWISE_E22_VA L_TO_CLEV_RandomForest,VA Long Beach,Cleveland,RandomForest
184,9,cp,0.111655,0.111655,PAIRWISE_E22_VA L_TO_CLEV_RandomForest,VA Long Beach,Cleveland,RandomForest
184,9,trestbps,0.007091,0.007091,PAIRWISE_E22_VA L_TO_CLEV_RandomForest,VA Long Beach,Cleveland,RandomForest
184,9,fbs,-0.056192,0.056192,PAIRWISE_E22_VA L_TO_CLEV_RandomForest,VA Long Beach,Cleveland,RandomForest
184,9,restecg,-0.01975,0.01975,PAIRWISE_E22_VA L_TO_CLEV_RandomForest,VA Long Beach,Cleveland,RandomForest
184,9,thalach,-0.055305,0.055305,PAIRWISE_E22_VA L_TO_CLEV_RandomForest,VA Long Beach,Cleveland,RandomForest
184,9,exang,-0.080908,0.080908,PAIRWISE_E22_VA L_TO_CLEV_RandomForest,VA Long Beach,Cleveland,RandomForest
184,9,oldpeak,-0.063242,0.063242,PAIRWISE_E22_VA L_TO_CLEV_RandomForest,VA Long Beach,Cleveland,RandomForest
184,9,slope,-0.016807,0.016807,PAIRWISE_E22_VA L_TO_CLEV_RandomForest,VA Long Beach,Cleveland,RandomForest
73,10,age,0.046823,0.046823,PAIRWISE_E22_VA L_TO_CLEV_RandomForest,VA Long Beach,Cleveland,RandomForest
73,10,sex,-0.01181,0.01181,PAIRWISE_E22_VA L_TO_CLEV_RandomForest,VA Long Beach,Cleveland,RandomForest
73,10,cp,0.105362,0.105362,PAIRWISE_E22_VA L_TO_CLEV_RandomForest,VA Long Beach,Cleveland,RandomForest
73,10,trestbps,-0.029452,0.029452,PAIRWISE_E22_VA L_TO_CLEV_RandomForest,VA Long Beach,Cleveland,RandomForest
73,10,fbs,-0.050769,0.050769,PAIRWISE_E22_VA L_TO_CLEV_RandomForest,VA Long Beach,Cleveland,RandomForest
73,10,restecg,-0.026052,0.026052,PAIRWISE_E22_VA L_TO_CLEV_RandomForest,VA Long Beach,Cleveland,RandomForest
73,10,thalach,-0.045818,0.045818,PAIRWISE_E22_VA L_TO_CLEV_RandomForest,VA Long Beach,Cleveland,RandomForest
73,10,exang,-0.071472,0.071472,PAIRWISE_E22_VA L_TO_CLEV_RandomForest,VA Long Beach,Cleveland,RandomForest
73,10,oldpeak,-0.022925,0.022925,PAIRWISE_E22_VA L_TO_CLEV_RandomForest,VA Long Beach,Cleveland,RandomForest
73,10,slope,-0.029011,0.029011,PAIRWISE_E22_VA L_TO_CLEV_RandomForest,VA Long Beach,Cleveland,RandomForest
116,11,age,-0.000768,0.000768,PAIRWISE_E22_VA L_TO_CLEV_RandomForest,VA Long Beach,Cleveland,RandomForest
116,11,sex,0.002724,0.002724,PAIRWISE_E22_VA L_TO_CLEV_RandomForest,VA Long Beach,Cleveland,RandomForest
116,11,cp,-0.036225,0.036225,PAIRWISE_E22_VA L_TO_CLEV_RandomForest,VA Long Beach,Cleveland,RandomForest
116,11,trestbps,0.040519,0.040519,PAIRWISE_E22_VA L_TO_CLEV_RandomForest,VA Long Beach,Cleveland,RandomForest
116,11,fbs,0.053281,0.053281,PAIRWISE_E22_VA L_TO_CLEV_RandomForest,VA Long Beach,Cleveland,RandomForest
116,11,restecg,-0.035378,0.035378,PAIRWISE_E22_VA L_TO_CLEV_RandomForest,VA Long Beach,Cleveland,RandomForest
116,11,thalach,-0.063268,0.063268,PAIRWISE_E22_VA L_TO_CLEV_RandomForest,VA Long Beach,Cleveland,RandomForest
116,11,exang,-0.069138,0.069138,PAIRWISE_E22_VA L_TO_CLEV_RandomForest,VA Long Beach,Cleveland,RandomForest
116,11,oldpeak,-0.056405,0.056405,PAIRWISE_E22_VA L_TO_CLEV_RandomForest,VA Long Beach,Cleveland,RandomForest
116,11,slope,-0.030404,0.030404,PAIRWISE_E22_VA L_TO_CLEV_RandomForest,VA Long Beach,Cleveland,RandomForest
129,12,age,0.032247,0.032247,PAIRWISE_E22_VA L_TO_CLEV_RandomForest,VA Long Beach,Cleveland,RandomForest
129,12,sex,-0.039585,0.039585,PAIRWISE_E22_VA L_TO_CLEV_RandomForest,VA Long Beach,Cleveland,RandomForest
129,12,cp,0.127544,0.127544,PAIRWISE_E22_VA L_TO_CLEV_RandomForest,VA Long Beach,Cleveland,RandomForest
129,12,trestbps,-0.014697,0.014697,PAIRWISE_E22_VA L_TO_CLEV_RandomForest,VA Long Beach,Cleveland,RandomForest
129,12,fbs,-0.057715,0.057715,PAIRWISE_E22_VA L_TO_CLEV_RandomForest,VA Long Beach,Cleveland,RandomForest
129,12,restecg,0.031007,0.031007,PAIRWISE_E22_VA L_TO_CLEV_RandomForest,VA Long Beach,Cleveland,RandomForest
129,12,thalach,-0.056985,0.056985,PAIRWISE_E22_VA L_TO_CLEV_RandomForest,VA Long Beach,Cleveland,RandomForest
129,12,exang,-0.079779,0.079779,PAIRWISE_E22_VA L_TO_CLEV_RandomForest,VA Long Beach,Cleveland,RandomForest
129,12,oldpeak,-0.050667,0.050667,PAIRWISE_E22_VA L_TO_CLEV_RandomForest,VA Long Beach,Cleveland,RandomForest
129,12,slope,-0.023396,0.023396,PAIRWISE_E22_VA L_TO_CLEV_RandomForest,VA Long Beach,Cleveland,RandomForest
243,13,age,0.034973,0.034973,PAIRWISE_E22_VA L_TO_CLEV_RandomForest,VA Long Beach,Cleveland,RandomForest
243,13,sex,0.005139,0.005139,PAIRWISE_E22_VA L_TO_CLEV_RandomForest,VA Long Beach,Cleveland,RandomForest
243,13,cp,-0.170555,0.170555,PAIRWISE_E22_VA L_TO_CLEV_RandomForest,VA Long Beach,Cleveland,RandomForest
243,13,trestbps,0.020867,0.020867,PAIRWISE_E22_VA L_TO_CLEV_RandomForest,VA Long Beach,Cleveland,RandomForest
243,13,fbs,-0.044309,0.044309,PAIRWISE_E22_VA L_TO_CLEV_RandomForest,VA Long Beach,Cleveland,RandomForest
243,13,restecg,0.034328,0.034328,PAIRWISE_E22_VA L_TO_CLEV_RandomForest,VA Long Beach,Cleveland,RandomForest
243,13,thalach,-0.061226,0.061226,PAIRWISE_E22_VA L_TO_CLEV_RandomForest,VA Long Beach,Cleveland,RandomForest
243,13,exang,-0.072105,0.072105,PAIRWISE_E22_VA L_TO_CLEV_RandomForest,VA Long Beach,Cleveland,RandomForest
243,13,oldpeak,0.078083,0.078083,PAIRWISE_E22_VA L_TO_CLEV_RandomForest,VA Long Beach,Cleveland,RandomForest
243,13,slope,-0.035214,0.035214,PAIRWISE_E22_VA L_TO_CLEV_RandomForest,VA Long Beach,Cleveland,RandomForest
257,14,age,0.041252,0.041252,PAIRWISE_E22_VA L_TO_CLEV_RandomForest,VA Long Beach,Cleveland,RandomForest
257,14,sex,-0.006465,0.006465,PAIRWISE_E22_VA L_TO_CLEV_RandomForest,VA Long Beach,Cleveland,RandomForest
257,14,cp,-0.04199,0.04199,PAIRWISE_E22_VA L_TO_CLEV_RandomForest,VA Long Beach,Cleveland,RandomForest
257,14,trestbps,0.028908,0.028908,PAIRWISE_E22_VA L_TO_CLEV_RandomForest,VA Long Beach,Cleveland,RandomForest
257,14,fbs,-0.039204,0.039204,PAIRWISE_E22_VA L_TO_CLEV_RandomForest,VA Long Beach,Cleveland,RandomForest
257,14,restecg,-0.02235,0.02235,PAIRWISE_E22_VA L_TO_CLEV_RandomForest,VA Long Beach,Cleveland,RandomForest
257,14,thalach,0.011514,0.011514,PAIRWISE_E22_VA L_TO_CLEV_RandomForest,VA Long Beach,Cleveland,RandomForest
257,14,exang,-0.086132,0.086132,PAIRWISE_E22_VA L_TO_CLEV_RandomForest,VA Long Beach,Cleveland,RandomForest
257,14,oldpeak,-0.015732,0.015732,PAIRWISE_E22_VA L_TO_CLEV_RandomForest,VA Long Beach,Cleveland,RandomForest
257,14,slope,-0.026491,0.026491,PAIRWISE_E22_VA L_TO_CLEV_RandomForest,VA Long Beach,Cleveland,RandomForest
203,15,age,0.035207,0.035207,PAIRWISE_E22_VA L_TO_CLEV_RandomForest,VA Long Beach,Cleveland,RandomForest
203,15,sex,-0.013393,0.013393,PAIRWISE_E22_VA L_TO_CLEV_RandomForest,VA Long Beach,Cleveland,RandomForest
203,15,cp,-0.033509,0.033509,PAIRWISE_E22_VA L_TO_CLEV_RandomForest,VA Long Beach,Cleveland,RandomForest
203,15,trestbps,0.007359,0.007359,PAIRWISE_E22_VA L_TO_CLEV_RandomForest,VA Long Beach,Cleveland,RandomForest
203,15,fbs,-0.044872,0.044872,PAIRWISE_E22_VA L_TO_CLEV_RandomForest,VA Long Beach,Cleveland,RandomForest
203,15,restecg,0.019833,0.019833,PAIRWISE_E22_VA L_TO_CLEV_RandomForest,VA Long Beach,Cleveland,RandomForest
203,15,thalach,0.003744,0.003744,PAIRWISE_E22_VA L_TO_CLEV_RandomForest,VA Long Beach,Cleveland,RandomForest
203,15,exang,-0.064488,0.064488,PAIRWISE_E22_VA L_TO_CLEV_RandomForest,VA Long Beach,Cleveland,RandomForest
203,15,oldpeak,-0.05344,0.05344,PAIRWISE_E22_VA L_TO_CLEV_RandomForest,VA Long Beach,Cleveland,RandomForest
203,15,slope,-0.026799,0.026799,PAIRWISE_E22_VA L_TO_CLEV_RandomForest,VA Long Beach,Cleveland,RandomForest
279,16,age,0.010635,0.010635,PAIRWISE_E22_VA L_TO_CLEV_RandomForest,VA Long Beach,Cleveland,RandomForest
279,16,sex,-0.029496,0.029496,PAIRWISE_E22_VA L_TO_CLEV_RandomForest,VA Long Beach,Cleveland,RandomForest
279,16,cp,0.0995,0.0995,PAIRWISE_E22_VA L_TO_CLEV_RandomForest,VA Long Beach,Cleveland,RandomForest
279,16,trestbps,-0.008739,0.008739,PAIRWISE_E22_VA L_TO_CLEV_RandomForest,VA Long Beach,Cleveland,RandomForest
279,16,fbs,-0.05673,0.05673,PAIRWISE_E22_VA L_TO_CLEV_RandomForest,VA Long Beach,Cleveland,RandomForest
279,16,restecg,0.040773,0.040773,PAIRWISE_E22_VA L_TO_CLEV_RandomForest,VA Long Beach,Cleveland,RandomForest
279,16,thalach,0.016315,0.016315,PAIRWISE_E22_VA L_TO_CLEV_RandomForest,VA Long Beach,Cleveland,RandomForest
279,16,exang,-0.074934,0.074934,PAIRWISE_E22_VA L_TO_CLEV_RandomForest,VA Long Beach,Cleveland,RandomForest
279,16,oldpeak,-0.01984,0.01984,PAIRWISE_E22_VA L_TO_CLEV_RandomForest,VA Long Beach,Cleveland,RandomForest
279,16,slope,-0.020012,0.020012,PAIRWISE_E22_VA L_TO_CLEV_RandomForest,VA Long Beach,Cleveland,RandomForest
97,17,age,0.015451,0.015451,PAIRWISE_E22_VA L_TO_CLEV_RandomForest,VA Long Beach,Cleveland,RandomForest
97,17,sex,-0.016267,0.016267,PAIRWISE_E22_VA L_TO_CLEV_RandomForest,VA Long Beach,Cleveland,RandomForest
97,17,cp,0.108074,0.108074,PAIRWISE_E22_VA L_TO_CLEV_RandomForest,VA Long Beach,Cleveland,RandomForest
97,17,trestbps,0.011256,0.011256,PAIRWISE_E22_VA L_TO_CLEV_RandomForest,VA Long Beach,Cleveland,RandomForest
97,17,fbs,-0.038841,0.038841,PAIRWISE_E22_VA L_TO_CLEV_RandomForest,VA Long Beach,Cleveland,RandomForest
97,17,restecg,-0.018164,0.018164,PAIRWISE_E22_VA L_TO_CLEV_RandomForest,VA Long Beach,Cleveland,RandomForest
97,17,thalach,-0.06606,0.06606,PAIRWISE_E22_VA L_TO_CLEV_RandomForest,VA Long Beach,Cleveland,RandomForest
97,17,exang,-0.067387,0.067387,PAIRWISE_E22_VA L_TO_CLEV_RandomForest,VA Long Beach,Cleveland,RandomForest
97,17,oldpeak,0.071723,0.071723,PAIRWISE_E22_VA L_TO_CLEV_RandomForest,VA Long Beach,Cleveland,RandomForest
97,17,slope,-0.029316,0.029316,PAIRWISE_E22_VA L_TO_CLEV_RandomForest,VA Long Beach,Cleveland,RandomForest
209,18,age,0.026047,0.026047,PAIRWISE_E22_VA L_TO_CLEV_RandomForest,VA Long Beach,Cleveland,RandomForest
209,18,sex,-0.0359,0.0359,PAIRWISE_E22_VA L_TO_CLEV_RandomForest,VA Long Beach,Cleveland,RandomForest
209,18,cp,0.109397,0.109397,PAIRWISE_E22_VA L_TO_CLEV_RandomForest,VA Long Beach,Cleveland,RandomForest
209,18,trestbps,0.006957,0.006957,PAIRWISE_E22_VA L_TO_CLEV_RandomForest,VA Long Beach,Cleveland,RandomForest
209,18,fbs,-0.049103,0.049103,PAIRWISE_E22_VA L_TO_CLEV_RandomForest,VA Long Beach,Cleveland,RandomForest
209,18,restecg,0.024134,0.024134,PAIRWISE_E22_VA L_TO_CLEV_RandomForest,VA Long Beach,Cleveland,RandomForest
209,18,thalach,-0.054453,0.054453,PAIRWISE_E22_VA L_TO_CLEV_RandomForest,VA Long Beach,Cleveland,RandomForest
209,18,exang,0.075636,0.075636,PAIRWISE_E22_VA L_TO_CLEV_RandomForest,VA Long Beach,Cleveland,RandomForest
209,18,oldpeak,0.01711,0.01711,PAIRWISE_E22_VA L_TO_CLEV_RandomForest,VA Long Beach,Cleveland,RandomForest
209,18,slope,-0.022603,0.022603,PAIRWISE_E22_VA L_TO_CLEV_RandomForest,VA Long Beach,Cleveland,RandomForest
171,19,age,-0.064246,0.064246,PAIRWISE_E22_VA L_TO_CLEV_RandomForest,VA Long Beach,Cleveland,RandomForest
171,19,sex,0.017348,0.017348,PAIRWISE_E22_VA L_TO_CLEV_RandomForest,VA Long Beach,Cleveland,RandomForest
171,19,cp,0.116696,0.116696,PAIRWISE_E22_VA L_TO_CLEV_RandomForest,VA Long Beach,Cleveland,RandomForest
171,19,trestbps,0.028197,0.028197,PAIRWISE_E22_VA L_TO_CLEV_RandomForest,VA Long Beach,Cleveland,RandomForest
171,19,fbs,-0.042253,0.042253,PAIRWISE_E22_VA L_TO_CLEV_RandomForest,VA Long Beach,Cleveland,RandomForest
171,19,restecg,-0.020283,0.020283,PAIRWISE_E22_VA L_TO_CLEV_RandomForest,VA Long Beach,Cleveland,RandomForest
171,19,thalach,0.012598,0.012598,PAIRWISE_E22_VA L_TO_CLEV_RandomForest,VA Long Beach,Cleveland,RandomForest
171,19,exang,0.079339,0.079339,PAIRWISE_E22_VA L_TO_CLEV_RandomForest,VA Long Beach,Cleveland,RandomForest
171,19,oldpeak,-0.054386,0.054386,PAIRWISE_E22_VA L_TO_CLEV_RandomForest,VA Long Beach,Cleveland,RandomForest
171,19,slope,-0.018511,0.018511,PAIRWISE_E22_VA L_TO_CLEV_RandomForest,VA Long Beach,Cleveland,RandomForest
207,20,age,-0.058308,0.058308,PAIRWISE_E22_VA L_TO_CLEV_RandomForest,VA Long Beach,Cleveland,RandomForest
207,20,sex,-0.006991,0.006991,PAIRWISE_E22_VA L_TO_CLEV_RandomForest,VA Long Beach,Cleveland,RandomForest
207,20,cp,0.115103,0.115103,PAIRWISE_E22_VA L_TO_CLEV_RandomForest,VA Long Beach,Cleveland,RandomForest
207,20,trestbps,0.016163,0.016163,PAIRWISE_E22_VA L_TO_CLEV_RandomForest,VA Long Beach,Cleveland,RandomForest
207,20,fbs,-0.046566,0.046566,PAIRWISE_E22_VA L_TO_CLEV_RandomForest,VA Long Beach,Cleveland,RandomForest
207,20,restecg,-0.023729,0.023729,PAIRWISE_E22_VA L_TO_CLEV_RandomForest,VA Long Beach,Cleveland,RandomForest
207,20,thalach,0.024302,0.024302,PAIRWISE_E22_VA L_TO_CLEV_RandomForest,VA Long Beach,Cleveland,RandomForest
207,20,exang,0.084261,0.084261,PAIRWISE_E22_VA L_TO_CLEV_RandomForest,VA Long Beach,Cleveland,RandomForest
207,20,oldpeak,-0.015976,0.015976,PAIRWISE_E22_VA L_TO_CLEV_RandomForest,VA Long Beach,Cleveland,RandomForest
207,20,slope,-0.022144,0.022144,PAIRWISE_E22_VA L_TO_CLEV_RandomForest,VA Long Beach,Cleveland,RandomForest
118,21,age,0.037417,0.037417,PAIRWISE_E22_VA L_TO_CLEV_RandomForest,VA Long Beach,Cleveland,RandomForest
118,21,sex,0.025819,0.025819,PAIRWISE_E22_VA L_TO_CLEV_RandomForest,VA Long Beach,Cleveland,RandomForest
118,21,cp,0.106011,0.106011,PAIRWISE_E22_VA L_TO_CLEV_RandomForest,VA Long Beach,Cleveland,RandomForest
118,21,trestbps,0.010992,0.010992,PAIRWISE_E22_VA L_TO_CLEV_RandomForest,VA Long Beach,Cleveland,RandomForest
118,21,fbs,0.039095,0.039095,PAIRWISE_E22_VA L_TO_CLEV_RandomForest,VA Long Beach,Cleveland,RandomForest
118,21,restecg,-0.013209,0.013209,PAIRWISE_E22_VA L_TO_CLEV_RandomForest,VA Long Beach,Cleveland,RandomForest
118,21,thalach,-0.000296,0.000296,PAIRWISE_E22_VA L_TO_CLEV_RandomForest,VA Long Beach,Cleveland,RandomForest
118,21,exang,0.072071,0.072071,PAIRWISE_E22_VA L_TO_CLEV_RandomForest,VA Long Beach,Cleveland,RandomForest
118,21,oldpeak,0.008671,0.008671,PAIRWISE_E22_VA L_TO_CLEV_RandomForest,VA Long Beach,Cleveland,RandomForest
118,21,slope,-0.020209,0.020209,PAIRWISE_E22_VA L_TO_CLEV_RandomForest,VA Long Beach,Cleveland,RandomForest
126,22,age,0.001576,0.001576,PAIRWISE_E22_VA L_TO_CLEV_RandomForest,VA Long Beach,Cleveland,RandomForest
126,22,sex,-0.016543,0.016543,PAIRWISE_E22_VA L_TO_CLEV_RandomForest,VA Long Beach,Cleveland,RandomForest
126,22,cp,0.111402,0.111402,PAIRWISE_E22_VA L_TO_CLEV_RandomForest,VA Long Beach,Cleveland,RandomForest
126,22,trestbps,0.013698,0.013698,PAIRWISE_E22_VA L_TO_CLEV_RandomForest,VA Long Beach,Cleveland,RandomForest
126,22,fbs,0.054419,0.054419,PAIRWISE_E22_VA L_TO_CLEV_RandomForest,VA Long Beach,Cleveland,RandomForest
126,22,restecg,-0.032301,0.032301,PAIRWISE_E22_VA L_TO_CLEV_RandomForest,VA Long Beach,Cleveland,RandomForest
126,22,thalach,0.026109,0.026109,PAIRWISE_E22_VA L_TO_CLEV_RandomForest,VA Long Beach,Cleveland,RandomForest
126,22,exang,0.080854,0.080854,PAIRWISE_E22_VA L_TO_CLEV_RandomForest,VA Long Beach,Cleveland,RandomForest
126,22,oldpeak,0.088931,0.088931,PAIRWISE_E22_VA L_TO_CLEV_RandomForest,VA Long Beach,Cleveland,RandomForest
126,22,slope,0.033848,0.033848,PAIRWISE_E22_VA L_TO_CLEV_RandomForest,VA Long Beach,Cleveland,RandomForest
9,23,age,-0.060826,0.060826,PAIRWISE_E22_VA L_TO_CLEV_RandomForest,VA Long Beach,Cleveland,RandomForest
9,23,sex,0.021122,0.021122,PAIRWISE_E22_VA L_TO_CLEV_RandomForest,VA Long Beach,Cleveland,RandomForest
9,23,cp,0.098109,0.098109,PAIRWISE_E22_VA L_TO_CLEV_RandomForest,VA Long Beach,Cleveland,RandomForest
9,23,trestbps,0.020878,0.020878,PAIRWISE_E22_VA L_TO_CLEV_RandomForest,VA Long Beach,Cleveland,RandomForest
9,23,fbs,0.055207,0.055207,PAIRWISE_E22_VA L_TO_CLEV_RandomForest,VA Long Beach,Cleveland,RandomForest
9,23,restecg,-0.025328,0.025328,PAIRWISE_E22_VA L_TO_CLEV_RandomForest,VA Long Beach,Cleveland,RandomForest
9,23,thalach,-0.048195,0.048195,PAIRWISE_E22_VA L_TO_CLEV_RandomForest,VA Long Beach,Cleveland,RandomForest
9,23,exang,0.074355,0.074355,PAIRWISE_E22_VA L_TO_CLEV_RandomForest,VA Long Beach,Cleveland,RandomForest
9,23,oldpeak,0.077272,0.077272,PAIRWISE_E22_VA L_TO_CLEV_RandomForest,VA Long Beach,Cleveland,RandomForest
9,23,slope,0.040627,0.040627,PAIRWISE_E22_VA L_TO_CLEV_RandomForest,VA Long Beach,Cleveland,RandomForest
136,24,age,0.0385,0.0385,PAIRWISE_E22_VA L_TO_CLEV_RandomForest,VA Long Beach,Cleveland,RandomForest
136,24,sex,0.00366,0.00366,PAIRWISE_E22_VA L_TO_CLEV_RandomForest,VA Long Beach,Cleveland,RandomForest
136,24,cp,0.11554,0.11554,PAIRWISE_E22_VA L_TO_CLEV_RandomForest,VA Long Beach,Cleveland,RandomForest
136,24,trestbps,0.019108,0.019108,PAIRWISE_E22_VA L_TO_CLEV_RandomForest,VA Long Beach,Cleveland,RandomForest
136,24,fbs,-0.046549,0.046549,PAIRWISE_E22_VA L_TO_CLEV_RandomForest,VA Long Beach,Cleveland,RandomForest
136,24,restecg,0.029947,0.029947,PAIRWISE_E22_VA L_TO_CLEV_RandomForest,VA Long Beach,Cleveland,RandomForest
136,24,thalach,0.00699,0.00699,PAIRWISE_E22_VA L_TO_CLEV_RandomForest,VA Long Beach,Cleveland,RandomForest
136,24,exang,0.079981,0.079981,PAIRWISE_E22_VA L_TO_CLEV_RandomForest,VA Long Beach,Cleveland,RandomForest
136,24,oldpeak,0.077497,0.077497,PAIRWISE_E22_VA L_TO_CLEV_RandomForest,VA Long Beach,Cleveland,RandomForest
136,24,slope,0.04391,0.04391,PAIRWISE_E22_VA L_TO_CLEV_RandomForest,VA Long Beach,Cleveland,RandomForest
130,0,age,-0.038408,0.038408,PAIRWISE_E23_VA L_TO_CLEV_SVM,VA Long Beach,Cleveland,SVM
130,0,sex,-0.031419,0.031419,PAIRWISE_E23_VA L_TO_CLEV_SVM,VA Long Beach,Cleveland,SVM
130,0,cp,-0.017555,0.017555,PAIRWISE_E23_VA L_TO_CLEV_SVM,VA Long Beach,Cleveland,SVM
130,0,trestbps,-0.023376,0.023376,PAIRWISE_E23_VA L_TO_CLEV_SVM,VA Long Beach,Cleveland,SVM
130,0,fbs,-0.094619,0.094619,PAIRWISE_E23_VA L_TO_CLEV_SVM,VA Long Beach,Cleveland,SVM
130,0,restecg,-0.030793,0.030793,PAIRWISE_E23_VA L_TO_CLEV_SVM,VA Long Beach,Cleveland,SVM
130,0,thalach,-0.043174,0.043174,PAIRWISE_E23_VA L_TO_CLEV_SVM,VA Long Beach,Cleveland,SVM
130,0,exang,-0.113607,0.113607,PAIRWISE_E23_VA L_TO_CLEV_SVM,VA Long Beach,Cleveland,SVM
130,0,oldpeak,-0.044662,0.044662,PAIRWISE_E23_VA L_TO_CLEV_SVM,VA Long Beach,Cleveland,SVM
130,0,slope,-0.026803,0.026803,PAIRWISE_E23_VA L_TO_CLEV_SVM,VA Long Beach,Cleveland,SVM
112,1,age,-0.029135,0.029135,PAIRWISE_E23_VA L_TO_CLEV_SVM,VA Long Beach,Cleveland,SVM
112,1,sex,0.03268,0.03268,PAIRWISE_E23_VA L_TO_CLEV_SVM,VA Long Beach,Cleveland,SVM
112,1,cp,-0.123274,0.123274,PAIRWISE_E23_VA L_TO_CLEV_SVM,VA Long Beach,Cleveland,SVM
112,1,trestbps,-0.036829,0.036829,PAIRWISE_E23_VA L_TO_CLEV_SVM,VA Long Beach,Cleveland,SVM
112,1,fbs,-0.095229,0.095229,PAIRWISE_E23_VA L_TO_CLEV_SVM,VA Long Beach,Cleveland,SVM
112,1,restecg,-0.030753,0.030753,PAIRWISE_E23_VA L_TO_CLEV_SVM,VA Long Beach,Cleveland,SVM
112,1,thalach,-0.034671,0.034671,PAIRWISE_E23_VA L_TO_CLEV_SVM,VA Long Beach,Cleveland,SVM
112,1,exang,-0.106155,0.106155,PAIRWISE_E23_VA L_TO_CLEV_SVM,VA Long Beach,Cleveland,SVM
112,1,oldpeak,-0.04239,0.04239,PAIRWISE_E23_VA L_TO_CLEV_SVM,VA Long Beach,Cleveland,SVM
112,1,slope,-0.034409,0.034409,PAIRWISE_E23_VA L_TO_CLEV_SVM,VA Long Beach,Cleveland,SVM
74,2,age,-0.030725,0.030725,PAIRWISE_E23_VA L_TO_CLEV_SVM,VA Long Beach,Cleveland,SVM
74,2,sex,0.041334,0.041334,PAIRWISE_E23_VA L_TO_CLEV_SVM,VA Long Beach,Cleveland,SVM
74,2,cp,0.043367,0.043367,PAIRWISE_E23_VA L_TO_CLEV_SVM,VA Long Beach,Cleveland,SVM
74,2,trestbps,-0.019263,0.019263,PAIRWISE_E23_VA L_TO_CLEV_SVM,VA Long Beach,Cleveland,SVM
74,2,fbs,-0.095901,0.095901,PAIRWISE_E23_VA L_TO_CLEV_SVM,VA Long Beach,Cleveland,SVM
74,2,restecg,-0.031857,0.031857,PAIRWISE_E23_VA L_TO_CLEV_SVM,VA Long Beach,Cleveland,SVM
74,2,thalach,-0.045207,0.045207,PAIRWISE_E23_VA L_TO_CLEV_SVM,VA Long Beach,Cleveland,SVM
74,2,exang,-0.109577,0.109577,PAIRWISE_E23_VA L_TO_CLEV_SVM,VA Long Beach,Cleveland,SVM
74,2,oldpeak,-0.034654,0.034654,PAIRWISE_E23_VA L_TO_CLEV_SVM,VA Long Beach,Cleveland,SVM
74,2,slope,0.023141,0.023141,PAIRWISE_E23_VA L_TO_CLEV_SVM,VA Long Beach,Cleveland,SVM
208,3,age,-0.019786,0.019786,PAIRWISE_E23_VA L_TO_CLEV_SVM,VA Long Beach,Cleveland,SVM
208,3,sex,0.031278,0.031278,PAIRWISE_E23_VA L_TO_CLEV_SVM,VA Long Beach,Cleveland,SVM
208,3,cp,-0.073871,0.073871,PAIRWISE_E23_VA L_TO_CLEV_SVM,VA Long Beach,Cleveland,SVM
208,3,trestbps,0.003987,0.003987,PAIRWISE_E23_VA L_TO_CLEV_SVM,VA Long Beach,Cleveland,SVM
208,3,fbs,-0.081301,0.081301,PAIRWISE_E23_VA L_TO_CLEV_SVM,VA Long Beach,Cleveland,SVM
208,3,restecg,0.042242,0.042242,PAIRWISE_E23_VA L_TO_CLEV_SVM,VA Long Beach,Cleveland,SVM
208,3,thalach,-0.053611,0.053611,PAIRWISE_E23_VA L_TO_CLEV_SVM,VA Long Beach,Cleveland,SVM
208,3,exang,-0.092028,0.092028,PAIRWISE_E23_VA L_TO_CLEV_SVM,VA Long Beach,Cleveland,SVM
208,3,oldpeak,-0.024295,0.024295,PAIRWISE_E23_VA L_TO_CLEV_SVM,VA Long Beach,Cleveland,SVM
208,3,slope,0.020079,0.020079,PAIRWISE_E23_VA L_TO_CLEV_SVM,VA Long Beach,Cleveland,SVM
73,4,age,0.007344,0.007344,PAIRWISE_E23_VA L_TO_CLEV_SVM,VA Long Beach,Cleveland,SVM
73,4,sex,0.028779,0.028779,PAIRWISE_E23_VA L_TO_CLEV_SVM,VA Long Beach,Cleveland,SVM
73,4,cp,0.072383,0.072383,PAIRWISE_E23_VA L_TO_CLEV_SVM,VA Long Beach,Cleveland,SVM
73,4,trestbps,-0.006669,0.006669,PAIRWISE_E23_VA L_TO_CLEV_SVM,VA Long Beach,Cleveland,SVM
73,4,fbs,-0.086825,0.086825,PAIRWISE_E23_VA L_TO_CLEV_SVM,VA Long Beach,Cleveland,SVM
73,4,restecg,-0.035584,0.035584,PAIRWISE_E23_VA L_TO_CLEV_SVM,VA Long Beach,Cleveland,SVM
73,4,thalach,-0.047939,0.047939,PAIRWISE_E23_VA L_TO_CLEV_SVM,VA Long Beach,Cleveland,SVM
73,4,exang,-0.108782,0.108782,PAIRWISE_E23_VA L_TO_CLEV_SVM,VA Long Beach,Cleveland,SVM
73,4,oldpeak,-0.01246,0.01246,PAIRWISE_E23_VA L_TO_CLEV_SVM,VA Long Beach,Cleveland,SVM
73,4,slope,0.024174,0.024174,PAIRWISE_E23_VA L_TO_CLEV_SVM,VA Long Beach,Cleveland,SVM
87,5,age,-0.03392,0.03392,PAIRWISE_E23_VA L_TO_CLEV_SVM,VA Long Beach,Cleveland,SVM
87,5,sex,0.006105,0.006105,PAIRWISE_E23_VA L_TO_CLEV_SVM,VA Long Beach,Cleveland,SVM
87,5,cp,-0.010538,0.010538,PAIRWISE_E23_VA L_TO_CLEV_SVM,VA Long Beach,Cleveland,SVM
87,5,trestbps,-0.019022,0.019022,PAIRWISE_E23_VA L_TO_CLEV_SVM,VA Long Beach,Cleveland,SVM
87,5,fbs,-0.105172,0.105172,PAIRWISE_E23_VA L_TO_CLEV_SVM,VA Long Beach,Cleveland,SVM
87,5,restecg,-0.013702,0.013702,PAIRWISE_E23_VA L_TO_CLEV_SVM,VA Long Beach,Cleveland,SVM
87,5,thalach,0.014949,0.014949,PAIRWISE_E23_VA L_TO_CLEV_SVM,VA Long Beach,Cleveland,SVM
87,5,exang,-0.106993,0.106993,PAIRWISE_E23_VA L_TO_CLEV_SVM,VA Long Beach,Cleveland,SVM
87,5,oldpeak,-0.047207,0.047207,PAIRWISE_E23_VA L_TO_CLEV_SVM,VA Long Beach,Cleveland,SVM
87,5,slope,0.010323,0.010323,PAIRWISE_E23_VA L_TO_CLEV_SVM,VA Long Beach,Cleveland,SVM
109,6,age,-0.028261,0.028261,PAIRWISE_E23_VA L_TO_CLEV_SVM,VA Long Beach,Cleveland,SVM
109,6,sex,0.008462,0.008462,PAIRWISE_E23_VA L_TO_CLEV_SVM,VA Long Beach,Cleveland,SVM
109,6,cp,0.055459,0.055459,PAIRWISE_E23_VA L_TO_CLEV_SVM,VA Long Beach,Cleveland,SVM
109,6,trestbps,-0.017782,0.017782,PAIRWISE_E23_VA L_TO_CLEV_SVM,VA Long Beach,Cleveland,SVM
109,6,fbs,-0.093769,0.093769,PAIRWISE_E23_VA L_TO_CLEV_SVM,VA Long Beach,Cleveland,SVM
109,6,restecg,0.063017,0.063017,PAIRWISE_E23_VA L_TO_CLEV_SVM,VA Long Beach,Cleveland,SVM
109,6,thalach,-0.046578,0.046578,PAIRWISE_E23_VA L_TO_CLEV_SVM,VA Long Beach,Cleveland,SVM
109,6,exang,-0.115712,0.115712,PAIRWISE_E23_VA L_TO_CLEV_SVM,VA Long Beach,Cleveland,SVM
109,6,oldpeak,-0.002966,0.002966,PAIRWISE_E23_VA L_TO_CLEV_SVM,VA Long Beach,Cleveland,SVM
109,6,slope,-0.040532,0.040532,PAIRWISE_E23_VA L_TO_CLEV_SVM,VA Long Beach,Cleveland,SVM
119,7,age,0.006876,0.006876,PAIRWISE_E23_VA L_TO_CLEV_SVM,VA Long Beach,Cleveland,SVM
119,7,sex,0.022052,0.022052,PAIRWISE_E23_VA L_TO_CLEV_SVM,VA Long Beach,Cleveland,SVM
119,7,cp,0.05355,0.05355,PAIRWISE_E23_VA L_TO_CLEV_SVM,VA Long Beach,Cleveland,SVM
119,7,trestbps,0.00744,0.00744,PAIRWISE_E23_VA L_TO_CLEV_SVM,VA Long Beach,Cleveland,SVM
119,7,fbs,-0.088385,0.088385,PAIRWISE_E23_VA L_TO_CLEV_SVM,VA Long Beach,Cleveland,SVM
119,7,restecg,-0.026383,0.026383,PAIRWISE_E23_VA L_TO_CLEV_SVM,VA Long Beach,Cleveland,SVM
119,7,thalach,-0.007335,0.007335,PAIRWISE_E23_VA L_TO_CLEV_SVM,VA Long Beach,Cleveland,SVM
119,7,exang,-0.099564,0.099564,PAIRWISE_E23_VA L_TO_CLEV_SVM,VA Long Beach,Cleveland,SVM
119,7,oldpeak,0.044291,0.044291,PAIRWISE_E23_VA L_TO_CLEV_SVM,VA Long Beach,Cleveland,SVM
119,7,slope,-0.035006,0.035006,PAIRWISE_E23_VA L_TO_CLEV_SVM,VA Long Beach,Cleveland,SVM
249,8,age,0.007819,0.007819,PAIRWISE_E23_VA L_TO_CLEV_SVM,VA Long Beach,Cleveland,SVM
249,8,sex,-0.004905,0.004905,PAIRWISE_E23_VA L_TO_CLEV_SVM,VA Long Beach,Cleveland,SVM
249,8,cp,-0.087757,0.087757,PAIRWISE_E23_VA L_TO_CLEV_SVM,VA Long Beach,Cleveland,SVM
249,8,trestbps,-0.000449,0.000449,PAIRWISE_E23_VA L_TO_CLEV_SVM,VA Long Beach,Cleveland,SVM
249,8,fbs,0.085768,0.085768,PAIRWISE_E23_VA L_TO_CLEV_SVM,VA Long Beach,Cleveland,SVM
249,8,restecg,-0.022683,0.022683,PAIRWISE_E23_VA L_TO_CLEV_SVM,VA Long Beach,Cleveland,SVM
249,8,thalach,-0.052433,0.052433,PAIRWISE_E23_VA L_TO_CLEV_SVM,VA Long Beach,Cleveland,SVM
249,8,exang,-0.091074,0.091074,PAIRWISE_E23_VA L_TO_CLEV_SVM,VA Long Beach,Cleveland,SVM
249,8,oldpeak,-0.034922,0.034922,PAIRWISE_E23_VA L_TO_CLEV_SVM,VA Long Beach,Cleveland,SVM
249,8,slope,0.013789,0.013789,PAIRWISE_E23_VA L_TO_CLEV_SVM,VA Long Beach,Cleveland,SVM
42,9,age,0.018628,0.018628,PAIRWISE_E23_VA L_TO_CLEV_SVM,VA Long Beach,Cleveland,SVM
42,9,sex,-0.026581,0.026581,PAIRWISE_E23_VA L_TO_CLEV_SVM,VA Long Beach,Cleveland,SVM
42,9,cp,-0.071138,0.071138,PAIRWISE_E23_VA L_TO_CLEV_SVM,VA Long Beach,Cleveland,SVM
42,9,trestbps,0.023471,0.023471,PAIRWISE_E23_VA L_TO_CLEV_SVM,VA Long Beach,Cleveland,SVM
42,9,fbs,-0.088495,0.088495,PAIRWISE_E23_VA L_TO_CLEV_SVM,VA Long Beach,Cleveland,SVM
42,9,restecg,0.058977,0.058977,PAIRWISE_E23_VA L_TO_CLEV_SVM,VA Long Beach,Cleveland,SVM
42,9,thalach,-0.042057,0.042057,PAIRWISE_E23_VA L_TO_CLEV_SVM,VA Long Beach,Cleveland,SVM
42,9,exang,-0.104325,0.104325,PAIRWISE_E23_VA L_TO_CLEV_SVM,VA Long Beach,Cleveland,SVM
42,9,oldpeak,-0.047179,0.047179,PAIRWISE_E23_VA L_TO_CLEV_SVM,VA Long Beach,Cleveland,SVM
42,9,slope,0.021894,0.021894,PAIRWISE_E23_VA L_TO_CLEV_SVM,VA Long Beach,Cleveland,SVM
89,10,age,-0.031166,0.031166,PAIRWISE_E23_VA L_TO_CLEV_SVM,VA Long Beach,Cleveland,SVM
89,10,sex,-0.042351,0.042351,PAIRWISE_E23_VA L_TO_CLEV_SVM,VA Long Beach,Cleveland,SVM
89,10,cp,-0.01348,0.01348,PAIRWISE_E23_VA L_TO_CLEV_SVM,VA Long Beach,Cleveland,SVM
89,10,trestbps,-0.00508,0.00508,PAIRWISE_E23_VA L_TO_CLEV_SVM,VA Long Beach,Cleveland,SVM
89,10,fbs,-0.086442,0.086442,PAIRWISE_E23_VA L_TO_CLEV_SVM,VA Long Beach,Cleveland,SVM
89,10,restecg,-0.034991,0.034991,PAIRWISE_E23_VA L_TO_CLEV_SVM,VA Long Beach,Cleveland,SVM
89,10,thalach,-0.052413,0.052413,PAIRWISE_E23_VA L_TO_CLEV_SVM,VA Long Beach,Cleveland,SVM
89,10,exang,-0.108102,0.108102,PAIRWISE_E23_VA L_TO_CLEV_SVM,VA Long Beach,Cleveland,SVM
89,10,oldpeak,-0.033536,0.033536,PAIRWISE_E23_VA L_TO_CLEV_SVM,VA Long Beach,Cleveland,SVM
89,10,slope,0.021385,0.021385,PAIRWISE_E23_VA L_TO_CLEV_SVM,VA Long Beach,Cleveland,SVM
216,11,age,-0.027396,0.027396,PAIRWISE_E23_VA L_TO_CLEV_SVM,VA Long Beach,Cleveland,SVM
216,11,sex,-0.005994,0.005994,PAIRWISE_E23_VA L_TO_CLEV_SVM,VA Long Beach,Cleveland,SVM
216,11,cp,-0.081967,0.081967,PAIRWISE_E23_VA L_TO_CLEV_SVM,VA Long Beach,Cleveland,SVM
216,11,trestbps,-0.015246,0.015246,PAIRWISE_E23_VA L_TO_CLEV_SVM,VA Long Beach,Cleveland,SVM
216,11,fbs,-0.084658,0.084658,PAIRWISE_E23_VA L_TO_CLEV_SVM,VA Long Beach,Cleveland,SVM
216,11,restecg,0.039622,0.039622,PAIRWISE_E23_VA L_TO_CLEV_SVM,VA Long Beach,Cleveland,SVM
216,11,thalach,-0.058521,0.058521,PAIRWISE_E23_VA L_TO_CLEV_SVM,VA Long Beach,Cleveland,SVM
216,11,exang,-0.10089,0.10089,PAIRWISE_E23_VA L_TO_CLEV_SVM,VA Long Beach,Cleveland,SVM
216,11,oldpeak,-0.034877,0.034877,PAIRWISE_E23_VA L_TO_CLEV_SVM,VA Long Beach,Cleveland,SVM
216,11,slope,0.026487,0.026487,PAIRWISE_E23_VA L_TO_CLEV_SVM,VA Long Beach,Cleveland,SVM
113,12,age,-0.024063,0.024063,PAIRWISE_E23_VA L_TO_CLEV_SVM,VA Long Beach,Cleveland,SVM
113,12,sex,-0.044752,0.044752,PAIRWISE_E23_VA L_TO_CLEV_SVM,VA Long Beach,Cleveland,SVM
113,12,cp,0.060163,0.060163,PAIRWISE_E23_VA L_TO_CLEV_SVM,VA Long Beach,Cleveland,SVM
113,12,trestbps,0.012073,0.012073,PAIRWISE_E23_VA L_TO_CLEV_SVM,VA Long Beach,Cleveland,SVM
113,12,fbs,0.089897,0.089897,PAIRWISE_E23_VA L_TO_CLEV_SVM,VA Long Beach,Cleveland,SVM
113,12,restecg,-0.025906,0.025906,PAIRWISE_E23_VA L_TO_CLEV_SVM,VA Long Beach,Cleveland,SVM
113,12,thalach,0.012944,0.012944,PAIRWISE_E23_VA L_TO_CLEV_SVM,VA Long Beach,Cleveland,SVM
113,12,exang,0.104819,0.104819,PAIRWISE_E23_VA L_TO_CLEV_SVM,VA Long Beach,Cleveland,SVM
113,12,oldpeak,0.028319,0.028319,PAIRWISE_E23_VA L_TO_CLEV_SVM,VA Long Beach,Cleveland,SVM
113,12,slope,-0.029304,0.029304,PAIRWISE_E23_VA L_TO_CLEV_SVM,VA Long Beach,Cleveland,SVM
91,13,age,0.008655,0.008655,PAIRWISE_E23_VA L_TO_CLEV_SVM,VA Long Beach,Cleveland,SVM
91,13,sex,0.005957,0.005957,PAIRWISE_E23_VA L_TO_CLEV_SVM,VA Long Beach,Cleveland,SVM
91,13,cp,0.059166,0.059166,PAIRWISE_E23_VA L_TO_CLEV_SVM,VA Long Beach,Cleveland,SVM
91,13,trestbps,0.024408,0.024408,PAIRWISE_E23_VA L_TO_CLEV_SVM,VA Long Beach,Cleveland,SVM
91,13,fbs,-0.087078,0.087078,PAIRWISE_E23_VA L_TO_CLEV_SVM,VA Long Beach,Cleveland,SVM
91,13,restecg,-0.033469,0.033469,PAIRWISE_E23_VA L_TO_CLEV_SVM,VA Long Beach,Cleveland,SVM
91,13,thalach,-0.048528,0.048528,PAIRWISE_E23_VA L_TO_CLEV_SVM,VA Long Beach,Cleveland,SVM
91,13,exang,-0.109277,0.109277,PAIRWISE_E23_VA L_TO_CLEV_SVM,VA Long Beach,Cleveland,SVM
91,13,oldpeak,0.043755,0.043755,PAIRWISE_E23_VA L_TO_CLEV_SVM,VA Long Beach,Cleveland,SVM
91,13,slope,0.022891,0.022891,PAIRWISE_E23_VA L_TO_CLEV_SVM,VA Long Beach,Cleveland,SVM
284,14,age,0.008518,0.008518,PAIRWISE_E23_VA L_TO_CLEV_SVM,VA Long Beach,Cleveland,SVM
284,14,sex,0.045442,0.045442,PAIRWISE_E23_VA L_TO_CLEV_SVM,VA Long Beach,Cleveland,SVM
284,14,cp,0.052906,0.052906,PAIRWISE_E23_VA L_TO_CLEV_SVM,VA Long Beach,Cleveland,SVM
284,14,trestbps,0.026971,0.026971,PAIRWISE_E23_VA L_TO_CLEV_SVM,VA Long Beach,Cleveland,SVM
284,14,fbs,-0.095839,0.095839,PAIRWISE_E23_VA L_TO_CLEV_SVM,VA Long Beach,Cleveland,SVM
284,14,restecg,0.050584,0.050584,PAIRWISE_E23_VA L_TO_CLEV_SVM,VA Long Beach,Cleveland,SVM
284,14,thalach,-0.043161,0.043161,PAIRWISE_E23_VA L_TO_CLEV_SVM,VA Long Beach,Cleveland,SVM
284,14,exang,-0.110478,0.110478,PAIRWISE_E23_VA L_TO_CLEV_SVM,VA Long Beach,Cleveland,SVM
284,14,oldpeak,-0.031783,0.031783,PAIRWISE_E23_VA L_TO_CLEV_SVM,VA Long Beach,Cleveland,SVM
284,14,slope,0.018229,0.018229,PAIRWISE_E23_VA L_TO_CLEV_SVM,VA Long Beach,Cleveland,SVM
277,15,age,-0.029338,0.029338,PAIRWISE_E23_VA L_TO_CLEV_SVM,VA Long Beach,Cleveland,SVM
277,15,sex,-0.033464,0.033464,PAIRWISE_E23_VA L_TO_CLEV_SVM,VA Long Beach,Cleveland,SVM
277,15,cp,-0.005411,0.005411,PAIRWISE_E23_VA L_TO_CLEV_SVM,VA Long Beach,Cleveland,SVM
277,15,trestbps,-0.001763,0.001763,PAIRWISE_E23_VA L_TO_CLEV_SVM,VA Long Beach,Cleveland,SVM
277,15,fbs,-0.074982,0.074982,PAIRWISE_E23_VA L_TO_CLEV_SVM,VA Long Beach,Cleveland,SVM
277,15,restecg,0.037433,0.037433,PAIRWISE_E23_VA L_TO_CLEV_SVM,VA Long Beach,Cleveland,SVM
277,15,thalach,-0.047765,0.047765,PAIRWISE_E23_VA L_TO_CLEV_SVM,VA Long Beach,Cleveland,SVM
277,15,exang,-0.087822,0.087822,PAIRWISE_E23_VA L_TO_CLEV_SVM,VA Long Beach,Cleveland,SVM
277,15,oldpeak,-0.027727,0.027727,PAIRWISE_E23_VA L_TO_CLEV_SVM,VA Long Beach,Cleveland,SVM
277,15,slope,-0.03495,0.03495,PAIRWISE_E23_VA L_TO_CLEV_SVM,VA Long Beach,Cleveland,SVM
255,16,age,-0.020471,0.020471,PAIRWISE_E23_VA L_TO_CLEV_SVM,VA Long Beach,Cleveland,SVM
255,16,sex,-0.003096,0.003096,PAIRWISE_E23_VA L_TO_CLEV_SVM,VA Long Beach,Cleveland,SVM
255,16,cp,-0.016812,0.016812,PAIRWISE_E23_VA L_TO_CLEV_SVM,VA Long Beach,Cleveland,SVM
255,16,trestbps,-0.003398,0.003398,PAIRWISE_E23_VA L_TO_CLEV_SVM,VA Long Beach,Cleveland,SVM
255,16,fbs,-0.083877,0.083877,PAIRWISE_E23_VA L_TO_CLEV_SVM,VA Long Beach,Cleveland,SVM
255,16,restecg,0.051707,0.051707,PAIRWISE_E23_VA L_TO_CLEV_SVM,VA Long Beach,Cleveland,SVM
255,16,thalach,-0.042746,0.042746,PAIRWISE_E23_VA L_TO_CLEV_SVM,VA Long Beach,Cleveland,SVM
255,16,exang,-0.104868,0.104868,PAIRWISE_E23_VA L_TO_CLEV_SVM,VA Long Beach,Cleveland,SVM
255,16,oldpeak,-0.034128,0.034128,PAIRWISE_E23_VA L_TO_CLEV_SVM,VA Long Beach,Cleveland,SVM
255,16,slope,-0.035311,0.035311,PAIRWISE_E23_VA L_TO_CLEV_SVM,VA Long Beach,Cleveland,SVM
96,17,age,0.023787,0.023787,PAIRWISE_E23_VA L_TO_CLEV_SVM,VA Long Beach,Cleveland,SVM
96,17,sex,0.028388,0.028388,PAIRWISE_E23_VA L_TO_CLEV_SVM,VA Long Beach,Cleveland,SVM
96,17,cp,0.049652,0.049652,PAIRWISE_E23_VA L_TO_CLEV_SVM,VA Long Beach,Cleveland,SVM
96,17,trestbps,-0.023106,0.023106,PAIRWISE_E23_VA L_TO_CLEV_SVM,VA Long Beach,Cleveland,SVM
96,17,fbs,-0.086417,0.086417,PAIRWISE_E23_VA L_TO_CLEV_SVM,VA Long Beach,Cleveland,SVM
96,17,restecg,-0.024965,0.024965,PAIRWISE_E23_VA L_TO_CLEV_SVM,VA Long Beach,Cleveland,SVM
96,17,thalach,-0.053192,0.053192,PAIRWISE_E23_VA L_TO_CLEV_SVM,VA Long Beach,Cleveland,SVM
96,17,exang,0.097397,0.097397,PAIRWISE_E23_VA L_TO_CLEV_SVM,VA Long Beach,Cleveland,SVM
96,17,oldpeak,-0.003921,0.003921,PAIRWISE_E23_VA L_TO_CLEV_SVM,VA Long Beach,Cleveland,SVM
96,17,slope,-0.035212,0.035212,PAIRWISE_E23_VA L_TO_CLEV_SVM,VA Long Beach,Cleveland,SVM
106,18,age,0.016178,0.016178,PAIRWISE_E23_VA L_TO_CLEV_SVM,VA Long Beach,Cleveland,SVM
106,18,sex,0.021142,0.021142,PAIRWISE_E23_VA L_TO_CLEV_SVM,VA Long Beach,Cleveland,SVM
106,18,cp,0.053436,0.053436,PAIRWISE_E23_VA L_TO_CLEV_SVM,VA Long Beach,Cleveland,SVM
106,18,trestbps,0.001692,0.001692,PAIRWISE_E23_VA L_TO_CLEV_SVM,VA Long Beach,Cleveland,SVM
106,18,fbs,-0.088595,0.088595,PAIRWISE_E23_VA L_TO_CLEV_SVM,VA Long Beach,Cleveland,SVM
106,18,restecg,0.03942,0.03942,PAIRWISE_E23_VA L_TO_CLEV_SVM,VA Long Beach,Cleveland,SVM
106,18,thalach,-0.048029,0.048029,PAIRWISE_E23_VA L_TO_CLEV_SVM,VA Long Beach,Cleveland,SVM
106,18,exang,0.106475,0.106475,PAIRWISE_E23_VA L_TO_CLEV_SVM,VA Long Beach,Cleveland,SVM
106,18,oldpeak,-0.025488,0.025488,PAIRWISE_E23_VA L_TO_CLEV_SVM,VA Long Beach,Cleveland,SVM
106,18,slope,0.023559,0.023559,PAIRWISE_E23_VA L_TO_CLEV_SVM,VA Long Beach,Cleveland,SVM
43,19,age,-0.002113,0.002113,PAIRWISE_E23_VA L_TO_CLEV_SVM,VA Long Beach,Cleveland,SVM
43,19,sex,0.003017,0.003017,PAIRWISE_E23_VA L_TO_CLEV_SVM,VA Long Beach,Cleveland,SVM
43,19,cp,-0.010732,0.010732,PAIRWISE_E23_VA L_TO_CLEV_SVM,VA Long Beach,Cleveland,SVM
43,19,trestbps,0.018936,0.018936,PAIRWISE_E23_VA L_TO_CLEV_SVM,VA Long Beach,Cleveland,SVM
43,19,fbs,0.085516,0.085516,PAIRWISE_E23_VA L_TO_CLEV_SVM,VA Long Beach,Cleveland,SVM
43,19,restecg,0.043254,0.043254,PAIRWISE_E23_VA L_TO_CLEV_SVM,VA Long Beach,Cleveland,SVM
43,19,thalach,-0.051469,0.051469,PAIRWISE_E23_VA L_TO_CLEV_SVM,VA Long Beach,Cleveland,SVM
43,19,exang,-0.10248,0.10248,PAIRWISE_E23_VA L_TO_CLEV_SVM,VA Long Beach,Cleveland,SVM
43,19,oldpeak,0.007964,0.007964,PAIRWISE_E23_VA L_TO_CLEV_SVM,VA Long Beach,Cleveland,SVM
43,19,slope,0.026847,0.026847,PAIRWISE_E23_VA L_TO_CLEV_SVM,VA Long Beach,Cleveland,SVM
123,20,age,-0.020346,0.020346,PAIRWISE_E23_VA L_TO_CLEV_SVM,VA Long Beach,Cleveland,SVM
123,20,sex,0.043392,0.043392,PAIRWISE_E23_VA L_TO_CLEV_SVM,VA Long Beach,Cleveland,SVM
123,20,cp,0.0576,0.0576,PAIRWISE_E23_VA L_TO_CLEV_SVM,VA Long Beach,Cleveland,SVM
123,20,trestbps,0.004692,0.004692,PAIRWISE_E23_VA L_TO_CLEV_SVM,VA Long Beach,Cleveland,SVM
123,20,fbs,-0.0875,0.0875,PAIRWISE_E23_VA L_TO_CLEV_SVM,VA Long Beach,Cleveland,SVM
123,20,restecg,0.033252,0.033252,PAIRWISE_E23_VA L_TO_CLEV_SVM,VA Long Beach,Cleveland,SVM
123,20,thalach,0.015234,0.015234,PAIRWISE_E23_VA L_TO_CLEV_SVM,VA Long Beach,Cleveland,SVM
123,20,exang,0.118476,0.118476,PAIRWISE_E23_VA L_TO_CLEV_SVM,VA Long Beach,Cleveland,SVM
123,20,oldpeak,0.053644,0.053644,PAIRWISE_E23_VA L_TO_CLEV_SVM,VA Long Beach,Cleveland,SVM
123,20,slope,0.033741,0.033741,PAIRWISE_E23_VA L_TO_CLEV_SVM,VA Long Beach,Cleveland,SVM
177,21,age,0.010877,0.010877,PAIRWISE_E23_VA L_TO_CLEV_SVM,VA Long Beach,Cleveland,SVM
177,21,sex,0.043209,0.043209,PAIRWISE_E23_VA L_TO_CLEV_SVM,VA Long Beach,Cleveland,SVM
177,21,cp,0.049982,0.049982,PAIRWISE_E23_VA L_TO_CLEV_SVM,VA Long Beach,Cleveland,SVM
177,21,trestbps,-0.001907,0.001907,PAIRWISE_E23_VA L_TO_CLEV_SVM,VA Long Beach,Cleveland,SVM
177,21,fbs,-0.078889,0.078889,PAIRWISE_E23_VA L_TO_CLEV_SVM,VA Long Beach,Cleveland,SVM
177,21,restecg,-0.024012,0.024012,PAIRWISE_E23_VA L_TO_CLEV_SVM,VA Long Beach,Cleveland,SVM
177,21,thalach,0.026349,0.026349,PAIRWISE_E23_VA L_TO_CLEV_SVM,VA Long Beach,Cleveland,SVM
177,21,exang,0.103836,0.103836,PAIRWISE_E23_VA L_TO_CLEV_SVM,VA Long Beach,Cleveland,SVM
177,21,oldpeak,0.045072,0.045072,PAIRWISE_E23_VA L_TO_CLEV_SVM,VA Long Beach,Cleveland,SVM
177,21,slope,-0.02973,0.02973,PAIRWISE_E23_VA L_TO_CLEV_SVM,VA Long Beach,Cleveland,SVM
292,22,age,-0.026484,0.026484,PAIRWISE_E23_VA L_TO_CLEV_SVM,VA Long Beach,Cleveland,SVM
292,22,sex,0.025668,0.025668,PAIRWISE_E23_VA L_TO_CLEV_SVM,VA Long Beach,Cleveland,SVM
292,22,cp,0.053536,0.053536,PAIRWISE_E23_VA L_TO_CLEV_SVM,VA Long Beach,Cleveland,SVM
292,22,trestbps,-0.017712,0.017712,PAIRWISE_E23_VA L_TO_CLEV_SVM,VA Long Beach,Cleveland,SVM
292,22,fbs,-0.082981,0.082981,PAIRWISE_E23_VA L_TO_CLEV_SVM,VA Long Beach,Cleveland,SVM
292,22,restecg,0.052509,0.052509,PAIRWISE_E23_VA L_TO_CLEV_SVM,VA Long Beach,Cleveland,SVM
292,22,thalach,-0.04594,0.04594,PAIRWISE_E23_VA L_TO_CLEV_SVM,VA Long Beach,Cleveland,SVM
292,22,exang,0.099764,0.099764,PAIRWISE_E23_VA L_TO_CLEV_SVM,VA Long Beach,Cleveland,SVM
292,22,oldpeak,0.040526,0.040526,PAIRWISE_E23_VA L_TO_CLEV_SVM,VA Long Beach,Cleveland,SVM
292,22,slope,0.02626,0.02626,PAIRWISE_E23_VA L_TO_CLEV_SVM,VA Long Beach,Cleveland,SVM
76,23,age,0.011577,0.011577,PAIRWISE_E23_VA L_TO_CLEV_SVM,VA Long Beach,Cleveland,SVM
76,23,sex,0.004427,0.004427,PAIRWISE_E23_VA L_TO_CLEV_SVM,VA Long Beach,Cleveland,SVM
76,23,cp,0.037901,0.037901,PAIRWISE_E23_VA L_TO_CLEV_SVM,VA Long Beach,Cleveland,SVM
76,23,trestbps,-0.011031,0.011031,PAIRWISE_E23_VA L_TO_CLEV_SVM,VA Long Beach,Cleveland,SVM
76,23,fbs,-0.085349,0.085349,PAIRWISE_E23_VA L_TO_CLEV_SVM,VA Long Beach,Cleveland,SVM
76,23,restecg,-0.041604,0.041604,PAIRWISE_E23_VA L_TO_CLEV_SVM,VA Long Beach,Cleveland,SVM
76,23,thalach,-0.038766,0.038766,PAIRWISE_E23_VA L_TO_CLEV_SVM,VA Long Beach,Cleveland,SVM
76,23,exang,0.101248,0.101248,PAIRWISE_E23_VA L_TO_CLEV_SVM,VA Long Beach,Cleveland,SVM
76,23,oldpeak,0.03438,0.03438,PAIRWISE_E23_VA L_TO_CLEV_SVM,VA Long Beach,Cleveland,SVM
76,23,slope,-0.031538,0.031538,PAIRWISE_E23_VA L_TO_CLEV_SVM,VA Long Beach,Cleveland,SVM
176,24,age,-0.026774,0.026774,PAIRWISE_E23_VA L_TO_CLEV_SVM,VA Long Beach,Cleveland,SVM
176,24,sex,0.042002,0.042002,PAIRWISE_E23_VA L_TO_CLEV_SVM,VA Long Beach,Cleveland,SVM
176,24,cp,0.055945,0.055945,PAIRWISE_E23_VA L_TO_CLEV_SVM,VA Long Beach,Cleveland,SVM
176,24,trestbps,-0.023314,0.023314,PAIRWISE_E23_VA L_TO_CLEV_SVM,VA Long Beach,Cleveland,SVM
176,24,fbs,0.093939,0.093939,PAIRWISE_E23_VA L_TO_CLEV_SVM,VA Long Beach,Cleveland,SVM
176,24,restecg,0.046891,0.046891,PAIRWISE_E23_VA L_TO_CLEV_SVM,VA Long Beach,Cleveland,SVM
176,24,thalach,-0.038457,0.038457,PAIRWISE_E23_VA L_TO_CLEV_SVM,VA Long Beach,Cleveland,SVM
176,24,exang,-0.10411,0.10411,PAIRWISE_E23_VA L_TO_CLEV_SVM,VA Long Beach,Cleveland,SVM
176,24,oldpeak,-0.030401,0.030401,PAIRWISE_E23_VA L_TO_CLEV_SVM,VA Long Beach,Cleveland,SVM
176,24,slope,0.024364,0.024364,PAIRWISE_E23_VA L_TO_CLEV_SVM,VA Long Beach,Cleveland,SVM
101,0,age,-0.086585,0.086585,PAIRWISE_E24_VA L_TO_CLEV_XGBoost,VA Long Beach,Cleveland,XGBoost
101,0,sex,0.024879,0.024879,PAIRWISE_E24_VA L_TO_CLEV_XGBoost,VA Long Beach,Cleveland,XGBoost
101,0,cp,-0.168282,0.168282,PAIRWISE_E24_VA L_TO_CLEV_XGBoost,VA Long Beach,Cleveland,XGBoost
101,0,trestbps,-0.015239,0.015239,PAIRWISE_E24_VA L_TO_CLEV_XGBoost,VA Long Beach,Cleveland,XGBoost
101,0,fbs,-0.068177,0.068177,PAIRWISE_E24_VA L_TO_CLEV_XGBoost,VA Long Beach,Cleveland,XGBoost
101,0,restecg,-0.031076,0.031076,PAIRWISE_E24_VA L_TO_CLEV_XGBoost,VA Long Beach,Cleveland,XGBoost
101,0,thalach,-0.044452,0.044452,PAIRWISE_E24_VA L_TO_CLEV_XGBoost,VA Long Beach,Cleveland,XGBoost
101,0,exang,-0.06791,0.06791,PAIRWISE_E24_VA L_TO_CLEV_XGBoost,VA Long Beach,Cleveland,XGBoost
101,0,oldpeak,-0.065912,0.065912,PAIRWISE_E24_VA L_TO_CLEV_XGBoost,VA Long Beach,Cleveland,XGBoost
101,0,slope,0.001912,0.001912,PAIRWISE_E24_VA L_TO_CLEV_XGBoost,VA Long Beach,Cleveland,XGBoost
225,1,age,-0.09311,0.09311,PAIRWISE_E24_VA L_TO_CLEV_XGBoost,VA Long Beach,Cleveland,XGBoost
225,1,sex,-0.002004,0.002004,PAIRWISE_E24_VA L_TO_CLEV_XGBoost,VA Long Beach,Cleveland,XGBoost
225,1,cp,-0.239322,0.239322,PAIRWISE_E24_VA L_TO_CLEV_XGBoost,VA Long Beach,Cleveland,XGBoost
225,1,trestbps,-0.044133,0.044133,PAIRWISE_E24_VA L_TO_CLEV_XGBoost,VA Long Beach,Cleveland,XGBoost
225,1,fbs,-0.074879,0.074879,PAIRWISE_E24_VA L_TO_CLEV_XGBoost,VA Long Beach,Cleveland,XGBoost
225,1,restecg,0.04022,0.04022,PAIRWISE_E24_VA L_TO_CLEV_XGBoost,VA Long Beach,Cleveland,XGBoost
225,1,thalach,-0.03885,0.03885,PAIRWISE_E24_VA L_TO_CLEV_XGBoost,VA Long Beach,Cleveland,XGBoost
225,1,exang,-0.083109,0.083109,PAIRWISE_E24_VA L_TO_CLEV_XGBoost,VA Long Beach,Cleveland,XGBoost
225,1,oldpeak,-0.041325,0.041325,PAIRWISE_E24_VA L_TO_CLEV_XGBoost,VA Long Beach,Cleveland,XGBoost
225,1,slope,-0.016608,0.016608,PAIRWISE_E24_VA L_TO_CLEV_XGBoost,VA Long Beach,Cleveland,XGBoost
85,2,age,-0.07264,0.07264,PAIRWISE_E24_VA L_TO_CLEV_XGBoost,VA Long Beach,Cleveland,XGBoost
85,2,sex,-0.000595,0.000595,PAIRWISE_E24_VA L_TO_CLEV_XGBoost,VA Long Beach,Cleveland,XGBoost
85,2,cp,-0.100039,0.100039,PAIRWISE_E24_VA L_TO_CLEV_XGBoost,VA Long Beach,Cleveland,XGBoost
85,2,trestbps,0.035132,0.035132,PAIRWISE_E24_VA L_TO_CLEV_XGBoost,VA Long Beach,Cleveland,XGBoost
85,2,fbs,-0.089541,0.089541,PAIRWISE_E24_VA L_TO_CLEV_XGBoost,VA Long Beach,Cleveland,XGBoost
85,2,restecg,-0.026145,0.026145,PAIRWISE_E24_VA L_TO_CLEV_XGBoost,VA Long Beach,Cleveland,XGBoost
85,2,thalach,-0.056895,0.056895,PAIRWISE_E24_VA L_TO_CLEV_XGBoost,VA Long Beach,Cleveland,XGBoost
85,2,exang,-0.088346,0.088346,PAIRWISE_E24_VA L_TO_CLEV_XGBoost,VA Long Beach,Cleveland,XGBoost
85,2,oldpeak,-0.072088,0.072088,PAIRWISE_E24_VA L_TO_CLEV_XGBoost,VA Long Beach,Cleveland,XGBoost
85,2,slope,0.002843,0.002843,PAIRWISE_E24_VA L_TO_CLEV_XGBoost,VA Long Beach,Cleveland,XGBoost
221,3,age,-0.078475,0.078475,PAIRWISE_E24_VA L_TO_CLEV_XGBoost,VA Long Beach,Cleveland,XGBoost
221,3,sex,-0.070017,0.070017,PAIRWISE_E24_VA L_TO_CLEV_XGBoost,VA Long Beach,Cleveland,XGBoost
221,3,cp,-0.082066,0.082066,PAIRWISE_E24_VA L_TO_CLEV_XGBoost,VA Long Beach,Cleveland,XGBoost
221,3,trestbps,-0.038038,0.038038,PAIRWISE_E24_VA L_TO_CLEV_XGBoost,VA Long Beach,Cleveland,XGBoost
221,3,fbs,-0.068776,0.068776,PAIRWISE_E24_VA L_TO_CLEV_XGBoost,VA Long Beach,Cleveland,XGBoost
221,3,restecg,-0.042024,0.042024,PAIRWISE_E24_VA L_TO_CLEV_XGBoost,VA Long Beach,Cleveland,XGBoost
221,3,thalach,-0.08024,0.08024,PAIRWISE_E24_VA L_TO_CLEV_XGBoost,VA Long Beach,Cleveland,XGBoost
221,3,exang,-0.066622,0.066622,PAIRWISE_E24_VA L_TO_CLEV_XGBoost,VA Long Beach,Cleveland,XGBoost
221,3,oldpeak,-0.082169,0.082169,PAIRWISE_E24_VA L_TO_CLEV_XGBoost,VA Long Beach,Cleveland,XGBoost
221,3,slope,-0.007619,0.007619,PAIRWISE_E24_VA L_TO_CLEV_XGBoost,VA Long Beach,Cleveland,XGBoost
19,4,age,-0.071703,0.071703,PAIRWISE_E24_VA L_TO_CLEV_XGBoost,VA Long Beach,Cleveland,XGBoost
19,4,sex,0.039225,0.039225,PAIRWISE_E24_VA L_TO_CLEV_XGBoost,VA Long Beach,Cleveland,XGBoost
19,4,cp,-0.206307,0.206307,PAIRWISE_E24_VA L_TO_CLEV_XGBoost,VA Long Beach,Cleveland,XGBoost
19,4,trestbps,-0.018106,0.018106,PAIRWISE_E24_VA L_TO_CLEV_XGBoost,VA Long Beach,Cleveland,XGBoost
19,4,fbs,-0.077649,0.077649,PAIRWISE_E24_VA L_TO_CLEV_XGBoost,VA Long Beach,Cleveland,XGBoost
19,4,restecg,0.048005,0.048005,PAIRWISE_E24_VA L_TO_CLEV_XGBoost,VA Long Beach,Cleveland,XGBoost
19,4,thalach,-0.084698,0.084698,PAIRWISE_E24_VA L_TO_CLEV_XGBoost,VA Long Beach,Cleveland,XGBoost
19,4,exang,-0.077602,0.077602,PAIRWISE_E24_VA L_TO_CLEV_XGBoost,VA Long Beach,Cleveland,XGBoost
19,4,oldpeak,-0.040327,0.040327,PAIRWISE_E24_VA L_TO_CLEV_XGBoost,VA Long Beach,Cleveland,XGBoost
19,4,slope,-0.02478,0.02478,PAIRWISE_E24_VA L_TO_CLEV_XGBoost,VA Long Beach,Cleveland,XGBoost
259,5,age,0.014164,0.014164,PAIRWISE_E24_VA L_TO_CLEV_XGBoost,VA Long Beach,Cleveland,XGBoost
259,5,sex,-0.032747,0.032747,PAIRWISE_E24_VA L_TO_CLEV_XGBoost,VA Long Beach,Cleveland,XGBoost
259,5,cp,-0.167333,0.167333,PAIRWISE_E24_VA L_TO_CLEV_XGBoost,VA Long Beach,Cleveland,XGBoost
259,5,trestbps,-0.023197,0.023197,PAIRWISE_E24_VA L_TO_CLEV_XGBoost,VA Long Beach,Cleveland,XGBoost
259,5,fbs,-0.071545,0.071545,PAIRWISE_E24_VA L_TO_CLEV_XGBoost,VA Long Beach,Cleveland,XGBoost
259,5,restecg,0.052987,0.052987,PAIRWISE_E24_VA L_TO_CLEV_XGBoost,VA Long Beach,Cleveland,XGBoost
259,5,thalach,-0.083071,0.083071,PAIRWISE_E24_VA L_TO_CLEV_XGBoost,VA Long Beach,Cleveland,XGBoost
259,5,exang,-0.081394,0.081394,PAIRWISE_E24_VA L_TO_CLEV_XGBoost,VA Long Beach,Cleveland,XGBoost
259,5,oldpeak,-0.075152,0.075152,PAIRWISE_E24_VA L_TO_CLEV_XGBoost,VA Long Beach,Cleveland,XGBoost
259,5,slope,-0.002378,0.002378,PAIRWISE_E24_VA L_TO_CLEV_XGBoost,VA Long Beach,Cleveland,XGBoost
278,6,age,0.012295,0.012295,PAIRWISE_E24_VA L_TO_CLEV_XGBoost,VA Long Beach,Cleveland,XGBoost
278,6,sex,0.00131,0.00131,PAIRWISE_E24_VA L_TO_CLEV_XGBoost,VA Long Beach,Cleveland,XGBoost
278,6,cp,-0.202481,0.202481,PAIRWISE_E24_VA L_TO_CLEV_XGBoost,VA Long Beach,Cleveland,XGBoost
278,6,trestbps,0.012209,0.012209,PAIRWISE_E24_VA L_TO_CLEV_XGBoost,VA Long Beach,Cleveland,XGBoost
278,6,fbs,-0.074822,0.074822,PAIRWISE_E24_VA L_TO_CLEV_XGBoost,VA Long Beach,Cleveland,XGBoost
278,6,restecg,-0.026479,0.026479,PAIRWISE_E24_VA L_TO_CLEV_XGBoost,VA Long Beach,Cleveland,XGBoost
278,6,thalach,-0.076006,0.076006,PAIRWISE_E24_VA L_TO_CLEV_XGBoost,VA Long Beach,Cleveland,XGBoost
278,6,exang,-0.082055,0.082055,PAIRWISE_E24_VA L_TO_CLEV_XGBoost,VA Long Beach,Cleveland,XGBoost
278,6,oldpeak,-0.0625,0.0625,PAIRWISE_E24_VA L_TO_CLEV_XGBoost,VA Long Beach,Cleveland,XGBoost
278,6,slope,-1.5e-05,1.5e-05,PAIRWISE_E24_VA L_TO_CLEV_XGBoost,VA Long Beach,Cleveland,XGBoost
32,7,age,0.041447,0.041447,PAIRWISE_E24_VA L_TO_CLEV_XGBoost,VA Long Beach,Cleveland,XGBoost
32,7,sex,-0.040059,0.040059,PAIRWISE_E24_VA L_TO_CLEV_XGBoost,VA Long Beach,Cleveland,XGBoost
32,7,cp,-0.078965,0.078965,PAIRWISE_E24_VA L_TO_CLEV_XGBoost,VA Long Beach,Cleveland,XGBoost
32,7,trestbps,0.025828,0.025828,PAIRWISE_E24_VA L_TO_CLEV_XGBoost,VA Long Beach,Cleveland,XGBoost
32,7,fbs,-0.078574,0.078574,PAIRWISE_E24_VA L_TO_CLEV_XGBoost,VA Long Beach,Cleveland,XGBoost
32,7,restecg,0.02625,0.02625,PAIRWISE_E24_VA L_TO_CLEV_XGBoost,VA Long Beach,Cleveland,XGBoost
32,7,thalach,-0.06317,0.06317,PAIRWISE_E24_VA L_TO_CLEV_XGBoost,VA Long Beach,Cleveland,XGBoost
32,7,exang,-0.054828,0.054828,PAIRWISE_E24_VA L_TO_CLEV_XGBoost,VA Long Beach,Cleveland,XGBoost
32,7,oldpeak,-0.071956,0.071956,PAIRWISE_E24_VA L_TO_CLEV_XGBoost,VA Long Beach,Cleveland,XGBoost
32,7,slope,-0.004981,0.004981,PAIRWISE_E24_VA L_TO_CLEV_XGBoost,VA Long Beach,Cleveland,XGBoost
142,8,age,-0.070064,0.070064,PAIRWISE_E24_VA L_TO_CLEV_XGBoost,VA Long Beach,Cleveland,XGBoost
142,8,sex,0.003156,0.003156,PAIRWISE_E24_VA L_TO_CLEV_XGBoost,VA Long Beach,Cleveland,XGBoost
142,8,cp,-0.190533,0.190533,PAIRWISE_E24_VA L_TO_CLEV_XGBoost,VA Long Beach,Cleveland,XGBoost
142,8,trestbps,-0.005322,0.005322,PAIRWISE_E24_VA L_TO_CLEV_XGBoost,VA Long Beach,Cleveland,XGBoost
142,8,fbs,0.066186,0.066186,PAIRWISE_E24_VA L_TO_CLEV_XGBoost,VA Long Beach,Cleveland,XGBoost
142,8,restecg,0.05045,0.05045,PAIRWISE_E24_VA L_TO_CLEV_XGBoost,VA Long Beach,Cleveland,XGBoost
142,8,thalach,-0.074393,0.074393,PAIRWISE_E24_VA L_TO_CLEV_XGBoost,VA Long Beach,Cleveland,XGBoost
142,8,exang,-0.077391,0.077391,PAIRWISE_E24_VA L_TO_CLEV_XGBoost,VA Long Beach,Cleveland,XGBoost
142,8,oldpeak,-0.066435,0.066435,PAIRWISE_E24_VA L_TO_CLEV_XGBoost,VA Long Beach,Cleveland,XGBoost
142,8,slope,-0.024529,0.024529,PAIRWISE_E24_VA L_TO_CLEV_XGBoost,VA Long Beach,Cleveland,XGBoost
166,9,age,-0.067178,0.067178,PAIRWISE_E24_VA L_TO_CLEV_XGBoost,VA Long Beach,Cleveland,XGBoost
166,9,sex,0.014358,0.014358,PAIRWISE_E24_VA L_TO_CLEV_XGBoost,VA Long Beach,Cleveland,XGBoost
166,9,cp,-0.104215,0.104215,PAIRWISE_E24_VA L_TO_CLEV_XGBoost,VA Long Beach,Cleveland,XGBoost
166,9,trestbps,0.02218,0.02218,PAIRWISE_E24_VA L_TO_CLEV_XGBoost,VA Long Beach,Cleveland,XGBoost
166,9,fbs,-0.08836,0.08836,PAIRWISE_E24_VA L_TO_CLEV_XGBoost,VA Long Beach,Cleveland,XGBoost
166,9,restecg,0.050258,0.050258,PAIRWISE_E24_VA L_TO_CLEV_XGBoost,VA Long Beach,Cleveland,XGBoost
166,9,thalach,-0.069426,0.069426,PAIRWISE_E24_VA L_TO_CLEV_XGBoost,VA Long Beach,Cleveland,XGBoost
166,9,exang,-0.07536,0.07536,PAIRWISE_E24_VA L_TO_CLEV_XGBoost,VA Long Beach,Cleveland,XGBoost
166,9,oldpeak,-0.080559,0.080559,PAIRWISE_E24_VA L_TO_CLEV_XGBoost,VA Long Beach,Cleveland,XGBoost
166,9,slope,-0.022646,0.022646,PAIRWISE_E24_VA L_TO_CLEV_XGBoost,VA Long Beach,Cleveland,XGBoost
131,10,age,-0.07899,0.07899,PAIRWISE_E24_VA L_TO_CLEV_XGBoost,VA Long Beach,Cleveland,XGBoost
131,10,sex,-0.035079,0.035079,PAIRWISE_E24_VA L_TO_CLEV_XGBoost,VA Long Beach,Cleveland,XGBoost
131,10,cp,-0.086769,0.086769,PAIRWISE_E24_VA L_TO_CLEV_XGBoost,VA Long Beach,Cleveland,XGBoost
131,10,trestbps,-0.021306,0.021306,PAIRWISE_E24_VA L_TO_CLEV_XGBoost,VA Long Beach,Cleveland,XGBoost
131,10,fbs,-0.07462,0.07462,PAIRWISE_E24_VA L_TO_CLEV_XGBoost,VA Long Beach,Cleveland,XGBoost
131,10,restecg,0.030048,0.030048,PAIRWISE_E24_VA L_TO_CLEV_XGBoost,VA Long Beach,Cleveland,XGBoost
131,10,thalach,-0.052798,0.052798,PAIRWISE_E24_VA L_TO_CLEV_XGBoost,VA Long Beach,Cleveland,XGBoost
131,10,exang,0.064389,0.064389,PAIRWISE_E24_VA L_TO_CLEV_XGBoost,VA Long Beach,Cleveland,XGBoost
131,10,oldpeak,-0.064416,0.064416,PAIRWISE_E24_VA L_TO_CLEV_XGBoost,VA Long Beach,Cleveland,XGBoost
131,10,slope,-0.018111,0.018111,PAIRWISE_E24_VA L_TO_CLEV_XGBoost,VA Long Beach,Cleveland,XGBoost
44,11,age,0.03869,0.03869,PAIRWISE_E24_VA L_TO_CLEV_XGBoost,VA Long Beach,Cleveland,XGBoost
44,11,sex,-0.013785,0.013785,PAIRWISE_E24_VA L_TO_CLEV_XGBoost,VA Long Beach,Cleveland,XGBoost
44,11,cp,0.174054,0.174054,PAIRWISE_E24_VA L_TO_CLEV_XGBoost,VA Long Beach,Cleveland,XGBoost
44,11,trestbps,-0.019688,0.019688,PAIRWISE_E24_VA L_TO_CLEV_XGBoost,VA Long Beach,Cleveland,XGBoost
44,11,fbs,-0.083728,0.083728,PAIRWISE_E24_VA L_TO_CLEV_XGBoost,VA Long Beach,Cleveland,XGBoost
44,11,restecg,-0.043515,0.043515,PAIRWISE_E24_VA L_TO_CLEV_XGBoost,VA Long Beach,Cleveland,XGBoost
44,11,thalach,-0.072552,0.072552,PAIRWISE_E24_VA L_TO_CLEV_XGBoost,VA Long Beach,Cleveland,XGBoost
44,11,exang,-0.077034,0.077034,PAIRWISE_E24_VA L_TO_CLEV_XGBoost,VA Long Beach,Cleveland,XGBoost
44,11,oldpeak,-0.07246,0.07246,PAIRWISE_E24_VA L_TO_CLEV_XGBoost,VA Long Beach,Cleveland,XGBoost
44,11,slope,-0.020825,0.020825,PAIRWISE_E24_VA L_TO_CLEV_XGBoost,VA Long Beach,Cleveland,XGBoost
157,12,age,0.000961,0.000961,PAIRWISE_E24_VA L_TO_CLEV_XGBoost,VA Long Beach,Cleveland,XGBoost
157,12,sex,0.035805,0.035805,PAIRWISE_E24_VA L_TO_CLEV_XGBoost,VA Long Beach,Cleveland,XGBoost
157,12,cp,0.184736,0.184736,PAIRWISE_E24_VA L_TO_CLEV_XGBoost,VA Long Beach,Cleveland,XGBoost
157,12,trestbps,-0.026179,0.026179,PAIRWISE_E24_VA L_TO_CLEV_XGBoost,VA Long Beach,Cleveland,XGBoost
157,12,fbs,-0.094408,0.094408,PAIRWISE_E24_VA L_TO_CLEV_XGBoost,VA Long Beach,Cleveland,XGBoost
157,12,restecg,-0.037457,0.037457,PAIRWISE_E24_VA L_TO_CLEV_XGBoost,VA Long Beach,Cleveland,XGBoost
157,12,thalach,-0.055392,0.055392,PAIRWISE_E24_VA L_TO_CLEV_XGBoost,VA Long Beach,Cleveland,XGBoost
157,12,exang,-0.090635,0.090635,PAIRWISE_E24_VA L_TO_CLEV_XGBoost,VA Long Beach,Cleveland,XGBoost
157,12,oldpeak,-0.061396,0.061396,PAIRWISE_E24_VA L_TO_CLEV_XGBoost,VA Long Beach,Cleveland,XGBoost
157,12,slope,-0.020515,0.020515,PAIRWISE_E24_VA L_TO_CLEV_XGBoost,VA Long Beach,Cleveland,XGBoost
122,13,age,-0.066953,0.066953,PAIRWISE_E24_VA L_TO_CLEV_XGBoost,VA Long Beach,Cleveland,XGBoost
122,13,sex,-0.032472,0.032472,PAIRWISE_E24_VA L_TO_CLEV_XGBoost,VA Long Beach,Cleveland,XGBoost
122,13,cp,-0.098027,0.098027,PAIRWISE_E24_VA L_TO_CLEV_XGBoost,VA Long Beach,Cleveland,XGBoost
122,13,trestbps,-0.023645,0.023645,PAIRWISE_E24_VA L_TO_CLEV_XGBoost,VA Long Beach,Cleveland,XGBoost
122,13,fbs,-0.075294,0.075294,PAIRWISE_E24_VA L_TO_CLEV_XGBoost,VA Long Beach,Cleveland,XGBoost
122,13,restecg,0.043665,0.043665,PAIRWISE_E24_VA L_TO_CLEV_XGBoost,VA Long Beach,Cleveland,XGBoost
122,13,thalach,-0.067424,0.067424,PAIRWISE_E24_VA L_TO_CLEV_XGBoost,VA Long Beach,Cleveland,XGBoost
122,13,exang,0.082192,0.082192,PAIRWISE_E24_VA L_TO_CLEV_XGBoost,VA Long Beach,Cleveland,XGBoost
122,13,oldpeak,-0.016774,0.016774,PAIRWISE_E24_VA L_TO_CLEV_XGBoost,VA Long Beach,Cleveland,XGBoost
122,13,slope,-0.024766,0.024766,PAIRWISE_E24_VA L_TO_CLEV_XGBoost,VA Long Beach,Cleveland,XGBoost
246,14,age,0.020505,0.020505,PAIRWISE_E24_VA L_TO_CLEV_XGBoost,VA Long Beach,Cleveland,XGBoost
246,14,sex,-0.015506,0.015506,PAIRWISE_E24_VA L_TO_CLEV_XGBoost,VA Long Beach,Cleveland,XGBoost
246,14,cp,0.159997,0.159997,PAIRWISE_E24_VA L_TO_CLEV_XGBoost,VA Long Beach,Cleveland,XGBoost
246,14,trestbps,-0.030203,0.030203,PAIRWISE_E24_VA L_TO_CLEV_XGBoost,VA Long Beach,Cleveland,XGBoost
246,14,fbs,-0.07823,0.07823,PAIRWISE_E24_VA L_TO_CLEV_XGBoost,VA Long Beach,Cleveland,XGBoost
246,14,restecg,0.045182,0.045182,PAIRWISE_E24_VA L_TO_CLEV_XGBoost,VA Long Beach,Cleveland,XGBoost
246,14,thalach,-0.065521,0.065521,PAIRWISE_E24_VA L_TO_CLEV_XGBoost,VA Long Beach,Cleveland,XGBoost
246,14,exang,-0.080164,0.080164,PAIRWISE_E24_VA L_TO_CLEV_XGBoost,VA Long Beach,Cleveland,XGBoost
246,14,oldpeak,-0.073757,0.073757,PAIRWISE_E24_VA L_TO_CLEV_XGBoost,VA Long Beach,Cleveland,XGBoost
246,14,slope,0.001507,0.001507,PAIRWISE_E24_VA L_TO_CLEV_XGBoost,VA Long Beach,Cleveland,XGBoost
17,15,age,-0.080002,0.080002,PAIRWISE_E24_VA L_TO_CLEV_XGBoost,VA Long Beach,Cleveland,XGBoost
17,15,sex,0.018152,0.018152,PAIRWISE_E24_VA L_TO_CLEV_XGBoost,VA Long Beach,Cleveland,XGBoost
17,15,cp,0.165369,0.165369,PAIRWISE_E24_VA L_TO_CLEV_XGBoost,VA Long Beach,Cleveland,XGBoost
17,15,trestbps,0.024256,0.024256,PAIRWISE_E24_VA L_TO_CLEV_XGBoost,VA Long Beach,Cleveland,XGBoost
17,15,fbs,-0.061335,0.061335,PAIRWISE_E24_VA L_TO_CLEV_XGBoost,VA Long Beach,Cleveland,XGBoost
17,15,restecg,0.031103,0.031103,PAIRWISE_E24_VA L_TO_CLEV_XGBoost,VA Long Beach,Cleveland,XGBoost
17,15,thalach,-0.051066,0.051066,PAIRWISE_E24_VA L_TO_CLEV_XGBoost,VA Long Beach,Cleveland,XGBoost
17,15,exang,-0.06724,0.06724,PAIRWISE_E24_VA L_TO_CLEV_XGBoost,VA Long Beach,Cleveland,XGBoost
17,15,oldpeak,-0.040326,0.040326,PAIRWISE_E24_VA L_TO_CLEV_XGBoost,VA Long Beach,Cleveland,XGBoost
17,15,slope,-0.03251,0.03251,PAIRWISE_E24_VA L_TO_CLEV_XGBoost,VA Long Beach,Cleveland,XGBoost
248,16,age,-0.084181,0.084181,PAIRWISE_E24_VA L_TO_CLEV_XGBoost,VA Long Beach,Cleveland,XGBoost
248,16,sex,0.004193,0.004193,PAIRWISE_E24_VA L_TO_CLEV_XGBoost,VA Long Beach,Cleveland,XGBoost
248,16,cp,0.155128,0.155128,PAIRWISE_E24_VA L_TO_CLEV_XGBoost,VA Long Beach,Cleveland,XGBoost
248,16,trestbps,-0.018537,0.018537,PAIRWISE_E24_VA L_TO_CLEV_XGBoost,VA Long Beach,Cleveland,XGBoost
248,16,fbs,-0.087901,0.087901,PAIRWISE_E24_VA L_TO_CLEV_XGBoost,VA Long Beach,Cleveland,XGBoost
248,16,restecg,0.044276,0.044276,PAIRWISE_E24_VA L_TO_CLEV_XGBoost,VA Long Beach,Cleveland,XGBoost
248,16,thalach,-0.054851,0.054851,PAIRWISE_E24_VA L_TO_CLEV_XGBoost,VA Long Beach,Cleveland,XGBoost
248,16,exang,-0.067269,0.067269,PAIRWISE_E24_VA L_TO_CLEV_XGBoost,VA Long Beach,Cleveland,XGBoost
248,16,oldpeak,-0.040715,0.040715,PAIRWISE_E24_VA L_TO_CLEV_XGBoost,VA Long Beach,Cleveland,XGBoost
248,16,slope,-0.03325,0.03325,PAIRWISE_E24_VA L_TO_CLEV_XGBoost,VA Long Beach,Cleveland,XGBoost
104,17,age,-0.070228,0.070228,PAIRWISE_E24_VA L_TO_CLEV_XGBoost,VA Long Beach,Cleveland,XGBoost
104,17,sex,-0.009705,0.009705,PAIRWISE_E24_VA L_TO_CLEV_XGBoost,VA Long Beach,Cleveland,XGBoost
104,17,cp,-0.081065,0.081065,PAIRWISE_E24_VA L_TO_CLEV_XGBoost,VA Long Beach,Cleveland,XGBoost
104,17,trestbps,-0.021883,0.021883,PAIRWISE_E24_VA L_TO_CLEV_XGBoost,VA Long Beach,Cleveland,XGBoost
104,17,fbs,-0.060623,0.060623,PAIRWISE_E24_VA L_TO_CLEV_XGBoost,VA Long Beach,Cleveland,XGBoost
104,17,restecg,0.034248,0.034248,PAIRWISE_E24_VA L_TO_CLEV_XGBoost,VA Long Beach,Cleveland,XGBoost
104,17,thalach,-0.075123,0.075123,PAIRWISE_E24_VA L_TO_CLEV_XGBoost,VA Long Beach,Cleveland,XGBoost
104,17,exang,-0.064474,0.064474,PAIRWISE_E24_VA L_TO_CLEV_XGBoost,VA Long Beach,Cleveland,XGBoost
104,17,oldpeak,-0.005453,0.005453,PAIRWISE_E24_VA L_TO_CLEV_XGBoost,VA Long Beach,Cleveland,XGBoost
104,17,slope,-0.042149,0.042149,PAIRWISE_E24_VA L_TO_CLEV_XGBoost,VA Long Beach,Cleveland,XGBoost
218,18,age,0.033557,0.033557,PAIRWISE_E24_VA L_TO_CLEV_XGBoost,VA Long Beach,Cleveland,XGBoost
218,18,sex,-0.011508,0.011508,PAIRWISE_E24_VA L_TO_CLEV_XGBoost,VA Long Beach,Cleveland,XGBoost
218,18,cp,0.14949,0.14949,PAIRWISE_E24_VA L_TO_CLEV_XGBoost,VA Long Beach,Cleveland,XGBoost
218,18,trestbps,0.001403,0.001403,PAIRWISE_E24_VA L_TO_CLEV_XGBoost,VA Long Beach,Cleveland,XGBoost
218,18,fbs,-0.080814,0.080814,PAIRWISE_E24_VA L_TO_CLEV_XGBoost,VA Long Beach,Cleveland,XGBoost
218,18,restecg,0.032602,0.032602,PAIRWISE_E24_VA L_TO_CLEV_XGBoost,VA Long Beach,Cleveland,XGBoost
218,18,thalach,0.010547,0.010547,PAIRWISE_E24_VA L_TO_CLEV_XGBoost,VA Long Beach,Cleveland,XGBoost
218,18,exang,-0.087837,0.087837,PAIRWISE_E24_VA L_TO_CLEV_XGBoost,VA Long Beach,Cleveland,XGBoost
218,18,oldpeak,0.006842,0.006842,PAIRWISE_E24_VA L_TO_CLEV_XGBoost,VA Long Beach,Cleveland,XGBoost
218,18,slope,-0.027856,0.027856,PAIRWISE_E24_VA L_TO_CLEV_XGBoost,VA Long Beach,Cleveland,XGBoost
171,19,age,-0.083645,0.083645,PAIRWISE_E24_VA L_TO_CLEV_XGBoost,VA Long Beach,Cleveland,XGBoost
171,19,sex,0.011847,0.011847,PAIRWISE_E24_VA L_TO_CLEV_XGBoost,VA Long Beach,Cleveland,XGBoost
171,19,cp,0.175178,0.175178,PAIRWISE_E24_VA L_TO_CLEV_XGBoost,VA Long Beach,Cleveland,XGBoost
171,19,trestbps,0.037983,0.037983,PAIRWISE_E24_VA L_TO_CLEV_XGBoost,VA Long Beach,Cleveland,XGBoost
171,19,fbs,-0.074459,0.074459,PAIRWISE_E24_VA L_TO_CLEV_XGBoost,VA Long Beach,Cleveland,XGBoost
171,19,restecg,-0.02265,0.02265,PAIRWISE_E24_VA L_TO_CLEV_XGBoost,VA Long Beach,Cleveland,XGBoost
171,19,thalach,-0.001404,0.001404,PAIRWISE_E24_VA L_TO_CLEV_XGBoost,VA Long Beach,Cleveland,XGBoost
171,19,exang,0.078153,0.078153,PAIRWISE_E24_VA L_TO_CLEV_XGBoost,VA Long Beach,Cleveland,XGBoost
171,19,oldpeak,-0.066153,0.066153,PAIRWISE_E24_VA L_TO_CLEV_XGBoost,VA Long Beach,Cleveland,XGBoost
171,19,slope,-0.004267,0.004267,PAIRWISE_E24_VA L_TO_CLEV_XGBoost,VA Long Beach,Cleveland,XGBoost
71,20,age,0.046535,0.046535,PAIRWISE_E24_VA L_TO_CLEV_XGBoost,VA Long Beach,Cleveland,XGBoost
71,20,sex,-0.01497,0.01497,PAIRWISE_E24_VA L_TO_CLEV_XGBoost,VA Long Beach,Cleveland,XGBoost
71,20,cp,0.172727,0.172727,PAIRWISE_E24_VA L_TO_CLEV_XGBoost,VA Long Beach,Cleveland,XGBoost
71,20,trestbps,-0.012377,0.012377,PAIRWISE_E24_VA L_TO_CLEV_XGBoost,VA Long Beach,Cleveland,XGBoost
71,20,fbs,0.085746,0.085746,PAIRWISE_E24_VA L_TO_CLEV_XGBoost,VA Long Beach,Cleveland,XGBoost
71,20,restecg,0.046352,0.046352,PAIRWISE_E24_VA L_TO_CLEV_XGBoost,VA Long Beach,Cleveland,XGBoost
71,20,thalach,-0.062721,0.062721,PAIRWISE_E24_VA L_TO_CLEV_XGBoost,VA Long Beach,Cleveland,XGBoost
71,20,exang,-0.080296,0.080296,PAIRWISE_E24_VA L_TO_CLEV_XGBoost,VA Long Beach,Cleveland,XGBoost
71,20,oldpeak,-0.079856,0.079856,PAIRWISE_E24_VA L_TO_CLEV_XGBoost,VA Long Beach,Cleveland,XGBoost
71,20,slope,-0.028183,0.028183,PAIRWISE_E24_VA L_TO_CLEV_XGBoost,VA Long Beach,Cleveland,XGBoost
270,21,age,0.04751,0.04751,PAIRWISE_E24_VA L_TO_CLEV_XGBoost,VA Long Beach,Cleveland,XGBoost
270,21,sex,-0.007765,0.007765,PAIRWISE_E24_VA L_TO_CLEV_XGBoost,VA Long Beach,Cleveland,XGBoost
270,21,cp,0.151454,0.151454,PAIRWISE_E24_VA L_TO_CLEV_XGBoost,VA Long Beach,Cleveland,XGBoost
270,21,trestbps,0.025613,0.025613,PAIRWISE_E24_VA L_TO_CLEV_XGBoost,VA Long Beach,Cleveland,XGBoost
270,21,fbs,-0.06935,0.06935,PAIRWISE_E24_VA L_TO_CLEV_XGBoost,VA Long Beach,Cleveland,XGBoost
270,21,restecg,-0.008499,0.008499,PAIRWISE_E24_VA L_TO_CLEV_XGBoost,VA Long Beach,Cleveland,XGBoost
270,21,thalach,-0.059468,0.059468,PAIRWISE_E24_VA L_TO_CLEV_XGBoost,VA Long Beach,Cleveland,XGBoost
270,21,exang,0.066399,0.066399,PAIRWISE_E24_VA L_TO_CLEV_XGBoost,VA Long Beach,Cleveland,XGBoost
270,21,oldpeak,-0.019988,0.019988,PAIRWISE_E24_VA L_TO_CLEV_XGBoost,VA Long Beach,Cleveland,XGBoost
270,21,slope,-0.001195,0.001195,PAIRWISE_E24_VA L_TO_CLEV_XGBoost,VA Long Beach,Cleveland,XGBoost
69,22,age,-0.086968,0.086968,PAIRWISE_E24_VA L_TO_CLEV_XGBoost,VA Long Beach,Cleveland,XGBoost
69,22,sex,0.016368,0.016368,PAIRWISE_E24_VA L_TO_CLEV_XGBoost,VA Long Beach,Cleveland,XGBoost
69,22,cp,-0.078012,0.078012,PAIRWISE_E24_VA L_TO_CLEV_XGBoost,VA Long Beach,Cleveland,XGBoost
69,22,trestbps,0.016016,0.016016,PAIRWISE_E24_VA L_TO_CLEV_XGBoost,VA Long Beach,Cleveland,XGBoost
69,22,fbs,-0.069862,0.069862,PAIRWISE_E24_VA L_TO_CLEV_XGBoost,VA Long Beach,Cleveland,XGBoost
69,22,restecg,0.060671,0.060671,PAIRWISE_E24_VA L_TO_CLEV_XGBoost,VA Long Beach,Cleveland,XGBoost
69,22,thalach,-0.061672,0.061672,PAIRWISE_E24_VA L_TO_CLEV_XGBoost,VA Long Beach,Cleveland,XGBoost
69,22,exang,-0.074667,0.074667,PAIRWISE_E24_VA L_TO_CLEV_XGBoost,VA Long Beach,Cleveland,XGBoost
69,22,oldpeak,0.153936,0.153936,PAIRWISE_E24_VA L_TO_CLEV_XGBoost,VA Long Beach,Cleveland,XGBoost
69,22,slope,-0.032261,0.032261,PAIRWISE_E24_VA L_TO_CLEV_XGBoost,VA Long Beach,Cleveland,XGBoost
68,23,age,0.01578,0.01578,PAIRWISE_E24_VA L_TO_CLEV_XGBoost,VA Long Beach,Cleveland,XGBoost
68,23,sex,0.001826,0.001826,PAIRWISE_E24_VA L_TO_CLEV_XGBoost,VA Long Beach,Cleveland,XGBoost
68,23,cp,0.139261,0.139261,PAIRWISE_E24_VA L_TO_CLEV_XGBoost,VA Long Beach,Cleveland,XGBoost
68,23,trestbps,-0.000153,0.000153,PAIRWISE_E24_VA L_TO_CLEV_XGBoost,VA Long Beach,Cleveland,XGBoost
68,23,fbs,-0.08281,0.08281,PAIRWISE_E24_VA L_TO_CLEV_XGBoost,VA Long Beach,Cleveland,XGBoost
68,23,restecg,-0.029151,0.029151,PAIRWISE_E24_VA L_TO_CLEV_XGBoost,VA Long Beach,Cleveland,XGBoost
68,23,thalach,-0.050343,0.050343,PAIRWISE_E24_VA L_TO_CLEV_XGBoost,VA Long Beach,Cleveland,XGBoost
68,23,exang,0.073307,0.073307,PAIRWISE_E24_VA L_TO_CLEV_XGBoost,VA Long Beach,Cleveland,XGBoost
68,23,oldpeak,0.140939,0.140939,PAIRWISE_E24_VA L_TO_CLEV_XGBoost,VA Long Beach,Cleveland,XGBoost
68,23,slope,0.051184,0.051184,PAIRWISE_E24_VA L_TO_CLEV_XGBoost,VA Long Beach,Cleveland,XGBoost
293,24,age,0.041156,0.041156,PAIRWISE_E24_VA L_TO_CLEV_XGBoost,VA Long Beach,Cleveland,XGBoost
293,24,sex,-0.023377,0.023377,PAIRWISE_E24_VA L_TO_CLEV_XGBoost,VA Long Beach,Cleveland,XGBoost
293,24,cp,0.169321,0.169321,PAIRWISE_E24_VA L_TO_CLEV_XGBoost,VA Long Beach,Cleveland,XGBoost
293,24,trestbps,0.025344,0.025344,PAIRWISE_E24_VA L_TO_CLEV_XGBoost,VA Long Beach,Cleveland,XGBoost
293,24,fbs,-0.080552,0.080552,PAIRWISE_E24_VA L_TO_CLEV_XGBoost,VA Long Beach,Cleveland,XGBoost
293,24,restecg,-0.03743,0.03743,PAIRWISE_E24_VA L_TO_CLEV_XGBoost,VA Long Beach,Cleveland,XGBoost
293,24,thalach,-0.043922,0.043922,PAIRWISE_E24_VA L_TO_CLEV_XGBoost,VA Long Beach,Cleveland,XGBoost
293,24,exang,0.087497,0.087497,PAIRWISE_E24_VA L_TO_CLEV_XGBoost,VA Long Beach,Cleveland,XGBoost
293,24,oldpeak,0.14586,0.14586,PAIRWISE_E24_VA L_TO_CLEV_XGBoost,VA Long Beach,Cleveland,XGBoost
293,24,slope,-0.00791,0.00791,PAIRWISE_E24_VA L_TO_CLEV_XGBoost,VA Long Beach,Cleveland,XGBoost
