experiment_id,train_dataset,test_dataset,model,sample_index,true_label,predicted_probability,predicted_label
LODO_E1_POOL_TO_VA L_LogisticRegression,Cleveland + Hungarian + Zurich,VA Long Beach,LogisticRegression,0,1,0.981495,1
LODO_E1_POOL_TO_VA L_LogisticRegression,Cleveland + Hungarian + Zurich,VA Long Beach,LogisticRegression,1,0,0.63645,1
LODO_E1_POOL_TO_VA L_LogisticRegression,Cleveland + Hungarian + Zurich,VA Long Beach,LogisticRegression,2,1,0.950354,1
LODO_E1_POOL_TO_VA L_LogisticRegression,Cleveland + Hungarian + Zurich,VA Long Beach,LogisticRegression,3,1,0.918987,1
LODO_E1_POOL_TO_VA L_LogisticRegression,Cleveland + Hungarian + Zurich,VA Long Beach,LogisticRegression,4,0,0.936021,1
LODO_E1_POOL_TO_VA L_LogisticRegression,Cleveland + Hungarian + Zurich,VA Long Beach,LogisticRegression,5,0,0.438719,0
LODO_E1_POOL_TO_VA L_LogisticRegression,Cleveland + Hungarian + Zurich,VA Long Beach,LogisticRegression,6,1,0.934909,1
LODO_E1_POOL_TO_VA L_LogisticRegression,Cleveland + Hungarian + Zurich,VA Long Beach,LogisticRegression,7,0,0.857331,1
LODO_E1_POOL_TO_VA L_LogisticRegression,Cleveland + Hungarian + Zurich,VA Long Beach,LogisticRegression,8,1,0.803723,1
LODO_E1_POOL_TO_VA L_LogisticRegression,Cleveland + Hungarian + Zurich,VA Long Beach,LogisticRegression,9,1,0.301011,0
LODO_E1_POOL_TO_VA L_LogisticRegression,Cleveland + Hungarian + Zurich,VA Long Beach,LogisticRegression,10,0,0.253755,0
LODO_E1_POOL_TO_VA L_LogisticRegression,Cleveland + Hungarian + Zurich,VA Long Beach,LogisticRegression,11,1,0.936976,1
LODO_E1_POOL_TO_VA L_LogisticRegression,Cleveland + Hungarian + Zurich,VA Long Beach,LogisticRegression,12,1,0.906693,1
LODO_E1_POOL_TO_VA L_LogisticRegression,Cleveland + Hungarian + Zurich,VA Long Beach,LogisticRegression,13,1,0.740677,1
LODO_E1_POOL_TO_VA L_LogisticRegression,Cleveland + Hungarian + Zurich,VA Long Beach,LogisticRegression,14,1,0.896532,1
LODO_E1_POOL_TO_VA L_LogisticRegression,Cleveland + Hungarian + Zurich,VA Long Beach,LogisticRegression,15,0,0.855467,1
LODO_E1_POOL_TO_VA L_LogisticRegression,Cleveland + Hungarian + Zurich,VA Long Beach,LogisticRegression,16,1,0.989329,1
LODO_E1_POOL_TO_VA L_LogisticRegression,Cleveland + Hungarian + Zurich,VA Long Beach,LogisticRegression,17,1,0.927287,1
LODO_E1_POOL_TO_VA L_LogisticRegression,Cleveland + Hungarian + Zurich,VA Long Beach,LogisticRegression,18,0,0.916438,1
LODO_E1_POOL_TO_VA L_LogisticRegression,Cleveland + Hungarian + Zurich,VA Long Beach,LogisticRegression,19,0,0.89993,1
LODO_E1_POOL_TO_VA L_LogisticRegression,Cleveland + Hungarian + Zurich,VA Long Beach,LogisticRegression,20,1,0.729532,1
LODO_E1_POOL_TO_VA L_LogisticRegression,Cleveland + Hungarian + Zurich,VA Long Beach,LogisticRegression,21,1,0.933519,1
LODO_E1_POOL_TO_VA L_LogisticRegression,Cleveland + Hungarian + Zurich,VA Long Beach,LogisticRegression,22,1,0.817499,1
LODO_E1_POOL_TO_VA L_LogisticRegression,Cleveland + Hungarian + Zurich,VA Long Beach,LogisticRegression,23,0,0.644356,1
LODO_E1_POOL_TO_VA L_LogisticRegression,Cleveland + Hungarian + Zurich,VA Long Beach,LogisticRegression,24,1,0.543121,1
LODO_E1_POOL_TO_VA L_LogisticRegression,Cleveland + Hungarian + Zurich,VA Long Beach,LogisticRegression,25,1,0.863884,1
LODO_E1_POOL_TO_VA L_LogisticRegression,Cleveland + Hungarian + Zurich,VA Long Beach,LogisticRegression,26,1,0.550145,1
LODO_E1_POOL_TO_VA L_LogisticRegression,Cleveland + Hungarian + Zurich,VA Long Beach,LogisticRegression,27,1,0.893094,1
LODO_E1_POOL_TO_VA L_LogisticRegression,Cleveland + Hungarian + Zurich,VA Long Beach,LogisticRegression,28,1,0.934842,1
LODO_E1_POOL_TO_VA L_LogisticRegression,Cleveland + Hungarian + Zurich,VA Long Beach,LogisticRegression,29,1,0.514722,1
LODO_E1_POOL_TO_VA L_LogisticRegression,Cleveland + Hungarian + Zurich,VA Long Beach,LogisticRegression,30,1,0.709892,1
LODO_E1_POOL_TO_VA L_LogisticRegression,Cleveland + Hungarian + Zurich,VA Long Beach,LogisticRegression,31,1,0.968858,1
LODO_E1_POOL_TO_VA L_LogisticRegression,Cleveland + Hungarian + Zurich,VA Long Beach,LogisticRegression,32,1,0.954227,1
LODO_E1_POOL_TO_VA L_LogisticRegression,Cleveland + Hungarian + Zurich,VA Long Beach,LogisticRegression,33,1,0.540586,1
LODO_E1_POOL_TO_VA L_LogisticRegression,Cleveland + Hungarian + Zurich,VA Long Beach,LogisticRegression,34,1,0.926309,1
LODO_E1_POOL_TO_VA L_LogisticRegression,Cleveland + Hungarian + Zurich,VA Long Beach,LogisticRegression,35,1,0.940161,1
LODO_E1_POOL_TO_VA L_LogisticRegression,Cleveland + Hungarian + Zurich,VA Long Beach,LogisticRegression,36,1,0.935508,1
LODO_E1_POOL_TO_VA L_LogisticRegression,Cleveland + Hungarian + Zurich,VA Long Beach,LogisticRegression,37,0,0.918169,1
LODO_E1_POOL_TO_VA L_LogisticRegression,Cleveland + Hungarian + Zurich,VA Long Beach,LogisticRegression,38,1,0.638431,1
LODO_E1_POOL_TO_VA L_LogisticRegression,Cleveland + Hungarian + Zurich,VA Long Beach,LogisticRegression,39,0,0.939409,1
LODO_E1_POOL_TO_VA L_LogisticRegression,Cleveland + Hungarian + Zurich,VA Long Beach,LogisticRegression,40,1,0.865059,1
LODO_E1_POOL_TO_VA L_LogisticRegression,Cleveland + Hungarian + Zurich,VA Long Beach,LogisticRegression,41,1,0.339787,0
LODO_E1_POOL_TO_VA L_LogisticRegression,Cleveland + Hungarian + Zurich,VA Long Beach,LogisticRegression,42,1,0.937685,1
LODO_E1_POOL_TO_VA L_LogisticRegression,Cleveland + Hungarian + Zurich,VA Long Beach,LogisticRegression,43,0,0.671699,1
LODO_E1_POOL_TO_VA L_LogisticRegression,Cleveland + Hungarian + Zurich,VA Long Beach,LogisticRegression,44,1,0.905246,1
LODO_E1_POOL_TO_VA L_LogisticRegression,Cleveland + Hungarian + Zurich,VA Long Beach,LogisticRegression,45,1,0.939079,1
LODO_E1_POOL_TO_VA L_LogisticRegression,Cleveland + Hungarian + Zurich,VA Long Beach,LogisticRegression,46,1,0.956319,1
LODO_E1_POOL_TO_VA L_LogisticRegression,Cleveland + Hungarian + Zurich,VA Long Beach,LogisticRegression,47,0,0.727765,1
LODO_E1_POOL_TO_VA L_LogisticRegression,Cleveland + Hungarian + Zurich,VA Long Beach,LogisticRegression,48,1,0.91686,1
LODO_E1_POOL_TO_VA L_LogisticRegression,Cleveland + Hungarian + Zurich,VA Long Beach,LogisticRegression,49,0,0.187905,0
LODO_E1_POOL_TO_VA L_LogisticRegression,Cleveland + Hungarian + Zurich,VA Long Beach,LogisticRegression,50,1,0.912557,1
LODO_E1_POOL_TO_VA L_LogisticRegression,Cleveland + Hungarian + Zurich,VA Long Beach,LogisticRegression,51,0,0.026895,0
LODO_E1_POOL_TO_VA L_LogisticRegression,Cleveland + Hungarian + Zurich,VA Long Beach,LogisticRegression,52,1,0.956867,1
LODO_E1_POOL_TO_VA L_LogisticRegression,Cleveland + Hungarian + Zurich,VA Long Beach,LogisticRegression,53,0,0.396679,0
LODO_E1_POOL_TO_VA L_LogisticRegression,Cleveland + Hungarian + Zurich,VA Long Beach,LogisticRegression,54,1,0.741281,1
LODO_E1_POOL_TO_VA L_LogisticRegression,Cleveland + Hungarian + Zurich,VA Long Beach,LogisticRegression,55,1,0.974719,1
LODO_E1_POOL_TO_VA L_LogisticRegression,Cleveland + Hungarian + Zurich,VA Long Beach,LogisticRegression,56,1,0.917808,1
LODO_E1_POOL_TO_VA L_LogisticRegression,Cleveland + Hungarian + Zurich,VA Long Beach,LogisticRegression,57,1,0.875351,1
LODO_E1_POOL_TO_VA L_LogisticRegression,Cleveland + Hungarian + Zurich,VA Long Beach,LogisticRegression,58,0,0.25282,0
LODO_E1_POOL_TO_VA L_LogisticRegression,Cleveland + Hungarian + Zurich,VA Long Beach,LogisticRegression,59,1,0.917588,1
LODO_E1_POOL_TO_VA L_LogisticRegression,Cleveland + Hungarian + Zurich,VA Long Beach,LogisticRegression,60,0,0.741225,1
LODO_E1_POOL_TO_VA L_LogisticRegression,Cleveland + Hungarian + Zurich,VA Long Beach,LogisticRegression,61,1,0.974805,1
LODO_E1_POOL_TO_VA L_LogisticRegression,Cleveland + Hungarian + Zurich,VA Long Beach,LogisticRegression,62,1,0.930834,1
LODO_E1_POOL_TO_VA L_LogisticRegression,Cleveland + Hungarian + Zurich,VA Long Beach,LogisticRegression,63,1,0.933012,1
LODO_E1_POOL_TO_VA L_LogisticRegression,Cleveland + Hungarian + Zurich,VA Long Beach,LogisticRegression,64,1,0.825137,1
LODO_E1_POOL_TO_VA L_LogisticRegression,Cleveland + Hungarian + Zurich,VA Long Beach,LogisticRegression,65,1,0.90855,1
LODO_E1_POOL_TO_VA L_LogisticRegression,Cleveland + Hungarian + Zurich,VA Long Beach,LogisticRegression,66,1,0.397856,0
LODO_E1_POOL_TO_VA L_LogisticRegression,Cleveland + Hungarian + Zurich,VA Long Beach,LogisticRegression,67,1,0.973803,1
LODO_E1_POOL_TO_VA L_LogisticRegression,Cleveland + Hungarian + Zurich,VA Long Beach,LogisticRegression,68,1,0.697727,1
LODO_E1_POOL_TO_VA L_LogisticRegression,Cleveland + Hungarian + Zurich,VA Long Beach,LogisticRegression,69,1,0.414898,0
LODO_E1_POOL_TO_VA L_LogisticRegression,Cleveland + Hungarian + Zurich,VA Long Beach,LogisticRegression,70,0,0.167107,0
LODO_E1_POOL_TO_VA L_LogisticRegression,Cleveland + Hungarian + Zurich,VA Long Beach,LogisticRegression,71,1,0.936517,1
LODO_E1_POOL_TO_VA L_LogisticRegression,Cleveland + Hungarian + Zurich,VA Long Beach,LogisticRegression,72,0,0.259572,0
LODO_E1_POOL_TO_VA L_LogisticRegression,Cleveland + Hungarian + Zurich,VA Long Beach,LogisticRegression,73,1,0.956118,1
LODO_E1_POOL_TO_VA L_LogisticRegression,Cleveland + Hungarian + Zurich,VA Long Beach,LogisticRegression,74,1,0.908799,1
LODO_E1_POOL_TO_VA L_LogisticRegression,Cleveland + Hungarian + Zurich,VA Long Beach,LogisticRegression,75,1,0.873855,1
LODO_E1_POOL_TO_VA L_LogisticRegression,Cleveland + Hungarian + Zurich,VA Long Beach,LogisticRegression,76,1,0.351865,0
LODO_E1_POOL_TO_VA L_LogisticRegression,Cleveland + Hungarian + Zurich,VA Long Beach,LogisticRegression,77,1,0.383941,0
LODO_E1_POOL_TO_VA L_LogisticRegression,Cleveland + Hungarian + Zurich,VA Long Beach,LogisticRegression,78,1,0.971617,1
LODO_E1_POOL_TO_VA L_LogisticRegression,Cleveland + Hungarian + Zurich,VA Long Beach,LogisticRegression,79,1,0.6876,1
LODO_E1_POOL_TO_VA L_LogisticRegression,Cleveland + Hungarian + Zurich,VA Long Beach,LogisticRegression,80,0,0.947593,1
LODO_E1_POOL_TO_VA L_LogisticRegression,Cleveland + Hungarian + Zurich,VA Long Beach,LogisticRegression,81,1,0.971753,1
LODO_E1_POOL_TO_VA L_LogisticRegression,Cleveland + Hungarian + Zurich,VA Long Beach,LogisticRegression,82,1,0.907817,1
LODO_E1_POOL_TO_VA L_LogisticRegression,Cleveland + Hungarian + Zurich,VA Long Beach,LogisticRegression,83,1,0.917559,1
LODO_E1_POOL_TO_VA L_LogisticRegression,Cleveland + Hungarian + Zurich,VA Long Beach,LogisticRegression,84,1,0.986733,1
LODO_E1_POOL_TO_VA L_LogisticRegression,Cleveland + Hungarian + Zurich,VA Long Beach,LogisticRegression,85,1,0.943662,1
LODO_E1_POOL_TO_VA L_LogisticRegression,Cleveland + Hungarian + Zurich,VA Long Beach,LogisticRegression,86,1,0.937363,1
LODO_E1_POOL_TO_VA L_LogisticRegression,Cleveland + Hungarian + Zurich,VA Long Beach,LogisticRegression,87,0,0.550145,1
LODO_E1_POOL_TO_VA L_LogisticRegression,Cleveland + Hungarian + Zurich,VA Long Beach,LogisticRegression,88,1,0.987121,1
LODO_E1_POOL_TO_VA L_LogisticRegression,Cleveland + Hungarian + Zurich,VA Long Beach,LogisticRegression,89,1,0.54907,1
LODO_E1_POOL_TO_VA L_LogisticRegression,Cleveland + Hungarian + Zurich,VA Long Beach,LogisticRegression,90,1,0.984733,1
LODO_E1_POOL_TO_VA L_LogisticRegression,Cleveland + Hungarian + Zurich,VA Long Beach,LogisticRegression,91,0,0.703239,1
LODO_E1_POOL_TO_VA L_LogisticRegression,Cleveland + Hungarian + Zurich,VA Long Beach,LogisticRegression,92,1,0.872454,1
LODO_E1_POOL_TO_VA L_LogisticRegression,Cleveland + Hungarian + Zurich,VA Long Beach,LogisticRegression,93,1,0.747811,1
LODO_E1_POOL_TO_VA L_LogisticRegression,Cleveland + Hungarian + Zurich,VA Long Beach,LogisticRegression,94,0,0.732663,1
LODO_E1_POOL_TO_VA L_LogisticRegression,Cleveland + Hungarian + Zurich,VA Long Beach,LogisticRegression,95,1,0.982148,1
LODO_E1_POOL_TO_VA L_LogisticRegression,Cleveland + Hungarian + Zurich,VA Long Beach,LogisticRegression,96,0,0.174238,0
LODO_E1_POOL_TO_VA L_LogisticRegression,Cleveland + Hungarian + Zurich,VA Long Beach,LogisticRegression,97,1,0.443558,0
LODO_E1_POOL_TO_VA L_LogisticRegression,Cleveland + Hungarian + Zurich,VA Long Beach,LogisticRegression,98,1,0.59746,1
LODO_E1_POOL_TO_VA L_LogisticRegression,Cleveland + Hungarian + Zurich,VA Long Beach,LogisticRegression,99,0,0.790811,1
LODO_E1_POOL_TO_VA L_LogisticRegression,Cleveland + Hungarian + Zurich,VA Long Beach,LogisticRegression,100,1,0.569242,1
LODO_E1_POOL_TO_VA L_LogisticRegression,Cleveland + Hungarian + Zurich,VA Long Beach,LogisticRegression,101,1,0.95121,1
LODO_E1_POOL_TO_VA L_LogisticRegression,Cleveland + Hungarian + Zurich,VA Long Beach,LogisticRegression,102,1,0.878025,1
LODO_E1_POOL_TO_VA L_LogisticRegression,Cleveland + Hungarian + Zurich,VA Long Beach,LogisticRegression,103,1,0.905718,1
LODO_E1_POOL_TO_VA L_LogisticRegression,Cleveland + Hungarian + Zurich,VA Long Beach,LogisticRegression,104,0,0.795947,1
LODO_E1_POOL_TO_VA L_LogisticRegression,Cleveland + Hungarian + Zurich,VA Long Beach,LogisticRegression,105,1,0.987696,1
LODO_E1_POOL_TO_VA L_LogisticRegression,Cleveland + Hungarian + Zurich,VA Long Beach,LogisticRegression,106,1,0.895022,1
LODO_E1_POOL_TO_VA L_LogisticRegression,Cleveland + Hungarian + Zurich,VA Long Beach,LogisticRegression,107,1,0.926935,1
LODO_E1_POOL_TO_VA L_LogisticRegression,Cleveland + Hungarian + Zurich,VA Long Beach,LogisticRegression,108,0,0.619259,1
LODO_E1_POOL_TO_VA L_LogisticRegression,Cleveland + Hungarian + Zurich,VA Long Beach,LogisticRegression,109,0,0.383449,0
LODO_E1_POOL_TO_VA L_LogisticRegression,Cleveland + Hungarian + Zurich,VA Long Beach,LogisticRegression,110,1,0.867846,1
LODO_E1_POOL_TO_VA L_LogisticRegression,Cleveland + Hungarian + Zurich,VA Long Beach,LogisticRegression,111,0,0.453913,0
LODO_E1_POOL_TO_VA L_LogisticRegression,Cleveland + Hungarian + Zurich,VA Long Beach,LogisticRegression,112,1,0.359289,0
LODO_E1_POOL_TO_VA L_LogisticRegression,Cleveland + Hungarian + Zurich,VA Long Beach,LogisticRegression,113,1,0.959211,1
LODO_E1_POOL_TO_VA L_LogisticRegression,Cleveland + Hungarian + Zurich,VA Long Beach,LogisticRegression,114,1,0.854054,1
LODO_E1_POOL_TO_VA L_LogisticRegression,Cleveland + Hungarian + Zurich,VA Long Beach,LogisticRegression,115,1,0.925248,1
LODO_E1_POOL_TO_VA L_LogisticRegression,Cleveland + Hungarian + Zurich,VA Long Beach,LogisticRegression,116,1,0.800149,1
LODO_E1_POOL_TO_VA L_LogisticRegression,Cleveland + Hungarian + Zurich,VA Long Beach,LogisticRegression,117,1,0.946377,1
LODO_E1_POOL_TO_VA L_LogisticRegression,Cleveland + Hungarian + Zurich,VA Long Beach,LogisticRegression,118,1,0.967993,1
LODO_E1_POOL_TO_VA L_LogisticRegression,Cleveland + Hungarian + Zurich,VA Long Beach,LogisticRegression,119,1,0.97165,1
LODO_E1_POOL_TO_VA L_LogisticRegression,Cleveland + Hungarian + Zurich,VA Long Beach,LogisticRegression,120,1,0.798718,1
LODO_E1_POOL_TO_VA L_LogisticRegression,Cleveland + Hungarian + Zurich,VA Long Beach,LogisticRegression,121,1,0.993254,1
LODO_E1_POOL_TO_VA L_LogisticRegression,Cleveland + Hungarian + Zurich,VA Long Beach,LogisticRegression,122,1,0.958496,1
LODO_E1_POOL_TO_VA L_LogisticRegression,Cleveland + Hungarian + Zurich,VA Long Beach,LogisticRegression,123,0,0.816835,1
LODO_E1_POOL_TO_VA L_LogisticRegression,Cleveland + Hungarian + Zurich,VA Long Beach,LogisticRegression,124,1,0.78799,1
LODO_E1_POOL_TO_VA L_LogisticRegression,Cleveland + Hungarian + Zurich,VA Long Beach,LogisticRegression,125,1,0.954597,1
LODO_E1_POOL_TO_VA L_LogisticRegression,Cleveland + Hungarian + Zurich,VA Long Beach,LogisticRegression,126,1,0.803143,1
LODO_E1_POOL_TO_VA L_LogisticRegression,Cleveland + Hungarian + Zurich,VA Long Beach,LogisticRegression,127,1,0.986666,1
LODO_E1_POOL_TO_VA L_LogisticRegression,Cleveland + Hungarian + Zurich,VA Long Beach,LogisticRegression,128,0,0.249901,0
LODO_E1_POOL_TO_VA L_LogisticRegression,Cleveland + Hungarian + Zurich,VA Long Beach,LogisticRegression,129,0,0.947736,1
LODO_E1_POOL_TO_VA L_LogisticRegression,Cleveland + Hungarian + Zurich,VA Long Beach,LogisticRegression,130,1,0.247555,0
LODO_E1_POOL_TO_VA L_LogisticRegression,Cleveland + Hungarian + Zurich,VA Long Beach,LogisticRegression,131,1,0.56015,1
LODO_E1_POOL_TO_VA L_LogisticRegression,Cleveland + Hungarian + Zurich,VA Long Beach,LogisticRegression,132,1,0.765581,1
LODO_E1_POOL_TO_VA L_LogisticRegression,Cleveland + Hungarian + Zurich,VA Long Beach,LogisticRegression,133,0,0.261784,0
LODO_E1_POOL_TO_VA L_LogisticRegression,Cleveland + Hungarian + Zurich,VA Long Beach,LogisticRegression,134,1,0.946107,1
LODO_E1_POOL_TO_VA L_LogisticRegression,Cleveland + Hungarian + Zurich,VA Long Beach,LogisticRegression,135,0,0.739277,1
LODO_E1_POOL_TO_VA L_LogisticRegression,Cleveland + Hungarian + Zurich,VA Long Beach,LogisticRegression,136,1,0.920955,1
LODO_E1_POOL_TO_VA L_LogisticRegression,Cleveland + Hungarian + Zurich,VA Long Beach,LogisticRegression,137,1,0.227551,0
LODO_E1_POOL_TO_VA L_LogisticRegression,Cleveland + Hungarian + Zurich,VA Long Beach,LogisticRegression,138,0,0.372071,0
LODO_E1_POOL_TO_VA L_LogisticRegression,Cleveland + Hungarian + Zurich,VA Long Beach,LogisticRegression,139,1,0.781436,1
LODO_E1_POOL_TO_VA L_LogisticRegression,Cleveland + Hungarian + Zurich,VA Long Beach,LogisticRegression,140,0,0.984722,1
LODO_E1_POOL_TO_VA L_LogisticRegression,Cleveland + Hungarian + Zurich,VA Long Beach,LogisticRegression,141,1,0.517341,1
LODO_E1_POOL_TO_VA L_LogisticRegression,Cleveland + Hungarian + Zurich,VA Long Beach,LogisticRegression,142,1,0.461974,0
LODO_E1_POOL_TO_VA L_LogisticRegression,Cleveland + Hungarian + Zurich,VA Long Beach,LogisticRegression,143,1,0.993069,1
LODO_E1_POOL_TO_VA L_LogisticRegression,Cleveland + Hungarian + Zurich,VA Long Beach,LogisticRegression,144,0,0.517583,1
LODO_E1_POOL_TO_VA L_LogisticRegression,Cleveland + Hungarian + Zurich,VA Long Beach,LogisticRegression,145,0,0.323005,0
LODO_E1_POOL_TO_VA L_LogisticRegression,Cleveland + Hungarian + Zurich,VA Long Beach,LogisticRegression,146,0,0.919702,1
LODO_E1_POOL_TO_VA L_LogisticRegression,Cleveland + Hungarian + Zurich,VA Long Beach,LogisticRegression,147,1,0.81118,1
LODO_E1_POOL_TO_VA L_LogisticRegression,Cleveland + Hungarian + Zurich,VA Long Beach,LogisticRegression,148,1,0.924777,1
LODO_E1_POOL_TO_VA L_LogisticRegression,Cleveland + Hungarian + Zurich,VA Long Beach,LogisticRegression,149,1,0.902526,1
LODO_E1_POOL_TO_VA L_LogisticRegression,Cleveland + Hungarian + Zurich,VA Long Beach,LogisticRegression,150,0,0.896954,1
LODO_E1_POOL_TO_VA L_LogisticRegression,Cleveland + Hungarian + Zurich,VA Long Beach,LogisticRegression,151,1,0.924915,1
LODO_E1_POOL_TO_VA L_LogisticRegression,Cleveland + Hungarian + Zurich,VA Long Beach,LogisticRegression,152,1,0.943099,1
LODO_E1_POOL_TO_VA L_LogisticRegression,Cleveland + Hungarian + Zurich,VA Long Beach,LogisticRegression,153,1,0.968523,1
LODO_E1_POOL_TO_VA L_LogisticRegression,Cleveland + Hungarian + Zurich,VA Long Beach,LogisticRegression,154,1,0.970152,1
LODO_E1_POOL_TO_VA L_LogisticRegression,Cleveland + Hungarian + Zurich,VA Long Beach,LogisticRegression,155,1,0.887225,1
LODO_E1_POOL_TO_VA L_LogisticRegression,Cleveland + Hungarian + Zurich,VA Long Beach,LogisticRegression,156,1,0.905787,1
LODO_E1_POOL_TO_VA L_LogisticRegression,Cleveland + Hungarian + Zurich,VA Long Beach,LogisticRegression,157,1,0.914219,1
LODO_E1_POOL_TO_VA L_LogisticRegression,Cleveland + Hungarian + Zurich,VA Long Beach,LogisticRegression,158,1,0.948139,1
LODO_E1_POOL_TO_VA L_LogisticRegression,Cleveland + Hungarian + Zurich,VA Long Beach,LogisticRegression,159,1,0.944164,1
LODO_E1_POOL_TO_VA L_LogisticRegression,Cleveland + Hungarian + Zurich,VA Long Beach,LogisticRegression,160,1,0.977757,1
LODO_E1_POOL_TO_VA L_LogisticRegression,Cleveland + Hungarian + Zurich,VA Long Beach,LogisticRegression,161,1,0.930565,1
LODO_E1_POOL_TO_VA L_LogisticRegression,Cleveland + Hungarian + Zurich,VA Long Beach,LogisticRegression,162,1,0.985607,1
LODO_E1_POOL_TO_VA L_LogisticRegression,Cleveland + Hungarian + Zurich,VA Long Beach,LogisticRegression,163,1,0.948139,1
LODO_E1_POOL_TO_VA L_LogisticRegression,Cleveland + Hungarian + Zurich,VA Long Beach,LogisticRegression,164,1,0.741225,1
LODO_E1_POOL_TO_VA L_LogisticRegression,Cleveland + Hungarian + Zurich,VA Long Beach,LogisticRegression,165,1,0.800262,1
LODO_E1_POOL_TO_VA L_LogisticRegression,Cleveland + Hungarian + Zurich,VA Long Beach,LogisticRegression,166,1,0.961856,1
LODO_E1_POOL_TO_VA L_LogisticRegression,Cleveland + Hungarian + Zurich,VA Long Beach,LogisticRegression,167,0,0.779115,1
LODO_E1_POOL_TO_VA L_LogisticRegression,Cleveland + Hungarian + Zurich,VA Long Beach,LogisticRegression,168,1,0.925248,1
LODO_E1_POOL_TO_VA L_LogisticRegression,Cleveland + Hungarian + Zurich,VA Long Beach,LogisticRegression,169,1,0.485877,0
LODO_E1_POOL_TO_VA L_LogisticRegression,Cleveland + Hungarian + Zurich,VA Long Beach,LogisticRegression,170,1,0.943762,1
LODO_E1_POOL_TO_VA L_LogisticRegression,Cleveland + Hungarian + Zurich,VA Long Beach,LogisticRegression,171,0,0.367293,0
LODO_E1_POOL_TO_VA L_LogisticRegression,Cleveland + Hungarian + Zurich,VA Long Beach,LogisticRegression,172,1,0.96659,1
LODO_E1_POOL_TO_VA L_LogisticRegression,Cleveland + Hungarian + Zurich,VA Long Beach,LogisticRegression,173,1,0.752464,1
LODO_E1_POOL_TO_VA L_LogisticRegression,Cleveland + Hungarian + Zurich,VA Long Beach,LogisticRegression,174,0,0.332547,0
LODO_E1_POOL_TO_VA L_LogisticRegression,Cleveland + Hungarian + Zurich,VA Long Beach,LogisticRegression,175,0,0.767615,1
LODO_E1_POOL_TO_VA L_LogisticRegression,Cleveland + Hungarian + Zurich,VA Long Beach,LogisticRegression,176,1,0.967897,1
LODO_E1_POOL_TO_VA L_LogisticRegression,Cleveland + Hungarian + Zurich,VA Long Beach,LogisticRegression,177,1,0.783097,1
LODO_E1_POOL_TO_VA L_LogisticRegression,Cleveland + Hungarian + Zurich,VA Long Beach,LogisticRegression,178,1,0.932178,1
LODO_E1_POOL_TO_VA L_LogisticRegression,Cleveland + Hungarian + Zurich,VA Long Beach,LogisticRegression,179,1,0.904665,1
LODO_E1_POOL_TO_VA L_LogisticRegression,Cleveland + Hungarian + Zurich,VA Long Beach,LogisticRegression,180,1,0.82031,1
LODO_E1_POOL_TO_VA L_LogisticRegression,Cleveland + Hungarian + Zurich,VA Long Beach,LogisticRegression,181,0,0.514722,1
LODO_E1_POOL_TO_VA L_LogisticRegression,Cleveland + Hungarian + Zurich,VA Long Beach,LogisticRegression,182,1,0.96304,1
LODO_E1_POOL_TO_VA L_LogisticRegression,Cleveland + Hungarian + Zurich,VA Long Beach,LogisticRegression,183,1,0.899384,1
LODO_E1_POOL_TO_VA L_LogisticRegression,Cleveland + Hungarian + Zurich,VA Long Beach,LogisticRegression,184,0,0.952764,1
LODO_E1_POOL_TO_VA L_LogisticRegression,Cleveland + Hungarian + Zurich,VA Long Beach,LogisticRegression,185,1,0.860945,1
LODO_E1_POOL_TO_VA L_LogisticRegression,Cleveland + Hungarian + Zurich,VA Long Beach,LogisticRegression,186,1,0.822371,1
LODO_E1_POOL_TO_VA L_LogisticRegression,Cleveland + Hungarian + Zurich,VA Long Beach,LogisticRegression,187,1,0.977283,1
LODO_E1_POOL_TO_VA L_LogisticRegression,Cleveland + Hungarian + Zurich,VA Long Beach,LogisticRegression,188,0,0.709647,1
LODO_E1_POOL_TO_VA L_LogisticRegression,Cleveland + Hungarian + Zurich,VA Long Beach,LogisticRegression,189,0,0.536677,1
LODO_E1_POOL_TO_VA L_LogisticRegression,Cleveland + Hungarian + Zurich,VA Long Beach,LogisticRegression,190,1,0.984541,1
LODO_E1_POOL_TO_VA L_LogisticRegression,Cleveland + Hungarian + Zurich,VA Long Beach,LogisticRegression,191,1,0.937592,1
LODO_E1_POOL_TO_VA L_LogisticRegression,Cleveland + Hungarian + Zurich,VA Long Beach,LogisticRegression,192,1,0.870079,1
LODO_E1_POOL_TO_VA L_LogisticRegression,Cleveland + Hungarian + Zurich,VA Long Beach,LogisticRegression,193,1,0.625649,1
LODO_E1_POOL_TO_VA L_LogisticRegression,Cleveland + Hungarian + Zurich,VA Long Beach,LogisticRegression,194,1,0.255815,0
LODO_E1_POOL_TO_VA L_LogisticRegression,Cleveland + Hungarian + Zurich,VA Long Beach,LogisticRegression,195,0,0.235412,0
LODO_E1_POOL_TO_VA L_LogisticRegression,Cleveland + Hungarian + Zurich,VA Long Beach,LogisticRegression,196,1,0.807693,1
LODO_E1_POOL_TO_VA L_LogisticRegression,Cleveland + Hungarian + Zurich,VA Long Beach,LogisticRegression,197,0,0.928185,1
LODO_E1_POOL_TO_VA L_LogisticRegression,Cleveland + Hungarian + Zurich,VA Long Beach,LogisticRegression,198,1,0.739229,1
LODO_E2_POOL_TO_VA L_RandomForest,Cleveland + Hungarian + Zurich,VA Long Beach,RandomForest,0,1,0.954248,1
LODO_E2_POOL_TO_VA L_RandomForest,Cleveland + Hungarian + Zurich,VA Long Beach,RandomForest,1,0,0.643422,1
LODO_E2_POOL_TO_VA L_RandomForest,Cleveland + Hungarian + Zurich,VA Long Beach,RandomForest,2,1,0.909149,1
LODO_E2_POOL_TO_VA L_RandomForest,Cleveland + Hungarian + Zurich,VA Long Beach,RandomForest,3,1,0.846087,1
LODO_E2_POOL_TO_VA L_RandomForest,Cleveland + Hungarian + Zurich,VA Long Beach,RandomForest,4,0,0.712489,1
LODO_E2_POOL_TO_VA L_RandomForest,Cleveland + Hungarian + Zurich,VA Long Beach,RandomForest,5,0,0.424159,0
LODO_E2_POOL_TO_VA L_RandomForest,Cleveland + Hungarian + Zurich,VA Long Beach,RandomForest,6,1,0.863117,1
LODO_E2_POOL_TO_VA L_RandomForest,Cleveland + Hungarian + Zurich,VA Long Beach,RandomForest,7,0,0.69154,1
LODO_E2_POOL_TO_VA L_RandomForest,Cleveland + Hungarian + Zurich,VA Long Beach,RandomForest,8,1,0.496345,0
LODO_E2_POOL_TO_VA L_RandomForest,Cleveland + Hungarian + Zurich,VA Long Beach,RandomForest,9,1,0.377269,0
LODO_E2_POOL_TO_VA L_RandomForest,Cleveland + Hungarian + Zurich,VA Long Beach,RandomForest,10,0,0.258763,0
LODO_E2_POOL_TO_VA L_RandomForest,Cleveland + Hungarian + Zurich,VA Long Beach,RandomForest,11,1,0.914491,1
LODO_E2_POOL_TO_VA L_RandomForest,Cleveland + Hungarian + Zurich,VA Long Beach,RandomForest,12,1,0.853239,1
LODO_E2_POOL_TO_VA L_RandomForest,Cleveland + Hungarian + Zurich,VA Long Beach,RandomForest,13,1,0.590563,1
LODO_E2_POOL_TO_VA L_RandomForest,Cleveland + Hungarian + Zurich,VA Long Beach,RandomForest,14,1,0.891787,1
LODO_E2_POOL_TO_VA L_RandomForest,Cleveland + Hungarian + Zurich,VA Long Beach,RandomForest,15,0,0.828136,1
LODO_E2_POOL_TO_VA L_RandomForest,Cleveland + Hungarian + Zurich,VA Long Beach,RandomForest,16,1,0.975224,1
LODO_E2_POOL_TO_VA L_RandomForest,Cleveland + Hungarian + Zurich,VA Long Beach,RandomForest,17,1,0.909289,1
LODO_E2_POOL_TO_VA L_RandomForest,Cleveland + Hungarian + Zurich,VA Long Beach,RandomForest,18,0,0.86668,1
LODO_E2_POOL_TO_VA L_RandomForest,Cleveland + Hungarian + Zurich,VA Long Beach,RandomForest,19,0,0.845792,1
LODO_E2_POOL_TO_VA L_RandomForest,Cleveland + Hungarian + Zurich,VA Long Beach,RandomForest,20,1,0.795619,1
LODO_E2_POOL_TO_VA L_RandomForest,Cleveland + Hungarian + Zurich,VA Long Beach,RandomForest,21,1,0.927576,1
LODO_E2_POOL_TO_VA L_RandomForest,Cleveland + Hungarian + Zurich,VA Long Beach,RandomForest,22,1,0.675746,1
LODO_E2_POOL_TO_VA L_RandomForest,Cleveland + Hungarian + Zurich,VA Long Beach,RandomForest,23,0,0.379722,0
LODO_E2_POOL_TO_VA L_RandomForest,Cleveland + Hungarian + Zurich,VA Long Beach,RandomForest,24,1,0.33794,0
LODO_E2_POOL_TO_VA L_RandomForest,Cleveland + Hungarian + Zurich,VA Long Beach,RandomForest,25,1,0.824369,1
LODO_E2_POOL_TO_VA L_RandomForest,Cleveland + Hungarian + Zurich,VA Long Beach,RandomForest,26,1,0.562515,1
LODO_E2_POOL_TO_VA L_RandomForest,Cleveland + Hungarian + Zurich,VA Long Beach,RandomForest,27,1,0.799487,1
LODO_E2_POOL_TO_VA L_RandomForest,Cleveland + Hungarian + Zurich,VA Long Beach,RandomForest,28,1,0.931366,1
LODO_E2_POOL_TO_VA L_RandomForest,Cleveland + Hungarian + Zurich,VA Long Beach,RandomForest,29,1,0.310403,0
LODO_E2_POOL_TO_VA L_RandomForest,Cleveland + Hungarian + Zurich,VA Long Beach,RandomForest,30,1,0.633716,1
LODO_E2_POOL_TO_VA L_RandomForest,Cleveland + Hungarian + Zurich,VA Long Beach,RandomForest,31,1,0.897433,1
LODO_E2_POOL_TO_VA L_RandomForest,Cleveland + Hungarian + Zurich,VA Long Beach,RandomForest,32,1,0.942743,1
LODO_E2_POOL_TO_VA L_RandomForest,Cleveland + Hungarian + Zurich,VA Long Beach,RandomForest,33,1,0.279695,0
LODO_E2_POOL_TO_VA L_RandomForest,Cleveland + Hungarian + Zurich,VA Long Beach,RandomForest,34,1,0.683916,1
LODO_E2_POOL_TO_VA L_RandomForest,Cleveland + Hungarian + Zurich,VA Long Beach,RandomForest,35,1,0.921068,1
LODO_E2_POOL_TO_VA L_RandomForest,Cleveland + Hungarian + Zurich,VA Long Beach,RandomForest,36,1,0.896742,1
LODO_E2_POOL_TO_VA L_RandomForest,Cleveland + Hungarian + Zurich,VA Long Beach,RandomForest,37,0,0.915527,1
LODO_E2_POOL_TO_VA L_RandomForest,Cleveland + Hungarian + Zurich,VA Long Beach,RandomForest,38,1,0.648531,1
LODO_E2_POOL_TO_VA L_RandomForest,Cleveland + Hungarian + Zurich,VA Long Beach,RandomForest,39,0,0.945614,1
LODO_E2_POOL_TO_VA L_RandomForest,Cleveland + Hungarian + Zurich,VA Long Beach,RandomForest,40,1,0.766594,1
LODO_E2_POOL_TO_VA L_RandomForest,Cleveland + Hungarian + Zurich,VA Long Beach,RandomForest,41,1,0.536838,1
LODO_E2_POOL_TO_VA L_RandomForest,Cleveland + Hungarian + Zurich,VA Long Beach,RandomForest,42,1,0.936696,1
LODO_E2_POOL_TO_VA L_RandomForest,Cleveland + Hungarian + Zurich,VA Long Beach,RandomForest,43,0,0.704553,1
LODO_E2_POOL_TO_VA L_RandomForest,Cleveland + Hungarian + Zurich,VA Long Beach,RandomForest,44,1,0.876445,1
LODO_E2_POOL_TO_VA L_RandomForest,Cleveland + Hungarian + Zurich,VA Long Beach,RandomForest,45,1,0.887607,1
LODO_E2_POOL_TO_VA L_RandomForest,Cleveland + Hungarian + Zurich,VA Long Beach,RandomForest,46,1,0.925183,1
LODO_E2_POOL_TO_VA L_RandomForest,Cleveland + Hungarian + Zurich,VA Long Beach,RandomForest,47,0,0.717041,1
LODO_E2_POOL_TO_VA L_RandomForest,Cleveland + Hungarian + Zurich,VA Long Beach,RandomForest,48,1,0.708283,1
LODO_E2_POOL_TO_VA L_RandomForest,Cleveland + Hungarian + Zurich,VA Long Beach,RandomForest,49,0,0.090577,0
LODO_E2_POOL_TO_VA L_RandomForest,Cleveland + Hungarian + Zurich,VA Long Beach,RandomForest,50,1,0.730245,1
LODO_E2_POOL_TO_VA L_RandomForest,Cleveland + Hungarian + Zurich,VA Long Beach,RandomForest,51,0,0.135648,0
LODO_E2_POOL_TO_VA L_RandomForest,Cleveland + Hungarian + Zurich,VA Long Beach,RandomForest,52,1,0.928427,1
LODO_E2_POOL_TO_VA L_RandomForest,Cleveland + Hungarian + Zurich,VA Long Beach,RandomForest,53,0,0.427332,0
LODO_E2_POOL_TO_VA L_RandomForest,Cleveland + Hungarian + Zurich,VA Long Beach,RandomForest,54,1,0.729861,1
LODO_E2_POOL_TO_VA L_RandomForest,Cleveland + Hungarian + Zurich,VA Long Beach,RandomForest,55,1,0.95082,1
LODO_E2_POOL_TO_VA L_RandomForest,Cleveland + Hungarian + Zurich,VA Long Beach,RandomForest,56,1,0.894104,1
LODO_E2_POOL_TO_VA L_RandomForest,Cleveland + Hungarian + Zurich,VA Long Beach,RandomForest,57,1,0.653379,1
LODO_E2_POOL_TO_VA L_RandomForest,Cleveland + Hungarian + Zurich,VA Long Beach,RandomForest,58,0,0.242678,0
LODO_E2_POOL_TO_VA L_RandomForest,Cleveland + Hungarian + Zurich,VA Long Beach,RandomForest,59,1,0.832734,1
LODO_E2_POOL_TO_VA L_RandomForest,Cleveland + Hungarian + Zurich,VA Long Beach,RandomForest,60,0,0.645587,1
LODO_E2_POOL_TO_VA L_RandomForest,Cleveland + Hungarian + Zurich,VA Long Beach,RandomForest,61,1,0.935392,1
LODO_E2_POOL_TO_VA L_RandomForest,Cleveland + Hungarian + Zurich,VA Long Beach,RandomForest,62,1,0.896433,1
LODO_E2_POOL_TO_VA L_RandomForest,Cleveland + Hungarian + Zurich,VA Long Beach,RandomForest,63,1,0.78283,1
LODO_E2_POOL_TO_VA L_RandomForest,Cleveland + Hungarian + Zurich,VA Long Beach,RandomForest,64,1,0.729151,1
LODO_E2_POOL_TO_VA L_RandomForest,Cleveland + Hungarian + Zurich,VA Long Beach,RandomForest,65,1,0.6441,1
LODO_E2_POOL_TO_VA L_RandomForest,Cleveland + Hungarian + Zurich,VA Long Beach,RandomForest,66,1,0.594101,1
LODO_E2_POOL_TO_VA L_RandomForest,Cleveland + Hungarian + Zurich,VA Long Beach,RandomForest,67,1,0.945756,1
LODO_E2_POOL_TO_VA L_RandomForest,Cleveland + Hungarian + Zurich,VA Long Beach,RandomForest,68,1,0.70683,1
LODO_E2_POOL_TO_VA L_RandomForest,Cleveland + Hungarian + Zurich,VA Long Beach,RandomForest,69,1,0.444354,0
LODO_E2_POOL_TO_VA L_RandomForest,Cleveland + Hungarian + Zurich,VA Long Beach,RandomForest,70,0,0.184061,0
LODO_E2_POOL_TO_VA L_RandomForest,Cleveland + Hungarian + Zurich,VA Long Beach,RandomForest,71,1,0.897418,1
LODO_E2_POOL_TO_VA L_RandomForest,Cleveland + Hungarian + Zurich,VA Long Beach,RandomForest,72,0,0.469625,0
LODO_E2_POOL_TO_VA L_RandomForest,Cleveland + Hungarian + Zurich,VA Long Beach,RandomForest,73,1,0.888431,1
LODO_E2_POOL_TO_VA L_RandomForest,Cleveland + Hungarian + Zurich,VA Long Beach,RandomForest,74,1,0.695589,1
LODO_E2_POOL_TO_VA L_RandomForest,Cleveland + Hungarian + Zurich,VA Long Beach,RandomForest,75,1,0.786954,1
LODO_E2_POOL_TO_VA L_RandomForest,Cleveland + Hungarian + Zurich,VA Long Beach,RandomForest,76,1,0.479258,0
LODO_E2_POOL_TO_VA L_RandomForest,Cleveland + Hungarian + Zurich,VA Long Beach,RandomForest,77,1,0.219917,0
LODO_E2_POOL_TO_VA L_RandomForest,Cleveland + Hungarian + Zurich,VA Long Beach,RandomForest,78,1,0.96042,1
LODO_E2_POOL_TO_VA L_RandomForest,Cleveland + Hungarian + Zurich,VA Long Beach,RandomForest,79,1,0.820448,1
LODO_E2_POOL_TO_VA L_RandomForest,Cleveland + Hungarian + Zurich,VA Long Beach,RandomForest,80,0,0.868551,1
LODO_E2_POOL_TO_VA L_RandomForest,Cleveland + Hungarian + Zurich,VA Long Beach,RandomForest,81,1,0.923605,1
LODO_E2_POOL_TO_VA L_RandomForest,Cleveland + Hungarian + Zurich,VA Long Beach,RandomForest,82,1,0.847124,1
LODO_E2_POOL_TO_VA L_RandomForest,Cleveland + Hungarian + Zurich,VA Long Beach,RandomForest,83,1,0.912492,1
LODO_E2_POOL_TO_VA L_RandomForest,Cleveland + Hungarian + Zurich,VA Long Beach,RandomForest,84,1,0.920893,1
LODO_E2_POOL_TO_VA L_RandomForest,Cleveland + Hungarian + Zurich,VA Long Beach,RandomForest,85,1,0.917836,1
LODO_E2_POOL_TO_VA L_RandomForest,Cleveland + Hungarian + Zurich,VA Long Beach,RandomForest,86,1,0.86927,1
LODO_E2_POOL_TO_VA L_RandomForest,Cleveland + Hungarian + Zurich,VA Long Beach,RandomForest,87,0,0.562515,1
LODO_E2_POOL_TO_VA L_RandomForest,Cleveland + Hungarian + Zurich,VA Long Beach,RandomForest,88,1,0.962746,1
LODO_E2_POOL_TO_VA L_RandomForest,Cleveland + Hungarian + Zurich,VA Long Beach,RandomForest,89,1,0.268776,0
LODO_E2_POOL_TO_VA L_RandomForest,Cleveland + Hungarian + Zurich,VA Long Beach,RandomForest,90,1,0.942286,1
LODO_E2_POOL_TO_VA L_RandomForest,Cleveland + Hungarian + Zurich,VA Long Beach,RandomForest,91,0,0.56058,1
LODO_E2_POOL_TO_VA L_RandomForest,Cleveland + Hungarian + Zurich,VA Long Beach,RandomForest,92,1,0.754946,1
LODO_E2_POOL_TO_VA L_RandomForest,Cleveland + Hungarian + Zurich,VA Long Beach,RandomForest,93,1,0.774507,1
LODO_E2_POOL_TO_VA L_RandomForest,Cleveland + Hungarian + Zurich,VA Long Beach,RandomForest,94,0,0.777829,1
LODO_E2_POOL_TO_VA L_RandomForest,Cleveland + Hungarian + Zurich,VA Long Beach,RandomForest,95,1,0.975687,1
LODO_E2_POOL_TO_VA L_RandomForest,Cleveland + Hungarian + Zurich,VA Long Beach,RandomForest,96,0,0.091809,0
LODO_E2_POOL_TO_VA L_RandomForest,Cleveland + Hungarian + Zurich,VA Long Beach,RandomForest,97,1,0.522773,1
LODO_E2_POOL_TO_VA L_RandomForest,Cleveland + Hungarian + Zurich,VA Long Beach,RandomForest,98,1,0.668993,1
LODO_E2_POOL_TO_VA L_RandomForest,Cleveland + Hungarian + Zurich,VA Long Beach,RandomForest,99,0,0.675916,1
LODO_E2_POOL_TO_VA L_RandomForest,Cleveland + Hungarian + Zurich,VA Long Beach,RandomForest,100,1,0.387895,0
LODO_E2_POOL_TO_VA L_RandomForest,Cleveland + Hungarian + Zurich,VA Long Beach,RandomForest,101,1,0.946255,1
LODO_E2_POOL_TO_VA L_RandomForest,Cleveland + Hungarian + Zurich,VA Long Beach,RandomForest,102,1,0.598853,1
LODO_E2_POOL_TO_VA L_RandomForest,Cleveland + Hungarian + Zurich,VA Long Beach,RandomForest,103,1,0.860422,1
LODO_E2_POOL_TO_VA L_RandomForest,Cleveland + Hungarian + Zurich,VA Long Beach,RandomForest,104,0,0.745985,1
LODO_E2_POOL_TO_VA L_RandomForest,Cleveland + Hungarian + Zurich,VA Long Beach,RandomForest,105,1,0.928218,1
LODO_E2_POOL_TO_VA L_RandomForest,Cleveland + Hungarian + Zurich,VA Long Beach,RandomForest,106,1,0.845618,1
LODO_E2_POOL_TO_VA L_RandomForest,Cleveland + Hungarian + Zurich,VA Long Beach,RandomForest,107,1,0.891142,1
LODO_E2_POOL_TO_VA L_RandomForest,Cleveland + Hungarian + Zurich,VA Long Beach,RandomForest,108,0,0.586042,1
LODO_E2_POOL_TO_VA L_RandomForest,Cleveland + Hungarian + Zurich,VA Long Beach,RandomForest,109,0,0.213811,0
LODO_E2_POOL_TO_VA L_RandomForest,Cleveland + Hungarian + Zurich,VA Long Beach,RandomForest,110,1,0.7832,1
LODO_E2_POOL_TO_VA L_RandomForest,Cleveland + Hungarian + Zurich,VA Long Beach,RandomForest,111,0,0.460501,0
LODO_E2_POOL_TO_VA L_RandomForest,Cleveland + Hungarian + Zurich,VA Long Beach,RandomForest,112,1,0.228548,0
LODO_E2_POOL_TO_VA L_RandomForest,Cleveland + Hungarian + Zurich,VA Long Beach,RandomForest,113,1,0.939931,1
LODO_E2_POOL_TO_VA L_RandomForest,Cleveland + Hungarian + Zurich,VA Long Beach,RandomForest,114,1,0.802176,1
LODO_E2_POOL_TO_VA L_RandomForest,Cleveland + Hungarian + Zurich,VA Long Beach,RandomForest,115,1,0.926804,1
LODO_E2_POOL_TO_VA L_RandomForest,Cleveland + Hungarian + Zurich,VA Long Beach,RandomForest,116,1,0.775279,1
LODO_E2_POOL_TO_VA L_RandomForest,Cleveland + Hungarian + Zurich,VA Long Beach,RandomForest,117,1,0.853078,1
LODO_E2_POOL_TO_VA L_RandomForest,Cleveland + Hungarian + Zurich,VA Long Beach,RandomForest,118,1,0.938279,1
LODO_E2_POOL_TO_VA L_RandomForest,Cleveland + Hungarian + Zurich,VA Long Beach,RandomForest,119,1,0.965576,1
LODO_E2_POOL_TO_VA L_RandomForest,Cleveland + Hungarian + Zurich,VA Long Beach,RandomForest,120,1,0.649708,1
LODO_E2_POOL_TO_VA L_RandomForest,Cleveland + Hungarian + Zurich,VA Long Beach,RandomForest,121,1,0.942045,1
LODO_E2_POOL_TO_VA L_RandomForest,Cleveland + Hungarian + Zurich,VA Long Beach,RandomForest,122,1,0.955675,1
LODO_E2_POOL_TO_VA L_RandomForest,Cleveland + Hungarian + Zurich,VA Long Beach,RandomForest,123,0,0.780197,1
LODO_E2_POOL_TO_VA L_RandomForest,Cleveland + Hungarian + Zurich,VA Long Beach,RandomForest,124,1,0.658332,1
LODO_E2_POOL_TO_VA L_RandomForest,Cleveland + Hungarian + Zurich,VA Long Beach,RandomForest,125,1,0.631244,1
LODO_E2_POOL_TO_VA L_RandomForest,Cleveland + Hungarian + Zurich,VA Long Beach,RandomForest,126,1,0.829612,1
LODO_E2_POOL_TO_VA L_RandomForest,Cleveland + Hungarian + Zurich,VA Long Beach,RandomForest,127,1,0.938672,1
LODO_E2_POOL_TO_VA L_RandomForest,Cleveland + Hungarian + Zurich,VA Long Beach,RandomForest,128,0,0.503939,1
LODO_E2_POOL_TO_VA L_RandomForest,Cleveland + Hungarian + Zurich,VA Long Beach,RandomForest,129,0,0.951875,1
LODO_E2_POOL_TO_VA L_RandomForest,Cleveland + Hungarian + Zurich,VA Long Beach,RandomForest,130,1,0.105453,0
LODO_E2_POOL_TO_VA L_RandomForest,Cleveland + Hungarian + Zurich,VA Long Beach,RandomForest,131,1,0.506629,1
LODO_E2_POOL_TO_VA L_RandomForest,Cleveland + Hungarian + Zurich,VA Long Beach,RandomForest,132,1,0.668198,1
LODO_E2_POOL_TO_VA L_RandomForest,Cleveland + Hungarian + Zurich,VA Long Beach,RandomForest,133,0,0.442924,0
LODO_E2_POOL_TO_VA L_RandomForest,Cleveland + Hungarian + Zurich,VA Long Beach,RandomForest,134,1,0.885565,1
LODO_E2_POOL_TO_VA L_RandomForest,Cleveland + Hungarian + Zurich,VA Long Beach,RandomForest,135,0,0.632083,1
LODO_E2_POOL_TO_VA L_RandomForest,Cleveland + Hungarian + Zurich,VA Long Beach,RandomForest,136,1,0.753781,1
LODO_E2_POOL_TO_VA L_RandomForest,Cleveland + Hungarian + Zurich,VA Long Beach,RandomForest,137,1,0.413098,0
LODO_E2_POOL_TO_VA L_RandomForest,Cleveland + Hungarian + Zurich,VA Long Beach,RandomForest,138,0,0.152001,0
LODO_E2_POOL_TO_VA L_RandomForest,Cleveland + Hungarian + Zurich,VA Long Beach,RandomForest,139,1,0.667482,1
LODO_E2_POOL_TO_VA L_RandomForest,Cleveland + Hungarian + Zurich,VA Long Beach,RandomForest,140,0,0.949519,1
LODO_E2_POOL_TO_VA L_RandomForest,Cleveland + Hungarian + Zurich,VA Long Beach,RandomForest,141,1,0.402267,0
LODO_E2_POOL_TO_VA L_RandomForest,Cleveland + Hungarian + Zurich,VA Long Beach,RandomForest,142,1,0.393615,0
LODO_E2_POOL_TO_VA L_RandomForest,Cleveland + Hungarian + Zurich,VA Long Beach,RandomForest,143,1,0.960742,1
LODO_E2_POOL_TO_VA L_RandomForest,Cleveland + Hungarian + Zurich,VA Long Beach,RandomForest,144,0,0.273172,0
LODO_E2_POOL_TO_VA L_RandomForest,Cleveland + Hungarian + Zurich,VA Long Beach,RandomForest,145,0,0.205944,0
LODO_E2_POOL_TO_VA L_RandomForest,Cleveland + Hungarian + Zurich,VA Long Beach,RandomForest,146,0,0.875281,1
LODO_E2_POOL_TO_VA L_RandomForest,Cleveland + Hungarian + Zurich,VA Long Beach,RandomForest,147,1,0.75073,1
LODO_E2_POOL_TO_VA L_RandomForest,Cleveland + Hungarian + Zurich,VA Long Beach,RandomForest,148,1,0.888936,1
LODO_E2_POOL_TO_VA L_RandomForest,Cleveland + Hungarian + Zurich,VA Long Beach,RandomForest,149,1,0.811517,1
LODO_E2_POOL_TO_VA L_RandomForest,Cleveland + Hungarian + Zurich,VA Long Beach,RandomForest,150,0,0.94704,1
LODO_E2_POOL_TO_VA L_RandomForest,Cleveland + Hungarian + Zurich,VA Long Beach,RandomForest,151,1,0.82522,1
LODO_E2_POOL_TO_VA L_RandomForest,Cleveland + Hungarian + Zurich,VA Long Beach,RandomForest,152,1,0.935937,1
LODO_E2_POOL_TO_VA L_RandomForest,Cleveland + Hungarian + Zurich,VA Long Beach,RandomForest,153,1,0.962654,1
LODO_E2_POOL_TO_VA L_RandomForest,Cleveland + Hungarian + Zurich,VA Long Beach,RandomForest,154,1,0.95517,1
LODO_E2_POOL_TO_VA L_RandomForest,Cleveland + Hungarian + Zurich,VA Long Beach,RandomForest,155,1,0.802445,1
LODO_E2_POOL_TO_VA L_RandomForest,Cleveland + Hungarian + Zurich,VA Long Beach,RandomForest,156,1,0.811113,1
LODO_E2_POOL_TO_VA L_RandomForest,Cleveland + Hungarian + Zurich,VA Long Beach,RandomForest,157,1,0.823331,1
LODO_E2_POOL_TO_VA L_RandomForest,Cleveland + Hungarian + Zurich,VA Long Beach,RandomForest,158,1,0.914159,1
LODO_E2_POOL_TO_VA L_RandomForest,Cleveland + Hungarian + Zurich,VA Long Beach,RandomForest,159,1,0.957995,1
LODO_E2_POOL_TO_VA L_RandomForest,Cleveland + Hungarian + Zurich,VA Long Beach,RandomForest,160,1,0.950592,1
LODO_E2_POOL_TO_VA L_RandomForest,Cleveland + Hungarian + Zurich,VA Long Beach,RandomForest,161,1,0.87324,1
LODO_E2_POOL_TO_VA L_RandomForest,Cleveland + Hungarian + Zurich,VA Long Beach,RandomForest,162,1,0.961834,1
LODO_E2_POOL_TO_VA L_RandomForest,Cleveland + Hungarian + Zurich,VA Long Beach,RandomForest,163,1,0.914159,1
LODO_E2_POOL_TO_VA L_RandomForest,Cleveland + Hungarian + Zurich,VA Long Beach,RandomForest,164,1,0.645587,1
LODO_E2_POOL_TO_VA L_RandomForest,Cleveland + Hungarian + Zurich,VA Long Beach,RandomForest,165,1,0.754056,1
LODO_E2_POOL_TO_VA L_RandomForest,Cleveland + Hungarian + Zurich,VA Long Beach,RandomForest,166,1,0.87776,1
LODO_E2_POOL_TO_VA L_RandomForest,Cleveland + Hungarian + Zurich,VA Long Beach,RandomForest,167,0,0.568028,1
LODO_E2_POOL_TO_VA L_RandomForest,Cleveland + Hungarian + Zurich,VA Long Beach,RandomForest,168,1,0.926804,1
LODO_E2_POOL_TO_VA L_RandomForest,Cleveland + Hungarian + Zurich,VA Long Beach,RandomForest,169,1,0.434697,0
LODO_E2_POOL_TO_VA L_RandomForest,Cleveland + Hungarian + Zurich,VA Long Beach,RandomForest,170,1,0.927317,1
LODO_E2_POOL_TO_VA L_RandomForest,Cleveland + Hungarian + Zurich,VA Long Beach,RandomForest,171,0,0.234183,0
LODO_E2_POOL_TO_VA L_RandomForest,Cleveland + Hungarian + Zurich,VA Long Beach,RandomForest,172,1,0.950774,1
LODO_E2_POOL_TO_VA L_RandomForest,Cleveland + Hungarian + Zurich,VA Long Beach,RandomForest,173,1,0.56784,1
LODO_E2_POOL_TO_VA L_RandomForest,Cleveland + Hungarian + Zurich,VA Long Beach,RandomForest,174,0,0.360761,0
LODO_E2_POOL_TO_VA L_RandomForest,Cleveland + Hungarian + Zurich,VA Long Beach,RandomForest,175,0,0.787089,1
LODO_E2_POOL_TO_VA L_RandomForest,Cleveland + Hungarian + Zurich,VA Long Beach,RandomForest,176,1,0.938625,1
LODO_E2_POOL_TO_VA L_RandomForest,Cleveland + Hungarian + Zurich,VA Long Beach,RandomForest,177,1,0.756186,1
LODO_E2_POOL_TO_VA L_RandomForest,Cleveland + Hungarian + Zurich,VA Long Beach,RandomForest,178,1,0.871033,1
LODO_E2_POOL_TO_VA L_RandomForest,Cleveland + Hungarian + Zurich,VA Long Beach,RandomForest,179,1,0.803418,1
LODO_E2_POOL_TO_VA L_RandomForest,Cleveland + Hungarian + Zurich,VA Long Beach,RandomForest,180,1,0.76347,1
LODO_E2_POOL_TO_VA L_RandomForest,Cleveland + Hungarian + Zurich,VA Long Beach,RandomForest,181,0,0.310403,0
LODO_E2_POOL_TO_VA L_RandomForest,Cleveland + Hungarian + Zurich,VA Long Beach,RandomForest,182,1,0.938556,1
LODO_E2_POOL_TO_VA L_RandomForest,Cleveland + Hungarian + Zurich,VA Long Beach,RandomForest,183,1,0.885101,1
LODO_E2_POOL_TO_VA L_RandomForest,Cleveland + Hungarian + Zurich,VA Long Beach,RandomForest,184,0,0.937488,1
LODO_E2_POOL_TO_VA L_RandomForest,Cleveland + Hungarian + Zurich,VA Long Beach,RandomForest,185,1,0.657762,1
LODO_E2_POOL_TO_VA L_RandomForest,Cleveland + Hungarian + Zurich,VA Long Beach,RandomForest,186,1,0.707513,1
LODO_E2_POOL_TO_VA L_RandomForest,Cleveland + Hungarian + Zurich,VA Long Beach,RandomForest,187,1,0.944179,1
LODO_E2_POOL_TO_VA L_RandomForest,Cleveland + Hungarian + Zurich,VA Long Beach,RandomForest,188,0,0.549255,1
LODO_E2_POOL_TO_VA L_RandomForest,Cleveland + Hungarian + Zurich,VA Long Beach,RandomForest,189,0,0.534974,1
LODO_E2_POOL_TO_VA L_RandomForest,Cleveland + Hungarian + Zurich,VA Long Beach,RandomForest,190,1,0.964813,1
LODO_E2_POOL_TO_VA L_RandomForest,Cleveland + Hungarian + Zurich,VA Long Beach,RandomForest,191,1,0.944451,1
LODO_E2_POOL_TO_VA L_RandomForest,Cleveland + Hungarian + Zurich,VA Long Beach,RandomForest,192,1,0.804908,1
LODO_E2_POOL_TO_VA L_RandomForest,Cleveland + Hungarian + Zurich,VA Long Beach,RandomForest,193,1,0.648073,1
LODO_E2_POOL_TO_VA L_RandomForest,Cleveland + Hungarian + Zurich,VA Long Beach,RandomForest,194,1,0.353813,0
LODO_E2_POOL_TO_VA L_RandomForest,Cleveland + Hungarian + Zurich,VA Long Beach,RandomForest,195,0,0.506075,1
LODO_E2_POOL_TO_VA L_RandomForest,Cleveland + Hungarian + Zurich,VA Long Beach,RandomForest,196,1,0.754717,1
LODO_E2_POOL_TO_VA L_RandomForest,Cleveland + Hungarian + Zurich,VA Long Beach,RandomForest,197,0,0.888732,1
LODO_E2_POOL_TO_VA L_RandomForest,Cleveland + Hungarian + Zurich,VA Long Beach,RandomForest,198,1,0.692201,1
LODO_E3_POOL_TO_VA L_SVM,Cleveland + Hungarian + Zurich,VA Long Beach,SVM,0,1,0.949855,1
LODO_E3_POOL_TO_VA L_SVM,Cleveland + Hungarian + Zurich,VA Long Beach,SVM,1,0,0.647182,1
LODO_E3_POOL_TO_VA L_SVM,Cleveland + Hungarian + Zurich,VA Long Beach,SVM,2,1,0.884584,1
LODO_E3_POOL_TO_VA L_SVM,Cleveland + Hungarian + Zurich,VA Long Beach,SVM,3,1,0.907901,1
LODO_E3_POOL_TO_VA L_SVM,Cleveland + Hungarian + Zurich,VA Long Beach,SVM,4,0,0.811631,1
LODO_E3_POOL_TO_VA L_SVM,Cleveland + Hungarian + Zurich,VA Long Beach,SVM,5,0,0.50647,1
LODO_E3_POOL_TO_VA L_SVM,Cleveland + Hungarian + Zurich,VA Long Beach,SVM,6,1,0.896803,1
LODO_E3_POOL_TO_VA L_SVM,Cleveland + Hungarian + Zurich,VA Long Beach,SVM,7,0,0.931809,1
LODO_E3_POOL_TO_VA L_SVM,Cleveland + Hungarian + Zurich,VA Long Beach,SVM,8,1,0.615027,1
LODO_E3_POOL_TO_VA L_SVM,Cleveland + Hungarian + Zurich,VA Long Beach,SVM,9,1,0.201781,0
LODO_E3_POOL_TO_VA L_SVM,Cleveland + Hungarian + Zurich,VA Long Beach,SVM,10,0,0.164334,0
LODO_E3_POOL_TO_VA L_SVM,Cleveland + Hungarian + Zurich,VA Long Beach,SVM,11,1,0.940358,1
LODO_E3_POOL_TO_VA L_SVM,Cleveland + Hungarian + Zurich,VA Long Beach,SVM,12,1,0.85248,1
LODO_E3_POOL_TO_VA L_SVM,Cleveland + Hungarian + Zurich,VA Long Beach,SVM,13,1,0.823014,1
LODO_E3_POOL_TO_VA L_SVM,Cleveland + Hungarian + Zurich,VA Long Beach,SVM,14,1,0.921182,1
LODO_E3_POOL_TO_VA L_SVM,Cleveland + Hungarian + Zurich,VA Long Beach,SVM,15,0,0.877874,1
LODO_E3_POOL_TO_VA L_SVM,Cleveland + Hungarian + Zurich,VA Long Beach,SVM,16,1,0.881027,1
LODO_E3_POOL_TO_VA L_SVM,Cleveland + Hungarian + Zurich,VA Long Beach,SVM,17,1,0.894784,1
LODO_E3_POOL_TO_VA L_SVM,Cleveland + Hungarian + Zurich,VA Long Beach,SVM,18,0,0.819165,1
LODO_E3_POOL_TO_VA L_SVM,Cleveland + Hungarian + Zurich,VA Long Beach,SVM,19,0,0.925018,1
LODO_E3_POOL_TO_VA L_SVM,Cleveland + Hungarian + Zurich,VA Long Beach,SVM,20,1,0.781179,1
LODO_E3_POOL_TO_VA L_SVM,Cleveland + Hungarian + Zurich,VA Long Beach,SVM,21,1,0.919694,1
LODO_E3_POOL_TO_VA L_SVM,Cleveland + Hungarian + Zurich,VA Long Beach,SVM,22,1,0.782975,1
LODO_E3_POOL_TO_VA L_SVM,Cleveland + Hungarian + Zurich,VA Long Beach,SVM,23,0,0.589917,1
LODO_E3_POOL_TO_VA L_SVM,Cleveland + Hungarian + Zurich,VA Long Beach,SVM,24,1,0.625951,1
LODO_E3_POOL_TO_VA L_SVM,Cleveland + Hungarian + Zurich,VA Long Beach,SVM,25,1,0.892098,1
LODO_E3_POOL_TO_VA L_SVM,Cleveland + Hungarian + Zurich,VA Long Beach,SVM,26,1,0.51483,1
LODO_E3_POOL_TO_VA L_SVM,Cleveland + Hungarian + Zurich,VA Long Beach,SVM,27,1,0.91457,1
LODO_E3_POOL_TO_VA L_SVM,Cleveland + Hungarian + Zurich,VA Long Beach,SVM,28,1,0.902441,1
LODO_E3_POOL_TO_VA L_SVM,Cleveland + Hungarian + Zurich,VA Long Beach,SVM,29,1,0.387032,0
LODO_E3_POOL_TO_VA L_SVM,Cleveland + Hungarian + Zurich,VA Long Beach,SVM,30,1,0.554421,1
LODO_E3_POOL_TO_VA L_SVM,Cleveland + Hungarian + Zurich,VA Long Beach,SVM,31,1,0.849117,1
LODO_E3_POOL_TO_VA L_SVM,Cleveland + Hungarian + Zurich,VA Long Beach,SVM,32,1,0.892334,1
LODO_E3_POOL_TO_VA L_SVM,Cleveland + Hungarian + Zurich,VA Long Beach,SVM,33,1,0.563591,1
LODO_E3_POOL_TO_VA L_SVM,Cleveland + Hungarian + Zurich,VA Long Beach,SVM,34,1,0.804361,1
LODO_E3_POOL_TO_VA L_SVM,Cleveland + Hungarian + Zurich,VA Long Beach,SVM,35,1,0.946176,1
LODO_E3_POOL_TO_VA L_SVM,Cleveland + Hungarian + Zurich,VA Long Beach,SVM,36,1,0.94104,1
LODO_E3_POOL_TO_VA L_SVM,Cleveland + Hungarian + Zurich,VA Long Beach,SVM,37,0,0.884821,1
LODO_E3_POOL_TO_VA L_SVM,Cleveland + Hungarian + Zurich,VA Long Beach,SVM,38,1,0.567919,1
LODO_E3_POOL_TO_VA L_SVM,Cleveland + Hungarian + Zurich,VA Long Beach,SVM,39,0,0.959725,1
LODO_E3_POOL_TO_VA L_SVM,Cleveland + Hungarian + Zurich,VA Long Beach,SVM,40,1,0.731581,1
LODO_E3_POOL_TO_VA L_SVM,Cleveland + Hungarian + Zurich,VA Long Beach,SVM,41,1,0.314935,0
LODO_E3_POOL_TO_VA L_SVM,Cleveland + Hungarian + Zurich,VA Long Beach,SVM,42,1,0.932879,1
LODO_E3_POOL_TO_VA L_SVM,Cleveland + Hungarian + Zurich,VA Long Beach,SVM,43,0,0.833961,1
LODO_E3_POOL_TO_VA L_SVM,Cleveland + Hungarian + Zurich,VA Long Beach,SVM,44,1,0.872965,1
LODO_E3_POOL_TO_VA L_SVM,Cleveland + Hungarian + Zurich,VA Long Beach,SVM,45,1,0.876062,1
LODO_E3_POOL_TO_VA L_SVM,Cleveland + Hungarian + Zurich,VA Long Beach,SVM,46,1,0.865798,1
LODO_E3_POOL_TO_VA L_SVM,Cleveland + Hungarian + Zurich,VA Long Beach,SVM,47,0,0.761832,1
LODO_E3_POOL_TO_VA L_SVM,Cleveland + Hungarian + Zurich,VA Long Beach,SVM,48,1,0.817286,1
LODO_E3_POOL_TO_VA L_SVM,Cleveland + Hungarian + Zurich,VA Long Beach,SVM,49,0,0.049997,0
LODO_E3_POOL_TO_VA L_SVM,Cleveland + Hungarian + Zurich,VA Long Beach,SVM,50,1,0.834076,1
LODO_E3_POOL_TO_VA L_SVM,Cleveland + Hungarian + Zurich,VA Long Beach,SVM,51,0,0.075945,0
LODO_E3_POOL_TO_VA L_SVM,Cleveland + Hungarian + Zurich,VA Long Beach,SVM,52,1,0.907152,1
LODO_E3_POOL_TO_VA L_SVM,Cleveland + Hungarian + Zurich,VA Long Beach,SVM,53,0,0.451338,0
LODO_E3_POOL_TO_VA L_SVM,Cleveland + Hungarian + Zurich,VA Long Beach,SVM,54,1,0.792009,1
LODO_E3_POOL_TO_VA L_SVM,Cleveland + Hungarian + Zurich,VA Long Beach,SVM,55,1,0.943346,1
LODO_E3_POOL_TO_VA L_SVM,Cleveland + Hungarian + Zurich,VA Long Beach,SVM,56,1,0.946656,1
LODO_E3_POOL_TO_VA L_SVM,Cleveland + Hungarian + Zurich,VA Long Beach,SVM,57,1,0.876393,1
LODO_E3_POOL_TO_VA L_SVM,Cleveland + Hungarian + Zurich,VA Long Beach,SVM,58,0,0.148177,0
LODO_E3_POOL_TO_VA L_SVM,Cleveland + Hungarian + Zurich,VA Long Beach,SVM,59,1,0.876262,1
LODO_E3_POOL_TO_VA L_SVM,Cleveland + Hungarian + Zurich,VA Long Beach,SVM,60,0,0.568477,1
LODO_E3_POOL_TO_VA L_SVM,Cleveland + Hungarian + Zurich,VA Long Beach,SVM,61,1,0.833497,1
LODO_E3_POOL_TO_VA L_SVM,Cleveland + Hungarian + Zurich,VA Long Beach,SVM,62,1,0.942199,1
LODO_E3_POOL_TO_VA L_SVM,Cleveland + Hungarian + Zurich,VA Long Beach,SVM,63,1,0.907686,1
LODO_E3_POOL_TO_VA L_SVM,Cleveland + Hungarian + Zurich,VA Long Beach,SVM,64,1,0.777764,1
LODO_E3_POOL_TO_VA L_SVM,Cleveland + Hungarian + Zurich,VA Long Beach,SVM,65,1,0.750387,1
LODO_E3_POOL_TO_VA L_SVM,Cleveland + Hungarian + Zurich,VA Long Beach,SVM,66,1,0.455973,0
LODO_E3_POOL_TO_VA L_SVM,Cleveland + Hungarian + Zurich,VA Long Beach,SVM,67,1,0.810665,1
LODO_E3_POOL_TO_VA L_SVM,Cleveland + Hungarian + Zurich,VA Long Beach,SVM,68,1,0.719153,1
LODO_E3_POOL_TO_VA L_SVM,Cleveland + Hungarian + Zurich,VA Long Beach,SVM,69,1,0.265941,0
LODO_E3_POOL_TO_VA L_SVM,Cleveland + Hungarian + Zurich,VA Long Beach,SVM,70,0,0.148294,0
LODO_E3_POOL_TO_VA L_SVM,Cleveland + Hungarian + Zurich,VA Long Beach,SVM,71,1,0.955888,1
LODO_E3_POOL_TO_VA L_SVM,Cleveland + Hungarian + Zurich,VA Long Beach,SVM,72,0,0.478035,0
LODO_E3_POOL_TO_VA L_SVM,Cleveland + Hungarian + Zurich,VA Long Beach,SVM,73,1,0.954986,1
LODO_E3_POOL_TO_VA L_SVM,Cleveland + Hungarian + Zurich,VA Long Beach,SVM,74,1,0.742379,1
LODO_E3_POOL_TO_VA L_SVM,Cleveland + Hungarian + Zurich,VA Long Beach,SVM,75,1,0.875803,1
LODO_E3_POOL_TO_VA L_SVM,Cleveland + Hungarian + Zurich,VA Long Beach,SVM,76,1,0.617908,1
LODO_E3_POOL_TO_VA L_SVM,Cleveland + Hungarian + Zurich,VA Long Beach,SVM,77,1,0.218954,0
LODO_E3_POOL_TO_VA L_SVM,Cleveland + Hungarian + Zurich,VA Long Beach,SVM,78,1,0.947593,1
LODO_E3_POOL_TO_VA L_SVM,Cleveland + Hungarian + Zurich,VA Long Beach,SVM,79,1,0.85034,1
LODO_E3_POOL_TO_VA L_SVM,Cleveland + Hungarian + Zurich,VA Long Beach,SVM,80,0,0.878394,1
LODO_E3_POOL_TO_VA L_SVM,Cleveland + Hungarian + Zurich,VA Long Beach,SVM,81,1,0.932163,1
LODO_E3_POOL_TO_VA L_SVM,Cleveland + Hungarian + Zurich,VA Long Beach,SVM,82,1,0.890158,1
LODO_E3_POOL_TO_VA L_SVM,Cleveland + Hungarian + Zurich,VA Long Beach,SVM,83,1,0.918384,1
LODO_E3_POOL_TO_VA L_SVM,Cleveland + Hungarian + Zurich,VA Long Beach,SVM,84,1,0.905878,1
LODO_E3_POOL_TO_VA L_SVM,Cleveland + Hungarian + Zurich,VA Long Beach,SVM,85,1,0.938845,1
LODO_E3_POOL_TO_VA L_SVM,Cleveland + Hungarian + Zurich,VA Long Beach,SVM,86,1,0.91012,1
LODO_E3_POOL_TO_VA L_SVM,Cleveland + Hungarian + Zurich,VA Long Beach,SVM,87,0,0.51483,1
LODO_E3_POOL_TO_VA L_SVM,Cleveland + Hungarian + Zurich,VA Long Beach,SVM,88,1,0.90163,1
LODO_E3_POOL_TO_VA L_SVM,Cleveland + Hungarian + Zurich,VA Long Beach,SVM,89,1,0.419674,0
LODO_E3_POOL_TO_VA L_SVM,Cleveland + Hungarian + Zurich,VA Long Beach,SVM,90,1,0.892204,1
LODO_E3_POOL_TO_VA L_SVM,Cleveland + Hungarian + Zurich,VA Long Beach,SVM,91,0,0.685406,1
LODO_E3_POOL_TO_VA L_SVM,Cleveland + Hungarian + Zurich,VA Long Beach,SVM,92,1,0.868908,1
LODO_E3_POOL_TO_VA L_SVM,Cleveland + Hungarian + Zurich,VA Long Beach,SVM,93,1,0.863696,1
LODO_E3_POOL_TO_VA L_SVM,Cleveland + Hungarian + Zurich,VA Long Beach,SVM,94,0,0.703161,1
LODO_E3_POOL_TO_VA L_SVM,Cleveland + Hungarian + Zurich,VA Long Beach,SVM,95,1,0.926267,1
LODO_E3_POOL_TO_VA L_SVM,Cleveland + Hungarian + Zurich,VA Long Beach,SVM,96,0,0.095515,0
LODO_E3_POOL_TO_VA L_SVM,Cleveland + Hungarian + Zurich,VA Long Beach,SVM,97,1,0.24153,0
LODO_E3_POOL_TO_VA L_SVM,Cleveland + Hungarian + Zurich,VA Long Beach,SVM,98,1,0.620686,1
LODO_E3_POOL_TO_VA L_SVM,Cleveland + Hungarian + Zurich,VA Long Beach,SVM,99,0,0.750184,1
LODO_E3_POOL_TO_VA L_SVM,Cleveland + Hungarian + Zurich,VA Long Beach,SVM,100,1,0.608946,1
LODO_E3_POOL_TO_VA L_SVM,Cleveland + Hungarian + Zurich,VA Long Beach,SVM,101,1,0.943428,1
LODO_E3_POOL_TO_VA L_SVM,Cleveland + Hungarian + Zurich,VA Long Beach,SVM,102,1,0.601833,1
LODO_E3_POOL_TO_VA L_SVM,Cleveland + Hungarian + Zurich,VA Long Beach,SVM,103,1,0.832824,1
LODO_E3_POOL_TO_VA L_SVM,Cleveland + Hungarian + Zurich,VA Long Beach,SVM,104,0,0.874699,1
LODO_E3_POOL_TO_VA L_SVM,Cleveland + Hungarian + Zurich,VA Long Beach,SVM,105,1,0.870156,1
LODO_E3_POOL_TO_VA L_SVM,Cleveland + Hungarian + Zurich,VA Long Beach,SVM,106,1,0.889008,1
LODO_E3_POOL_TO_VA L_SVM,Cleveland + Hungarian + Zurich,VA Long Beach,SVM,107,1,0.893922,1
LODO_E3_POOL_TO_VA L_SVM,Cleveland + Hungarian + Zurich,VA Long Beach,SVM,108,0,0.675903,1
LODO_E3_POOL_TO_VA L_SVM,Cleveland + Hungarian + Zurich,VA Long Beach,SVM,109,0,0.096143,0
LODO_E3_POOL_TO_VA L_SVM,Cleveland + Hungarian + Zurich,VA Long Beach,SVM,110,1,0.903528,1
LODO_E3_POOL_TO_VA L_SVM,Cleveland + Hungarian + Zurich,VA Long Beach,SVM,111,0,0.421553,0
LODO_E3_POOL_TO_VA L_SVM,Cleveland + Hungarian + Zurich,VA Long Beach,SVM,112,1,0.242309,0
LODO_E3_POOL_TO_VA L_SVM,Cleveland + Hungarian + Zurich,VA Long Beach,SVM,113,1,0.925721,1
LODO_E3_POOL_TO_VA L_SVM,Cleveland + Hungarian + Zurich,VA Long Beach,SVM,114,1,0.879447,1
LODO_E3_POOL_TO_VA L_SVM,Cleveland + Hungarian + Zurich,VA Long Beach,SVM,115,1,0.929818,1
LODO_E3_POOL_TO_VA L_SVM,Cleveland + Hungarian + Zurich,VA Long Beach,SVM,116,1,0.863404,1
LODO_E3_POOL_TO_VA L_SVM,Cleveland + Hungarian + Zurich,VA Long Beach,SVM,117,1,0.901186,1
LODO_E3_POOL_TO_VA L_SVM,Cleveland + Hungarian + Zurich,VA Long Beach,SVM,118,1,0.900106,1
LODO_E3_POOL_TO_VA L_SVM,Cleveland + Hungarian + Zurich,VA Long Beach,SVM,119,1,0.922136,1
LODO_E3_POOL_TO_VA L_SVM,Cleveland + Hungarian + Zurich,VA Long Beach,SVM,120,1,0.817817,1
LODO_E3_POOL_TO_VA L_SVM,Cleveland + Hungarian + Zurich,VA Long Beach,SVM,121,1,0.848751,1
LODO_E3_POOL_TO_VA L_SVM,Cleveland + Hungarian + Zurich,VA Long Beach,SVM,122,1,0.928364,1
LODO_E3_POOL_TO_VA L_SVM,Cleveland + Hungarian + Zurich,VA Long Beach,SVM,123,0,0.824028,1
LODO_E3_POOL_TO_VA L_SVM,Cleveland + Hungarian + Zurich,VA Long Beach,SVM,124,1,0.796805,1
LODO_E3_POOL_TO_VA L_SVM,Cleveland + Hungarian + Zurich,VA Long Beach,SVM,125,1,0.724992,1
LODO_E3_POOL_TO_VA L_SVM,Cleveland + Hungarian + Zurich,VA Long Beach,SVM,126,1,0.8757,1
LODO_E3_POOL_TO_VA L_SVM,Cleveland + Hungarian + Zurich,VA Long Beach,SVM,127,1,0.89888,1
LODO_E3_POOL_TO_VA L_SVM,Cleveland + Hungarian + Zurich,VA Long Beach,SVM,128,0,0.47338,0
LODO_E3_POOL_TO_VA L_SVM,Cleveland + Hungarian + Zurich,VA Long Beach,SVM,129,0,0.949032,1
LODO_E3_POOL_TO_VA L_SVM,Cleveland + Hungarian + Zurich,VA Long Beach,SVM,130,1,0.103966,0
LODO_E3_POOL_TO_VA L_SVM,Cleveland + Hungarian + Zurich,VA Long Beach,SVM,131,1,0.360557,0
LODO_E3_POOL_TO_VA L_SVM,Cleveland + Hungarian + Zurich,VA Long Beach,SVM,132,1,0.83192,1
LODO_E3_POOL_TO_VA L_SVM,Cleveland + Hungarian + Zurich,VA Long Beach,SVM,133,0,0.237968,0
LODO_E3_POOL_TO_VA L_SVM,Cleveland + Hungarian + Zurich,VA Long Beach,SVM,134,1,0.874071,1
LODO_E3_POOL_TO_VA L_SVM,Cleveland + Hungarian + Zurich,VA Long Beach,SVM,135,0,0.741146,1
LODO_E3_POOL_TO_VA L_SVM,Cleveland + Hungarian + Zurich,VA Long Beach,SVM,136,1,0.910326,1
LODO_E3_POOL_TO_VA L_SVM,Cleveland + Hungarian + Zurich,VA Long Beach,SVM,137,1,0.292471,0
LODO_E3_POOL_TO_VA L_SVM,Cleveland + Hungarian + Zurich,VA Long Beach,SVM,138,0,0.126954,0
LODO_E3_POOL_TO_VA L_SVM,Cleveland + Hungarian + Zurich,VA Long Beach,SVM,139,1,0.846435,1
LODO_E3_POOL_TO_VA L_SVM,Cleveland + Hungarian + Zurich,VA Long Beach,SVM,140,0,0.859602,1
LODO_E3_POOL_TO_VA L_SVM,Cleveland + Hungarian + Zurich,VA Long Beach,SVM,141,1,0.508571,1
LODO_E3_POOL_TO_VA L_SVM,Cleveland + Hungarian + Zurich,VA Long Beach,SVM,142,1,0.416319,0
LODO_E3_POOL_TO_VA L_SVM,Cleveland + Hungarian + Zurich,VA Long Beach,SVM,143,1,0.870687,1
LODO_E3_POOL_TO_VA L_SVM,Cleveland + Hungarian + Zurich,VA Long Beach,SVM,144,0,0.385902,0
LODO_E3_POOL_TO_VA L_SVM,Cleveland + Hungarian + Zurich,VA Long Beach,SVM,145,0,0.148284,0
LODO_E3_POOL_TO_VA L_SVM,Cleveland + Hungarian + Zurich,VA Long Beach,SVM,146,0,0.947357,1
LODO_E3_POOL_TO_VA L_SVM,Cleveland + Hungarian + Zurich,VA Long Beach,SVM,147,1,0.863923,1
LODO_E3_POOL_TO_VA L_SVM,Cleveland + Hungarian + Zurich,VA Long Beach,SVM,148,1,0.934496,1
LODO_E3_POOL_TO_VA L_SVM,Cleveland + Hungarian + Zurich,VA Long Beach,SVM,149,1,0.89367,1
LODO_E3_POOL_TO_VA L_SVM,Cleveland + Hungarian + Zurich,VA Long Beach,SVM,150,0,0.908394,1
LODO_E3_POOL_TO_VA L_SVM,Cleveland + Hungarian + Zurich,VA Long Beach,SVM,151,1,0.891307,1
LODO_E3_POOL_TO_VA L_SVM,Cleveland + Hungarian + Zurich,VA Long Beach,SVM,152,1,0.836197,1
LODO_E3_POOL_TO_VA L_SVM,Cleveland + Hungarian + Zurich,VA Long Beach,SVM,153,1,0.957569,1
LODO_E3_POOL_TO_VA L_SVM,Cleveland + Hungarian + Zurich,VA Long Beach,SVM,154,1,0.881169,1
LODO_E3_POOL_TO_VA L_SVM,Cleveland + Hungarian + Zurich,VA Long Beach,SVM,155,1,0.916684,1
LODO_E3_POOL_TO_VA L_SVM,Cleveland + Hungarian + Zurich,VA Long Beach,SVM,156,1,0.939649,1
LODO_E3_POOL_TO_VA L_SVM,Cleveland + Hungarian + Zurich,VA Long Beach,SVM,157,1,0.841667,1
LODO_E3_POOL_TO_VA L_SVM,Cleveland + Hungarian + Zurich,VA Long Beach,SVM,158,1,0.933262,1
LODO_E3_POOL_TO_VA L_SVM,Cleveland + Hungarian + Zurich,VA Long Beach,SVM,159,1,0.926433,1
LODO_E3_POOL_TO_VA L_SVM,Cleveland + Hungarian + Zurich,VA Long Beach,SVM,160,1,0.948808,1
LODO_E3_POOL_TO_VA L_SVM,Cleveland + Hungarian + Zurich,VA Long Beach,SVM,161,1,0.851193,1
LODO_E3_POOL_TO_VA L_SVM,Cleveland + Hungarian + Zurich,VA Long Beach,SVM,162,1,0.882986,1
LODO_E3_POOL_TO_VA L_SVM,Cleveland + Hungarian + Zurich,VA Long Beach,SVM,163,1,0.933262,1
LODO_E3_POOL_TO_VA L_SVM,Cleveland + Hungarian + Zurich,VA Long Beach,SVM,164,1,0.568477,1
LODO_E3_POOL_TO_VA L_SVM,Cleveland + Hungarian + Zurich,VA Long Beach,SVM,165,1,0.790704,1
LODO_E3_POOL_TO_VA L_SVM,Cleveland + Hungarian + Zurich,VA Long Beach,SVM,166,1,0.846278,1
LODO_E3_POOL_TO_VA L_SVM,Cleveland + Hungarian + Zurich,VA Long Beach,SVM,167,0,0.835705,1
LODO_E3_POOL_TO_VA L_SVM,Cleveland + Hungarian + Zurich,VA Long Beach,SVM,168,1,0.929818,1
LODO_E3_POOL_TO_VA L_SVM,Cleveland + Hungarian + Zurich,VA Long Beach,SVM,169,1,0.474999,0
LODO_E3_POOL_TO_VA L_SVM,Cleveland + Hungarian + Zurich,VA Long Beach,SVM,170,1,0.924342,1
LODO_E3_POOL_TO_VA L_SVM,Cleveland + Hungarian + Zurich,VA Long Beach,SVM,171,0,0.21593,0
LODO_E3_POOL_TO_VA L_SVM,Cleveland + Hungarian + Zurich,VA Long Beach,SVM,172,1,0.952431,1
LODO_E3_POOL_TO_VA L_SVM,Cleveland + Hungarian + Zurich,VA Long Beach,SVM,173,1,0.754865,1
LODO_E3_POOL_TO_VA L_SVM,Cleveland + Hungarian + Zurich,VA Long Beach,SVM,174,0,0.376954,0
LODO_E3_POOL_TO_VA L_SVM,Cleveland + Hungarian + Zurich,VA Long Beach,SVM,175,0,0.868802,1
LODO_E3_POOL_TO_VA L_SVM,Cleveland + Hungarian + Zurich,VA Long Beach,SVM,176,1,0.840071,1
LODO_E3_POOL_TO_VA L_SVM,Cleveland + Hungarian + Zurich,VA Long Beach,SVM,177,1,0.767718,1
LODO_E3_POOL_TO_VA L_SVM,Cleveland + Hungarian + Zurich,VA Long Beach,SVM,178,1,0.858495,1
LODO_E3_POOL_TO_VA L_SVM,Cleveland + Hungarian + Zurich,VA Long Beach,SVM,179,1,0.908024,1
LODO_E3_POOL_TO_VA L_SVM,Cleveland + Hungarian + Zurich,VA Long Beach,SVM,180,1,0.832833,1
LODO_E3_POOL_TO_VA L_SVM,Cleveland + Hungarian + Zurich,VA Long Beach,SVM,181,0,0.387032,0
LODO_E3_POOL_TO_VA L_SVM,Cleveland + Hungarian + Zurich,VA Long Beach,SVM,182,1,0.768755,1
LODO_E3_POOL_TO_VA L_SVM,Cleveland + Hungarian + Zurich,VA Long Beach,SVM,183,1,0.921549,1
LODO_E3_POOL_TO_VA L_SVM,Cleveland + Hungarian + Zurich,VA Long Beach,SVM,184,0,0.91829,1
LODO_E3_POOL_TO_VA L_SVM,Cleveland + Hungarian + Zurich,VA Long Beach,SVM,185,1,0.879315,1
LODO_E3_POOL_TO_VA L_SVM,Cleveland + Hungarian + Zurich,VA Long Beach,SVM,186,1,0.683986,1
LODO_E3_POOL_TO_VA L_SVM,Cleveland + Hungarian + Zurich,VA Long Beach,SVM,187,1,0.882141,1
LODO_E3_POOL_TO_VA L_SVM,Cleveland + Hungarian + Zurich,VA Long Beach,SVM,188,0,0.690911,1
LODO_E3_POOL_TO_VA L_SVM,Cleveland + Hungarian + Zurich,VA Long Beach,SVM,189,0,0.444711,0
LODO_E3_POOL_TO_VA L_SVM,Cleveland + Hungarian + Zurich,VA Long Beach,SVM,190,1,0.938071,1
LODO_E3_POOL_TO_VA L_SVM,Cleveland + Hungarian + Zurich,VA Long Beach,SVM,191,1,0.941146,1
LODO_E3_POOL_TO_VA L_SVM,Cleveland + Hungarian + Zurich,VA Long Beach,SVM,192,1,0.922812,1
LODO_E3_POOL_TO_VA L_SVM,Cleveland + Hungarian + Zurich,VA Long Beach,SVM,193,1,0.590683,1
LODO_E3_POOL_TO_VA L_SVM,Cleveland + Hungarian + Zurich,VA Long Beach,SVM,194,1,0.420987,0
LODO_E3_POOL_TO_VA L_SVM,Cleveland + Hungarian + Zurich,VA Long Beach,SVM,195,0,0.418839,0
LODO_E3_POOL_TO_VA L_SVM,Cleveland + Hungarian + Zurich,VA Long Beach,SVM,196,1,0.868584,1
LODO_E3_POOL_TO_VA L_SVM,Cleveland + Hungarian + Zurich,VA Long Beach,SVM,197,0,0.927534,1
LODO_E3_POOL_TO_VA L_SVM,Cleveland + Hungarian + Zurich,VA Long Beach,SVM,198,1,0.648847,1
LODO_E4_POOL_TO_VA L_XGBoost,Cleveland + Hungarian + Zurich,VA Long Beach,XGBoost,0,1,0.958359,1
LODO_E4_POOL_TO_VA L_XGBoost,Cleveland + Hungarian + Zurich,VA Long Beach,XGBoost,1,0,0.62263,1
LODO_E4_POOL_TO_VA L_XGBoost,Cleveland + Hungarian + Zurich,VA Long Beach,XGBoost,2,1,0.906918,1
LODO_E4_POOL_TO_VA L_XGBoost,Cleveland + Hungarian + Zurich,VA Long Beach,XGBoost,3,1,0.944711,1
LODO_E4_POOL_TO_VA L_XGBoost,Cleveland + Hungarian + Zurich,VA Long Beach,XGBoost,4,0,0.877403,1
LODO_E4_POOL_TO_VA L_XGBoost,Cleveland + Hungarian + Zurich,VA Long Beach,XGBoost,5,0,0.52049,1
LODO_E4_POOL_TO_VA L_XGBoost,Cleveland + Hungarian + Zurich,VA Long Beach,XGBoost,6,1,0.886084,1
LODO_E4_POOL_TO_VA L_XGBoost,Cleveland + Hungarian + Zurich,VA Long Beach,XGBoost,7,0,0.747064,1
LODO_E4_POOL_TO_VA L_XGBoost,Cleveland + Hungarian + Zurich,VA Long Beach,XGBoost,8,1,0.623607,1
LODO_E4_POOL_TO_VA L_XGBoost,Cleveland + Hungarian + Zurich,VA Long Beach,XGBoost,9,1,0.457868,0
LODO_E4_POOL_TO_VA L_XGBoost,Cleveland + Hungarian + Zurich,VA Long Beach,XGBoost,10,0,0.198968,0
LODO_E4_POOL_TO_VA L_XGBoost,Cleveland + Hungarian + Zurich,VA Long Beach,XGBoost,11,1,0.924417,1
LODO_E4_POOL_TO_VA L_XGBoost,Cleveland + Hungarian + Zurich,VA Long Beach,XGBoost,12,1,0.914883,1
LODO_E4_POOL_TO_VA L_XGBoost,Cleveland + Hungarian + Zurich,VA Long Beach,XGBoost,13,1,0.712233,1
LODO_E4_POOL_TO_VA L_XGBoost,Cleveland + Hungarian + Zurich,VA Long Beach,XGBoost,14,1,0.886646,1
LODO_E4_POOL_TO_VA L_XGBoost,Cleveland + Hungarian + Zurich,VA Long Beach,XGBoost,15,0,0.915223,1
LODO_E4_POOL_TO_VA L_XGBoost,Cleveland + Hungarian + Zurich,VA Long Beach,XGBoost,16,1,0.9773,1
LODO_E4_POOL_TO_VA L_XGBoost,Cleveland + Hungarian + Zurich,VA Long Beach,XGBoost,17,1,0.943215,1
LODO_E4_POOL_TO_VA L_XGBoost,Cleveland + Hungarian + Zurich,VA Long Beach,XGBoost,18,0,0.895097,1
LODO_E4_POOL_TO_VA L_XGBoost,Cleveland + Hungarian + Zurich,VA Long Beach,XGBoost,19,0,0.90666,1
LODO_E4_POOL_TO_VA L_XGBoost,Cleveland + Hungarian + Zurich,VA Long Beach,XGBoost,20,1,0.890138,1
LODO_E4_POOL_TO_VA L_XGBoost,Cleveland + Hungarian + Zurich,VA Long Beach,XGBoost,21,1,0.932367,1
LODO_E4_POOL_TO_VA L_XGBoost,Cleveland + Hungarian + Zurich,VA Long Beach,XGBoost,22,1,0.674043,1
LODO_E4_POOL_TO_VA L_XGBoost,Cleveland + Hungarian + Zurich,VA Long Beach,XGBoost,23,0,0.420332,0
LODO_E4_POOL_TO_VA L_XGBoost,Cleveland + Hungarian + Zurich,VA Long Beach,XGBoost,24,1,0.352461,0
LODO_E4_POOL_TO_VA L_XGBoost,Cleveland + Hungarian + Zurich,VA Long Beach,XGBoost,25,1,0.824639,1
LODO_E4_POOL_TO_VA L_XGBoost,Cleveland + Hungarian + Zurich,VA Long Beach,XGBoost,26,1,0.523122,1
LODO_E4_POOL_TO_VA L_XGBoost,Cleveland + Hungarian + Zurich,VA Long Beach,XGBoost,27,1,0.794149,1
LODO_E4_POOL_TO_VA L_XGBoost,Cleveland + Hungarian + Zurich,VA Long Beach,XGBoost,28,1,0.951887,1
LODO_E4_POOL_TO_VA L_XGBoost,Cleveland + Hungarian + Zurich,VA Long Beach,XGBoost,29,1,0.238885,0
LODO_E4_POOL_TO_VA L_XGBoost,Cleveland + Hungarian + Zurich,VA Long Beach,XGBoost,30,1,0.655726,1
LODO_E4_POOL_TO_VA L_XGBoost,Cleveland + Hungarian + Zurich,VA Long Beach,XGBoost,31,1,0.944813,1
LODO_E4_POOL_TO_VA L_XGBoost,Cleveland + Hungarian + Zurich,VA Long Beach,XGBoost,32,1,0.944438,1
LODO_E4_POOL_TO_VA L_XGBoost,Cleveland + Hungarian + Zurich,VA Long Beach,XGBoost,33,1,0.255268,0
LODO_E4_POOL_TO_VA L_XGBoost,Cleveland + Hungarian + Zurich,VA Long Beach,XGBoost,34,1,0.785981,1
LODO_E4_POOL_TO_VA L_XGBoost,Cleveland + Hungarian + Zurich,VA Long Beach,XGBoost,35,1,0.925084,1
LODO_E4_POOL_TO_VA L_XGBoost,Cleveland + Hungarian + Zurich,VA Long Beach,XGBoost,36,1,0.918793,1
LODO_E4_POOL_TO_VA L_XGBoost,Cleveland + Hungarian + Zurich,VA Long Beach,XGBoost,37,0,0.946287,1
LODO_E4_POOL_TO_VA L_XGBoost,Cleveland + Hungarian + Zurich,VA Long Beach,XGBoost,38,1,0.689661,1
LODO_E4_POOL_TO_VA L_XGBoost,Cleveland + Hungarian + Zurich,VA Long Beach,XGBoost,39,0,0.950949,1
LODO_E4_POOL_TO_VA L_XGBoost,Cleveland + Hungarian + Zurich,VA Long Beach,XGBoost,40,1,0.886763,1
LODO_E4_POOL_TO_VA L_XGBoost,Cleveland + Hungarian + Zurich,VA Long Beach,XGBoost,41,1,0.499372,0
LODO_E4_POOL_TO_VA L_XGBoost,Cleveland + Hungarian + Zurich,VA Long Beach,XGBoost,42,1,0.955587,1
LODO_E4_POOL_TO_VA L_XGBoost,Cleveland + Hungarian + Zurich,VA Long Beach,XGBoost,43,0,0.783387,1
LODO_E4_POOL_TO_VA L_XGBoost,Cleveland + Hungarian + Zurich,VA Long Beach,XGBoost,44,1,0.920817,1
LODO_E4_POOL_TO_VA L_XGBoost,Cleveland + Hungarian + Zurich,VA Long Beach,XGBoost,45,1,0.942506,1
LODO_E4_POOL_TO_VA L_XGBoost,Cleveland + Hungarian + Zurich,VA Long Beach,XGBoost,46,1,0.954286,1
LODO_E4_POOL_TO_VA L_XGBoost,Cleveland + Hungarian + Zurich,VA Long Beach,XGBoost,47,0,0.695307,1
LODO_E4_POOL_TO_VA L_XGBoost,Cleveland + Hungarian + Zurich,VA Long Beach,XGBoost,48,1,0.864918,1
LODO_E4_POOL_TO_VA L_XGBoost,Cleveland + Hungarian + Zurich,VA Long Beach,XGBoost,49,0,0.078713,0
LODO_E4_POOL_TO_VA L_XGBoost,Cleveland + Hungarian + Zurich,VA Long Beach,XGBoost,50,1,0.852109,1
LODO_E4_POOL_TO_VA L_XGBoost,Cleveland + Hungarian + Zurich,VA Long Beach,XGBoost,51,0,0.131675,0
LODO_E4_POOL_TO_VA L_XGBoost,Cleveland + Hungarian + Zurich,VA Long Beach,XGBoost,52,1,0.972074,1
LODO_E4_POOL_TO_VA L_XGBoost,Cleveland + Hungarian + Zurich,VA Long Beach,XGBoost,53,0,0.497259,0
LODO_E4_POOL_TO_VA L_XGBoost,Cleveland + Hungarian + Zurich,VA Long Beach,XGBoost,54,1,0.709407,1
LODO_E4_POOL_TO_VA L_XGBoost,Cleveland + Hungarian + Zurich,VA Long Beach,XGBoost,55,1,0.963886,1
LODO_E4_POOL_TO_VA L_XGBoost,Cleveland + Hungarian + Zurich,VA Long Beach,XGBoost,56,1,0.906204,1
LODO_E4_POOL_TO_VA L_XGBoost,Cleveland + Hungarian + Zurich,VA Long Beach,XGBoost,57,1,0.738493,1
LODO_E4_POOL_TO_VA L_XGBoost,Cleveland + Hungarian + Zurich,VA Long Beach,XGBoost,58,0,0.257672,0
LODO_E4_POOL_TO_VA L_XGBoost,Cleveland + Hungarian + Zurich,VA Long Beach,XGBoost,59,1,0.908933,1
LODO_E4_POOL_TO_VA L_XGBoost,Cleveland + Hungarian + Zurich,VA Long Beach,XGBoost,60,0,0.721332,1
LODO_E4_POOL_TO_VA L_XGBoost,Cleveland + Hungarian + Zurich,VA Long Beach,XGBoost,61,1,0.952927,1
LODO_E4_POOL_TO_VA L_XGBoost,Cleveland + Hungarian + Zurich,VA Long Beach,XGBoost,62,1,0.932591,1
LODO_E4_POOL_TO_VA L_XGBoost,Cleveland + Hungarian + Zurich,VA Long Beach,XGBoost,63,1,0.868709,1
LODO_E4_POOL_TO_VA L_XGBoost,Cleveland + Hungarian + Zurich,VA Long Beach,XGBoost,64,1,0.76595,1
LODO_E4_POOL_TO_VA L_XGBoost,Cleveland + Hungarian + Zurich,VA Long Beach,XGBoost,65,1,0.699026,1
LODO_E4_POOL_TO_VA L_XGBoost,Cleveland + Hungarian + Zurich,VA Long Beach,XGBoost,66,1,0.625408,1
LODO_E4_POOL_TO_VA L_XGBoost,Cleveland + Hungarian + Zurich,VA Long Beach,XGBoost,67,1,0.958936,1
LODO_E4_POOL_TO_VA L_XGBoost,Cleveland + Hungarian + Zurich,VA Long Beach,XGBoost,68,1,0.695012,1
LODO_E4_POOL_TO_VA L_XGBoost,Cleveland + Hungarian + Zurich,VA Long Beach,XGBoost,69,1,0.404688,0
LODO_E4_POOL_TO_VA L_XGBoost,Cleveland + Hungarian + Zurich,VA Long Beach,XGBoost,70,0,0.12082,0
LODO_E4_POOL_TO_VA L_XGBoost,Cleveland + Hungarian + Zurich,VA Long Beach,XGBoost,71,1,0.932517,1
LODO_E4_POOL_TO_VA L_XGBoost,Cleveland + Hungarian + Zurich,VA Long Beach,XGBoost,72,0,0.450921,0
LODO_E4_POOL_TO_VA L_XGBoost,Cleveland + Hungarian + Zurich,VA Long Beach,XGBoost,73,1,0.946083,1
LODO_E4_POOL_TO_VA L_XGBoost,Cleveland + Hungarian + Zurich,VA Long Beach,XGBoost,74,1,0.792013,1
LODO_E4_POOL_TO_VA L_XGBoost,Cleveland + Hungarian + Zurich,VA Long Beach,XGBoost,75,1,0.818833,1
LODO_E4_POOL_TO_VA L_XGBoost,Cleveland + Hungarian + Zurich,VA Long Beach,XGBoost,76,1,0.57059,1
LODO_E4_POOL_TO_VA L_XGBoost,Cleveland + Hungarian + Zurich,VA Long Beach,XGBoost,77,1,0.158654,0
LODO_E4_POOL_TO_VA L_XGBoost,Cleveland + Hungarian + Zurich,VA Long Beach,XGBoost,78,1,0.963476,1
LODO_E4_POOL_TO_VA L_XGBoost,Cleveland + Hungarian + Zurich,VA Long Beach,XGBoost,79,1,0.749975,1
LODO_E4_POOL_TO_VA L_XGBoost,Cleveland + Hungarian + Zurich,VA Long Beach,XGBoost,80,0,0.916883,1
LODO_E4_POOL_TO_VA L_XGBoost,Cleveland + Hungarian + Zurich,VA Long Beach,XGBoost,81,1,0.947579,1
LODO_E4_POOL_TO_VA L_XGBoost,Cleveland + Hungarian + Zurich,VA Long Beach,XGBoost,82,1,0.887845,1
LODO_E4_POOL_TO_VA L_XGBoost,Cleveland + Hungarian + Zurich,VA Long Beach,XGBoost,83,1,0.920894,1
LODO_E4_POOL_TO_VA L_XGBoost,Cleveland + Hungarian + Zurich,VA Long Beach,XGBoost,84,1,0.935175,1
LODO_E4_POOL_TO_VA L_XGBoost,Cleveland + Hungarian + Zurich,VA Long Beach,XGBoost,85,1,0.928943,1
LODO_E4_POOL_TO_VA L_XGBoost,Cleveland + Hungarian + Zurich,VA Long Beach,XGBoost,86,1,0.905778,1
LODO_E4_POOL_TO_VA L_XGBoost,Cleveland + Hungarian + Zurich,VA Long Beach,XGBoost,87,0,0.523122,1
LODO_E4_POOL_TO_VA L_XGBoost,Cleveland + Hungarian + Zurich,VA Long Beach,XGBoost,88,1,0.959811,1
LODO_E4_POOL_TO_VA L_XGBoost,Cleveland + Hungarian + Zurich,VA Long Beach,XGBoost,89,1,0.171925,0
LODO_E4_POOL_TO_VA L_XGBoost,Cleveland + Hungarian + Zurich,VA Long Beach,XGBoost,90,1,0.954375,1
LODO_E4_POOL_TO_VA L_XGBoost,Cleveland + Hungarian + Zurich,VA Long Beach,XGBoost,91,0,0.677068,1
LODO_E4_POOL_TO_VA L_XGBoost,Cleveland + Hungarian + Zurich,VA Long Beach,XGBoost,92,1,0.818026,1
LODO_E4_POOL_TO_VA L_XGBoost,Cleveland + Hungarian + Zurich,VA Long Beach,XGBoost,93,1,0.832389,1
LODO_E4_POOL_TO_VA L_XGBoost,Cleveland + Hungarian + Zurich,VA Long Beach,XGBoost,94,0,0.781471,1
LODO_E4_POOL_TO_VA L_XGBoost,Cleveland + Hungarian + Zurich,VA Long Beach,XGBoost,95,1,0.980804,1
LODO_E4_POOL_TO_VA L_XGBoost,Cleveland + Hungarian + Zurich,VA Long Beach,XGBoost,96,0,0.080115,0
LODO_E4_POOL_TO_VA L_XGBoost,Cleveland + Hungarian + Zurich,VA Long Beach,XGBoost,97,1,0.702095,1
LODO_E4_POOL_TO_VA L_XGBoost,Cleveland + Hungarian + Zurich,VA Long Beach,XGBoost,98,1,0.718837,1
LODO_E4_POOL_TO_VA L_XGBoost,Cleveland + Hungarian + Zurich,VA Long Beach,XGBoost,99,0,0.787895,1
LODO_E4_POOL_TO_VA L_XGBoost,Cleveland + Hungarian + Zurich,VA Long Beach,XGBoost,100,1,0.365015,0
LODO_E4_POOL_TO_VA L_XGBoost,Cleveland + Hungarian + Zurich,VA Long Beach,XGBoost,101,1,0.939165,1
LODO_E4_POOL_TO_VA L_XGBoost,Cleveland + Hungarian + Zurich,VA Long Beach,XGBoost,102,1,0.560929,1
LODO_E4_POOL_TO_VA L_XGBoost,Cleveland + Hungarian + Zurich,VA Long Beach,XGBoost,103,1,0.910845,1
LODO_E4_POOL_TO_VA L_XGBoost,Cleveland + Hungarian + Zurich,VA Long Beach,XGBoost,104,0,0.77016,1
LODO_E4_POOL_TO_VA L_XGBoost,Cleveland + Hungarian + Zurich,VA Long Beach,XGBoost,105,1,0.94966,1
LODO_E4_POOL_TO_VA L_XGBoost,Cleveland + Hungarian + Zurich,VA Long Beach,XGBoost,106,1,0.89394,1
LODO_E4_POOL_TO_VA L_XGBoost,Cleveland + Hungarian + Zurich,VA Long Beach,XGBoost,107,1,0.932432,1
LODO_E4_POOL_TO_VA L_XGBoost,Cleveland + Hungarian + Zurich,VA Long Beach,XGBoost,108,0,0.541253,1
LODO_E4_POOL_TO_VA L_XGBoost,Cleveland + Hungarian + Zurich,VA Long Beach,XGBoost,109,0,0.165047,0
LODO_E4_POOL_TO_VA L_XGBoost,Cleveland + Hungarian + Zurich,VA Long Beach,XGBoost,110,1,0.840325,1
LODO_E4_POOL_TO_VA L_XGBoost,Cleveland + Hungarian + Zurich,VA Long Beach,XGBoost,111,0,0.469714,0
LODO_E4_POOL_TO_VA L_XGBoost,Cleveland + Hungarian + Zurich,VA Long Beach,XGBoost,112,1,0.199888,0
LODO_E4_POOL_TO_VA L_XGBoost,Cleveland + Hungarian + Zurich,VA Long Beach,XGBoost,113,1,0.948564,1
LODO_E4_POOL_TO_VA L_XGBoost,Cleveland + Hungarian + Zurich,VA Long Beach,XGBoost,114,1,0.790541,1
LODO_E4_POOL_TO_VA L_XGBoost,Cleveland + Hungarian + Zurich,VA Long Beach,XGBoost,115,1,0.905378,1
LODO_E4_POOL_TO_VA L_XGBoost,Cleveland + Hungarian + Zurich,VA Long Beach,XGBoost,116,1,0.806955,1
LODO_E4_POOL_TO_VA L_XGBoost,Cleveland + Hungarian + Zurich,VA Long Beach,XGBoost,117,1,0.894029,1
LODO_E4_POOL_TO_VA L_XGBoost,Cleveland + Hungarian + Zurich,VA Long Beach,XGBoost,118,1,0.9532,1
LODO_E4_POOL_TO_VA L_XGBoost,Cleveland + Hungarian + Zurich,VA Long Beach,XGBoost,119,1,0.958951,1
LODO_E4_POOL_TO_VA L_XGBoost,Cleveland + Hungarian + Zurich,VA Long Beach,XGBoost,120,1,0.842857,1
LODO_E4_POOL_TO_VA L_XGBoost,Cleveland + Hungarian + Zurich,VA Long Beach,XGBoost,121,1,0.951538,1
LODO_E4_POOL_TO_VA L_XGBoost,Cleveland + Hungarian + Zurich,VA Long Beach,XGBoost,122,1,0.948818,1
LODO_E4_POOL_TO_VA L_XGBoost,Cleveland + Hungarian + Zurich,VA Long Beach,XGBoost,123,0,0.850727,1
LODO_E4_POOL_TO_VA L_XGBoost,Cleveland + Hungarian + Zurich,VA Long Beach,XGBoost,124,1,0.848194,1
LODO_E4_POOL_TO_VA L_XGBoost,Cleveland + Hungarian + Zurich,VA Long Beach,XGBoost,125,1,0.756922,1
LODO_E4_POOL_TO_VA L_XGBoost,Cleveland + Hungarian + Zurich,VA Long Beach,XGBoost,126,1,0.843943,1
LODO_E4_POOL_TO_VA L_XGBoost,Cleveland + Hungarian + Zurich,VA Long Beach,XGBoost,127,1,0.95667,1
LODO_E4_POOL_TO_VA L_XGBoost,Cleveland + Hungarian + Zurich,VA Long Beach,XGBoost,128,0,0.39564,0
LODO_E4_POOL_TO_VA L_XGBoost,Cleveland + Hungarian + Zurich,VA Long Beach,XGBoost,129,0,0.958957,1
LODO_E4_POOL_TO_VA L_XGBoost,Cleveland + Hungarian + Zurich,VA Long Beach,XGBoost,130,1,0.096866,0
LODO_E4_POOL_TO_VA L_XGBoost,Cleveland + Hungarian + Zurich,VA Long Beach,XGBoost,131,1,0.605827,1
LODO_E4_POOL_TO_VA L_XGBoost,Cleveland + Hungarian + Zurich,VA Long Beach,XGBoost,132,1,0.776861,1
LODO_E4_POOL_TO_VA L_XGBoost,Cleveland + Hungarian + Zurich,VA Long Beach,XGBoost,133,0,0.403597,0
LODO_E4_POOL_TO_VA L_XGBoost,Cleveland + Hungarian + Zurich,VA Long Beach,XGBoost,134,1,0.959178,1
LODO_E4_POOL_TO_VA L_XGBoost,Cleveland + Hungarian + Zurich,VA Long Beach,XGBoost,135,0,0.829342,1
LODO_E4_POOL_TO_VA L_XGBoost,Cleveland + Hungarian + Zurich,VA Long Beach,XGBoost,136,1,0.784274,1
LODO_E4_POOL_TO_VA L_XGBoost,Cleveland + Hungarian + Zurich,VA Long Beach,XGBoost,137,1,0.444856,0
LODO_E4_POOL_TO_VA L_XGBoost,Cleveland + Hungarian + Zurich,VA Long Beach,XGBoost,138,0,0.134435,0
LODO_E4_POOL_TO_VA L_XGBoost,Cleveland + Hungarian + Zurich,VA Long Beach,XGBoost,139,1,0.703198,1
LODO_E4_POOL_TO_VA L_XGBoost,Cleveland + Hungarian + Zurich,VA Long Beach,XGBoost,140,0,0.949638,1
LODO_E4_POOL_TO_VA L_XGBoost,Cleveland + Hungarian + Zurich,VA Long Beach,XGBoost,141,1,0.344236,0
LODO_E4_POOL_TO_VA L_XGBoost,Cleveland + Hungarian + Zurich,VA Long Beach,XGBoost,142,1,0.400992,0
LODO_E4_POOL_TO_VA L_XGBoost,Cleveland + Hungarian + Zurich,VA Long Beach,XGBoost,143,1,0.955073,1
LODO_E4_POOL_TO_VA L_XGBoost,Cleveland + Hungarian + Zurich,VA Long Beach,XGBoost,144,0,0.190414,0
LODO_E4_POOL_TO_VA L_XGBoost,Cleveland + Hungarian + Zurich,VA Long Beach,XGBoost,145,0,0.150683,0
LODO_E4_POOL_TO_VA L_XGBoost,Cleveland + Hungarian + Zurich,VA Long Beach,XGBoost,146,0,0.931633,1
LODO_E4_POOL_TO_VA L_XGBoost,Cleveland + Hungarian + Zurich,VA Long Beach,XGBoost,147,1,0.770238,1
LODO_E4_POOL_TO_VA L_XGBoost,Cleveland + Hungarian + Zurich,VA Long Beach,XGBoost,148,1,0.922606,1
LODO_E4_POOL_TO_VA L_XGBoost,Cleveland + Hungarian + Zurich,VA Long Beach,XGBoost,149,1,0.882368,1
LODO_E4_POOL_TO_VA L_XGBoost,Cleveland + Hungarian + Zurich,VA Long Beach,XGBoost,150,0,0.932123,1
LODO_E4_POOL_TO_VA L_XGBoost,Cleveland + Hungarian + Zurich,VA Long Beach,XGBoost,151,1,0.85661,1
LODO_E4_POOL_TO_VA L_XGBoost,Cleveland + Hungarian + Zurich,VA Long Beach,XGBoost,152,1,0.947181,1
LODO_E4_POOL_TO_VA L_XGBoost,Cleveland + Hungarian + Zurich,VA Long Beach,XGBoost,153,1,0.965039,1
LODO_E4_POOL_TO_VA L_XGBoost,Cleveland + Hungarian + Zurich,VA Long Beach,XGBoost,154,1,0.94844,1
LODO_E4_POOL_TO_VA L_XGBoost,Cleveland + Hungarian + Zurich,VA Long Beach,XGBoost,155,1,0.818169,1
LODO_E4_POOL_TO_VA L_XGBoost,Cleveland + Hungarian + Zurich,VA Long Beach,XGBoost,156,1,0.817653,1
LODO_E4_POOL_TO_VA L_XGBoost,Cleveland + Hungarian + Zurich,VA Long Beach,XGBoost,157,1,0.881028,1
LODO_E4_POOL_TO_VA L_XGBoost,Cleveland + Hungarian + Zurich,VA Long Beach,XGBoost,158,1,0.91764,1
LODO_E4_POOL_TO_VA L_XGBoost,Cleveland + Hungarian + Zurich,VA Long Beach,XGBoost,159,1,0.950466,1
LODO_E4_POOL_TO_VA L_XGBoost,Cleveland + Hungarian + Zurich,VA Long Beach,XGBoost,160,1,0.961612,1
LODO_E4_POOL_TO_VA L_XGBoost,Cleveland + Hungarian + Zurich,VA Long Beach,XGBoost,161,1,0.935066,1
LODO_E4_POOL_TO_VA L_XGBoost,Cleveland + Hungarian + Zurich,VA Long Beach,XGBoost,162,1,0.955459,1
LODO_E4_POOL_TO_VA L_XGBoost,Cleveland + Hungarian + Zurich,VA Long Beach,XGBoost,163,1,0.91764,1
LODO_E4_POOL_TO_VA L_XGBoost,Cleveland + Hungarian + Zurich,VA Long Beach,XGBoost,164,1,0.721332,1
LODO_E4_POOL_TO_VA L_XGBoost,Cleveland + Hungarian + Zurich,VA Long Beach,XGBoost,165,1,0.826302,1
LODO_E4_POOL_TO_VA L_XGBoost,Cleveland + Hungarian + Zurich,VA Long Beach,XGBoost,166,1,0.948498,1
LODO_E4_POOL_TO_VA L_XGBoost,Cleveland + Hungarian + Zurich,VA Long Beach,XGBoost,167,0,0.660966,1
LODO_E4_POOL_TO_VA L_XGBoost,Cleveland + Hungarian + Zurich,VA Long Beach,XGBoost,168,1,0.905378,1
LODO_E4_POOL_TO_VA L_XGBoost,Cleveland + Hungarian + Zurich,VA Long Beach,XGBoost,169,1,0.55103,1
LODO_E4_POOL_TO_VA L_XGBoost,Cleveland + Hungarian + Zurich,VA Long Beach,XGBoost,170,1,0.951046,1
LODO_E4_POOL_TO_VA L_XGBoost,Cleveland + Hungarian + Zurich,VA Long Beach,XGBoost,171,0,0.241376,0
LODO_E4_POOL_TO_VA L_XGBoost,Cleveland + Hungarian + Zurich,VA Long Beach,XGBoost,172,1,0.954785,1
LODO_E4_POOL_TO_VA L_XGBoost,Cleveland + Hungarian + Zurich,VA Long Beach,XGBoost,173,1,0.77136,1
LODO_E4_POOL_TO_VA L_XGBoost,Cleveland + Hungarian + Zurich,VA Long Beach,XGBoost,174,0,0.390159,0
LODO_E4_POOL_TO_VA L_XGBoost,Cleveland + Hungarian + Zurich,VA Long Beach,XGBoost,175,0,0.842576,1
LODO_E4_POOL_TO_VA L_XGBoost,Cleveland + Hungarian + Zurich,VA Long Beach,XGBoost,176,1,0.938705,1
LODO_E4_POOL_TO_VA L_XGBoost,Cleveland + Hungarian + Zurich,VA Long Beach,XGBoost,177,1,0.746923,1
LODO_E4_POOL_TO_VA L_XGBoost,Cleveland + Hungarian + Zurich,VA Long Beach,XGBoost,178,1,0.9145,1
LODO_E4_POOL_TO_VA L_XGBoost,Cleveland + Hungarian + Zurich,VA Long Beach,XGBoost,179,1,0.798552,1
LODO_E4_POOL_TO_VA L_XGBoost,Cleveland + Hungarian + Zurich,VA Long Beach,XGBoost,180,1,0.80693,1
LODO_E4_POOL_TO_VA L_XGBoost,Cleveland + Hungarian + Zurich,VA Long Beach,XGBoost,181,0,0.238885,0
LODO_E4_POOL_TO_VA L_XGBoost,Cleveland + Hungarian + Zurich,VA Long Beach,XGBoost,182,1,0.955802,1
LODO_E4_POOL_TO_VA L_XGBoost,Cleveland + Hungarian + Zurich,VA Long Beach,XGBoost,183,1,0.912971,1
LODO_E4_POOL_TO_VA L_XGBoost,Cleveland + Hungarian + Zurich,VA Long Beach,XGBoost,184,0,0.956312,1
LODO_E4_POOL_TO_VA L_XGBoost,Cleveland + Hungarian + Zurich,VA Long Beach,XGBoost,185,1,0.74824,1
LODO_E4_POOL_TO_VA L_XGBoost,Cleveland + Hungarian + Zurich,VA Long Beach,XGBoost,186,1,0.867879,1
LODO_E4_POOL_TO_VA L_XGBoost,Cleveland + Hungarian + Zurich,VA Long Beach,XGBoost,187,1,0.944207,1
LODO_E4_POOL_TO_VA L_XGBoost,Cleveland + Hungarian + Zurich,VA Long Beach,XGBoost,188,0,0.442622,0
LODO_E4_POOL_TO_VA L_XGBoost,Cleveland + Hungarian + Zurich,VA Long Beach,XGBoost,189,0,0.483232,0
LODO_E4_POOL_TO_VA L_XGBoost,Cleveland + Hungarian + Zurich,VA Long Beach,XGBoost,190,1,0.971991,1
LODO_E4_POOL_TO_VA L_XGBoost,Cleveland + Hungarian + Zurich,VA Long Beach,XGBoost,191,1,0.929256,1
LODO_E4_POOL_TO_VA L_XGBoost,Cleveland + Hungarian + Zurich,VA Long Beach,XGBoost,192,1,0.82637,1
LODO_E4_POOL_TO_VA L_XGBoost,Cleveland + Hungarian + Zurich,VA Long Beach,XGBoost,193,1,0.662145,1
LODO_E4_POOL_TO_VA L_XGBoost,Cleveland + Hungarian + Zurich,VA Long Beach,XGBoost,194,1,0.225499,0
LODO_E4_POOL_TO_VA L_XGBoost,Cleveland + Hungarian + Zurich,VA Long Beach,XGBoost,195,0,0.615371,1
LODO_E4_POOL_TO_VA L_XGBoost,Cleveland + Hungarian + Zurich,VA Long Beach,XGBoost,196,1,0.747205,1
LODO_E4_POOL_TO_VA L_XGBoost,Cleveland + Hungarian + Zurich,VA Long Beach,XGBoost,197,0,0.911404,1
LODO_E4_POOL_TO_VA L_XGBoost,Cleveland + Hungarian + Zurich,VA Long Beach,XGBoost,198,1,0.848714,1
LODO_E5_POOL_TO_ZURI_LogisticRegression,Cleveland + Hungarian + VA Long Beach,Zurich,LogisticRegression,0,1,0.057487,0
LODO_E5_POOL_TO_ZURI_LogisticRegression,Cleveland + Hungarian + VA Long Beach,Zurich,LogisticRegression,1,1,0.267915,0
LODO_E5_POOL_TO_ZURI_LogisticRegression,Cleveland + Hungarian + VA Long Beach,Zurich,LogisticRegression,2,1,0.814183,1
LODO_E5_POOL_TO_ZURI_LogisticRegression,Cleveland + Hungarian + VA Long Beach,Zurich,LogisticRegression,3,1,0.748395,1
LODO_E5_POOL_TO_ZURI_LogisticRegression,Cleveland + Hungarian + VA Long Beach,Zurich,LogisticRegression,4,1,0.351998,0
LODO_E5_POOL_TO_ZURI_LogisticRegression,Cleveland + Hungarian + VA Long Beach,Zurich,LogisticRegression,5,1,0.102772,0
LODO_E5_POOL_TO_ZURI_LogisticRegression,Cleveland + Hungarian + VA Long Beach,Zurich,LogisticRegression,6,0,0.052586,0
LODO_E5_POOL_TO_ZURI_LogisticRegression,Cleveland + Hungarian + VA Long Beach,Zurich,LogisticRegression,7,1,0.418349,0
LODO_E5_POOL_TO_ZURI_LogisticRegression,Cleveland + Hungarian + VA Long Beach,Zurich,LogisticRegression,8,1,0.341441,0
LODO_E5_POOL_TO_ZURI_LogisticRegression,Cleveland + Hungarian + VA Long Beach,Zurich,LogisticRegression,9,1,0.840632,1
LODO_E5_POOL_TO_ZURI_LogisticRegression,Cleveland + Hungarian + VA Long Beach,Zurich,LogisticRegression,10,1,0.293848,0
LODO_E5_POOL_TO_ZURI_LogisticRegression,Cleveland + Hungarian + VA Long Beach,Zurich,LogisticRegression,11,1,0.487965,0
LODO_E5_POOL_TO_ZURI_LogisticRegression,Cleveland + Hungarian + VA Long Beach,Zurich,LogisticRegression,12,1,0.427375,0
LODO_E5_POOL_TO_ZURI_LogisticRegression,Cleveland + Hungarian + VA Long Beach,Zurich,LogisticRegression,13,1,0.718232,1
LODO_E5_POOL_TO_ZURI_LogisticRegression,Cleveland + Hungarian + VA Long Beach,Zurich,LogisticRegression,14,1,0.712198,1
LODO_E5_POOL_TO_ZURI_LogisticRegression,Cleveland + Hungarian + VA Long Beach,Zurich,LogisticRegression,15,1,0.854145,1
LODO_E5_POOL_TO_ZURI_LogisticRegression,Cleveland + Hungarian + VA Long Beach,Zurich,LogisticRegression,16,1,0.672708,1
LODO_E5_POOL_TO_ZURI_LogisticRegression,Cleveland + Hungarian + VA Long Beach,Zurich,LogisticRegression,17,0,0.169988,0
LODO_E5_POOL_TO_ZURI_LogisticRegression,Cleveland + Hungarian + VA Long Beach,Zurich,LogisticRegression,18,1,0.104545,0
LODO_E5_POOL_TO_ZURI_LogisticRegression,Cleveland + Hungarian + VA Long Beach,Zurich,LogisticRegression,19,1,0.858871,1
LODO_E5_POOL_TO_ZURI_LogisticRegression,Cleveland + Hungarian + VA Long Beach,Zurich,LogisticRegression,20,1,0.483403,0
LODO_E5_POOL_TO_ZURI_LogisticRegression,Cleveland + Hungarian + VA Long Beach,Zurich,LogisticRegression,21,1,0.698225,1
LODO_E5_POOL_TO_ZURI_LogisticRegression,Cleveland + Hungarian + VA Long Beach,Zurich,LogisticRegression,22,1,0.680922,1
LODO_E5_POOL_TO_ZURI_LogisticRegression,Cleveland + Hungarian + VA Long Beach,Zurich,LogisticRegression,23,1,0.703385,1
LODO_E5_POOL_TO_ZURI_LogisticRegression,Cleveland + Hungarian + VA Long Beach,Zurich,LogisticRegression,24,1,0.426866,0
LODO_E5_POOL_TO_ZURI_LogisticRegression,Cleveland + Hungarian + VA Long Beach,Zurich,LogisticRegression,25,1,0.226822,0
LODO_E5_POOL_TO_ZURI_LogisticRegression,Cleveland + Hungarian + VA Long Beach,Zurich,LogisticRegression,26,1,0.755974,1
LODO_E5_POOL_TO_ZURI_LogisticRegression,Cleveland + Hungarian + VA Long Beach,Zurich,LogisticRegression,27,1,0.571526,1
LODO_E5_POOL_TO_ZURI_LogisticRegression,Cleveland + Hungarian + VA Long Beach,Zurich,LogisticRegression,28,1,0.769743,1
LODO_E5_POOL_TO_ZURI_LogisticRegression,Cleveland + Hungarian + VA Long Beach,Zurich,LogisticRegression,29,1,0.685183,1
LODO_E5_POOL_TO_ZURI_LogisticRegression,Cleveland + Hungarian + VA Long Beach,Zurich,LogisticRegression,30,1,0.669411,1
LODO_E5_POOL_TO_ZURI_LogisticRegression,Cleveland + Hungarian + VA Long Beach,Zurich,LogisticRegression,31,1,0.652051,1
LODO_E5_POOL_TO_ZURI_LogisticRegression,Cleveland + Hungarian + VA Long Beach,Zurich,LogisticRegression,32,1,0.207181,0
LODO_E5_POOL_TO_ZURI_LogisticRegression,Cleveland + Hungarian + VA Long Beach,Zurich,LogisticRegression,33,1,0.481433,0
LODO_E5_POOL_TO_ZURI_LogisticRegression,Cleveland + Hungarian + VA Long Beach,Zurich,LogisticRegression,34,1,0.635367,1
LODO_E5_POOL_TO_ZURI_LogisticRegression,Cleveland + Hungarian + VA Long Beach,Zurich,LogisticRegression,35,1,0.862509,1
LODO_E5_POOL_TO_ZURI_LogisticRegression,Cleveland + Hungarian + VA Long Beach,Zurich,LogisticRegression,36,1,0.484717,0
LODO_E5_POOL_TO_ZURI_LogisticRegression,Cleveland + Hungarian + VA Long Beach,Zurich,LogisticRegression,37,1,0.943739,1
LODO_E5_POOL_TO_ZURI_LogisticRegression,Cleveland + Hungarian + VA Long Beach,Zurich,LogisticRegression,38,1,0.808681,1
LODO_E5_POOL_TO_ZURI_LogisticRegression,Cleveland + Hungarian + VA Long Beach,Zurich,LogisticRegression,39,1,0.846297,1
LODO_E5_POOL_TO_ZURI_LogisticRegression,Cleveland + Hungarian + VA Long Beach,Zurich,LogisticRegression,40,1,0.205687,0
LODO_E5_POOL_TO_ZURI_LogisticRegression,Cleveland + Hungarian + VA Long Beach,Zurich,LogisticRegression,41,0,0.33589,0
LODO_E5_POOL_TO_ZURI_LogisticRegression,Cleveland + Hungarian + VA Long Beach,Zurich,LogisticRegression,42,1,0.298721,0
LODO_E5_POOL_TO_ZURI_LogisticRegression,Cleveland + Hungarian + VA Long Beach,Zurich,LogisticRegression,43,1,0.620492,1
LODO_E5_POOL_TO_ZURI_LogisticRegression,Cleveland + Hungarian + VA Long Beach,Zurich,LogisticRegression,44,1,0.479907,0
LODO_E5_POOL_TO_ZURI_LogisticRegression,Cleveland + Hungarian + VA Long Beach,Zurich,LogisticRegression,45,1,0.670903,1
LODO_E5_POOL_TO_ZURI_LogisticRegression,Cleveland + Hungarian + VA Long Beach,Zurich,LogisticRegression,46,1,0.844551,1
LODO_E5_POOL_TO_ZURI_LogisticRegression,Cleveland + Hungarian + VA Long Beach,Zurich,LogisticRegression,47,0,0.940207,1
LODO_E5_POOL_TO_ZURI_LogisticRegression,Cleveland + Hungarian + VA Long Beach,Zurich,LogisticRegression,48,1,0.399857,0
LODO_E5_POOL_TO_ZURI_LogisticRegression,Cleveland + Hungarian + VA Long Beach,Zurich,LogisticRegression,49,1,0.976337,1
LODO_E5_POOL_TO_ZURI_LogisticRegression,Cleveland + Hungarian + VA Long Beach,Zurich,LogisticRegression,50,1,0.719154,1
LODO_E5_POOL_TO_ZURI_LogisticRegression,Cleveland + Hungarian + VA Long Beach,Zurich,LogisticRegression,51,0,0.143446,0
LODO_E5_POOL_TO_ZURI_LogisticRegression,Cleveland + Hungarian + VA Long Beach,Zurich,LogisticRegression,52,1,0.417101,0
LODO_E5_POOL_TO_ZURI_LogisticRegression,Cleveland + Hungarian + VA Long Beach,Zurich,LogisticRegression,53,1,0.573353,1
LODO_E5_POOL_TO_ZURI_LogisticRegression,Cleveland + Hungarian + VA Long Beach,Zurich,LogisticRegression,54,1,0.602831,1
LODO_E5_POOL_TO_ZURI_LogisticRegression,Cleveland + Hungarian + VA Long Beach,Zurich,LogisticRegression,55,0,0.367469,0
LODO_E5_POOL_TO_ZURI_LogisticRegression,Cleveland + Hungarian + VA Long Beach,Zurich,LogisticRegression,56,1,0.20912,0
LODO_E5_POOL_TO_ZURI_LogisticRegression,Cleveland + Hungarian + VA Long Beach,Zurich,LogisticRegression,57,1,0.425508,0
LODO_E5_POOL_TO_ZURI_LogisticRegression,Cleveland + Hungarian + VA Long Beach,Zurich,LogisticRegression,58,1,0.521517,1
LODO_E5_POOL_TO_ZURI_LogisticRegression,Cleveland + Hungarian + VA Long Beach,Zurich,LogisticRegression,59,1,0.696626,1
LODO_E5_POOL_TO_ZURI_LogisticRegression,Cleveland + Hungarian + VA Long Beach,Zurich,LogisticRegression,60,1,0.456338,0
LODO_E5_POOL_TO_ZURI_LogisticRegression,Cleveland + Hungarian + VA Long Beach,Zurich,LogisticRegression,61,1,0.918426,1
LODO_E5_POOL_TO_ZURI_LogisticRegression,Cleveland + Hungarian + VA Long Beach,Zurich,LogisticRegression,62,1,0.930161,1
LODO_E5_POOL_TO_ZURI_LogisticRegression,Cleveland + Hungarian + VA Long Beach,Zurich,LogisticRegression,63,1,0.428651,0
LODO_E5_POOL_TO_ZURI_LogisticRegression,Cleveland + Hungarian + VA Long Beach,Zurich,LogisticRegression,64,1,0.902355,1
LODO_E5_POOL_TO_ZURI_LogisticRegression,Cleveland + Hungarian + VA Long Beach,Zurich,LogisticRegression,65,1,0.919783,1
LODO_E5_POOL_TO_ZURI_LogisticRegression,Cleveland + Hungarian + VA Long Beach,Zurich,LogisticRegression,66,1,0.862982,1
LODO_E5_POOL_TO_ZURI_LogisticRegression,Cleveland + Hungarian + VA Long Beach,Zurich,LogisticRegression,67,1,0.965677,1
LODO_E5_POOL_TO_ZURI_LogisticRegression,Cleveland + Hungarian + VA Long Beach,Zurich,LogisticRegression,68,1,0.655554,1
LODO_E5_POOL_TO_ZURI_LogisticRegression,Cleveland + Hungarian + VA Long Beach,Zurich,LogisticRegression,69,1,0.62316,1
LODO_E5_POOL_TO_ZURI_LogisticRegression,Cleveland + Hungarian + VA Long Beach,Zurich,LogisticRegression,70,1,0.884793,1
LODO_E5_POOL_TO_ZURI_LogisticRegression,Cleveland + Hungarian + VA Long Beach,Zurich,LogisticRegression,71,1,0.886456,1
LODO_E5_POOL_TO_ZURI_LogisticRegression,Cleveland + Hungarian + VA Long Beach,Zurich,LogisticRegression,72,1,0.641168,1
LODO_E5_POOL_TO_ZURI_LogisticRegression,Cleveland + Hungarian + VA Long Beach,Zurich,LogisticRegression,73,1,0.567761,1
LODO_E5_POOL_TO_ZURI_LogisticRegression,Cleveland + Hungarian + VA Long Beach,Zurich,LogisticRegression,74,1,0.526398,1
LODO_E5_POOL_TO_ZURI_LogisticRegression,Cleveland + Hungarian + VA Long Beach,Zurich,LogisticRegression,75,1,0.801038,1
LODO_E5_POOL_TO_ZURI_LogisticRegression,Cleveland + Hungarian + VA Long Beach,Zurich,LogisticRegression,76,1,0.860229,1
LODO_E5_POOL_TO_ZURI_LogisticRegression,Cleveland + Hungarian + VA Long Beach,Zurich,LogisticRegression,77,1,0.614777,1
LODO_E5_POOL_TO_ZURI_LogisticRegression,Cleveland + Hungarian + VA Long Beach,Zurich,LogisticRegression,78,1,0.498964,0
LODO_E5_POOL_TO_ZURI_LogisticRegression,Cleveland + Hungarian + VA Long Beach,Zurich,LogisticRegression,79,1,0.893601,1
LODO_E5_POOL_TO_ZURI_LogisticRegression,Cleveland + Hungarian + VA Long Beach,Zurich,LogisticRegression,80,1,0.850219,1
LODO_E5_POOL_TO_ZURI_LogisticRegression,Cleveland + Hungarian + VA Long Beach,Zurich,LogisticRegression,81,1,0.866662,1
LODO_E5_POOL_TO_ZURI_LogisticRegression,Cleveland + Hungarian + VA Long Beach,Zurich,LogisticRegression,82,1,0.558854,1
LODO_E5_POOL_TO_ZURI_LogisticRegression,Cleveland + Hungarian + VA Long Beach,Zurich,LogisticRegression,83,1,0.57224,1
LODO_E5_POOL_TO_ZURI_LogisticRegression,Cleveland + Hungarian + VA Long Beach,Zurich,LogisticRegression,84,1,0.865496,1
LODO_E5_POOL_TO_ZURI_LogisticRegression,Cleveland + Hungarian + VA Long Beach,Zurich,LogisticRegression,85,1,0.75102,1
LODO_E5_POOL_TO_ZURI_LogisticRegression,Cleveland + Hungarian + VA Long Beach,Zurich,LogisticRegression,86,1,0.817083,1
LODO_E5_POOL_TO_ZURI_LogisticRegression,Cleveland + Hungarian + VA Long Beach,Zurich,LogisticRegression,87,1,0.604634,1
LODO_E5_POOL_TO_ZURI_LogisticRegression,Cleveland + Hungarian + VA Long Beach,Zurich,LogisticRegression,88,1,0.909901,1
LODO_E5_POOL_TO_ZURI_LogisticRegression,Cleveland + Hungarian + VA Long Beach,Zurich,LogisticRegression,89,1,0.790628,1
LODO_E5_POOL_TO_ZURI_LogisticRegression,Cleveland + Hungarian + VA Long Beach,Zurich,LogisticRegression,90,1,0.930999,1
LODO_E5_POOL_TO_ZURI_LogisticRegression,Cleveland + Hungarian + VA Long Beach,Zurich,LogisticRegression,91,1,0.806501,1
LODO_E5_POOL_TO_ZURI_LogisticRegression,Cleveland + Hungarian + VA Long Beach,Zurich,LogisticRegression,92,1,0.025446,0
LODO_E5_POOL_TO_ZURI_LogisticRegression,Cleveland + Hungarian + VA Long Beach,Zurich,LogisticRegression,93,1,0.781397,1
LODO_E5_POOL_TO_ZURI_LogisticRegression,Cleveland + Hungarian + VA Long Beach,Zurich,LogisticRegression,94,1,0.067861,0
LODO_E5_POOL_TO_ZURI_LogisticRegression,Cleveland + Hungarian + VA Long Beach,Zurich,LogisticRegression,95,1,0.723545,1
LODO_E5_POOL_TO_ZURI_LogisticRegression,Cleveland + Hungarian + VA Long Beach,Zurich,LogisticRegression,96,1,0.952102,1
LODO_E5_POOL_TO_ZURI_LogisticRegression,Cleveland + Hungarian + VA Long Beach,Zurich,LogisticRegression,97,1,0.765798,1
LODO_E5_POOL_TO_ZURI_LogisticRegression,Cleveland + Hungarian + VA Long Beach,Zurich,LogisticRegression,98,1,0.898147,1
LODO_E5_POOL_TO_ZURI_LogisticRegression,Cleveland + Hungarian + VA Long Beach,Zurich,LogisticRegression,99,1,0.534997,1
LODO_E5_POOL_TO_ZURI_LogisticRegression,Cleveland + Hungarian + VA Long Beach,Zurich,LogisticRegression,100,1,0.868575,1
LODO_E5_POOL_TO_ZURI_LogisticRegression,Cleveland + Hungarian + VA Long Beach,Zurich,LogisticRegression,101,1,0.950553,1
LODO_E5_POOL_TO_ZURI_LogisticRegression,Cleveland + Hungarian + VA Long Beach,Zurich,LogisticRegression,102,1,0.950203,1
LODO_E5_POOL_TO_ZURI_LogisticRegression,Cleveland + Hungarian + VA Long Beach,Zurich,LogisticRegression,103,1,0.78882,1
LODO_E5_POOL_TO_ZURI_LogisticRegression,Cleveland + Hungarian + VA Long Beach,Zurich,LogisticRegression,104,1,0.647859,1
LODO_E5_POOL_TO_ZURI_LogisticRegression,Cleveland + Hungarian + VA Long Beach,Zurich,LogisticRegression,105,1,0.379784,0
LODO_E5_POOL_TO_ZURI_LogisticRegression,Cleveland + Hungarian + VA Long Beach,Zurich,LogisticRegression,106,1,0.948454,1
LODO_E5_POOL_TO_ZURI_LogisticRegression,Cleveland + Hungarian + VA Long Beach,Zurich,LogisticRegression,107,1,0.800927,1
LODO_E5_POOL_TO_ZURI_LogisticRegression,Cleveland + Hungarian + VA Long Beach,Zurich,LogisticRegression,108,1,0.851473,1
LODO_E5_POOL_TO_ZURI_LogisticRegression,Cleveland + Hungarian + VA Long Beach,Zurich,LogisticRegression,109,0,0.604505,1
LODO_E5_POOL_TO_ZURI_LogisticRegression,Cleveland + Hungarian + VA Long Beach,Zurich,LogisticRegression,110,1,0.8322,1
LODO_E5_POOL_TO_ZURI_LogisticRegression,Cleveland + Hungarian + VA Long Beach,Zurich,LogisticRegression,111,1,0.335212,0
LODO_E5_POOL_TO_ZURI_LogisticRegression,Cleveland + Hungarian + VA Long Beach,Zurich,LogisticRegression,112,1,0.942964,1
LODO_E5_POOL_TO_ZURI_LogisticRegression,Cleveland + Hungarian + VA Long Beach,Zurich,LogisticRegression,113,1,0.147454,0
LODO_E5_POOL_TO_ZURI_LogisticRegression,Cleveland + Hungarian + VA Long Beach,Zurich,LogisticRegression,114,1,0.75369,1
LODO_E5_POOL_TO_ZURI_LogisticRegression,Cleveland + Hungarian + VA Long Beach,Zurich,LogisticRegression,115,1,0.855874,1
LODO_E5_POOL_TO_ZURI_LogisticRegression,Cleveland + Hungarian + VA Long Beach,Zurich,LogisticRegression,116,1,0.561338,1
LODO_E5_POOL_TO_ZURI_LogisticRegression,Cleveland + Hungarian + VA Long Beach,Zurich,LogisticRegression,117,1,0.932696,1
LODO_E5_POOL_TO_ZURI_LogisticRegression,Cleveland + Hungarian + VA Long Beach,Zurich,LogisticRegression,118,1,0.836377,1
LODO_E5_POOL_TO_ZURI_LogisticRegression,Cleveland + Hungarian + VA Long Beach,Zurich,LogisticRegression,119,1,0.95079,1
LODO_E5_POOL_TO_ZURI_LogisticRegression,Cleveland + Hungarian + VA Long Beach,Zurich,LogisticRegression,120,0,0.762276,1
LODO_E5_POOL_TO_ZURI_LogisticRegression,Cleveland + Hungarian + VA Long Beach,Zurich,LogisticRegression,121,1,0.150577,0
LODO_E5_POOL_TO_ZURI_LogisticRegression,Cleveland + Hungarian + VA Long Beach,Zurich,LogisticRegression,122,1,0.4257,0
LODO_E6_POOL_TO_ZURI_RandomForest,Cleveland + Hungarian + VA Long Beach,Zurich,RandomForest,0,1,0.268812,0
LODO_E6_POOL_TO_ZURI_RandomForest,Cleveland + Hungarian + VA Long Beach,Zurich,RandomForest,1,1,0.452329,0
LODO_E6_POOL_TO_ZURI_RandomForest,Cleveland + Hungarian + VA Long Beach,Zurich,RandomForest,2,1,0.856519,1
LODO_E6_POOL_TO_ZURI_RandomForest,Cleveland + Hungarian + VA Long Beach,Zurich,RandomForest,3,1,0.832399,1
LODO_E6_POOL_TO_ZURI_RandomForest,Cleveland + Hungarian + VA Long Beach,Zurich,RandomForest,4,1,0.456242,0
LODO_E6_POOL_TO_ZURI_RandomForest,Cleveland + Hungarian + VA Long Beach,Zurich,RandomForest,5,1,0.236676,0
LODO_E6_POOL_TO_ZURI_RandomForest,Cleveland + Hungarian + VA Long Beach,Zurich,RandomForest,6,0,0.126456,0
LODO_E6_POOL_TO_ZURI_RandomForest,Cleveland + Hungarian + VA Long Beach,Zurich,RandomForest,7,1,0.446436,0
LODO_E6_POOL_TO_ZURI_RandomForest,Cleveland + Hungarian + VA Long Beach,Zurich,RandomForest,8,1,0.393644,0
LODO_E6_POOL_TO_ZURI_RandomForest,Cleveland + Hungarian + VA Long Beach,Zurich,RandomForest,9,1,0.839786,1
LODO_E6_POOL_TO_ZURI_RandomForest,Cleveland + Hungarian + VA Long Beach,Zurich,RandomForest,10,1,0.428813,0
LODO_E6_POOL_TO_ZURI_RandomForest,Cleveland + Hungarian + VA Long Beach,Zurich,RandomForest,11,1,0.444542,0
LODO_E6_POOL_TO_ZURI_RandomForest,Cleveland + Hungarian + VA Long Beach,Zurich,RandomForest,12,1,0.682701,1
LODO_E6_POOL_TO_ZURI_RandomForest,Cleveland + Hungarian + VA Long Beach,Zurich,RandomForest,13,1,0.6813,1
LODO_E6_POOL_TO_ZURI_RandomForest,Cleveland + Hungarian + VA Long Beach,Zurich,RandomForest,14,1,0.664223,1
LODO_E6_POOL_TO_ZURI_RandomForest,Cleveland + Hungarian + VA Long Beach,Zurich,RandomForest,15,1,0.856716,1
LODO_E6_POOL_TO_ZURI_RandomForest,Cleveland + Hungarian + VA Long Beach,Zurich,RandomForest,16,1,0.655992,1
LODO_E6_POOL_TO_ZURI_RandomForest,Cleveland + Hungarian + VA Long Beach,Zurich,RandomForest,17,0,0.133535,0
LODO_E6_POOL_TO_ZURI_RandomForest,Cleveland + Hungarian + VA Long Beach,Zurich,RandomForest,18,1,0.460641,0
LODO_E6_POOL_TO_ZURI_RandomForest,Cleveland + Hungarian + VA Long Beach,Zurich,RandomForest,19,1,0.857454,1
LODO_E6_POOL_TO_ZURI_RandomForest,Cleveland + Hungarian + VA Long Beach,Zurich,RandomForest,20,1,0.493695,0
LODO_E6_POOL_TO_ZURI_RandomForest,Cleveland + Hungarian + VA Long Beach,Zurich,RandomForest,21,1,0.613479,1
LODO_E6_POOL_TO_ZURI_RandomForest,Cleveland + Hungarian + VA Long Beach,Zurich,RandomForest,22,1,0.570792,1
LODO_E6_POOL_TO_ZURI_RandomForest,Cleveland + Hungarian + VA Long Beach,Zurich,RandomForest,23,1,0.68695,1
LODO_E6_POOL_TO_ZURI_RandomForest,Cleveland + Hungarian + VA Long Beach,Zurich,RandomForest,24,1,0.507598,1
LODO_E6_POOL_TO_ZURI_RandomForest,Cleveland + Hungarian + VA Long Beach,Zurich,RandomForest,25,1,0.348215,0
LODO_E6_POOL_TO_ZURI_RandomForest,Cleveland + Hungarian + VA Long Beach,Zurich,RandomForest,26,1,0.749482,1
LODO_E6_POOL_TO_ZURI_RandomForest,Cleveland + Hungarian + VA Long Beach,Zurich,RandomForest,27,1,0.600169,1
LODO_E6_POOL_TO_ZURI_RandomForest,Cleveland + Hungarian + VA Long Beach,Zurich,RandomForest,28,1,0.751342,1
LODO_E6_POOL_TO_ZURI_RandomForest,Cleveland + Hungarian + VA Long Beach,Zurich,RandomForest,29,1,0.556193,1
LODO_E6_POOL_TO_ZURI_RandomForest,Cleveland + Hungarian + VA Long Beach,Zurich,RandomForest,30,1,0.616019,1
LODO_E6_POOL_TO_ZURI_RandomForest,Cleveland + Hungarian + VA Long Beach,Zurich,RandomForest,31,1,0.622358,1
LODO_E6_POOL_TO_ZURI_RandomForest,Cleveland + Hungarian + VA Long Beach,Zurich,RandomForest,32,1,0.394469,0
LODO_E6_POOL_TO_ZURI_RandomForest,Cleveland + Hungarian + VA Long Beach,Zurich,RandomForest,33,1,0.476601,0
LODO_E6_POOL_TO_ZURI_RandomForest,Cleveland + Hungarian + VA Long Beach,Zurich,RandomForest,34,1,0.488722,0
LODO_E6_POOL_TO_ZURI_RandomForest,Cleveland + Hungarian + VA Long Beach,Zurich,RandomForest,35,1,0.798725,1
LODO_E6_POOL_TO_ZURI_RandomForest,Cleveland + Hungarian + VA Long Beach,Zurich,RandomForest,36,1,0.507201,1
LODO_E6_POOL_TO_ZURI_RandomForest,Cleveland + Hungarian + VA Long Beach,Zurich,RandomForest,37,1,0.916909,1
LODO_E6_POOL_TO_ZURI_RandomForest,Cleveland + Hungarian + VA Long Beach,Zurich,RandomForest,38,1,0.764727,1
LODO_E6_POOL_TO_ZURI_RandomForest,Cleveland + Hungarian + VA Long Beach,Zurich,RandomForest,39,1,0.758663,1
LODO_E6_POOL_TO_ZURI_RandomForest,Cleveland + Hungarian + VA Long Beach,Zurich,RandomForest,40,1,0.190292,0
LODO_E6_POOL_TO_ZURI_RandomForest,Cleveland + Hungarian + VA Long Beach,Zurich,RandomForest,41,0,0.368607,0
LODO_E6_POOL_TO_ZURI_RandomForest,Cleveland + Hungarian + VA Long Beach,Zurich,RandomForest,42,1,0.22677,0
LODO_E6_POOL_TO_ZURI_RandomForest,Cleveland + Hungarian + VA Long Beach,Zurich,RandomForest,43,1,0.549797,1
LODO_E6_POOL_TO_ZURI_RandomForest,Cleveland + Hungarian + VA Long Beach,Zurich,RandomForest,44,1,0.528143,1
LODO_E6_POOL_TO_ZURI_RandomForest,Cleveland + Hungarian + VA Long Beach,Zurich,RandomForest,45,1,0.665965,1
LODO_E6_POOL_TO_ZURI_RandomForest,Cleveland + Hungarian + VA Long Beach,Zurich,RandomForest,46,1,0.851218,1
LODO_E6_POOL_TO_ZURI_RandomForest,Cleveland + Hungarian + VA Long Beach,Zurich,RandomForest,47,0,0.851992,1
LODO_E6_POOL_TO_ZURI_RandomForest,Cleveland + Hungarian + VA Long Beach,Zurich,RandomForest,48,1,0.433509,0
LODO_E6_POOL_TO_ZURI_RandomForest,Cleveland + Hungarian + VA Long Beach,Zurich,RandomForest,49,1,0.93551,1
LODO_E6_POOL_TO_ZURI_RandomForest,Cleveland + Hungarian + VA Long Beach,Zurich,RandomForest,50,1,0.673837,1
LODO_E6_POOL_TO_ZURI_RandomForest,Cleveland + Hungarian + VA Long Beach,Zurich,RandomForest,51,0,0.120601,0
LODO_E6_POOL_TO_ZURI_RandomForest,Cleveland + Hungarian + VA Long Beach,Zurich,RandomForest,52,1,0.437048,0
LODO_E6_POOL_TO_ZURI_RandomForest,Cleveland + Hungarian + VA Long Beach,Zurich,RandomForest,53,1,0.491766,0
LODO_E6_POOL_TO_ZURI_RandomForest,Cleveland + Hungarian + VA Long Beach,Zurich,RandomForest,54,1,0.515491,1
LODO_E6_POOL_TO_ZURI_RandomForest,Cleveland + Hungarian + VA Long Beach,Zurich,RandomForest,55,0,0.284906,0
LODO_E6_POOL_TO_ZURI_RandomForest,Cleveland + Hungarian + VA Long Beach,Zurich,RandomForest,56,1,0.399157,0
LODO_E6_POOL_TO_ZURI_RandomForest,Cleveland + Hungarian + VA Long Beach,Zurich,RandomForest,57,1,0.33062,0
LODO_E6_POOL_TO_ZURI_RandomForest,Cleveland + Hungarian + VA Long Beach,Zurich,RandomForest,58,1,0.593554,1
LODO_E6_POOL_TO_ZURI_RandomForest,Cleveland + Hungarian + VA Long Beach,Zurich,RandomForest,59,1,0.73586,1
LODO_E6_POOL_TO_ZURI_RandomForest,Cleveland + Hungarian + VA Long Beach,Zurich,RandomForest,60,1,0.427493,0
LODO_E6_POOL_TO_ZURI_RandomForest,Cleveland + Hungarian + VA Long Beach,Zurich,RandomForest,61,1,0.887022,1
LODO_E6_POOL_TO_ZURI_RandomForest,Cleveland + Hungarian + VA Long Beach,Zurich,RandomForest,62,1,0.814676,1
LODO_E6_POOL_TO_ZURI_RandomForest,Cleveland + Hungarian + VA Long Beach,Zurich,RandomForest,63,1,0.363436,0
LODO_E6_POOL_TO_ZURI_RandomForest,Cleveland + Hungarian + VA Long Beach,Zurich,RandomForest,64,1,0.816463,1
LODO_E6_POOL_TO_ZURI_RandomForest,Cleveland + Hungarian + VA Long Beach,Zurich,RandomForest,65,1,0.925899,1
LODO_E6_POOL_TO_ZURI_RandomForest,Cleveland + Hungarian + VA Long Beach,Zurich,RandomForest,66,1,0.77455,1
LODO_E6_POOL_TO_ZURI_RandomForest,Cleveland + Hungarian + VA Long Beach,Zurich,RandomForest,67,1,0.941041,1
LODO_E6_POOL_TO_ZURI_RandomForest,Cleveland + Hungarian + VA Long Beach,Zurich,RandomForest,68,1,0.533891,1
LODO_E6_POOL_TO_ZURI_RandomForest,Cleveland + Hungarian + VA Long Beach,Zurich,RandomForest,69,1,0.583725,1
LODO_E6_POOL_TO_ZURI_RandomForest,Cleveland + Hungarian + VA Long Beach,Zurich,RandomForest,70,1,0.864727,1
LODO_E6_POOL_TO_ZURI_RandomForest,Cleveland + Hungarian + VA Long Beach,Zurich,RandomForest,71,1,0.789737,1
LODO_E6_POOL_TO_ZURI_RandomForest,Cleveland + Hungarian + VA Long Beach,Zurich,RandomForest,72,1,0.602667,1
LODO_E6_POOL_TO_ZURI_RandomForest,Cleveland + Hungarian + VA Long Beach,Zurich,RandomForest,73,1,0.537184,1
LODO_E6_POOL_TO_ZURI_RandomForest,Cleveland + Hungarian + VA Long Beach,Zurich,RandomForest,74,1,0.548304,1
LODO_E6_POOL_TO_ZURI_RandomForest,Cleveland + Hungarian + VA Long Beach,Zurich,RandomForest,75,1,0.776167,1
LODO_E6_POOL_TO_ZURI_RandomForest,Cleveland + Hungarian + VA Long Beach,Zurich,RandomForest,76,1,0.865996,1
LODO_E6_POOL_TO_ZURI_RandomForest,Cleveland + Hungarian + VA Long Beach,Zurich,RandomForest,77,1,0.598877,1
LODO_E6_POOL_TO_ZURI_RandomForest,Cleveland + Hungarian + VA Long Beach,Zurich,RandomForest,78,1,0.520445,1
LODO_E6_POOL_TO_ZURI_RandomForest,Cleveland + Hungarian + VA Long Beach,Zurich,RandomForest,79,1,0.852834,1
LODO_E6_POOL_TO_ZURI_RandomForest,Cleveland + Hungarian + VA Long Beach,Zurich,RandomForest,80,1,0.670889,1
LODO_E6_POOL_TO_ZURI_RandomForest,Cleveland + Hungarian + VA Long Beach,Zurich,RandomForest,81,1,0.782618,1
LODO_E6_POOL_TO_ZURI_RandomForest,Cleveland + Hungarian + VA Long Beach,Zurich,RandomForest,82,1,0.488218,0
LODO_E6_POOL_TO_ZURI_RandomForest,Cleveland + Hungarian + VA Long Beach,Zurich,RandomForest,83,1,0.437079,0
LODO_E6_POOL_TO_ZURI_RandomForest,Cleveland + Hungarian + VA Long Beach,Zurich,RandomForest,84,1,0.784481,1
LODO_E6_POOL_TO_ZURI_RandomForest,Cleveland + Hungarian + VA Long Beach,Zurich,RandomForest,85,1,0.753733,1
LODO_E6_POOL_TO_ZURI_RandomForest,Cleveland + Hungarian + VA Long Beach,Zurich,RandomForest,86,1,0.743864,1
LODO_E6_POOL_TO_ZURI_RandomForest,Cleveland + Hungarian + VA Long Beach,Zurich,RandomForest,87,1,0.583824,1
LODO_E6_POOL_TO_ZURI_RandomForest,Cleveland + Hungarian + VA Long Beach,Zurich,RandomForest,88,1,0.833792,1
LODO_E6_POOL_TO_ZURI_RandomForest,Cleveland + Hungarian + VA Long Beach,Zurich,RandomForest,89,1,0.749987,1
LODO_E6_POOL_TO_ZURI_RandomForest,Cleveland + Hungarian + VA Long Beach,Zurich,RandomForest,90,1,0.927019,1
LODO_E6_POOL_TO_ZURI_RandomForest,Cleveland + Hungarian + VA Long Beach,Zurich,RandomForest,91,1,0.790509,1
LODO_E6_POOL_TO_ZURI_RandomForest,Cleveland + Hungarian + VA Long Beach,Zurich,RandomForest,92,1,0.197345,0
LODO_E6_POOL_TO_ZURI_RandomForest,Cleveland + Hungarian + VA Long Beach,Zurich,RandomForest,93,1,0.782367,1
LODO_E6_POOL_TO_ZURI_RandomForest,Cleveland + Hungarian + VA Long Beach,Zurich,RandomForest,94,1,0.353998,0
LODO_E6_POOL_TO_ZURI_RandomForest,Cleveland + Hungarian + VA Long Beach,Zurich,RandomForest,95,1,0.710739,1
LODO_E6_POOL_TO_ZURI_RandomForest,Cleveland + Hungarian + VA Long Beach,Zurich,RandomForest,96,1,0.909453,1
LODO_E6_POOL_TO_ZURI_RandomForest,Cleveland + Hungarian + VA Long Beach,Zurich,RandomForest,97,1,0.743424,1
LODO_E6_POOL_TO_ZURI_RandomForest,Cleveland + Hungarian + VA Long Beach,Zurich,RandomForest,98,1,0.837381,1
LODO_E6_POOL_TO_ZURI_RandomForest,Cleveland + Hungarian + VA Long Beach,Zurich,RandomForest,99,1,0.696155,1
LODO_E6_POOL_TO_ZURI_RandomForest,Cleveland + Hungarian + VA Long Beach,Zurich,RandomForest,100,1,0.645944,1
LODO_E6_POOL_TO_ZURI_RandomForest,Cleveland + Hungarian + VA Long Beach,Zurich,RandomForest,101,1,0.937649,1
LODO_E6_POOL_TO_ZURI_RandomForest,Cleveland + Hungarian + VA Long Beach,Zurich,RandomForest,102,1,0.678668,1
LODO_E6_POOL_TO_ZURI_RandomForest,Cleveland + Hungarian + VA Long Beach,Zurich,RandomForest,103,1,0.653167,1
LODO_E6_POOL_TO_ZURI_RandomForest,Cleveland + Hungarian + VA Long Beach,Zurich,RandomForest,104,1,0.739787,1
LODO_E6_POOL_TO_ZURI_RandomForest,Cleveland + Hungarian + VA Long Beach,Zurich,RandomForest,105,1,0.474513,0
LODO_E6_POOL_TO_ZURI_RandomForest,Cleveland + Hungarian + VA Long Beach,Zurich,RandomForest,106,1,0.888491,1
LODO_E6_POOL_TO_ZURI_RandomForest,Cleveland + Hungarian + VA Long Beach,Zurich,RandomForest,107,1,0.770157,1
LODO_E6_POOL_TO_ZURI_RandomForest,Cleveland + Hungarian + VA Long Beach,Zurich,RandomForest,108,1,0.749898,1
LODO_E6_POOL_TO_ZURI_RandomForest,Cleveland + Hungarian + VA Long Beach,Zurich,RandomForest,109,0,0.532754,1
LODO_E6_POOL_TO_ZURI_RandomForest,Cleveland + Hungarian + VA Long Beach,Zurich,RandomForest,110,1,0.834191,1
LODO_E6_POOL_TO_ZURI_RandomForest,Cleveland + Hungarian + VA Long Beach,Zurich,RandomForest,111,1,0.444893,0
LODO_E6_POOL_TO_ZURI_RandomForest,Cleveland + Hungarian + VA Long Beach,Zurich,RandomForest,112,1,0.938678,1
LODO_E6_POOL_TO_ZURI_RandomForest,Cleveland + Hungarian + VA Long Beach,Zurich,RandomForest,113,1,0.376274,0
LODO_E6_POOL_TO_ZURI_RandomForest,Cleveland + Hungarian + VA Long Beach,Zurich,RandomForest,114,1,0.692543,1
LODO_E6_POOL_TO_ZURI_RandomForest,Cleveland + Hungarian + VA Long Beach,Zurich,RandomForest,115,1,0.674703,1
LODO_E6_POOL_TO_ZURI_RandomForest,Cleveland + Hungarian + VA Long Beach,Zurich,RandomForest,116,1,0.561198,1
LODO_E6_POOL_TO_ZURI_RandomForest,Cleveland + Hungarian + VA Long Beach,Zurich,RandomForest,117,1,0.923014,1
LODO_E6_POOL_TO_ZURI_RandomForest,Cleveland + Hungarian + VA Long Beach,Zurich,RandomForest,118,1,0.778224,1
LODO_E6_POOL_TO_ZURI_RandomForest,Cleveland + Hungarian + VA Long Beach,Zurich,RandomForest,119,1,0.859404,1
LODO_E6_POOL_TO_ZURI_RandomForest,Cleveland + Hungarian + VA Long Beach,Zurich,RandomForest,120,0,0.595935,1
LODO_E6_POOL_TO_ZURI_RandomForest,Cleveland + Hungarian + VA Long Beach,Zurich,RandomForest,121,1,0.147604,0
LODO_E6_POOL_TO_ZURI_RandomForest,Cleveland + Hungarian + VA Long Beach,Zurich,RandomForest,122,1,0.398014,0
LODO_E7_POOL_TO_ZURI_SVM,Cleveland + Hungarian + VA Long Beach,Zurich,SVM,0,1,0.244508,0
LODO_E7_POOL_TO_ZURI_SVM,Cleveland + Hungarian + VA Long Beach,Zurich,SVM,1,1,0.542702,1
LODO_E7_POOL_TO_ZURI_SVM,Cleveland + Hungarian + VA Long Beach,Zurich,SVM,2,1,0.895618,1
LODO_E7_POOL_TO_ZURI_SVM,Cleveland + Hungarian + VA Long Beach,Zurich,SVM,3,1,0.879298,1
LODO_E7_POOL_TO_ZURI_SVM,Cleveland + Hungarian + VA Long Beach,Zurich,SVM,4,1,0.313101,0
LODO_E7_POOL_TO_ZURI_SVM,Cleveland + Hungarian + VA Long Beach,Zurich,SVM,5,1,0.162,0
LODO_E7_POOL_TO_ZURI_SVM,Cleveland + Hungarian + VA Long Beach,Zurich,SVM,6,0,0.295151,0
LODO_E7_POOL_TO_ZURI_SVM,Cleveland + Hungarian + VA Long Beach,Zurich,SVM,7,1,0.520407,1
LODO_E7_POOL_TO_ZURI_SVM,Cleveland + Hungarian + VA Long Beach,Zurich,SVM,8,1,0.164851,0
LODO_E7_POOL_TO_ZURI_SVM,Cleveland + Hungarian + VA Long Beach,Zurich,SVM,9,1,0.839563,1
LODO_E7_POOL_TO_ZURI_SVM,Cleveland + Hungarian + VA Long Beach,Zurich,SVM,10,1,0.699114,1
LODO_E7_POOL_TO_ZURI_SVM,Cleveland + Hungarian + VA Long Beach,Zurich,SVM,11,1,0.457639,0
LODO_E7_POOL_TO_ZURI_SVM,Cleveland + Hungarian + VA Long Beach,Zurich,SVM,12,1,0.634916,1
LODO_E7_POOL_TO_ZURI_SVM,Cleveland + Hungarian + VA Long Beach,Zurich,SVM,13,1,0.745251,1
LODO_E7_POOL_TO_ZURI_SVM,Cleveland + Hungarian + VA Long Beach,Zurich,SVM,14,1,0.689754,1
LODO_E7_POOL_TO_ZURI_SVM,Cleveland + Hungarian + VA Long Beach,Zurich,SVM,15,1,0.881211,1
LODO_E7_POOL_TO_ZURI_SVM,Cleveland + Hungarian + VA Long Beach,Zurich,SVM,16,1,0.73234,1
LODO_E7_POOL_TO_ZURI_SVM,Cleveland + Hungarian + VA Long Beach,Zurich,SVM,17,0,0.207002,0
LODO_E7_POOL_TO_ZURI_SVM,Cleveland + Hungarian + VA Long Beach,Zurich,SVM,18,1,0.168023,0
LODO_E7_POOL_TO_ZURI_SVM,Cleveland + Hungarian + VA Long Beach,Zurich,SVM,19,1,0.899204,1
LODO_E7_POOL_TO_ZURI_SVM,Cleveland + Hungarian + VA Long Beach,Zurich,SVM,20,1,0.555947,1
LODO_E7_POOL_TO_ZURI_SVM,Cleveland + Hungarian + VA Long Beach,Zurich,SVM,21,1,0.742539,1
LODO_E7_POOL_TO_ZURI_SVM,Cleveland + Hungarian + VA Long Beach,Zurich,SVM,22,1,0.887286,1
LODO_E7_POOL_TO_ZURI_SVM,Cleveland + Hungarian + VA Long Beach,Zurich,SVM,23,1,0.681272,1
LODO_E7_POOL_TO_ZURI_SVM,Cleveland + Hungarian + VA Long Beach,Zurich,SVM,24,1,0.330008,0
LODO_E7_POOL_TO_ZURI_SVM,Cleveland + Hungarian + VA Long Beach,Zurich,SVM,25,1,0.292518,0
LODO_E7_POOL_TO_ZURI_SVM,Cleveland + Hungarian + VA Long Beach,Zurich,SVM,26,1,0.856477,1
LODO_E7_POOL_TO_ZURI_SVM,Cleveland + Hungarian + VA Long Beach,Zurich,SVM,27,1,0.787832,1
LODO_E7_POOL_TO_ZURI_SVM,Cleveland + Hungarian + VA Long Beach,Zurich,SVM,28,1,0.799483,1
LODO_E7_POOL_TO_ZURI_SVM,Cleveland + Hungarian + VA Long Beach,Zurich,SVM,29,1,0.601837,1
LODO_E7_POOL_TO_ZURI_SVM,Cleveland + Hungarian + VA Long Beach,Zurich,SVM,30,1,0.808881,1
LODO_E7_POOL_TO_ZURI_SVM,Cleveland + Hungarian + VA Long Beach,Zurich,SVM,31,1,0.812231,1
LODO_E7_POOL_TO_ZURI_SVM,Cleveland + Hungarian + VA Long Beach,Zurich,SVM,32,1,0.260611,0
LODO_E7_POOL_TO_ZURI_SVM,Cleveland + Hungarian + VA Long Beach,Zurich,SVM,33,1,0.435562,0
LODO_E7_POOL_TO_ZURI_SVM,Cleveland + Hungarian + VA Long Beach,Zurich,SVM,34,1,0.510742,1
LODO_E7_POOL_TO_ZURI_SVM,Cleveland + Hungarian + VA Long Beach,Zurich,SVM,35,1,0.878213,1
LODO_E7_POOL_TO_ZURI_SVM,Cleveland + Hungarian + VA Long Beach,Zurich,SVM,36,1,0.291399,0
LODO_E7_POOL_TO_ZURI_SVM,Cleveland + Hungarian + VA Long Beach,Zurich,SVM,37,1,0.904308,1
LODO_E7_POOL_TO_ZURI_SVM,Cleveland + Hungarian + VA Long Beach,Zurich,SVM,38,1,0.699755,1
LODO_E7_POOL_TO_ZURI_SVM,Cleveland + Hungarian + VA Long Beach,Zurich,SVM,39,1,0.71023,1
LODO_E7_POOL_TO_ZURI_SVM,Cleveland + Hungarian + VA Long Beach,Zurich,SVM,40,1,0.171751,0
LODO_E7_POOL_TO_ZURI_SVM,Cleveland + Hungarian + VA Long Beach,Zurich,SVM,41,0,0.370045,0
LODO_E7_POOL_TO_ZURI_SVM,Cleveland + Hungarian + VA Long Beach,Zurich,SVM,42,1,0.211705,0
LODO_E7_POOL_TO_ZURI_SVM,Cleveland + Hungarian + VA Long Beach,Zurich,SVM,43,1,0.769413,1
LODO_E7_POOL_TO_ZURI_SVM,Cleveland + Hungarian + VA Long Beach,Zurich,SVM,44,1,0.339674,0
LODO_E7_POOL_TO_ZURI_SVM,Cleveland + Hungarian + VA Long Beach,Zurich,SVM,45,1,0.77257,1
LODO_E7_POOL_TO_ZURI_SVM,Cleveland + Hungarian + VA Long Beach,Zurich,SVM,46,1,0.877495,1
LODO_E7_POOL_TO_ZURI_SVM,Cleveland + Hungarian + VA Long Beach,Zurich,SVM,47,0,0.767631,1
LODO_E7_POOL_TO_ZURI_SVM,Cleveland + Hungarian + VA Long Beach,Zurich,SVM,48,1,0.250384,0
LODO_E7_POOL_TO_ZURI_SVM,Cleveland + Hungarian + VA Long Beach,Zurich,SVM,49,1,0.898609,1
LODO_E7_POOL_TO_ZURI_SVM,Cleveland + Hungarian + VA Long Beach,Zurich,SVM,50,1,0.480018,0
LODO_E7_POOL_TO_ZURI_SVM,Cleveland + Hungarian + VA Long Beach,Zurich,SVM,51,0,0.090062,0
LODO_E7_POOL_TO_ZURI_SVM,Cleveland + Hungarian + VA Long Beach,Zurich,SVM,52,1,0.305234,0
LODO_E7_POOL_TO_ZURI_SVM,Cleveland + Hungarian + VA Long Beach,Zurich,SVM,53,1,0.469272,0
LODO_E7_POOL_TO_ZURI_SVM,Cleveland + Hungarian + VA Long Beach,Zurich,SVM,54,1,0.457256,0
LODO_E7_POOL_TO_ZURI_SVM,Cleveland + Hungarian + VA Long Beach,Zurich,SVM,55,0,0.270108,0
LODO_E7_POOL_TO_ZURI_SVM,Cleveland + Hungarian + VA Long Beach,Zurich,SVM,56,1,0.424991,0
LODO_E7_POOL_TO_ZURI_SVM,Cleveland + Hungarian + VA Long Beach,Zurich,SVM,57,1,0.27872,0
LODO_E7_POOL_TO_ZURI_SVM,Cleveland + Hungarian + VA Long Beach,Zurich,SVM,58,1,0.513868,1
LODO_E7_POOL_TO_ZURI_SVM,Cleveland + Hungarian + VA Long Beach,Zurich,SVM,59,1,0.760622,1
LODO_E7_POOL_TO_ZURI_SVM,Cleveland + Hungarian + VA Long Beach,Zurich,SVM,60,1,0.230789,0
LODO_E7_POOL_TO_ZURI_SVM,Cleveland + Hungarian + VA Long Beach,Zurich,SVM,61,1,0.895298,1
LODO_E7_POOL_TO_ZURI_SVM,Cleveland + Hungarian + VA Long Beach,Zurich,SVM,62,1,0.816323,1
LODO_E7_POOL_TO_ZURI_SVM,Cleveland + Hungarian + VA Long Beach,Zurich,SVM,63,1,0.529962,1
LODO_E7_POOL_TO_ZURI_SVM,Cleveland + Hungarian + VA Long Beach,Zurich,SVM,64,1,0.872462,1
LODO_E7_POOL_TO_ZURI_SVM,Cleveland + Hungarian + VA Long Beach,Zurich,SVM,65,1,0.906146,1
LODO_E7_POOL_TO_ZURI_SVM,Cleveland + Hungarian + VA Long Beach,Zurich,SVM,66,1,0.827379,1
LODO_E7_POOL_TO_ZURI_SVM,Cleveland + Hungarian + VA Long Beach,Zurich,SVM,67,1,0.875667,1
LODO_E7_POOL_TO_ZURI_SVM,Cleveland + Hungarian + VA Long Beach,Zurich,SVM,68,1,0.559756,1
LODO_E7_POOL_TO_ZURI_SVM,Cleveland + Hungarian + VA Long Beach,Zurich,SVM,69,1,0.688708,1
LODO_E7_POOL_TO_ZURI_SVM,Cleveland + Hungarian + VA Long Beach,Zurich,SVM,70,1,0.903591,1
LODO_E7_POOL_TO_ZURI_SVM,Cleveland + Hungarian + VA Long Beach,Zurich,SVM,71,1,0.849169,1
LODO_E7_POOL_TO_ZURI_SVM,Cleveland + Hungarian + VA Long Beach,Zurich,SVM,72,1,0.749911,1
LODO_E7_POOL_TO_ZURI_SVM,Cleveland + Hungarian + VA Long Beach,Zurich,SVM,73,1,0.489081,0
LODO_E7_POOL_TO_ZURI_SVM,Cleveland + Hungarian + VA Long Beach,Zurich,SVM,74,1,0.38855,0
LODO_E7_POOL_TO_ZURI_SVM,Cleveland + Hungarian + VA Long Beach,Zurich,SVM,75,1,0.820488,1
LODO_E7_POOL_TO_ZURI_SVM,Cleveland + Hungarian + VA Long Beach,Zurich,SVM,76,1,0.886466,1
LODO_E7_POOL_TO_ZURI_SVM,Cleveland + Hungarian + VA Long Beach,Zurich,SVM,77,1,0.742721,1
LODO_E7_POOL_TO_ZURI_SVM,Cleveland + Hungarian + VA Long Beach,Zurich,SVM,78,1,0.433135,0
LODO_E7_POOL_TO_ZURI_SVM,Cleveland + Hungarian + VA Long Beach,Zurich,SVM,79,1,0.836772,1
LODO_E7_POOL_TO_ZURI_SVM,Cleveland + Hungarian + VA Long Beach,Zurich,SVM,80,1,0.761433,1
LODO_E7_POOL_TO_ZURI_SVM,Cleveland + Hungarian + VA Long Beach,Zurich,SVM,81,1,0.871474,1
LODO_E7_POOL_TO_ZURI_SVM,Cleveland + Hungarian + VA Long Beach,Zurich,SVM,82,1,0.300437,0
LODO_E7_POOL_TO_ZURI_SVM,Cleveland + Hungarian + VA Long Beach,Zurich,SVM,83,1,0.418243,0
LODO_E7_POOL_TO_ZURI_SVM,Cleveland + Hungarian + VA Long Beach,Zurich,SVM,84,1,0.817202,1
LODO_E7_POOL_TO_ZURI_SVM,Cleveland + Hungarian + VA Long Beach,Zurich,SVM,85,1,0.825872,1
LODO_E7_POOL_TO_ZURI_SVM,Cleveland + Hungarian + VA Long Beach,Zurich,SVM,86,1,0.83572,1
LODO_E7_POOL_TO_ZURI_SVM,Cleveland + Hungarian + VA Long Beach,Zurich,SVM,87,1,0.393326,0
LODO_E7_POOL_TO_ZURI_SVM,Cleveland + Hungarian + VA Long Beach,Zurich,SVM,88,1,0.939757,1
LODO_E7_POOL_TO_ZURI_SVM,Cleveland + Hungarian + VA Long Beach,Zurich,SVM,89,1,0.844925,1
LODO_E7_POOL_TO_ZURI_SVM,Cleveland + Hungarian + VA Long Beach,Zurich,SVM,90,1,0.902017,1
LODO_E7_POOL_TO_ZURI_SVM,Cleveland + Hungarian + VA Long Beach,Zurich,SVM,91,1,0.811236,1
LODO_E7_POOL_TO_ZURI_SVM,Cleveland + Hungarian + VA Long Beach,Zurich,SVM,92,1,0.116152,0
LODO_E7_POOL_TO_ZURI_SVM,Cleveland + Hungarian + VA Long Beach,Zurich,SVM,93,1,0.796151,1
LODO_E7_POOL_TO_ZURI_SVM,Cleveland + Hungarian + VA Long Beach,Zurich,SVM,94,1,0.204262,0
LODO_E7_POOL_TO_ZURI_SVM,Cleveland + Hungarian + VA Long Beach,Zurich,SVM,95,1,0.836708,1
LODO_E7_POOL_TO_ZURI_SVM,Cleveland + Hungarian + VA Long Beach,Zurich,SVM,96,1,0.837171,1
LODO_E7_POOL_TO_ZURI_SVM,Cleveland + Hungarian + VA Long Beach,Zurich,SVM,97,1,0.840267,1
LODO_E7_POOL_TO_ZURI_SVM,Cleveland + Hungarian + VA Long Beach,Zurich,SVM,98,1,0.891608,1
LODO_E7_POOL_TO_ZURI_SVM,Cleveland + Hungarian + VA Long Beach,Zurich,SVM,99,1,0.755523,1
LODO_E7_POOL_TO_ZURI_SVM,Cleveland + Hungarian + VA Long Beach,Zurich,SVM,100,1,0.604122,1
LODO_E7_POOL_TO_ZURI_SVM,Cleveland + Hungarian + VA Long Beach,Zurich,SVM,101,1,0.904876,1
LODO_E7_POOL_TO_ZURI_SVM,Cleveland + Hungarian + VA Long Beach,Zurich,SVM,102,1,0.582433,1
LODO_E7_POOL_TO_ZURI_SVM,Cleveland + Hungarian + VA Long Beach,Zurich,SVM,103,1,0.651387,1
LODO_E7_POOL_TO_ZURI_SVM,Cleveland + Hungarian + VA Long Beach,Zurich,SVM,104,1,0.809708,1
LODO_E7_POOL_TO_ZURI_SVM,Cleveland + Hungarian + VA Long Beach,Zurich,SVM,105,1,0.313684,0
LODO_E7_POOL_TO_ZURI_SVM,Cleveland + Hungarian + VA Long Beach,Zurich,SVM,106,1,0.857335,1
LODO_E7_POOL_TO_ZURI_SVM,Cleveland + Hungarian + VA Long Beach,Zurich,SVM,107,1,0.863709,1
LODO_E7_POOL_TO_ZURI_SVM,Cleveland + Hungarian + VA Long Beach,Zurich,SVM,108,1,0.807167,1
LODO_E7_POOL_TO_ZURI_SVM,Cleveland + Hungarian + VA Long Beach,Zurich,SVM,109,0,0.340084,0
LODO_E7_POOL_TO_ZURI_SVM,Cleveland + Hungarian + VA Long Beach,Zurich,SVM,110,1,0.896393,1
LODO_E7_POOL_TO_ZURI_SVM,Cleveland + Hungarian + VA Long Beach,Zurich,SVM,111,1,0.399777,0
LODO_E7_POOL_TO_ZURI_SVM,Cleveland + Hungarian + VA Long Beach,Zurich,SVM,112,1,0.895489,1
LODO_E7_POOL_TO_ZURI_SVM,Cleveland + Hungarian + VA Long Beach,Zurich,SVM,113,1,0.410017,0
LODO_E7_POOL_TO_ZURI_SVM,Cleveland + Hungarian + VA Long Beach,Zurich,SVM,114,1,0.806409,1
LODO_E7_POOL_TO_ZURI_SVM,Cleveland + Hungarian + VA Long Beach,Zurich,SVM,115,1,0.64933,1
LODO_E7_POOL_TO_ZURI_SVM,Cleveland + Hungarian + VA Long Beach,Zurich,SVM,116,1,0.392589,0
LODO_E7_POOL_TO_ZURI_SVM,Cleveland + Hungarian + VA Long Beach,Zurich,SVM,117,1,0.902659,1
LODO_E7_POOL_TO_ZURI_SVM,Cleveland + Hungarian + VA Long Beach,Zurich,SVM,118,1,0.851696,1
LODO_E7_POOL_TO_ZURI_SVM,Cleveland + Hungarian + VA Long Beach,Zurich,SVM,119,1,0.840192,1
LODO_E7_POOL_TO_ZURI_SVM,Cleveland + Hungarian + VA Long Beach,Zurich,SVM,120,0,0.750943,1
LODO_E7_POOL_TO_ZURI_SVM,Cleveland + Hungarian + VA Long Beach,Zurich,SVM,121,1,0.131685,0
LODO_E7_POOL_TO_ZURI_SVM,Cleveland + Hungarian + VA Long Beach,Zurich,SVM,122,1,0.338232,0
LODO_E8_POOL_TO_ZURI_XGBoost,Cleveland + Hungarian + VA Long Beach,Zurich,XGBoost,0,1,0.206858,0
LODO_E8_POOL_TO_ZURI_XGBoost,Cleveland + Hungarian + VA Long Beach,Zurich,XGBoost,1,1,0.497629,0
LODO_E8_POOL_TO_ZURI_XGBoost,Cleveland + Hungarian + VA Long Beach,Zurich,XGBoost,2,1,0.893745,1
LODO_E8_POOL_TO_ZURI_XGBoost,Cleveland + Hungarian + VA Long Beach,Zurich,XGBoost,3,1,0.859051,1
LODO_E8_POOL_TO_ZURI_XGBoost,Cleveland + Hungarian + VA Long Beach,Zurich,XGBoost,4,1,0.421617,0
LODO_E8_POOL_TO_ZURI_XGBoost,Cleveland + Hungarian + VA Long Beach,Zurich,XGBoost,5,1,0.178154,0
LODO_E8_POOL_TO_ZURI_XGBoost,Cleveland + Hungarian + VA Long Beach,Zurich,XGBoost,6,0,0.070322,0
LODO_E8_POOL_TO_ZURI_XGBoost,Cleveland + Hungarian + VA Long Beach,Zurich,XGBoost,7,1,0.263999,0
LODO_E8_POOL_TO_ZURI_XGBoost,Cleveland + Hungarian + VA Long Beach,Zurich,XGBoost,8,1,0.398746,0
LODO_E8_POOL_TO_ZURI_XGBoost,Cleveland + Hungarian + VA Long Beach,Zurich,XGBoost,9,1,0.857189,1
LODO_E8_POOL_TO_ZURI_XGBoost,Cleveland + Hungarian + VA Long Beach,Zurich,XGBoost,10,1,0.396546,0
LODO_E8_POOL_TO_ZURI_XGBoost,Cleveland + Hungarian + VA Long Beach,Zurich,XGBoost,11,1,0.545663,1
LODO_E8_POOL_TO_ZURI_XGBoost,Cleveland + Hungarian + VA Long Beach,Zurich,XGBoost,12,1,0.603394,1
LODO_E8_POOL_TO_ZURI_XGBoost,Cleveland + Hungarian + VA Long Beach,Zurich,XGBoost,13,1,0.670029,1
LODO_E8_POOL_TO_ZURI_XGBoost,Cleveland + Hungarian + VA Long Beach,Zurich,XGBoost,14,1,0.74705,1
LODO_E8_POOL_TO_ZURI_XGBoost,Cleveland + Hungarian + VA Long Beach,Zurich,XGBoost,15,1,0.892884,1
LODO_E8_POOL_TO_ZURI_XGBoost,Cleveland + Hungarian + VA Long Beach,Zurich,XGBoost,16,1,0.623109,1
LODO_E8_POOL_TO_ZURI_XGBoost,Cleveland + Hungarian + VA Long Beach,Zurich,XGBoost,17,0,0.111791,0
LODO_E8_POOL_TO_ZURI_XGBoost,Cleveland + Hungarian + VA Long Beach,Zurich,XGBoost,18,1,0.429043,0
LODO_E8_POOL_TO_ZURI_XGBoost,Cleveland + Hungarian + VA Long Beach,Zurich,XGBoost,19,1,0.875532,1
LODO_E8_POOL_TO_ZURI_XGBoost,Cleveland + Hungarian + VA Long Beach,Zurich,XGBoost,20,1,0.404913,0
LODO_E8_POOL_TO_ZURI_XGBoost,Cleveland + Hungarian + VA Long Beach,Zurich,XGBoost,21,1,0.591327,1
LODO_E8_POOL_TO_ZURI_XGBoost,Cleveland + Hungarian + VA Long Beach,Zurich,XGBoost,22,1,0.686283,1
LODO_E8_POOL_TO_ZURI_XGBoost,Cleveland + Hungarian + VA Long Beach,Zurich,XGBoost,23,1,0.68625,1
LODO_E8_POOL_TO_ZURI_XGBoost,Cleveland + Hungarian + VA Long Beach,Zurich,XGBoost,24,1,0.497487,0
LODO_E8_POOL_TO_ZURI_XGBoost,Cleveland + Hungarian + VA Long Beach,Zurich,XGBoost,25,1,0.217937,0
LODO_E8_POOL_TO_ZURI_XGBoost,Cleveland + Hungarian + VA Long Beach,Zurich,XGBoost,26,1,0.770548,1
LODO_E8_POOL_TO_ZURI_XGBoost,Cleveland + Hungarian + VA Long Beach,Zurich,XGBoost,27,1,0.610299,1
LODO_E8_POOL_TO_ZURI_XGBoost,Cleveland + Hungarian + VA Long Beach,Zurich,XGBoost,28,1,0.784317,1
LODO_E8_POOL_TO_ZURI_XGBoost,Cleveland + Hungarian + VA Long Beach,Zurich,XGBoost,29,1,0.555487,1
LODO_E8_POOL_TO_ZURI_XGBoost,Cleveland + Hungarian + VA Long Beach,Zurich,XGBoost,30,1,0.654325,1
LODO_E8_POOL_TO_ZURI_XGBoost,Cleveland + Hungarian + VA Long Beach,Zurich,XGBoost,31,1,0.672411,1
LODO_E8_POOL_TO_ZURI_XGBoost,Cleveland + Hungarian + VA Long Beach,Zurich,XGBoost,32,1,0.425862,0
LODO_E8_POOL_TO_ZURI_XGBoost,Cleveland + Hungarian + VA Long Beach,Zurich,XGBoost,33,1,0.635679,1
LODO_E8_POOL_TO_ZURI_XGBoost,Cleveland + Hungarian + VA Long Beach,Zurich,XGBoost,34,1,0.481484,0
LODO_E8_POOL_TO_ZURI_XGBoost,Cleveland + Hungarian + VA Long Beach,Zurich,XGBoost,35,1,0.866162,1
LODO_E8_POOL_TO_ZURI_XGBoost,Cleveland + Hungarian + VA Long Beach,Zurich,XGBoost,36,1,0.440416,0
LODO_E8_POOL_TO_ZURI_XGBoost,Cleveland + Hungarian + VA Long Beach,Zurich,XGBoost,37,1,0.936336,1
LODO_E8_POOL_TO_ZURI_XGBoost,Cleveland + Hungarian + VA Long Beach,Zurich,XGBoost,38,1,0.78424,1
LODO_E8_POOL_TO_ZURI_XGBoost,Cleveland + Hungarian + VA Long Beach,Zurich,XGBoost,39,1,0.838062,1
LODO_E8_POOL_TO_ZURI_XGBoost,Cleveland + Hungarian + VA Long Beach,Zurich,XGBoost,40,1,0.190461,0
LODO_E8_POOL_TO_ZURI_XGBoost,Cleveland + Hungarian + VA Long Beach,Zurich,XGBoost,41,0,0.284302,0
LODO_E8_POOL_TO_ZURI_XGBoost,Cleveland + Hungarian + VA Long Beach,Zurich,XGBoost,42,1,0.187121,0
LODO_E8_POOL_TO_ZURI_XGBoost,Cleveland + Hungarian + VA Long Beach,Zurich,XGBoost,43,1,0.42403,0
LODO_E8_POOL_TO_ZURI_XGBoost,Cleveland + Hungarian + VA Long Beach,Zurich,XGBoost,44,1,0.464857,0
LODO_E8_POOL_TO_ZURI_XGBoost,Cleveland + Hungarian + VA Long Beach,Zurich,XGBoost,45,1,0.71117,1
LODO_E8_POOL_TO_ZURI_XGBoost,Cleveland + Hungarian + VA Long Beach,Zurich,XGBoost,46,1,0.843967,1
LODO_E8_POOL_TO_ZURI_XGBoost,Cleveland + Hungarian + VA Long Beach,Zurich,XGBoost,47,0,0.894243,1
LODO_E8_POOL_TO_ZURI_XGBoost,Cleveland + Hungarian + VA Long Beach,Zurich,XGBoost,48,1,0.492748,0
LODO_E8_POOL_TO_ZURI_XGBoost,Cleveland + Hungarian + VA Long Beach,Zurich,XGBoost,49,1,0.957099,1
LODO_E8_POOL_TO_ZURI_XGBoost,Cleveland + Hungarian + VA Long Beach,Zurich,XGBoost,50,1,0.746922,1
LODO_E8_POOL_TO_ZURI_XGBoost,Cleveland + Hungarian + VA Long Beach,Zurich,XGBoost,51,0,0.093066,0
LODO_E8_POOL_TO_ZURI_XGBoost,Cleveland + Hungarian + VA Long Beach,Zurich,XGBoost,52,1,0.514738,1
LODO_E8_POOL_TO_ZURI_XGBoost,Cleveland + Hungarian + VA Long Beach,Zurich,XGBoost,53,1,0.493881,0
LODO_E8_POOL_TO_ZURI_XGBoost,Cleveland + Hungarian + VA Long Beach,Zurich,XGBoost,54,1,0.517927,1
LODO_E8_POOL_TO_ZURI_XGBoost,Cleveland + Hungarian + VA Long Beach,Zurich,XGBoost,55,0,0.35574,0
LODO_E8_POOL_TO_ZURI_XGBoost,Cleveland + Hungarian + VA Long Beach,Zurich,XGBoost,56,1,0.437025,0
LODO_E8_POOL_TO_ZURI_XGBoost,Cleveland + Hungarian + VA Long Beach,Zurich,XGBoost,57,1,0.317374,0
LODO_E8_POOL_TO_ZURI_XGBoost,Cleveland + Hungarian + VA Long Beach,Zurich,XGBoost,58,1,0.718337,1
LODO_E8_POOL_TO_ZURI_XGBoost,Cleveland + Hungarian + VA Long Beach,Zurich,XGBoost,59,1,0.726762,1
LODO_E8_POOL_TO_ZURI_XGBoost,Cleveland + Hungarian + VA Long Beach,Zurich,XGBoost,60,1,0.446645,0
LODO_E8_POOL_TO_ZURI_XGBoost,Cleveland + Hungarian + VA Long Beach,Zurich,XGBoost,61,1,0.913101,1
LODO_E8_POOL_TO_ZURI_XGBoost,Cleveland + Hungarian + VA Long Beach,Zurich,XGBoost,62,1,0.848803,1
LODO_E8_POOL_TO_ZURI_XGBoost,Cleveland + Hungarian + VA Long Beach,Zurich,XGBoost,63,1,0.372622,0
LODO_E8_POOL_TO_ZURI_XGBoost,Cleveland + Hungarian + VA Long Beach,Zurich,XGBoost,64,1,0.803404,1
LODO_E8_POOL_TO_ZURI_XGBoost,Cleveland + Hungarian + VA Long Beach,Zurich,XGBoost,65,1,0.933019,1
LODO_E8_POOL_TO_ZURI_XGBoost,Cleveland + Hungarian + VA Long Beach,Zurich,XGBoost,66,1,0.847271,1
LODO_E8_POOL_TO_ZURI_XGBoost,Cleveland + Hungarian + VA Long Beach,Zurich,XGBoost,67,1,0.960322,1
LODO_E8_POOL_TO_ZURI_XGBoost,Cleveland + Hungarian + VA Long Beach,Zurich,XGBoost,68,1,0.505533,1
LODO_E8_POOL_TO_ZURI_XGBoost,Cleveland + Hungarian + VA Long Beach,Zurich,XGBoost,69,1,0.645782,1
LODO_E8_POOL_TO_ZURI_XGBoost,Cleveland + Hungarian + VA Long Beach,Zurich,XGBoost,70,1,0.869962,1
LODO_E8_POOL_TO_ZURI_XGBoost,Cleveland + Hungarian + VA Long Beach,Zurich,XGBoost,71,1,0.860889,1
LODO_E8_POOL_TO_ZURI_XGBoost,Cleveland + Hungarian + VA Long Beach,Zurich,XGBoost,72,1,0.758541,1
LODO_E8_POOL_TO_ZURI_XGBoost,Cleveland + Hungarian + VA Long Beach,Zurich,XGBoost,73,1,0.582677,1
LODO_E8_POOL_TO_ZURI_XGBoost,Cleveland + Hungarian + VA Long Beach,Zurich,XGBoost,74,1,0.550567,1
LODO_E8_POOL_TO_ZURI_XGBoost,Cleveland + Hungarian + VA Long Beach,Zurich,XGBoost,75,1,0.8271,1
LODO_E8_POOL_TO_ZURI_XGBoost,Cleveland + Hungarian + VA Long Beach,Zurich,XGBoost,76,1,0.869757,1
LODO_E8_POOL_TO_ZURI_XGBoost,Cleveland + Hungarian + VA Long Beach,Zurich,XGBoost,77,1,0.562208,1
LODO_E8_POOL_TO_ZURI_XGBoost,Cleveland + Hungarian + VA Long Beach,Zurich,XGBoost,78,1,0.527171,1
LODO_E8_POOL_TO_ZURI_XGBoost,Cleveland + Hungarian + VA Long Beach,Zurich,XGBoost,79,1,0.831446,1
LODO_E8_POOL_TO_ZURI_XGBoost,Cleveland + Hungarian + VA Long Beach,Zurich,XGBoost,80,1,0.770919,1
LODO_E8_POOL_TO_ZURI_XGBoost,Cleveland + Hungarian + VA Long Beach,Zurich,XGBoost,81,1,0.827724,1
LODO_E8_POOL_TO_ZURI_XGBoost,Cleveland + Hungarian + VA Long Beach,Zurich,XGBoost,82,1,0.529509,1
LODO_E8_POOL_TO_ZURI_XGBoost,Cleveland + Hungarian + VA Long Beach,Zurich,XGBoost,83,1,0.541483,1
LODO_E8_POOL_TO_ZURI_XGBoost,Cleveland + Hungarian + VA Long Beach,Zurich,XGBoost,84,1,0.836913,1
LODO_E8_POOL_TO_ZURI_XGBoost,Cleveland + Hungarian + VA Long Beach,Zurich,XGBoost,85,1,0.799496,1
LODO_E8_POOL_TO_ZURI_XGBoost,Cleveland + Hungarian + VA Long Beach,Zurich,XGBoost,86,1,0.748247,1
LODO_E8_POOL_TO_ZURI_XGBoost,Cleveland + Hungarian + VA Long Beach,Zurich,XGBoost,87,1,0.617135,1
LODO_E8_POOL_TO_ZURI_XGBoost,Cleveland + Hungarian + VA Long Beach,Zurich,XGBoost,88,1,0.926007,1
LODO_E8_POOL_TO_ZURI_XGBoost,Cleveland + Hungarian + VA Long Beach,Zurich,XGBoost,89,1,0.771064,1
LODO_E8_POOL_TO_ZURI_XGBoost,Cleveland + Hungarian + VA Long Beach,Zurich,XGBoost,90,1,0.934024,1
LODO_E8_POOL_TO_ZURI_XGBoost,Cleveland + Hungarian + VA Long Beach,Zurich,XGBoost,91,1,0.830015,1
LODO_E8_POOL_TO_ZURI_XGBoost,Cleveland + Hungarian + VA Long Beach,Zurich,XGBoost,92,1,0.130336,0
LODO_E8_POOL_TO_ZURI_XGBoost,Cleveland + Hungarian + VA Long Beach,Zurich,XGBoost,93,1,0.707622,1
LODO_E8_POOL_TO_ZURI_XGBoost,Cleveland + Hungarian + VA Long Beach,Zurich,XGBoost,94,1,0.342781,0
LODO_E8_POOL_TO_ZURI_XGBoost,Cleveland + Hungarian + VA Long Beach,Zurich,XGBoost,95,1,0.756291,1
LODO_E8_POOL_TO_ZURI_XGBoost,Cleveland + Hungarian + VA Long Beach,Zurich,XGBoost,96,1,0.939085,1
LODO_E8_POOL_TO_ZURI_XGBoost,Cleveland + Hungarian + VA Long Beach,Zurich,XGBoost,97,1,0.788903,1
LODO_E8_POOL_TO_ZURI_XGBoost,Cleveland + Hungarian + VA Long Beach,Zurich,XGBoost,98,1,0.920998,1
LODO_E8_POOL_TO_ZURI_XGBoost,Cleveland + Hungarian + VA Long Beach,Zurich,XGBoost,99,1,0.764465,1
LODO_E8_POOL_TO_ZURI_XGBoost,Cleveland + Hungarian + VA Long Beach,Zurich,XGBoost,100,1,0.76992,1
LODO_E8_POOL_TO_ZURI_XGBoost,Cleveland + Hungarian + VA Long Beach,Zurich,XGBoost,101,1,0.955736,1
LODO_E8_POOL_TO_ZURI_XGBoost,Cleveland + Hungarian + VA Long Beach,Zurich,XGBoost,102,1,0.840488,1
LODO_E8_POOL_TO_ZURI_XGBoost,Cleveland + Hungarian + VA Long Beach,Zurich,XGBoost,103,1,0.728463,1
LODO_E8_POOL_TO_ZURI_XGBoost,Cleveland + Hungarian + VA Long Beach,Zurich,XGBoost,104,1,0.733343,1
LODO_E8_POOL_TO_ZURI_XGBoost,Cleveland + Hungarian + VA Long Beach,Zurich,XGBoost,105,1,0.336203,0
LODO_E8_POOL_TO_ZURI_XGBoost,Cleveland + Hungarian + VA Long Beach,Zurich,XGBoost,106,1,0.852129,1
LODO_E8_POOL_TO_ZURI_XGBoost,Cleveland + Hungarian + VA Long Beach,Zurich,XGBoost,107,1,0.799993,1
LODO_E8_POOL_TO_ZURI_XGBoost,Cleveland + Hungarian + VA Long Beach,Zurich,XGBoost,108,1,0.832682,1
LODO_E8_POOL_TO_ZURI_XGBoost,Cleveland + Hungarian + VA Long Beach,Zurich,XGBoost,109,0,0.640441,1
LODO_E8_POOL_TO_ZURI_XGBoost,Cleveland + Hungarian + VA Long Beach,Zurich,XGBoost,110,1,0.849854,1
LODO_E8_POOL_TO_ZURI_XGBoost,Cleveland + Hungarian + VA Long Beach,Zurich,XGBoost,111,1,0.312969,0
LODO_E8_POOL_TO_ZURI_XGBoost,Cleveland + Hungarian + VA Long Beach,Zurich,XGBoost,112,1,0.95122,1
LODO_E8_POOL_TO_ZURI_XGBoost,Cleveland + Hungarian + VA Long Beach,Zurich,XGBoost,113,1,0.398032,0
LODO_E8_POOL_TO_ZURI_XGBoost,Cleveland + Hungarian + VA Long Beach,Zurich,XGBoost,114,1,0.705863,1
LODO_E8_POOL_TO_ZURI_XGBoost,Cleveland + Hungarian + VA Long Beach,Zurich,XGBoost,115,1,0.713355,1
LODO_E8_POOL_TO_ZURI_XGBoost,Cleveland + Hungarian + VA Long Beach,Zurich,XGBoost,116,1,0.59904,1
LODO_E8_POOL_TO_ZURI_XGBoost,Cleveland + Hungarian + VA Long Beach,Zurich,XGBoost,117,1,0.914381,1
LODO_E8_POOL_TO_ZURI_XGBoost,Cleveland + Hungarian + VA Long Beach,Zurich,XGBoost,118,1,0.802824,1
LODO_E8_POOL_TO_ZURI_XGBoost,Cleveland + Hungarian + VA Long Beach,Zurich,XGBoost,119,1,0.875889,1
LODO_E8_POOL_TO_ZURI_XGBoost,Cleveland + Hungarian + VA Long Beach,Zurich,XGBoost,120,0,0.576056,1
LODO_E8_POOL_TO_ZURI_XGBoost,Cleveland + Hungarian + VA Long Beach,Zurich,XGBoost,121,1,0.10553,0
LODO_E8_POOL_TO_ZURI_XGBoost,Cleveland + Hungarian + VA Long Beach,Zurich,XGBoost,122,1,0.324378,0
LODO_E9_POOL_TO_HUNG_LogisticRegression,Cleveland + Zurich + VA Long Beach,Hungarian,LogisticRegression,0,0,0.108542,0
LODO_E9_POOL_TO_HUNG_LogisticRegression,Cleveland + Zurich + VA Long Beach,Hungarian,LogisticRegression,1,0,0.131149,0
LODO_E9_POOL_TO_HUNG_LogisticRegression,Cleveland + Zurich + VA Long Beach,Hungarian,LogisticRegression,2,0,0.124142,0
LODO_E9_POOL_TO_HUNG_LogisticRegression,Cleveland + Zurich + VA Long Beach,Hungarian,LogisticRegression,3,0,0.021496,0
LODO_E9_POOL_TO_HUNG_LogisticRegression,Cleveland + Zurich + VA Long Beach,Hungarian,LogisticRegression,4,0,0.040572,0
LODO_E9_POOL_TO_HUNG_LogisticRegression,Cleveland + Zurich + VA Long Beach,Hungarian,LogisticRegression,5,0,0.032361,0
LODO_E9_POOL_TO_HUNG_LogisticRegression,Cleveland + Zurich + VA Long Beach,Hungarian,LogisticRegression,6,0,0.080177,0
LODO_E9_POOL_TO_HUNG_LogisticRegression,Cleveland + Zurich + VA Long Beach,Hungarian,LogisticRegression,7,0,0.153686,0
LODO_E9_POOL_TO_HUNG_LogisticRegression,Cleveland + Zurich + VA Long Beach,Hungarian,LogisticRegression,8,0,0.213878,0
LODO_E9_POOL_TO_HUNG_LogisticRegression,Cleveland + Zurich + VA Long Beach,Hungarian,LogisticRegression,9,0,0.032644,0
LODO_E9_POOL_TO_HUNG_LogisticRegression,Cleveland + Zurich + VA Long Beach,Hungarian,LogisticRegression,10,0,0.141379,0
LODO_E9_POOL_TO_HUNG_LogisticRegression,Cleveland + Zurich + VA Long Beach,Hungarian,LogisticRegression,11,0,0.144773,0
LODO_E9_POOL_TO_HUNG_LogisticRegression,Cleveland + Zurich + VA Long Beach,Hungarian,LogisticRegression,12,0,0.01596,0
LODO_E9_POOL_TO_HUNG_LogisticRegression,Cleveland + Zurich + VA Long Beach,Hungarian,LogisticRegression,13,0,0.276993,0
LODO_E9_POOL_TO_HUNG_LogisticRegression,Cleveland + Zurich + VA Long Beach,Hungarian,LogisticRegression,14,0,0.090363,0
LODO_E9_POOL_TO_HUNG_LogisticRegression,Cleveland + Zurich + VA Long Beach,Hungarian,LogisticRegression,15,0,0.147384,0
LODO_E9_POOL_TO_HUNG_LogisticRegression,Cleveland + Zurich + VA Long Beach,Hungarian,LogisticRegression,16,0,0.097497,0
LODO_E9_POOL_TO_HUNG_LogisticRegression,Cleveland + Zurich + VA Long Beach,Hungarian,LogisticRegression,17,0,0.281416,0
LODO_E9_POOL_TO_HUNG_LogisticRegression,Cleveland + Zurich + VA Long Beach,Hungarian,LogisticRegression,18,0,0.203468,0
LODO_E9_POOL_TO_HUNG_LogisticRegression,Cleveland + Zurich + VA Long Beach,Hungarian,LogisticRegression,19,0,0.252511,0
LODO_E9_POOL_TO_HUNG_LogisticRegression,Cleveland + Zurich + VA Long Beach,Hungarian,LogisticRegression,20,0,0.105246,0
LODO_E9_POOL_TO_HUNG_LogisticRegression,Cleveland + Zurich + VA Long Beach,Hungarian,LogisticRegression,21,0,0.170897,0
LODO_E9_POOL_TO_HUNG_LogisticRegression,Cleveland + Zurich + VA Long Beach,Hungarian,LogisticRegression,22,0,0.145398,0
LODO_E9_POOL_TO_HUNG_LogisticRegression,Cleveland + Zurich + VA Long Beach,Hungarian,LogisticRegression,23,0,0.477948,0
LODO_E9_POOL_TO_HUNG_LogisticRegression,Cleveland + Zurich + VA Long Beach,Hungarian,LogisticRegression,24,0,0.320355,0
LODO_E9_POOL_TO_HUNG_LogisticRegression,Cleveland + Zurich + VA Long Beach,Hungarian,LogisticRegression,25,0,0.384459,0
LODO_E9_POOL_TO_HUNG_LogisticRegression,Cleveland + Zurich + VA Long Beach,Hungarian,LogisticRegression,26,0,0.454847,0
LODO_E9_POOL_TO_HUNG_LogisticRegression,Cleveland + Zurich + VA Long Beach,Hungarian,LogisticRegression,27,0,0.108565,0
LODO_E9_POOL_TO_HUNG_LogisticRegression,Cleveland + Zurich + VA Long Beach,Hungarian,LogisticRegression,28,0,0.254072,0
LODO_E9_POOL_TO_HUNG_LogisticRegression,Cleveland + Zurich + VA Long Beach,Hungarian,LogisticRegression,29,0,0.532715,1
LODO_E9_POOL_TO_HUNG_LogisticRegression,Cleveland + Zurich + VA Long Beach,Hungarian,LogisticRegression,30,0,0.053119,0
LODO_E9_POOL_TO_HUNG_LogisticRegression,Cleveland + Zurich + VA Long Beach,Hungarian,LogisticRegression,31,0,0.317251,0
LODO_E9_POOL_TO_HUNG_LogisticRegression,Cleveland + Zurich + VA Long Beach,Hungarian,LogisticRegression,32,0,0.406549,0
LODO_E9_POOL_TO_HUNG_LogisticRegression,Cleveland + Zurich + VA Long Beach,Hungarian,LogisticRegression,33,0,0.248296,0
LODO_E9_POOL_TO_HUNG_LogisticRegression,Cleveland + Zurich + VA Long Beach,Hungarian,LogisticRegression,34,0,0.378214,0
LODO_E9_POOL_TO_HUNG_LogisticRegression,Cleveland + Zurich + VA Long Beach,Hungarian,LogisticRegression,35,0,0.563586,1
LODO_E9_POOL_TO_HUNG_LogisticRegression,Cleveland + Zurich + VA Long Beach,Hungarian,LogisticRegression,36,0,0.226357,0
LODO_E9_POOL_TO_HUNG_LogisticRegression,Cleveland + Zurich + VA Long Beach,Hungarian,LogisticRegression,37,0,0.414739,0
LODO_E9_POOL_TO_HUNG_LogisticRegression,Cleveland + Zurich + VA Long Beach,Hungarian,LogisticRegression,38,0,0.640945,1
LODO_E9_POOL_TO_HUNG_LogisticRegression,Cleveland + Zurich + VA Long Beach,Hungarian,LogisticRegression,39,0,0.636298,1
LODO_E9_POOL_TO_HUNG_LogisticRegression,Cleveland + Zurich + VA Long Beach,Hungarian,LogisticRegression,40,0,0.189339,0
LODO_E9_POOL_TO_HUNG_LogisticRegression,Cleveland + Zurich + VA Long Beach,Hungarian,LogisticRegression,41,0,0.135918,0
LODO_E9_POOL_TO_HUNG_LogisticRegression,Cleveland + Zurich + VA Long Beach,Hungarian,LogisticRegression,42,0,0.468353,0
LODO_E9_POOL_TO_HUNG_LogisticRegression,Cleveland + Zurich + VA Long Beach,Hungarian,LogisticRegression,43,0,0.254284,0
LODO_E9_POOL_TO_HUNG_LogisticRegression,Cleveland + Zurich + VA Long Beach,Hungarian,LogisticRegression,44,0,0.190034,0
LODO_E9_POOL_TO_HUNG_LogisticRegression,Cleveland + Zurich + VA Long Beach,Hungarian,LogisticRegression,45,0,0.079116,0
LODO_E9_POOL_TO_HUNG_LogisticRegression,Cleveland + Zurich + VA Long Beach,Hungarian,LogisticRegression,46,0,0.03084,0
LODO_E9_POOL_TO_HUNG_LogisticRegression,Cleveland + Zurich + VA Long Beach,Hungarian,LogisticRegression,47,0,0.05909,0
LODO_E9_POOL_TO_HUNG_LogisticRegression,Cleveland + Zurich + VA Long Beach,Hungarian,LogisticRegression,48,0,0.14607,0
LODO_E9_POOL_TO_HUNG_LogisticRegression,Cleveland + Zurich + VA Long Beach,Hungarian,LogisticRegression,49,0,0.125151,0
LODO_E9_POOL_TO_HUNG_LogisticRegression,Cleveland + Zurich + VA Long Beach,Hungarian,LogisticRegression,50,0,0.264671,0
LODO_E9_POOL_TO_HUNG_LogisticRegression,Cleveland + Zurich + VA Long Beach,Hungarian,LogisticRegression,51,0,0.600435,1
LODO_E9_POOL_TO_HUNG_LogisticRegression,Cleveland + Zurich + VA Long Beach,Hungarian,LogisticRegression,52,0,0.174505,0
LODO_E9_POOL_TO_HUNG_LogisticRegression,Cleveland + Zurich + VA Long Beach,Hungarian,LogisticRegression,53,0,0.236016,0
LODO_E9_POOL_TO_HUNG_LogisticRegression,Cleveland + Zurich + VA Long Beach,Hungarian,LogisticRegression,54,0,0.166569,0
LODO_E9_POOL_TO_HUNG_LogisticRegression,Cleveland + Zurich + VA Long Beach,Hungarian,LogisticRegression,55,0,0.343349,0
LODO_E9_POOL_TO_HUNG_LogisticRegression,Cleveland + Zurich + VA Long Beach,Hungarian,LogisticRegression,56,0,0.680681,1
LODO_E9_POOL_TO_HUNG_LogisticRegression,Cleveland + Zurich + VA Long Beach,Hungarian,LogisticRegression,57,0,0.488844,0
LODO_E9_POOL_TO_HUNG_LogisticRegression,Cleveland + Zurich + VA Long Beach,Hungarian,LogisticRegression,58,0,0.426637,0
LODO_E9_POOL_TO_HUNG_LogisticRegression,Cleveland + Zurich + VA Long Beach,Hungarian,LogisticRegression,59,0,0.038782,0
LODO_E9_POOL_TO_HUNG_LogisticRegression,Cleveland + Zurich + VA Long Beach,Hungarian,LogisticRegression,60,0,0.041581,0
LODO_E9_POOL_TO_HUNG_LogisticRegression,Cleveland + Zurich + VA Long Beach,Hungarian,LogisticRegression,61,0,0.032707,0
LODO_E9_POOL_TO_HUNG_LogisticRegression,Cleveland + Zurich + VA Long Beach,Hungarian,LogisticRegression,62,0,0.032037,0
LODO_E9_POOL_TO_HUNG_LogisticRegression,Cleveland + Zurich + VA Long Beach,Hungarian,LogisticRegression,63,0,0.141454,0
LODO_E9_POOL_TO_HUNG_LogisticRegression,Cleveland + Zurich + VA Long Beach,Hungarian,LogisticRegression,64,0,0.087296,0
LODO_E9_POOL_TO_HUNG_LogisticRegression,Cleveland + Zurich + VA Long Beach,Hungarian,LogisticRegression,65,0,0.084495,0
LODO_E9_POOL_TO_HUNG_LogisticRegression,Cleveland + Zurich + VA Long Beach,Hungarian,LogisticRegression,66,0,0.25602,0
LODO_E9_POOL_TO_HUNG_LogisticRegression,Cleveland + Zurich + VA Long Beach,Hungarian,LogisticRegression,67,0,0.431326,0
LODO_E9_POOL_TO_HUNG_LogisticRegression,Cleveland + Zurich + VA Long Beach,Hungarian,LogisticRegression,68,0,0.351261,0
LODO_E9_POOL_TO_HUNG_LogisticRegression,Cleveland + Zurich + VA Long Beach,Hungarian,LogisticRegression,69,0,0.320525,0
LODO_E9_POOL_TO_HUNG_LogisticRegression,Cleveland + Zurich + VA Long Beach,Hungarian,LogisticRegression,70,0,0.451819,0
LODO_E9_POOL_TO_HUNG_LogisticRegression,Cleveland + Zurich + VA Long Beach,Hungarian,LogisticRegression,71,0,0.041393,0
LODO_E9_POOL_TO_HUNG_LogisticRegression,Cleveland + Zurich + VA Long Beach,Hungarian,LogisticRegression,72,0,0.048397,0
LODO_E9_POOL_TO_HUNG_LogisticRegression,Cleveland + Zurich + VA Long Beach,Hungarian,LogisticRegression,73,0,0.319116,0
LODO_E9_POOL_TO_HUNG_LogisticRegression,Cleveland + Zurich + VA Long Beach,Hungarian,LogisticRegression,74,0,0.496045,0
LODO_E9_POOL_TO_HUNG_LogisticRegression,Cleveland + Zurich + VA Long Beach,Hungarian,LogisticRegression,75,0,0.640393,1
LODO_E9_POOL_TO_HUNG_LogisticRegression,Cleveland + Zurich + VA Long Beach,Hungarian,LogisticRegression,76,0,0.637367,1
LODO_E9_POOL_TO_HUNG_LogisticRegression,Cleveland + Zurich + VA Long Beach,Hungarian,LogisticRegression,77,0,0.652359,1
LODO_E9_POOL_TO_HUNG_LogisticRegression,Cleveland + Zurich + VA Long Beach,Hungarian,LogisticRegression,78,0,0.597754,1
LODO_E9_POOL_TO_HUNG_LogisticRegression,Cleveland + Zurich + VA Long Beach,Hungarian,LogisticRegression,79,0,0.35346,0
LODO_E9_POOL_TO_HUNG_LogisticRegression,Cleveland + Zurich + VA Long Beach,Hungarian,LogisticRegression,80,0,0.406379,0
LODO_E9_POOL_TO_HUNG_LogisticRegression,Cleveland + Zurich + VA Long Beach,Hungarian,LogisticRegression,81,0,0.639992,1
LODO_E9_POOL_TO_HUNG_LogisticRegression,Cleveland + Zurich + VA Long Beach,Hungarian,LogisticRegression,82,0,0.8201,1
LODO_E9_POOL_TO_HUNG_LogisticRegression,Cleveland + Zurich + VA Long Beach,Hungarian,LogisticRegression,83,0,0.534457,1
LODO_E9_POOL_TO_HUNG_LogisticRegression,Cleveland + Zurich + VA Long Beach,Hungarian,LogisticRegression,84,0,0.805862,1
LODO_E9_POOL_TO_HUNG_LogisticRegression,Cleveland + Zurich + VA Long Beach,Hungarian,LogisticRegression,85,0,0.126989,0
LODO_E9_POOL_TO_HUNG_LogisticRegression,Cleveland + Zurich + VA Long Beach,Hungarian,LogisticRegression,86,0,0.313575,0
LODO_E9_POOL_TO_HUNG_LogisticRegression,Cleveland + Zurich + VA Long Beach,Hungarian,LogisticRegression,87,0,0.094995,0
LODO_E9_POOL_TO_HUNG_LogisticRegression,Cleveland + Zurich + VA Long Beach,Hungarian,LogisticRegression,88,0,0.161405,0
LODO_E9_POOL_TO_HUNG_LogisticRegression,Cleveland + Zurich + VA Long Beach,Hungarian,LogisticRegression,89,0,0.892687,1
LODO_E9_POOL_TO_HUNG_LogisticRegression,Cleveland + Zurich + VA Long Beach,Hungarian,LogisticRegression,90,0,0.131044,0
LODO_E9_POOL_TO_HUNG_LogisticRegression,Cleveland + Zurich + VA Long Beach,Hungarian,LogisticRegression,91,0,0.114523,0
LODO_E9_POOL_TO_HUNG_LogisticRegression,Cleveland + Zurich + VA Long Beach,Hungarian,LogisticRegression,92,0,0.144394,0
LODO_E9_POOL_TO_HUNG_LogisticRegression,Cleveland + Zurich + VA Long Beach,Hungarian,LogisticRegression,93,0,0.186563,0
LODO_E9_POOL_TO_HUNG_LogisticRegression,Cleveland + Zurich + VA Long Beach,Hungarian,LogisticRegression,94,0,0.237838,0
LODO_E9_POOL_TO_HUNG_LogisticRegression,Cleveland + Zurich + VA Long Beach,Hungarian,LogisticRegression,95,0,0.471035,0
LODO_E9_POOL_TO_HUNG_LogisticRegression,Cleveland + Zurich + VA Long Beach,Hungarian,LogisticRegression,96,0,0.683162,1
LODO_E9_POOL_TO_HUNG_LogisticRegression,Cleveland + Zurich + VA Long Beach,Hungarian,LogisticRegression,97,0,0.456245,0
LODO_E9_POOL_TO_HUNG_LogisticRegression,Cleveland + Zurich + VA Long Beach,Hungarian,LogisticRegression,98,0,0.173439,0
LODO_E9_POOL_TO_HUNG_LogisticRegression,Cleveland + Zurich + VA Long Beach,Hungarian,LogisticRegression,99,0,0.435721,0
LODO_E9_POOL_TO_HUNG_LogisticRegression,Cleveland + Zurich + VA Long Beach,Hungarian,LogisticRegression,100,0,0.377674,0
LODO_E9_POOL_TO_HUNG_LogisticRegression,Cleveland + Zurich + VA Long Beach,Hungarian,LogisticRegression,101,0,0.046265,0
LODO_E9_POOL_TO_HUNG_LogisticRegression,Cleveland + Zurich + VA Long Beach,Hungarian,LogisticRegression,102,0,0.047162,0
LODO_E9_POOL_TO_HUNG_LogisticRegression,Cleveland + Zurich + VA Long Beach,Hungarian,LogisticRegression,103,0,0.213427,0
LODO_E9_POOL_TO_HUNG_LogisticRegression,Cleveland + Zurich + VA Long Beach,Hungarian,LogisticRegression,104,0,0.148572,0
LODO_E9_POOL_TO_HUNG_LogisticRegression,Cleveland + Zurich + VA Long Beach,Hungarian,LogisticRegression,105,0,0.271482,0
LODO_E9_POOL_TO_HUNG_LogisticRegression,Cleveland + Zurich + VA Long Beach,Hungarian,LogisticRegression,106,0,0.759844,1
LODO_E9_POOL_TO_HUNG_LogisticRegression,Cleveland + Zurich + VA Long Beach,Hungarian,LogisticRegression,107,0,0.727603,1
LODO_E9_POOL_TO_HUNG_LogisticRegression,Cleveland + Zurich + VA Long Beach,Hungarian,LogisticRegression,108,0,0.06347,0
LODO_E9_POOL_TO_HUNG_LogisticRegression,Cleveland + Zurich + VA Long Beach,Hungarian,LogisticRegression,109,0,0.730366,1
LODO_E9_POOL_TO_HUNG_LogisticRegression,Cleveland + Zurich + VA Long Beach,Hungarian,LogisticRegression,110,0,0.166552,0
LODO_E9_POOL_TO_HUNG_LogisticRegression,Cleveland + Zurich + VA Long Beach,Hungarian,LogisticRegression,111,0,0.157998,0
LODO_E9_POOL_TO_HUNG_LogisticRegression,Cleveland + Zurich + VA Long Beach,Hungarian,LogisticRegression,112,0,0.500587,1
LODO_E9_POOL_TO_HUNG_LogisticRegression,Cleveland + Zurich + VA Long Beach,Hungarian,LogisticRegression,113,0,0.708652,1
LODO_E9_POOL_TO_HUNG_LogisticRegression,Cleveland + Zurich + VA Long Beach,Hungarian,LogisticRegression,114,0,0.824142,1
LODO_E9_POOL_TO_HUNG_LogisticRegression,Cleveland + Zurich + VA Long Beach,Hungarian,LogisticRegression,115,0,0.055431,0
LODO_E9_POOL_TO_HUNG_LogisticRegression,Cleveland + Zurich + VA Long Beach,Hungarian,LogisticRegression,116,0,0.254934,0
LODO_E9_POOL_TO_HUNG_LogisticRegression,Cleveland + Zurich + VA Long Beach,Hungarian,LogisticRegression,117,0,0.333536,0
LODO_E9_POOL_TO_HUNG_LogisticRegression,Cleveland + Zurich + VA Long Beach,Hungarian,LogisticRegression,118,0,0.285531,0
LODO_E9_POOL_TO_HUNG_LogisticRegression,Cleveland + Zurich + VA Long Beach,Hungarian,LogisticRegression,119,0,0.287077,0
LODO_E9_POOL_TO_HUNG_LogisticRegression,Cleveland + Zurich + VA Long Beach,Hungarian,LogisticRegression,120,0,0.273117,0
LODO_E9_POOL_TO_HUNG_LogisticRegression,Cleveland + Zurich + VA Long Beach,Hungarian,LogisticRegression,121,0,0.828599,1
LODO_E9_POOL_TO_HUNG_LogisticRegression,Cleveland + Zurich + VA Long Beach,Hungarian,LogisticRegression,122,0,0.089068,0
LODO_E9_POOL_TO_HUNG_LogisticRegression,Cleveland + Zurich + VA Long Beach,Hungarian,LogisticRegression,123,0,0.118911,0
LODO_E9_POOL_TO_HUNG_LogisticRegression,Cleveland + Zurich + VA Long Beach,Hungarian,LogisticRegression,124,0,0.205473,0
LODO_E9_POOL_TO_HUNG_LogisticRegression,Cleveland + Zurich + VA Long Beach,Hungarian,LogisticRegression,125,0,0.654367,1
LODO_E9_POOL_TO_HUNG_LogisticRegression,Cleveland + Zurich + VA Long Beach,Hungarian,LogisticRegression,126,0,0.411884,0
LODO_E9_POOL_TO_HUNG_LogisticRegression,Cleveland + Zurich + VA Long Beach,Hungarian,LogisticRegression,127,0,0.513534,1
LODO_E9_POOL_TO_HUNG_LogisticRegression,Cleveland + Zurich + VA Long Beach,Hungarian,LogisticRegression,128,0,0.199664,0
LODO_E9_POOL_TO_HUNG_LogisticRegression,Cleveland + Zurich + VA Long Beach,Hungarian,LogisticRegression,129,0,0.281005,0
LODO_E9_POOL_TO_HUNG_LogisticRegression,Cleveland + Zurich + VA Long Beach,Hungarian,LogisticRegression,130,0,0.128403,0
LODO_E9_POOL_TO_HUNG_LogisticRegression,Cleveland + Zurich + VA Long Beach,Hungarian,LogisticRegression,131,0,0.35012,0
LODO_E9_POOL_TO_HUNG_LogisticRegression,Cleveland + Zurich + VA Long Beach,Hungarian,LogisticRegression,132,0,0.234293,0
LODO_E9_POOL_TO_HUNG_LogisticRegression,Cleveland + Zurich + VA Long Beach,Hungarian,LogisticRegression,133,0,0.344693,0
LODO_E9_POOL_TO_HUNG_LogisticRegression,Cleveland + Zurich + VA Long Beach,Hungarian,LogisticRegression,134,0,0.188176,0
LODO_E9_POOL_TO_HUNG_LogisticRegression,Cleveland + Zurich + VA Long Beach,Hungarian,LogisticRegression,135,0,0.482155,0
LODO_E9_POOL_TO_HUNG_LogisticRegression,Cleveland + Zurich + VA Long Beach,Hungarian,LogisticRegression,136,0,0.954435,1
LODO_E9_POOL_TO_HUNG_LogisticRegression,Cleveland + Zurich + VA Long Beach,Hungarian,LogisticRegression,137,0,0.639954,1
LODO_E9_POOL_TO_HUNG_LogisticRegression,Cleveland + Zurich + VA Long Beach,Hungarian,LogisticRegression,138,0,0.622669,1
LODO_E9_POOL_TO_HUNG_LogisticRegression,Cleveland + Zurich + VA Long Beach,Hungarian,LogisticRegression,139,0,0.114092,0
LODO_E9_POOL_TO_HUNG_LogisticRegression,Cleveland + Zurich + VA Long Beach,Hungarian,LogisticRegression,140,0,0.146951,0
LODO_E9_POOL_TO_HUNG_LogisticRegression,Cleveland + Zurich + VA Long Beach,Hungarian,LogisticRegression,141,0,0.142297,0
LODO_E9_POOL_TO_HUNG_LogisticRegression,Cleveland + Zurich + VA Long Beach,Hungarian,LogisticRegression,142,0,0.082574,0
LODO_E9_POOL_TO_HUNG_LogisticRegression,Cleveland + Zurich + VA Long Beach,Hungarian,LogisticRegression,143,0,0.118021,0
LODO_E9_POOL_TO_HUNG_LogisticRegression,Cleveland + Zurich + VA Long Beach,Hungarian,LogisticRegression,144,0,0.156237,0
LODO_E9_POOL_TO_HUNG_LogisticRegression,Cleveland + Zurich + VA Long Beach,Hungarian,LogisticRegression,145,0,0.166455,0
LODO_E9_POOL_TO_HUNG_LogisticRegression,Cleveland + Zurich + VA Long Beach,Hungarian,LogisticRegression,146,0,0.253429,0
LODO_E9_POOL_TO_HUNG_LogisticRegression,Cleveland + Zurich + VA Long Beach,Hungarian,LogisticRegression,147,0,0.285234,0
LODO_E9_POOL_TO_HUNG_LogisticRegression,Cleveland + Zurich + VA Long Beach,Hungarian,LogisticRegression,148,0,0.249753,0
LODO_E9_POOL_TO_HUNG_LogisticRegression,Cleveland + Zurich + VA Long Beach,Hungarian,LogisticRegression,149,0,0.460521,0
LODO_E9_POOL_TO_HUNG_LogisticRegression,Cleveland + Zurich + VA Long Beach,Hungarian,LogisticRegression,150,0,0.429315,0
LODO_E9_POOL_TO_HUNG_LogisticRegression,Cleveland + Zurich + VA Long Beach,Hungarian,LogisticRegression,151,0,0.171407,0
LODO_E9_POOL_TO_HUNG_LogisticRegression,Cleveland + Zurich + VA Long Beach,Hungarian,LogisticRegression,152,0,0.501539,1
LODO_E9_POOL_TO_HUNG_LogisticRegression,Cleveland + Zurich + VA Long Beach,Hungarian,LogisticRegression,153,0,0.635017,1
LODO_E9_POOL_TO_HUNG_LogisticRegression,Cleveland + Zurich + VA Long Beach,Hungarian,LogisticRegression,154,0,0.738601,1
LODO_E9_POOL_TO_HUNG_LogisticRegression,Cleveland + Zurich + VA Long Beach,Hungarian,LogisticRegression,155,0,0.048288,0
LODO_E9_POOL_TO_HUNG_LogisticRegression,Cleveland + Zurich + VA Long Beach,Hungarian,LogisticRegression,156,0,0.081683,0
LODO_E9_POOL_TO_HUNG_LogisticRegression,Cleveland + Zurich + VA Long Beach,Hungarian,LogisticRegression,157,0,0.089256,0
LODO_E9_POOL_TO_HUNG_LogisticRegression,Cleveland + Zurich + VA Long Beach,Hungarian,LogisticRegression,158,0,0.335636,0
LODO_E9_POOL_TO_HUNG_LogisticRegression,Cleveland + Zurich + VA Long Beach,Hungarian,LogisticRegression,159,0,0.235347,0
LODO_E9_POOL_TO_HUNG_LogisticRegression,Cleveland + Zurich + VA Long Beach,Hungarian,LogisticRegression,160,0,0.285137,0
LODO_E9_POOL_TO_HUNG_LogisticRegression,Cleveland + Zurich + VA Long Beach,Hungarian,LogisticRegression,161,0,0.293852,0
LODO_E9_POOL_TO_HUNG_LogisticRegression,Cleveland + Zurich + VA Long Beach,Hungarian,LogisticRegression,162,0,0.503306,1
LODO_E9_POOL_TO_HUNG_LogisticRegression,Cleveland + Zurich + VA Long Beach,Hungarian,LogisticRegression,163,0,0.591237,1
LODO_E9_POOL_TO_HUNG_LogisticRegression,Cleveland + Zurich + VA Long Beach,Hungarian,LogisticRegression,164,0,0.913694,1
LODO_E9_POOL_TO_HUNG_LogisticRegression,Cleveland + Zurich + VA Long Beach,Hungarian,LogisticRegression,165,0,0.1034,0
LODO_E9_POOL_TO_HUNG_LogisticRegression,Cleveland + Zurich + VA Long Beach,Hungarian,LogisticRegression,166,0,0.539426,1
LODO_E9_POOL_TO_HUNG_LogisticRegression,Cleveland + Zurich + VA Long Beach,Hungarian,LogisticRegression,167,0,0.645807,1
LODO_E9_POOL_TO_HUNG_LogisticRegression,Cleveland + Zurich + VA Long Beach,Hungarian,LogisticRegression,168,0,0.735567,1
LODO_E9_POOL_TO_HUNG_LogisticRegression,Cleveland + Zurich + VA Long Beach,Hungarian,LogisticRegression,169,0,0.594462,1
LODO_E9_POOL_TO_HUNG_LogisticRegression,Cleveland + Zurich + VA Long Beach,Hungarian,LogisticRegression,170,0,0.18367,0
LODO_E9_POOL_TO_HUNG_LogisticRegression,Cleveland + Zurich + VA Long Beach,Hungarian,LogisticRegression,171,0,0.748931,1
LODO_E9_POOL_TO_HUNG_LogisticRegression,Cleveland + Zurich + VA Long Beach,Hungarian,LogisticRegression,172,0,0.440108,0
LODO_E9_POOL_TO_HUNG_LogisticRegression,Cleveland + Zurich + VA Long Beach,Hungarian,LogisticRegression,173,0,0.292073,0
LODO_E9_POOL_TO_HUNG_LogisticRegression,Cleveland + Zurich + VA Long Beach,Hungarian,LogisticRegression,174,0,0.492685,0
LODO_E9_POOL_TO_HUNG_LogisticRegression,Cleveland + Zurich + VA Long Beach,Hungarian,LogisticRegression,175,0,0.352048,0
LODO_E9_POOL_TO_HUNG_LogisticRegression,Cleveland + Zurich + VA Long Beach,Hungarian,LogisticRegression,176,0,0.84645,1
LODO_E9_POOL_TO_HUNG_LogisticRegression,Cleveland + Zurich + VA Long Beach,Hungarian,LogisticRegression,177,0,0.217694,0
LODO_E9_POOL_TO_HUNG_LogisticRegression,Cleveland + Zurich + VA Long Beach,Hungarian,LogisticRegression,178,0,0.310788,0
LODO_E9_POOL_TO_HUNG_LogisticRegression,Cleveland + Zurich + VA Long Beach,Hungarian,LogisticRegression,179,0,0.826759,1
LODO_E9_POOL_TO_HUNG_LogisticRegression,Cleveland + Zurich + VA Long Beach,Hungarian,LogisticRegression,180,0,0.78886,1
LODO_E9_POOL_TO_HUNG_LogisticRegression,Cleveland + Zurich + VA Long Beach,Hungarian,LogisticRegression,181,0,0.711378,1
LODO_E9_POOL_TO_HUNG_LogisticRegression,Cleveland + Zurich + VA Long Beach,Hungarian,LogisticRegression,182,0,0.514652,1
LODO_E9_POOL_TO_HUNG_LogisticRegression,Cleveland + Zurich + VA Long Beach,Hungarian,LogisticRegression,183,0,0.725063,1
LODO_E9_POOL_TO_HUNG_LogisticRegression,Cleveland + Zurich + VA Long Beach,Hungarian,LogisticRegression,184,0,0.881068,1
LODO_E9_POOL_TO_HUNG_LogisticRegression,Cleveland + Zurich + VA Long Beach,Hungarian,LogisticRegression,185,0,0.124914,0
LODO_E9_POOL_TO_HUNG_LogisticRegression,Cleveland + Zurich + VA Long Beach,Hungarian,LogisticRegression,186,0,0.317685,0
LODO_E9_POOL_TO_HUNG_LogisticRegression,Cleveland + Zurich + VA Long Beach,Hungarian,LogisticRegression,187,1,0.790971,1
LODO_E9_POOL_TO_HUNG_LogisticRegression,Cleveland + Zurich + VA Long Beach,Hungarian,LogisticRegression,188,1,0.440827,0
LODO_E9_POOL_TO_HUNG_LogisticRegression,Cleveland + Zurich + VA Long Beach,Hungarian,LogisticRegression,189,1,0.055032,0
LODO_E9_POOL_TO_HUNG_LogisticRegression,Cleveland + Zurich + VA Long Beach,Hungarian,LogisticRegression,190,1,0.244218,0
LODO_E9_POOL_TO_HUNG_LogisticRegression,Cleveland + Zurich + VA Long Beach,Hungarian,LogisticRegression,191,1,0.40632,0
LODO_E9_POOL_TO_HUNG_LogisticRegression,Cleveland + Zurich + VA Long Beach,Hungarian,LogisticRegression,192,1,0.886379,1
LODO_E9_POOL_TO_HUNG_LogisticRegression,Cleveland + Zurich + VA Long Beach,Hungarian,LogisticRegression,193,1,0.379884,0
LODO_E9_POOL_TO_HUNG_LogisticRegression,Cleveland + Zurich + VA Long Beach,Hungarian,LogisticRegression,194,1,0.377515,0
LODO_E9_POOL_TO_HUNG_LogisticRegression,Cleveland + Zurich + VA Long Beach,Hungarian,LogisticRegression,195,1,0.878963,1
LODO_E9_POOL_TO_HUNG_LogisticRegression,Cleveland + Zurich + VA Long Beach,Hungarian,LogisticRegression,196,1,0.784287,1
LODO_E9_POOL_TO_HUNG_LogisticRegression,Cleveland + Zurich + VA Long Beach,Hungarian,LogisticRegression,197,1,0.36922,0
LODO_E9_POOL_TO_HUNG_LogisticRegression,Cleveland + Zurich + VA Long Beach,Hungarian,LogisticRegression,198,1,0.832551,1
LODO_E9_POOL_TO_HUNG_LogisticRegression,Cleveland + Zurich + VA Long Beach,Hungarian,LogisticRegression,199,1,0.916183,1
LODO_E9_POOL_TO_HUNG_LogisticRegression,Cleveland + Zurich + VA Long Beach,Hungarian,LogisticRegression,200,1,0.656236,1
LODO_E9_POOL_TO_HUNG_LogisticRegression,Cleveland + Zurich + VA Long Beach,Hungarian,LogisticRegression,201,1,0.711902,1
LODO_E9_POOL_TO_HUNG_LogisticRegression,Cleveland + Zurich + VA Long Beach,Hungarian,LogisticRegression,202,1,0.875321,1
LODO_E9_POOL_TO_HUNG_LogisticRegression,Cleveland + Zurich + VA Long Beach,Hungarian,LogisticRegression,203,1,0.719704,1
LODO_E9_POOL_TO_HUNG_LogisticRegression,Cleveland + Zurich + VA Long Beach,Hungarian,LogisticRegression,204,1,0.950182,1
LODO_E9_POOL_TO_HUNG_LogisticRegression,Cleveland + Zurich + VA Long Beach,Hungarian,LogisticRegression,205,1,0.818876,1
LODO_E9_POOL_TO_HUNG_LogisticRegression,Cleveland + Zurich + VA Long Beach,Hungarian,LogisticRegression,206,1,0.865937,1
LODO_E9_POOL_TO_HUNG_LogisticRegression,Cleveland + Zurich + VA Long Beach,Hungarian,LogisticRegression,207,1,0.939832,1
LODO_E9_POOL_TO_HUNG_LogisticRegression,Cleveland + Zurich + VA Long Beach,Hungarian,LogisticRegression,208,1,0.244392,0
LODO_E9_POOL_TO_HUNG_LogisticRegression,Cleveland + Zurich + VA Long Beach,Hungarian,LogisticRegression,209,1,0.224406,0
LODO_E9_POOL_TO_HUNG_LogisticRegression,Cleveland + Zurich + VA Long Beach,Hungarian,LogisticRegression,210,1,0.431042,0
LODO_E9_POOL_TO_HUNG_LogisticRegression,Cleveland + Zurich + VA Long Beach,Hungarian,LogisticRegression,211,1,0.354353,0
LODO_E9_POOL_TO_HUNG_LogisticRegression,Cleveland + Zurich + VA Long Beach,Hungarian,LogisticRegression,212,1,0.646934,1
LODO_E9_POOL_TO_HUNG_LogisticRegression,Cleveland + Zurich + VA Long Beach,Hungarian,LogisticRegression,213,1,0.612047,1
LODO_E9_POOL_TO_HUNG_LogisticRegression,Cleveland + Zurich + VA Long Beach,Hungarian,LogisticRegression,214,1,0.92922,1
LODO_E9_POOL_TO_HUNG_LogisticRegression,Cleveland + Zurich + VA Long Beach,Hungarian,LogisticRegression,215,1,0.673041,1
LODO_E9_POOL_TO_HUNG_LogisticRegression,Cleveland + Zurich + VA Long Beach,Hungarian,LogisticRegression,216,1,0.862193,1
LODO_E9_POOL_TO_HUNG_LogisticRegression,Cleveland + Zurich + VA Long Beach,Hungarian,LogisticRegression,217,1,0.944778,1
LODO_E9_POOL_TO_HUNG_LogisticRegression,Cleveland + Zurich + VA Long Beach,Hungarian,LogisticRegression,218,1,0.574222,1
LODO_E9_POOL_TO_HUNG_LogisticRegression,Cleveland + Zurich + VA Long Beach,Hungarian,LogisticRegression,219,1,0.50892,1
LODO_E9_POOL_TO_HUNG_LogisticRegression,Cleveland + Zurich + VA Long Beach,Hungarian,LogisticRegression,220,1,0.782279,1
LODO_E9_POOL_TO_HUNG_LogisticRegression,Cleveland + Zurich + VA Long Beach,Hungarian,LogisticRegression,221,1,0.785418,1
LODO_E9_POOL_TO_HUNG_LogisticRegression,Cleveland + Zurich + VA Long Beach,Hungarian,LogisticRegression,222,1,0.827229,1
LODO_E9_POOL_TO_HUNG_LogisticRegression,Cleveland + Zurich + VA Long Beach,Hungarian,LogisticRegression,223,1,0.976272,1
LODO_E9_POOL_TO_HUNG_LogisticRegression,Cleveland + Zurich + VA Long Beach,Hungarian,LogisticRegression,224,1,0.643176,1
LODO_E9_POOL_TO_HUNG_LogisticRegression,Cleveland + Zurich + VA Long Beach,Hungarian,LogisticRegression,225,1,0.774059,1
LODO_E9_POOL_TO_HUNG_LogisticRegression,Cleveland + Zurich + VA Long Beach,Hungarian,LogisticRegression,226,1,0.466488,0
LODO_E9_POOL_TO_HUNG_LogisticRegression,Cleveland + Zurich + VA Long Beach,Hungarian,LogisticRegression,227,1,0.583553,1
LODO_E9_POOL_TO_HUNG_LogisticRegression,Cleveland + Zurich + VA Long Beach,Hungarian,LogisticRegression,228,1,0.085155,0
LODO_E9_POOL_TO_HUNG_LogisticRegression,Cleveland + Zurich + VA Long Beach,Hungarian,LogisticRegression,229,1,0.866315,1
LODO_E9_POOL_TO_HUNG_LogisticRegression,Cleveland + Zurich + VA Long Beach,Hungarian,LogisticRegression,230,1,0.858107,1
LODO_E9_POOL_TO_HUNG_LogisticRegression,Cleveland + Zurich + VA Long Beach,Hungarian,LogisticRegression,231,1,0.777665,1
LODO_E9_POOL_TO_HUNG_LogisticRegression,Cleveland + Zurich + VA Long Beach,Hungarian,LogisticRegression,232,1,0.922762,1
LODO_E9_POOL_TO_HUNG_LogisticRegression,Cleveland + Zurich + VA Long Beach,Hungarian,LogisticRegression,233,1,0.970585,1
LODO_E9_POOL_TO_HUNG_LogisticRegression,Cleveland + Zurich + VA Long Beach,Hungarian,LogisticRegression,234,1,0.959519,1
LODO_E9_POOL_TO_HUNG_LogisticRegression,Cleveland + Zurich + VA Long Beach,Hungarian,LogisticRegression,235,1,0.960736,1
LODO_E9_POOL_TO_HUNG_LogisticRegression,Cleveland + Zurich + VA Long Beach,Hungarian,LogisticRegression,236,1,0.925989,1
LODO_E9_POOL_TO_HUNG_LogisticRegression,Cleveland + Zurich + VA Long Beach,Hungarian,LogisticRegression,237,1,0.609083,1
LODO_E9_POOL_TO_HUNG_LogisticRegression,Cleveland + Zurich + VA Long Beach,Hungarian,LogisticRegression,238,1,0.928701,1
LODO_E9_POOL_TO_HUNG_LogisticRegression,Cleveland + Zurich + VA Long Beach,Hungarian,LogisticRegression,239,1,0.866664,1
LODO_E9_POOL_TO_HUNG_LogisticRegression,Cleveland + Zurich + VA Long Beach,Hungarian,LogisticRegression,240,1,0.723129,1
LODO_E9_POOL_TO_HUNG_LogisticRegression,Cleveland + Zurich + VA Long Beach,Hungarian,LogisticRegression,241,1,0.945779,1
LODO_E9_POOL_TO_HUNG_LogisticRegression,Cleveland + Zurich + VA Long Beach,Hungarian,LogisticRegression,242,1,0.92412,1
LODO_E9_POOL_TO_HUNG_LogisticRegression,Cleveland + Zurich + VA Long Beach,Hungarian,LogisticRegression,243,1,0.880104,1
LODO_E9_POOL_TO_HUNG_LogisticRegression,Cleveland + Zurich + VA Long Beach,Hungarian,LogisticRegression,244,1,0.934589,1
LODO_E9_POOL_TO_HUNG_LogisticRegression,Cleveland + Zurich + VA Long Beach,Hungarian,LogisticRegression,245,1,0.911941,1
LODO_E9_POOL_TO_HUNG_LogisticRegression,Cleveland + Zurich + VA Long Beach,Hungarian,LogisticRegression,246,1,0.935685,1
LODO_E9_POOL_TO_HUNG_LogisticRegression,Cleveland + Zurich + VA Long Beach,Hungarian,LogisticRegression,247,1,0.977137,1
LODO_E9_POOL_TO_HUNG_LogisticRegression,Cleveland + Zurich + VA Long Beach,Hungarian,LogisticRegression,248,1,0.83997,1
LODO_E9_POOL_TO_HUNG_LogisticRegression,Cleveland + Zurich + VA Long Beach,Hungarian,LogisticRegression,249,1,0.902639,1
LODO_E9_POOL_TO_HUNG_LogisticRegression,Cleveland + Zurich + VA Long Beach,Hungarian,LogisticRegression,250,1,0.816265,1
LODO_E9_POOL_TO_HUNG_LogisticRegression,Cleveland + Zurich + VA Long Beach,Hungarian,LogisticRegression,251,1,0.882443,1
LODO_E9_POOL_TO_HUNG_LogisticRegression,Cleveland + Zurich + VA Long Beach,Hungarian,LogisticRegression,252,1,0.701743,1
LODO_E9_POOL_TO_HUNG_LogisticRegression,Cleveland + Zurich + VA Long Beach,Hungarian,LogisticRegression,253,1,0.947644,1
LODO_E9_POOL_TO_HUNG_LogisticRegression,Cleveland + Zurich + VA Long Beach,Hungarian,LogisticRegression,254,1,0.240016,0
LODO_E9_POOL_TO_HUNG_LogisticRegression,Cleveland + Zurich + VA Long Beach,Hungarian,LogisticRegression,255,1,0.122688,0
LODO_E9_POOL_TO_HUNG_LogisticRegression,Cleveland + Zurich + VA Long Beach,Hungarian,LogisticRegression,256,1,0.790864,1
LODO_E9_POOL_TO_HUNG_LogisticRegression,Cleveland + Zurich + VA Long Beach,Hungarian,LogisticRegression,257,1,0.897659,1
LODO_E9_POOL_TO_HUNG_LogisticRegression,Cleveland + Zurich + VA Long Beach,Hungarian,LogisticRegression,258,1,0.860443,1
LODO_E9_POOL_TO_HUNG_LogisticRegression,Cleveland + Zurich + VA Long Beach,Hungarian,LogisticRegression,259,1,0.628918,1
LODO_E9_POOL_TO_HUNG_LogisticRegression,Cleveland + Zurich + VA Long Beach,Hungarian,LogisticRegression,260,1,0.927841,1
LODO_E9_POOL_TO_HUNG_LogisticRegression,Cleveland + Zurich + VA Long Beach,Hungarian,LogisticRegression,261,1,0.918757,1
LODO_E9_POOL_TO_HUNG_LogisticRegression,Cleveland + Zurich + VA Long Beach,Hungarian,LogisticRegression,262,1,0.928555,1
LODO_E9_POOL_TO_HUNG_LogisticRegression,Cleveland + Zurich + VA Long Beach,Hungarian,LogisticRegression,263,1,0.98669,1
LODO_E9_POOL_TO_HUNG_LogisticRegression,Cleveland + Zurich + VA Long Beach,Hungarian,LogisticRegression,264,1,0.582114,1
LODO_E9_POOL_TO_HUNG_LogisticRegression,Cleveland + Zurich + VA Long Beach,Hungarian,LogisticRegression,265,1,0.939855,1
LODO_E9_POOL_TO_HUNG_LogisticRegression,Cleveland + Zurich + VA Long Beach,Hungarian,LogisticRegression,266,1,0.893705,1
LODO_E9_POOL_TO_HUNG_LogisticRegression,Cleveland + Zurich + VA Long Beach,Hungarian,LogisticRegression,267,1,0.209531,0
LODO_E9_POOL_TO_HUNG_LogisticRegression,Cleveland + Zurich + VA Long Beach,Hungarian,LogisticRegression,268,1,0.774367,1
LODO_E9_POOL_TO_HUNG_LogisticRegression,Cleveland + Zurich + VA Long Beach,Hungarian,LogisticRegression,269,1,0.962377,1
LODO_E9_POOL_TO_HUNG_LogisticRegression,Cleveland + Zurich + VA Long Beach,Hungarian,LogisticRegression,270,1,0.12442,0
LODO_E9_POOL_TO_HUNG_LogisticRegression,Cleveland + Zurich + VA Long Beach,Hungarian,LogisticRegression,271,1,0.922501,1
LODO_E9_POOL_TO_HUNG_LogisticRegression,Cleveland + Zurich + VA Long Beach,Hungarian,LogisticRegression,272,1,0.945438,1
LODO_E9_POOL_TO_HUNG_LogisticRegression,Cleveland + Zurich + VA Long Beach,Hungarian,LogisticRegression,273,1,0.836162,1
LODO_E9_POOL_TO_HUNG_LogisticRegression,Cleveland + Zurich + VA Long Beach,Hungarian,LogisticRegression,274,1,0.759067,1
LODO_E9_POOL_TO_HUNG_LogisticRegression,Cleveland + Zurich + VA Long Beach,Hungarian,LogisticRegression,275,1,0.911874,1
LODO_E9_POOL_TO_HUNG_LogisticRegression,Cleveland + Zurich + VA Long Beach,Hungarian,LogisticRegression,276,1,0.973149,1
LODO_E9_POOL_TO_HUNG_LogisticRegression,Cleveland + Zurich + VA Long Beach,Hungarian,LogisticRegression,277,1,0.953937,1
LODO_E9_POOL_TO_HUNG_LogisticRegression,Cleveland + Zurich + VA Long Beach,Hungarian,LogisticRegression,278,1,0.940379,1
LODO_E9_POOL_TO_HUNG_LogisticRegression,Cleveland + Zurich + VA Long Beach,Hungarian,LogisticRegression,279,1,0.901058,1
LODO_E9_POOL_TO_HUNG_LogisticRegression,Cleveland + Zurich + VA Long Beach,Hungarian,LogisticRegression,280,1,0.683718,1
LODO_E9_POOL_TO_HUNG_LogisticRegression,Cleveland + Zurich + VA Long Beach,Hungarian,LogisticRegression,281,1,0.828698,1
LODO_E9_POOL_TO_HUNG_LogisticRegression,Cleveland + Zurich + VA Long Beach,Hungarian,LogisticRegression,282,1,0.904588,1
LODO_E9_POOL_TO_HUNG_LogisticRegression,Cleveland + Zurich + VA Long Beach,Hungarian,LogisticRegression,283,1,0.909439,1
LODO_E9_POOL_TO_HUNG_LogisticRegression,Cleveland + Zurich + VA Long Beach,Hungarian,LogisticRegression,284,1,0.876064,1
LODO_E9_POOL_TO_HUNG_LogisticRegression,Cleveland + Zurich + VA Long Beach,Hungarian,LogisticRegression,285,1,0.962671,1
LODO_E9_POOL_TO_HUNG_LogisticRegression,Cleveland + Zurich + VA Long Beach,Hungarian,LogisticRegression,286,1,0.934804,1
LODO_E9_POOL_TO_HUNG_LogisticRegression,Cleveland + Zurich + VA Long Beach,Hungarian,LogisticRegression,287,1,0.912988,1
LODO_E9_POOL_TO_HUNG_LogisticRegression,Cleveland + Zurich + VA Long Beach,Hungarian,LogisticRegression,288,1,0.971789,1
LODO_E9_POOL_TO_HUNG_LogisticRegression,Cleveland + Zurich + VA Long Beach,Hungarian,LogisticRegression,289,1,0.549529,1
LODO_E9_POOL_TO_HUNG_LogisticRegression,Cleveland + Zurich + VA Long Beach,Hungarian,LogisticRegression,290,1,0.948173,1
LODO_E9_POOL_TO_HUNG_LogisticRegression,Cleveland + Zurich + VA Long Beach,Hungarian,LogisticRegression,291,1,0.518017,1
LODO_E9_POOL_TO_HUNG_LogisticRegression,Cleveland + Zurich + VA Long Beach,Hungarian,LogisticRegression,292,1,0.921072,1
LODO_E10_POOL_TO_HUNG_RandomForest,Cleveland + Zurich + VA Long Beach,Hungarian,RandomForest,0,0,0.159263,0
LODO_E10_POOL_TO_HUNG_RandomForest,Cleveland + Zurich + VA Long Beach,Hungarian,RandomForest,1,0,0.11544,0
LODO_E10_POOL_TO_HUNG_RandomForest,Cleveland + Zurich + VA Long Beach,Hungarian,RandomForest,2,0,0.110921,0
LODO_E10_POOL_TO_HUNG_RandomForest,Cleveland + Zurich + VA Long Beach,Hungarian,RandomForest,3,0,0.167161,0
LODO_E10_POOL_TO_HUNG_RandomForest,Cleveland + Zurich + VA Long Beach,Hungarian,RandomForest,4,0,0.212604,0
LODO_E10_POOL_TO_HUNG_RandomForest,Cleveland + Zurich + VA Long Beach,Hungarian,RandomForest,5,0,0.071353,0
LODO_E10_POOL_TO_HUNG_RandomForest,Cleveland + Zurich + VA Long Beach,Hungarian,RandomForest,6,0,0.090082,0
LODO_E10_POOL_TO_HUNG_RandomForest,Cleveland + Zurich + VA Long Beach,Hungarian,RandomForest,7,0,0.157768,0
LODO_E10_POOL_TO_HUNG_RandomForest,Cleveland + Zurich + VA Long Beach,Hungarian,RandomForest,8,0,0.208047,0
LODO_E10_POOL_TO_HUNG_RandomForest,Cleveland + Zurich + VA Long Beach,Hungarian,RandomForest,9,0,0.156009,0
LODO_E10_POOL_TO_HUNG_RandomForest,Cleveland + Zurich + VA Long Beach,Hungarian,RandomForest,10,0,0.134692,0
LODO_E10_POOL_TO_HUNG_RandomForest,Cleveland + Zurich + VA Long Beach,Hungarian,RandomForest,11,0,0.255721,0
LODO_E10_POOL_TO_HUNG_RandomForest,Cleveland + Zurich + VA Long Beach,Hungarian,RandomForest,12,0,0.184103,0
LODO_E10_POOL_TO_HUNG_RandomForest,Cleveland + Zurich + VA Long Beach,Hungarian,RandomForest,13,0,0.583523,1
LODO_E10_POOL_TO_HUNG_RandomForest,Cleveland + Zurich + VA Long Beach,Hungarian,RandomForest,14,0,0.080723,0
LODO_E10_POOL_TO_HUNG_RandomForest,Cleveland + Zurich + VA Long Beach,Hungarian,RandomForest,15,0,0.117446,0
LODO_E10_POOL_TO_HUNG_RandomForest,Cleveland + Zurich + VA Long Beach,Hungarian,RandomForest,16,0,0.082698,0
LODO_E10_POOL_TO_HUNG_RandomForest,Cleveland + Zurich + VA Long Beach,Hungarian,RandomForest,17,0,0.234017,0
LODO_E10_POOL_TO_HUNG_RandomForest,Cleveland + Zurich + VA Long Beach,Hungarian,RandomForest,18,0,0.080019,0
LODO_E10_POOL_TO_HUNG_RandomForest,Cleveland + Zurich + VA Long Beach,Hungarian,RandomForest,19,0,0.104691,0
LODO_E10_POOL_TO_HUNG_RandomForest,Cleveland + Zurich + VA Long Beach,Hungarian,RandomForest,20,0,0.342623,0
LODO_E10_POOL_TO_HUNG_RandomForest,Cleveland + Zurich + VA Long Beach,Hungarian,RandomForest,21,0,0.274835,0
LODO_E10_POOL_TO_HUNG_RandomForest,Cleveland + Zurich + VA Long Beach,Hungarian,RandomForest,22,0,0.361125,0
LODO_E10_POOL_TO_HUNG_RandomForest,Cleveland + Zurich + VA Long Beach,Hungarian,RandomForest,23,0,0.554361,1
LODO_E10_POOL_TO_HUNG_RandomForest,Cleveland + Zurich + VA Long Beach,Hungarian,RandomForest,24,0,0.21426,0
LODO_E10_POOL_TO_HUNG_RandomForest,Cleveland + Zurich + VA Long Beach,Hungarian,RandomForest,25,0,0.608467,1
LODO_E10_POOL_TO_HUNG_RandomForest,Cleveland + Zurich + VA Long Beach,Hungarian,RandomForest,26,0,0.657329,1
LODO_E10_POOL_TO_HUNG_RandomForest,Cleveland + Zurich + VA Long Beach,Hungarian,RandomForest,27,0,0.345926,0
LODO_E10_POOL_TO_HUNG_RandomForest,Cleveland + Zurich + VA Long Beach,Hungarian,RandomForest,28,0,0.352904,0
LODO_E10_POOL_TO_HUNG_RandomForest,Cleveland + Zurich + VA Long Beach,Hungarian,RandomForest,29,0,0.583406,1
LODO_E10_POOL_TO_HUNG_RandomForest,Cleveland + Zurich + VA Long Beach,Hungarian,RandomForest,30,0,0.050037,0
LODO_E10_POOL_TO_HUNG_RandomForest,Cleveland + Zurich + VA Long Beach,Hungarian,RandomForest,31,0,0.485442,0
LODO_E10_POOL_TO_HUNG_RandomForest,Cleveland + Zurich + VA Long Beach,Hungarian,RandomForest,32,0,0.275811,0
LODO_E10_POOL_TO_HUNG_RandomForest,Cleveland + Zurich + VA Long Beach,Hungarian,RandomForest,33,0,0.387141,0
LODO_E10_POOL_TO_HUNG_RandomForest,Cleveland + Zurich + VA Long Beach,Hungarian,RandomForest,34,0,0.535506,1
LODO_E10_POOL_TO_HUNG_RandomForest,Cleveland + Zurich + VA Long Beach,Hungarian,RandomForest,35,0,0.625181,1
LODO_E10_POOL_TO_HUNG_RandomForest,Cleveland + Zurich + VA Long Beach,Hungarian,RandomForest,36,0,0.090164,0
LODO_E10_POOL_TO_HUNG_RandomForest,Cleveland + Zurich + VA Long Beach,Hungarian,RandomForest,37,0,0.18207,0
LODO_E10_POOL_TO_HUNG_RandomForest,Cleveland + Zurich + VA Long Beach,Hungarian,RandomForest,38,0,0.749927,1
LODO_E10_POOL_TO_HUNG_RandomForest,Cleveland + Zurich + VA Long Beach,Hungarian,RandomForest,39,0,0.721569,1
LODO_E10_POOL_TO_HUNG_RandomForest,Cleveland + Zurich + VA Long Beach,Hungarian,RandomForest,40,0,0.19768,0
LODO_E10_POOL_TO_HUNG_RandomForest,Cleveland + Zurich + VA Long Beach,Hungarian,RandomForest,41,0,0.102817,0
LODO_E10_POOL_TO_HUNG_RandomForest,Cleveland + Zurich + VA Long Beach,Hungarian,RandomForest,42,0,0.481815,0
LODO_E10_POOL_TO_HUNG_RandomForest,Cleveland + Zurich + VA Long Beach,Hungarian,RandomForest,43,0,0.094806,0
LODO_E10_POOL_TO_HUNG_RandomForest,Cleveland + Zurich + VA Long Beach,Hungarian,RandomForest,44,0,0.11315,0
LODO_E10_POOL_TO_HUNG_RandomForest,Cleveland + Zurich + VA Long Beach,Hungarian,RandomForest,45,0,0.243814,0
LODO_E10_POOL_TO_HUNG_RandomForest,Cleveland + Zurich + VA Long Beach,Hungarian,RandomForest,46,0,0.046131,0
LODO_E10_POOL_TO_HUNG_RandomForest,Cleveland + Zurich + VA Long Beach,Hungarian,RandomForest,47,0,0.118109,0
LODO_E10_POOL_TO_HUNG_RandomForest,Cleveland + Zurich + VA Long Beach,Hungarian,RandomForest,48,0,0.132294,0
LODO_E10_POOL_TO_HUNG_RandomForest,Cleveland + Zurich + VA Long Beach,Hungarian,RandomForest,49,0,0.083644,0
LODO_E10_POOL_TO_HUNG_RandomForest,Cleveland + Zurich + VA Long Beach,Hungarian,RandomForest,50,0,0.383431,0
LODO_E10_POOL_TO_HUNG_RandomForest,Cleveland + Zurich + VA Long Beach,Hungarian,RandomForest,51,0,0.694456,1
LODO_E10_POOL_TO_HUNG_RandomForest,Cleveland + Zurich + VA Long Beach,Hungarian,RandomForest,52,0,0.275569,0
LODO_E10_POOL_TO_HUNG_RandomForest,Cleveland + Zurich + VA Long Beach,Hungarian,RandomForest,53,0,0.317773,0
LODO_E10_POOL_TO_HUNG_RandomForest,Cleveland + Zurich + VA Long Beach,Hungarian,RandomForest,54,0,0.128535,0
LODO_E10_POOL_TO_HUNG_RandomForest,Cleveland + Zurich + VA Long Beach,Hungarian,RandomForest,55,0,0.502295,1
LODO_E10_POOL_TO_HUNG_RandomForest,Cleveland + Zurich + VA Long Beach,Hungarian,RandomForest,56,0,0.338072,0
LODO_E10_POOL_TO_HUNG_RandomForest,Cleveland + Zurich + VA Long Beach,Hungarian,RandomForest,57,0,0.454762,0
LODO_E10_POOL_TO_HUNG_RandomForest,Cleveland + Zurich + VA Long Beach,Hungarian,RandomForest,58,0,0.500969,1
LODO_E10_POOL_TO_HUNG_RandomForest,Cleveland + Zurich + VA Long Beach,Hungarian,RandomForest,59,0,0.265531,0
LODO_E10_POOL_TO_HUNG_RandomForest,Cleveland + Zurich + VA Long Beach,Hungarian,RandomForest,60,0,0.049241,0
LODO_E10_POOL_TO_HUNG_RandomForest,Cleveland + Zurich + VA Long Beach,Hungarian,RandomForest,61,0,0.068559,0
LODO_E10_POOL_TO_HUNG_RandomForest,Cleveland + Zurich + VA Long Beach,Hungarian,RandomForest,62,0,0.068559,0
LODO_E10_POOL_TO_HUNG_RandomForest,Cleveland + Zurich + VA Long Beach,Hungarian,RandomForest,63,0,0.351753,0
LODO_E10_POOL_TO_HUNG_RandomForest,Cleveland + Zurich + VA Long Beach,Hungarian,RandomForest,64,0,0.229926,0
LODO_E10_POOL_TO_HUNG_RandomForest,Cleveland + Zurich + VA Long Beach,Hungarian,RandomForest,65,0,0.052146,0
LODO_E10_POOL_TO_HUNG_RandomForest,Cleveland + Zurich + VA Long Beach,Hungarian,RandomForest,66,0,0.355486,0
LODO_E10_POOL_TO_HUNG_RandomForest,Cleveland + Zurich + VA Long Beach,Hungarian,RandomForest,67,0,0.575649,1
LODO_E10_POOL_TO_HUNG_RandomForest,Cleveland + Zurich + VA Long Beach,Hungarian,RandomForest,68,0,0.446346,0
LODO_E10_POOL_TO_HUNG_RandomForest,Cleveland + Zurich + VA Long Beach,Hungarian,RandomForest,69,0,0.499238,0
LODO_E10_POOL_TO_HUNG_RandomForest,Cleveland + Zurich + VA Long Beach,Hungarian,RandomForest,70,0,0.471463,0
LODO_E10_POOL_TO_HUNG_RandomForest,Cleveland + Zurich + VA Long Beach,Hungarian,RandomForest,71,0,0.051311,0
LODO_E10_POOL_TO_HUNG_RandomForest,Cleveland + Zurich + VA Long Beach,Hungarian,RandomForest,72,0,0.168509,0
LODO_E10_POOL_TO_HUNG_RandomForest,Cleveland + Zurich + VA Long Beach,Hungarian,RandomForest,73,0,0.584479,1
LODO_E10_POOL_TO_HUNG_RandomForest,Cleveland + Zurich + VA Long Beach,Hungarian,RandomForest,74,0,0.587844,1
LODO_E10_POOL_TO_HUNG_RandomForest,Cleveland + Zurich + VA Long Beach,Hungarian,RandomForest,75,0,0.610441,1
LODO_E10_POOL_TO_HUNG_RandomForest,Cleveland + Zurich + VA Long Beach,Hungarian,RandomForest,76,0,0.717706,1
LODO_E10_POOL_TO_HUNG_RandomForest,Cleveland + Zurich + VA Long Beach,Hungarian,RandomForest,77,0,0.704235,1
LODO_E10_POOL_TO_HUNG_RandomForest,Cleveland + Zurich + VA Long Beach,Hungarian,RandomForest,78,0,0.663221,1
LODO_E10_POOL_TO_HUNG_RandomForest,Cleveland + Zurich + VA Long Beach,Hungarian,RandomForest,79,0,0.284083,0
LODO_E10_POOL_TO_HUNG_RandomForest,Cleveland + Zurich + VA Long Beach,Hungarian,RandomForest,80,0,0.359006,0
LODO_E10_POOL_TO_HUNG_RandomForest,Cleveland + Zurich + VA Long Beach,Hungarian,RandomForest,81,0,0.691168,1
LODO_E10_POOL_TO_HUNG_RandomForest,Cleveland + Zurich + VA Long Beach,Hungarian,RandomForest,82,0,0.880924,1
LODO_E10_POOL_TO_HUNG_RandomForest,Cleveland + Zurich + VA Long Beach,Hungarian,RandomForest,83,0,0.686573,1
LODO_E10_POOL_TO_HUNG_RandomForest,Cleveland + Zurich + VA Long Beach,Hungarian,RandomForest,84,0,0.786073,1
LODO_E10_POOL_TO_HUNG_RandomForest,Cleveland + Zurich + VA Long Beach,Hungarian,RandomForest,85,0,0.310932,0
LODO_E10_POOL_TO_HUNG_RandomForest,Cleveland + Zurich + VA Long Beach,Hungarian,RandomForest,86,0,0.447644,0
LODO_E10_POOL_TO_HUNG_RandomForest,Cleveland + Zurich + VA Long Beach,Hungarian,RandomForest,87,0,0.239971,0
LODO_E10_POOL_TO_HUNG_RandomForest,Cleveland + Zurich + VA Long Beach,Hungarian,RandomForest,88,0,0.182034,0
LODO_E10_POOL_TO_HUNG_RandomForest,Cleveland + Zurich + VA Long Beach,Hungarian,RandomForest,89,0,0.901236,1
LODO_E10_POOL_TO_HUNG_RandomForest,Cleveland + Zurich + VA Long Beach,Hungarian,RandomForest,90,0,0.407369,0
LODO_E10_POOL_TO_HUNG_RandomForest,Cleveland + Zurich + VA Long Beach,Hungarian,RandomForest,91,0,0.288098,0
LODO_E10_POOL_TO_HUNG_RandomForest,Cleveland + Zurich + VA Long Beach,Hungarian,RandomForest,92,0,0.38395,0
LODO_E10_POOL_TO_HUNG_RandomForest,Cleveland + Zurich + VA Long Beach,Hungarian,RandomForest,93,0,0.235603,0
LODO_E10_POOL_TO_HUNG_RandomForest,Cleveland + Zurich + VA Long Beach,Hungarian,RandomForest,94,0,0.496222,0
LODO_E10_POOL_TO_HUNG_RandomForest,Cleveland + Zurich + VA Long Beach,Hungarian,RandomForest,95,0,0.617936,1
LODO_E10_POOL_TO_HUNG_RandomForest,Cleveland + Zurich + VA Long Beach,Hungarian,RandomForest,96,0,0.888673,1
LODO_E10_POOL_TO_HUNG_RandomForest,Cleveland + Zurich + VA Long Beach,Hungarian,RandomForest,97,0,0.624129,1
LODO_E10_POOL_TO_HUNG_RandomForest,Cleveland + Zurich + VA Long Beach,Hungarian,RandomForest,98,0,0.13994,0
LODO_E10_POOL_TO_HUNG_RandomForest,Cleveland + Zurich + VA Long Beach,Hungarian,RandomForest,99,0,0.590203,1
LODO_E10_POOL_TO_HUNG_RandomForest,Cleveland + Zurich + VA Long Beach,Hungarian,RandomForest,100,0,0.336334,0
LODO_E10_POOL_TO_HUNG_RandomForest,Cleveland + Zurich + VA Long Beach,Hungarian,RandomForest,101,0,0.078174,0
LODO_E10_POOL_TO_HUNG_RandomForest,Cleveland + Zurich + VA Long Beach,Hungarian,RandomForest,102,0,0.069691,0
LODO_E10_POOL_TO_HUNG_RandomForest,Cleveland + Zurich + VA Long Beach,Hungarian,RandomForest,103,0,0.352001,0
LODO_E10_POOL_TO_HUNG_RandomForest,Cleveland + Zurich + VA Long Beach,Hungarian,RandomForest,104,0,0.252355,0
LODO_E10_POOL_TO_HUNG_RandomForest,Cleveland + Zurich + VA Long Beach,Hungarian,RandomForest,105,0,0.132257,0
LODO_E10_POOL_TO_HUNG_RandomForest,Cleveland + Zurich + VA Long Beach,Hungarian,RandomForest,106,0,0.815939,1
LODO_E10_POOL_TO_HUNG_RandomForest,Cleveland + Zurich + VA Long Beach,Hungarian,RandomForest,107,0,0.796165,1
LODO_E10_POOL_TO_HUNG_RandomForest,Cleveland + Zurich + VA Long Beach,Hungarian,RandomForest,108,0,0.161432,0
LODO_E10_POOL_TO_HUNG_RandomForest,Cleveland + Zurich + VA Long Beach,Hungarian,RandomForest,109,0,0.857415,1
LODO_E10_POOL_TO_HUNG_RandomForest,Cleveland + Zurich + VA Long Beach,Hungarian,RandomForest,110,0,0.14477,0
LODO_E10_POOL_TO_HUNG_RandomForest,Cleveland + Zurich + VA Long Beach,Hungarian,RandomForest,111,0,0.151789,0
LODO_E10_POOL_TO_HUNG_RandomForest,Cleveland + Zurich + VA Long Beach,Hungarian,RandomForest,112,0,0.641515,1
LODO_E10_POOL_TO_HUNG_RandomForest,Cleveland + Zurich + VA Long Beach,Hungarian,RandomForest,113,0,0.788299,1
LODO_E10_POOL_TO_HUNG_RandomForest,Cleveland + Zurich + VA Long Beach,Hungarian,RandomForest,114,0,0.874902,1
LODO_E10_POOL_TO_HUNG_RandomForest,Cleveland + Zurich + VA Long Beach,Hungarian,RandomForest,115,0,0.138743,0
LODO_E10_POOL_TO_HUNG_RandomForest,Cleveland + Zurich + VA Long Beach,Hungarian,RandomForest,116,0,0.404836,0
LODO_E10_POOL_TO_HUNG_RandomForest,Cleveland + Zurich + VA Long Beach,Hungarian,RandomForest,117,0,0.27722,0
LODO_E10_POOL_TO_HUNG_RandomForest,Cleveland + Zurich + VA Long Beach,Hungarian,RandomForest,118,0,0.309256,0
LODO_E10_POOL_TO_HUNG_RandomForest,Cleveland + Zurich + VA Long Beach,Hungarian,RandomForest,119,0,0.430181,0
LODO_E10_POOL_TO_HUNG_RandomForest,Cleveland + Zurich + VA Long Beach,Hungarian,RandomForest,120,0,0.361818,0
LODO_E10_POOL_TO_HUNG_RandomForest,Cleveland + Zurich + VA Long Beach,Hungarian,RandomForest,121,0,0.793191,1
LODO_E10_POOL_TO_HUNG_RandomForest,Cleveland + Zurich + VA Long Beach,Hungarian,RandomForest,122,0,0.245135,0
LODO_E10_POOL_TO_HUNG_RandomForest,Cleveland + Zurich + VA Long Beach,Hungarian,RandomForest,123,0,0.31024,0
LODO_E10_POOL_TO_HUNG_RandomForest,Cleveland + Zurich + VA Long Beach,Hungarian,RandomForest,124,0,0.305622,0
LODO_E10_POOL_TO_HUNG_RandomForest,Cleveland + Zurich + VA Long Beach,Hungarian,RandomForest,125,0,0.858639,1
LODO_E10_POOL_TO_HUNG_RandomForest,Cleveland + Zurich + VA Long Beach,Hungarian,RandomForest,126,0,0.596846,1
LODO_E10_POOL_TO_HUNG_RandomForest,Cleveland + Zurich + VA Long Beach,Hungarian,RandomForest,127,0,0.536424,1
LODO_E10_POOL_TO_HUNG_RandomForest,Cleveland + Zurich + VA Long Beach,Hungarian,RandomForest,128,0,0.205379,0
LODO_E10_POOL_TO_HUNG_RandomForest,Cleveland + Zurich + VA Long Beach,Hungarian,RandomForest,129,0,0.15931,0
LODO_E10_POOL_TO_HUNG_RandomForest,Cleveland + Zurich + VA Long Beach,Hungarian,RandomForest,130,0,0.353193,0
LODO_E10_POOL_TO_HUNG_RandomForest,Cleveland + Zurich + VA Long Beach,Hungarian,RandomForest,131,0,0.519827,1
LODO_E10_POOL_TO_HUNG_RandomForest,Cleveland + Zurich + VA Long Beach,Hungarian,RandomForest,132,0,0.382317,0
LODO_E10_POOL_TO_HUNG_RandomForest,Cleveland + Zurich + VA Long Beach,Hungarian,RandomForest,133,0,0.568935,1
LODO_E10_POOL_TO_HUNG_RandomForest,Cleveland + Zurich + VA Long Beach,Hungarian,RandomForest,134,0,0.164057,0
LODO_E10_POOL_TO_HUNG_RandomForest,Cleveland + Zurich + VA Long Beach,Hungarian,RandomForest,135,0,0.488781,0
LODO_E10_POOL_TO_HUNG_RandomForest,Cleveland + Zurich + VA Long Beach,Hungarian,RandomForest,136,0,0.94182,1
LODO_E10_POOL_TO_HUNG_RandomForest,Cleveland + Zurich + VA Long Beach,Hungarian,RandomForest,137,0,0.678202,1
LODO_E10_POOL_TO_HUNG_RandomForest,Cleveland + Zurich + VA Long Beach,Hungarian,RandomForest,138,0,0.632145,1
LODO_E10_POOL_TO_HUNG_RandomForest,Cleveland + Zurich + VA Long Beach,Hungarian,RandomForest,139,0,0.301019,0
LODO_E10_POOL_TO_HUNG_RandomForest,Cleveland + Zurich + VA Long Beach,Hungarian,RandomForest,140,0,0.336699,0
LODO_E10_POOL_TO_HUNG_RandomForest,Cleveland + Zurich + VA Long Beach,Hungarian,RandomForest,141,0,0.24186,0
LODO_E10_POOL_TO_HUNG_RandomForest,Cleveland + Zurich + VA Long Beach,Hungarian,RandomForest,142,0,0.197422,0
LODO_E10_POOL_TO_HUNG_RandomForest,Cleveland + Zurich + VA Long Beach,Hungarian,RandomForest,143,0,0.323558,0
LODO_E10_POOL_TO_HUNG_RandomForest,Cleveland + Zurich + VA Long Beach,Hungarian,RandomForest,144,0,0.440571,0
LODO_E10_POOL_TO_HUNG_RandomForest,Cleveland + Zurich + VA Long Beach,Hungarian,RandomForest,145,0,0.481674,0
LODO_E10_POOL_TO_HUNG_RandomForest,Cleveland + Zurich + VA Long Beach,Hungarian,RandomForest,146,0,0.681947,1
LODO_E10_POOL_TO_HUNG_RandomForest,Cleveland + Zurich + VA Long Beach,Hungarian,RandomForest,147,0,0.438565,0
LODO_E10_POOL_TO_HUNG_RandomForest,Cleveland + Zurich + VA Long Beach,Hungarian,RandomForest,148,0,0.285804,0
LODO_E10_POOL_TO_HUNG_RandomForest,Cleveland + Zurich + VA Long Beach,Hungarian,RandomForest,149,0,0.595193,1
LODO_E10_POOL_TO_HUNG_RandomForest,Cleveland + Zurich + VA Long Beach,Hungarian,RandomForest,150,0,0.550473,1
LODO_E10_POOL_TO_HUNG_RandomForest,Cleveland + Zurich + VA Long Beach,Hungarian,RandomForest,151,0,0.201383,0
LODO_E10_POOL_TO_HUNG_RandomForest,Cleveland + Zurich + VA Long Beach,Hungarian,RandomForest,152,0,0.548899,1
LODO_E10_POOL_TO_HUNG_RandomForest,Cleveland + Zurich + VA Long Beach,Hungarian,RandomForest,153,0,0.69467,1
LODO_E10_POOL_TO_HUNG_RandomForest,Cleveland + Zurich + VA Long Beach,Hungarian,RandomForest,154,0,0.759503,1
LODO_E10_POOL_TO_HUNG_RandomForest,Cleveland + Zurich + VA Long Beach,Hungarian,RandomForest,155,0,0.100535,0
LODO_E10_POOL_TO_HUNG_RandomForest,Cleveland + Zurich + VA Long Beach,Hungarian,RandomForest,156,0,0.214731,0
LODO_E10_POOL_TO_HUNG_RandomForest,Cleveland + Zurich + VA Long Beach,Hungarian,RandomForest,157,0,0.246682,0
LODO_E10_POOL_TO_HUNG_RandomForest,Cleveland + Zurich + VA Long Beach,Hungarian,RandomForest,158,0,0.3888,0
LODO_E10_POOL_TO_HUNG_RandomForest,Cleveland + Zurich + VA Long Beach,Hungarian,RandomForest,159,0,0.232369,0
LODO_E10_POOL_TO_HUNG_RandomForest,Cleveland + Zurich + VA Long Beach,Hungarian,RandomForest,160,0,0.340383,0
LODO_E10_POOL_TO_HUNG_RandomForest,Cleveland + Zurich + VA Long Beach,Hungarian,RandomForest,161,0,0.172488,0
LODO_E10_POOL_TO_HUNG_RandomForest,Cleveland + Zurich + VA Long Beach,Hungarian,RandomForest,162,0,0.607473,1
LODO_E10_POOL_TO_HUNG_RandomForest,Cleveland + Zurich + VA Long Beach,Hungarian,RandomForest,163,0,0.694177,1
LODO_E10_POOL_TO_HUNG_RandomForest,Cleveland + Zurich + VA Long Beach,Hungarian,RandomForest,164,0,0.906625,1
LODO_E10_POOL_TO_HUNG_RandomForest,Cleveland + Zurich + VA Long Beach,Hungarian,RandomForest,165,0,0.094363,0
LODO_E10_POOL_TO_HUNG_RandomForest,Cleveland + Zurich + VA Long Beach,Hungarian,RandomForest,166,0,0.613317,1
LODO_E10_POOL_TO_HUNG_RandomForest,Cleveland + Zurich + VA Long Beach,Hungarian,RandomForest,167,0,0.654803,1
LODO_E10_POOL_TO_HUNG_RandomForest,Cleveland + Zurich + VA Long Beach,Hungarian,RandomForest,168,0,0.623497,1
LODO_E10_POOL_TO_HUNG_RandomForest,Cleveland + Zurich + VA Long Beach,Hungarian,RandomForest,169,0,0.694177,1
LODO_E10_POOL_TO_HUNG_RandomForest,Cleveland + Zurich + VA Long Beach,Hungarian,RandomForest,170,0,0.49202,0
LODO_E10_POOL_TO_HUNG_RandomForest,Cleveland + Zurich + VA Long Beach,Hungarian,RandomForest,171,0,0.876245,1
LODO_E10_POOL_TO_HUNG_RandomForest,Cleveland + Zurich + VA Long Beach,Hungarian,RandomForest,172,0,0.540748,1
LODO_E10_POOL_TO_HUNG_RandomForest,Cleveland + Zurich + VA Long Beach,Hungarian,RandomForest,173,0,0.464247,0
LODO_E10_POOL_TO_HUNG_RandomForest,Cleveland + Zurich + VA Long Beach,Hungarian,RandomForest,174,0,0.601851,1
LODO_E10_POOL_TO_HUNG_RandomForest,Cleveland + Zurich + VA Long Beach,Hungarian,RandomForest,175,0,0.236205,0
LODO_E10_POOL_TO_HUNG_RandomForest,Cleveland + Zurich + VA Long Beach,Hungarian,RandomForest,176,0,0.807713,1
LODO_E10_POOL_TO_HUNG_RandomForest,Cleveland + Zurich + VA Long Beach,Hungarian,RandomForest,177,0,0.428827,0
LODO_E10_POOL_TO_HUNG_RandomForest,Cleveland + Zurich + VA Long Beach,Hungarian,RandomForest,178,0,0.457114,0
LODO_E10_POOL_TO_HUNG_RandomForest,Cleveland + Zurich + VA Long Beach,Hungarian,RandomForest,179,0,0.820507,1
LODO_E10_POOL_TO_HUNG_RandomForest,Cleveland + Zurich + VA Long Beach,Hungarian,RandomForest,180,0,0.744706,1
LODO_E10_POOL_TO_HUNG_RandomForest,Cleveland + Zurich + VA Long Beach,Hungarian,RandomForest,181,0,0.763584,1
LODO_E10_POOL_TO_HUNG_RandomForest,Cleveland + Zurich + VA Long Beach,Hungarian,RandomForest,182,0,0.604383,1
LODO_E10_POOL_TO_HUNG_RandomForest,Cleveland + Zurich + VA Long Beach,Hungarian,RandomForest,183,0,0.853377,1
LODO_E10_POOL_TO_HUNG_RandomForest,Cleveland + Zurich + VA Long Beach,Hungarian,RandomForest,184,0,0.880233,1
LODO_E10_POOL_TO_HUNG_RandomForest,Cleveland + Zurich + VA Long Beach,Hungarian,RandomForest,185,0,0.531501,1
LODO_E10_POOL_TO_HUNG_RandomForest,Cleveland + Zurich + VA Long Beach,Hungarian,RandomForest,186,0,0.289106,0
LODO_E10_POOL_TO_HUNG_RandomForest,Cleveland + Zurich + VA Long Beach,Hungarian,RandomForest,187,1,0.676323,1
LODO_E10_POOL_TO_HUNG_RandomForest,Cleveland + Zurich + VA Long Beach,Hungarian,RandomForest,188,1,0.684103,1
LODO_E10_POOL_TO_HUNG_RandomForest,Cleveland + Zurich + VA Long Beach,Hungarian,RandomForest,189,1,0.132022,0
LODO_E10_POOL_TO_HUNG_RandomForest,Cleveland + Zurich + VA Long Beach,Hungarian,RandomForest,190,1,0.430708,0
LODO_E10_POOL_TO_HUNG_RandomForest,Cleveland + Zurich + VA Long Beach,Hungarian,RandomForest,191,1,0.413069,0
LODO_E10_POOL_TO_HUNG_RandomForest,Cleveland + Zurich + VA Long Beach,Hungarian,RandomForest,192,1,0.865905,1
LODO_E10_POOL_TO_HUNG_RandomForest,Cleveland + Zurich + VA Long Beach,Hungarian,RandomForest,193,1,0.625146,1
LODO_E10_POOL_TO_HUNG_RandomForest,Cleveland + Zurich + VA Long Beach,Hungarian,RandomForest,194,1,0.608467,1
LODO_E10_POOL_TO_HUNG_RandomForest,Cleveland + Zurich + VA Long Beach,Hungarian,RandomForest,195,1,0.729326,1
LODO_E10_POOL_TO_HUNG_RandomForest,Cleveland + Zurich + VA Long Beach,Hungarian,RandomForest,196,1,0.664155,1
LODO_E10_POOL_TO_HUNG_RandomForest,Cleveland + Zurich + VA Long Beach,Hungarian,RandomForest,197,1,0.599632,1
LODO_E10_POOL_TO_HUNG_RandomForest,Cleveland + Zurich + VA Long Beach,Hungarian,RandomForest,198,1,0.882747,1
LODO_E10_POOL_TO_HUNG_RandomForest,Cleveland + Zurich + VA Long Beach,Hungarian,RandomForest,199,1,0.910531,1
LODO_E10_POOL_TO_HUNG_RandomForest,Cleveland + Zurich + VA Long Beach,Hungarian,RandomForest,200,1,0.692542,1
LODO_E10_POOL_TO_HUNG_RandomForest,Cleveland + Zurich + VA Long Beach,Hungarian,RandomForest,201,1,0.786945,1
LODO_E10_POOL_TO_HUNG_RandomForest,Cleveland + Zurich + VA Long Beach,Hungarian,RandomForest,202,1,0.914115,1
LODO_E10_POOL_TO_HUNG_RandomForest,Cleveland + Zurich + VA Long Beach,Hungarian,RandomForest,203,1,0.600827,1
LODO_E10_POOL_TO_HUNG_RandomForest,Cleveland + Zurich + VA Long Beach,Hungarian,RandomForest,204,1,0.907202,1
LODO_E10_POOL_TO_HUNG_RandomForest,Cleveland + Zurich + VA Long Beach,Hungarian,RandomForest,205,1,0.807975,1
LODO_E10_POOL_TO_HUNG_RandomForest,Cleveland + Zurich + VA Long Beach,Hungarian,RandomForest,206,1,0.877566,1
LODO_E10_POOL_TO_HUNG_RandomForest,Cleveland + Zurich + VA Long Beach,Hungarian,RandomForest,207,1,0.925343,1
LODO_E10_POOL_TO_HUNG_RandomForest,Cleveland + Zurich + VA Long Beach,Hungarian,RandomForest,208,1,0.288148,0
LODO_E10_POOL_TO_HUNG_RandomForest,Cleveland + Zurich + VA Long Beach,Hungarian,RandomForest,209,1,0.119347,0
LODO_E10_POOL_TO_HUNG_RandomForest,Cleveland + Zurich + VA Long Beach,Hungarian,RandomForest,210,1,0.543931,1
LODO_E10_POOL_TO_HUNG_RandomForest,Cleveland + Zurich + VA Long Beach,Hungarian,RandomForest,211,1,0.457033,0
LODO_E10_POOL_TO_HUNG_RandomForest,Cleveland + Zurich + VA Long Beach,Hungarian,RandomForest,212,1,0.666451,1
LODO_E10_POOL_TO_HUNG_RandomForest,Cleveland + Zurich + VA Long Beach,Hungarian,RandomForest,213,1,0.799909,1
LODO_E10_POOL_TO_HUNG_RandomForest,Cleveland + Zurich + VA Long Beach,Hungarian,RandomForest,214,1,0.938413,1
LODO_E10_POOL_TO_HUNG_RandomForest,Cleveland + Zurich + VA Long Beach,Hungarian,RandomForest,215,1,0.750444,1
LODO_E10_POOL_TO_HUNG_RandomForest,Cleveland + Zurich + VA Long Beach,Hungarian,RandomForest,216,1,0.878923,1
LODO_E10_POOL_TO_HUNG_RandomForest,Cleveland + Zurich + VA Long Beach,Hungarian,RandomForest,217,1,0.954585,1
LODO_E10_POOL_TO_HUNG_RandomForest,Cleveland + Zurich + VA Long Beach,Hungarian,RandomForest,218,1,0.533148,1
LODO_E10_POOL_TO_HUNG_RandomForest,Cleveland + Zurich + VA Long Beach,Hungarian,RandomForest,219,1,0.52927,1
LODO_E10_POOL_TO_HUNG_RandomForest,Cleveland + Zurich + VA Long Beach,Hungarian,RandomForest,220,1,0.865145,1
LODO_E10_POOL_TO_HUNG_RandomForest,Cleveland + Zurich + VA Long Beach,Hungarian,RandomForest,221,1,0.720799,1
LODO_E10_POOL_TO_HUNG_RandomForest,Cleveland + Zurich + VA Long Beach,Hungarian,RandomForest,222,1,0.803301,1
LODO_E10_POOL_TO_HUNG_RandomForest,Cleveland + Zurich + VA Long Beach,Hungarian,RandomForest,223,1,0.912332,1
LODO_E10_POOL_TO_HUNG_RandomForest,Cleveland + Zurich + VA Long Beach,Hungarian,RandomForest,224,1,0.77021,1
LODO_E10_POOL_TO_HUNG_RandomForest,Cleveland + Zurich + VA Long Beach,Hungarian,RandomForest,225,1,0.795719,1
LODO_E10_POOL_TO_HUNG_RandomForest,Cleveland + Zurich + VA Long Beach,Hungarian,RandomForest,226,1,0.66463,1
LODO_E10_POOL_TO_HUNG_RandomForest,Cleveland + Zurich + VA Long Beach,Hungarian,RandomForest,227,1,0.68491,1
LODO_E10_POOL_TO_HUNG_RandomForest,Cleveland + Zurich + VA Long Beach,Hungarian,RandomForest,228,1,0.198337,0
LODO_E10_POOL_TO_HUNG_RandomForest,Cleveland + Zurich + VA Long Beach,Hungarian,RandomForest,229,1,0.896695,1
LODO_E10_POOL_TO_HUNG_RandomForest,Cleveland + Zurich + VA Long Beach,Hungarian,RandomForest,230,1,0.884227,1
LODO_E10_POOL_TO_HUNG_RandomForest,Cleveland + Zurich + VA Long Beach,Hungarian,RandomForest,231,1,0.782507,1
LODO_E10_POOL_TO_HUNG_RandomForest,Cleveland + Zurich + VA Long Beach,Hungarian,RandomForest,232,1,0.847502,1
LODO_E10_POOL_TO_HUNG_RandomForest,Cleveland + Zurich + VA Long Beach,Hungarian,RandomForest,233,1,0.950531,1
LODO_E10_POOL_TO_HUNG_RandomForest,Cleveland + Zurich + VA Long Beach,Hungarian,RandomForest,234,1,0.921029,1
LODO_E10_POOL_TO_HUNG_RandomForest,Cleveland + Zurich + VA Long Beach,Hungarian,RandomForest,235,1,0.934485,1
LODO_E10_POOL_TO_HUNG_RandomForest,Cleveland + Zurich + VA Long Beach,Hungarian,RandomForest,236,1,0.937457,1
LODO_E10_POOL_TO_HUNG_RandomForest,Cleveland + Zurich + VA Long Beach,Hungarian,RandomForest,237,1,0.665036,1
LODO_E10_POOL_TO_HUNG_RandomForest,Cleveland + Zurich + VA Long Beach,Hungarian,RandomForest,238,1,0.915326,1
LODO_E10_POOL_TO_HUNG_RandomForest,Cleveland + Zurich + VA Long Beach,Hungarian,RandomForest,239,1,0.876397,1
LODO_E10_POOL_TO_HUNG_RandomForest,Cleveland + Zurich + VA Long Beach,Hungarian,RandomForest,240,1,0.516334,1
LODO_E10_POOL_TO_HUNG_RandomForest,Cleveland + Zurich + VA Long Beach,Hungarian,RandomForest,241,1,0.918321,1
LODO_E10_POOL_TO_HUNG_RandomForest,Cleveland + Zurich + VA Long Beach,Hungarian,RandomForest,242,1,0.917976,1
LODO_E10_POOL_TO_HUNG_RandomForest,Cleveland + Zurich + VA Long Beach,Hungarian,RandomForest,243,1,0.89107,1
LODO_E10_POOL_TO_HUNG_RandomForest,Cleveland + Zurich + VA Long Beach,Hungarian,RandomForest,244,1,0.915163,1
LODO_E10_POOL_TO_HUNG_RandomForest,Cleveland + Zurich + VA Long Beach,Hungarian,RandomForest,245,1,0.913051,1
LODO_E10_POOL_TO_HUNG_RandomForest,Cleveland + Zurich + VA Long Beach,Hungarian,RandomForest,246,1,0.909411,1
LODO_E10_POOL_TO_HUNG_RandomForest,Cleveland + Zurich + VA Long Beach,Hungarian,RandomForest,247,1,0.949723,1
LODO_E10_POOL_TO_HUNG_RandomForest,Cleveland + Zurich + VA Long Beach,Hungarian,RandomForest,248,1,0.779597,1
LODO_E10_POOL_TO_HUNG_RandomForest,Cleveland + Zurich + VA Long Beach,Hungarian,RandomForest,249,1,0.926871,1
LODO_E10_POOL_TO_HUNG_RandomForest,Cleveland + Zurich + VA Long Beach,Hungarian,RandomForest,250,1,0.806609,1
LODO_E10_POOL_TO_HUNG_RandomForest,Cleveland + Zurich + VA Long Beach,Hungarian,RandomForest,251,1,0.912657,1
LODO_E10_POOL_TO_HUNG_RandomForest,Cleveland + Zurich + VA Long Beach,Hungarian,RandomForest,252,1,0.571278,1
LODO_E10_POOL_TO_HUNG_RandomForest,Cleveland + Zurich + VA Long Beach,Hungarian,RandomForest,253,1,0.932875,1
LODO_E10_POOL_TO_HUNG_RandomForest,Cleveland + Zurich + VA Long Beach,Hungarian,RandomForest,254,1,0.378907,0
LODO_E10_POOL_TO_HUNG_RandomForest,Cleveland + Zurich + VA Long Beach,Hungarian,RandomForest,255,1,0.076808,0
LODO_E10_POOL_TO_HUNG_RandomForest,Cleveland + Zurich + VA Long Beach,Hungarian,RandomForest,256,1,0.878057,1
LODO_E10_POOL_TO_HUNG_RandomForest,Cleveland + Zurich + VA Long Beach,Hungarian,RandomForest,257,1,0.916201,1
LODO_E10_POOL_TO_HUNG_RandomForest,Cleveland + Zurich + VA Long Beach,Hungarian,RandomForest,258,1,0.908681,1
LODO_E10_POOL_TO_HUNG_RandomForest,Cleveland + Zurich + VA Long Beach,Hungarian,RandomForest,259,1,0.528526,1
LODO_E10_POOL_TO_HUNG_RandomForest,Cleveland + Zurich + VA Long Beach,Hungarian,RandomForest,260,1,0.882983,1
LODO_E10_POOL_TO_HUNG_RandomForest,Cleveland + Zurich + VA Long Beach,Hungarian,RandomForest,261,1,0.920833,1
LODO_E10_POOL_TO_HUNG_RandomForest,Cleveland + Zurich + VA Long Beach,Hungarian,RandomForest,262,1,0.940603,1
LODO_E10_POOL_TO_HUNG_RandomForest,Cleveland + Zurich + VA Long Beach,Hungarian,RandomForest,263,1,0.940259,1
LODO_E10_POOL_TO_HUNG_RandomForest,Cleveland + Zurich + VA Long Beach,Hungarian,RandomForest,264,1,0.646086,1
LODO_E10_POOL_TO_HUNG_RandomForest,Cleveland + Zurich + VA Long Beach,Hungarian,RandomForest,265,1,0.903263,1
LODO_E10_POOL_TO_HUNG_RandomForest,Cleveland + Zurich + VA Long Beach,Hungarian,RandomForest,266,1,0.860028,1
LODO_E10_POOL_TO_HUNG_RandomForest,Cleveland + Zurich + VA Long Beach,Hungarian,RandomForest,267,1,0.541694,1
LODO_E10_POOL_TO_HUNG_RandomForest,Cleveland + Zurich + VA Long Beach,Hungarian,RandomForest,268,1,0.664512,1
LODO_E10_POOL_TO_HUNG_RandomForest,Cleveland + Zurich + VA Long Beach,Hungarian,RandomForest,269,1,0.94001,1
LODO_E10_POOL_TO_HUNG_RandomForest,Cleveland + Zurich + VA Long Beach,Hungarian,RandomForest,270,1,0.274512,0
LODO_E10_POOL_TO_HUNG_RandomForest,Cleveland + Zurich + VA Long Beach,Hungarian,RandomForest,271,1,0.907949,1
LODO_E10_POOL_TO_HUNG_RandomForest,Cleveland + Zurich + VA Long Beach,Hungarian,RandomForest,272,1,0.930039,1
LODO_E10_POOL_TO_HUNG_RandomForest,Cleveland + Zurich + VA Long Beach,Hungarian,RandomForest,273,1,0.756733,1
LODO_E10_POOL_TO_HUNG_RandomForest,Cleveland + Zurich + VA Long Beach,Hungarian,RandomForest,274,1,0.774693,1
LODO_E10_POOL_TO_HUNG_RandomForest,Cleveland + Zurich + VA Long Beach,Hungarian,RandomForest,275,1,0.904787,1
LODO_E10_POOL_TO_HUNG_RandomForest,Cleveland + Zurich + VA Long Beach,Hungarian,RandomForest,276,1,0.929067,1
LODO_E10_POOL_TO_HUNG_RandomForest,Cleveland + Zurich + VA Long Beach,Hungarian,RandomForest,277,1,0.923565,1
LODO_E10_POOL_TO_HUNG_RandomForest,Cleveland + Zurich + VA Long Beach,Hungarian,RandomForest,278,1,0.926023,1
LODO_E10_POOL_TO_HUNG_RandomForest,Cleveland + Zurich + VA Long Beach,Hungarian,RandomForest,279,1,0.921115,1
LODO_E10_POOL_TO_HUNG_RandomForest,Cleveland + Zurich + VA Long Beach,Hungarian,RandomForest,280,1,0.742372,1
LODO_E10_POOL_TO_HUNG_RandomForest,Cleveland + Zurich + VA Long Beach,Hungarian,RandomForest,281,1,0.894162,1
LODO_E10_POOL_TO_HUNG_RandomForest,Cleveland + Zurich + VA Long Beach,Hungarian,RandomForest,282,1,0.735732,1
LODO_E10_POOL_TO_HUNG_RandomForest,Cleveland + Zurich + VA Long Beach,Hungarian,RandomForest,283,1,0.885868,1
LODO_E10_POOL_TO_HUNG_RandomForest,Cleveland + Zurich + VA Long Beach,Hungarian,RandomForest,284,1,0.874378,1
LODO_E10_POOL_TO_HUNG_RandomForest,Cleveland + Zurich + VA Long Beach,Hungarian,RandomForest,285,1,0.94473,1
LODO_E10_POOL_TO_HUNG_RandomForest,Cleveland + Zurich + VA Long Beach,Hungarian,RandomForest,286,1,0.940402,1
LODO_E10_POOL_TO_HUNG_RandomForest,Cleveland + Zurich + VA Long Beach,Hungarian,RandomForest,287,1,0.932774,1
LODO_E10_POOL_TO_HUNG_RandomForest,Cleveland + Zurich + VA Long Beach,Hungarian,RandomForest,288,1,0.943922,1
LODO_E10_POOL_TO_HUNG_RandomForest,Cleveland + Zurich + VA Long Beach,Hungarian,RandomForest,289,1,0.628808,1
LODO_E10_POOL_TO_HUNG_RandomForest,Cleveland + Zurich + VA Long Beach,Hungarian,RandomForest,290,1,0.886781,1
LODO_E10_POOL_TO_HUNG_RandomForest,Cleveland + Zurich + VA Long Beach,Hungarian,RandomForest,291,1,0.599968,1
LODO_E10_POOL_TO_HUNG_RandomForest,Cleveland + Zurich + VA Long Beach,Hungarian,RandomForest,292,1,0.919662,1
LODO_E11_POOL_TO_HUNG_SVM,Cleveland + Zurich + VA Long Beach,Hungarian,SVM,0,0,0.092615,0
LODO_E11_POOL_TO_HUNG_SVM,Cleveland + Zurich + VA Long Beach,Hungarian,SVM,1,0,0.124125,0
LODO_E11_POOL_TO_HUNG_SVM,Cleveland + Zurich + VA Long Beach,Hungarian,SVM,2,0,0.081618,0
LODO_E11_POOL_TO_HUNG_SVM,Cleveland + Zurich + VA Long Beach,Hungarian,SVM,3,0,0.341541,0
LODO_E11_POOL_TO_HUNG_SVM,Cleveland + Zurich + VA Long Beach,Hungarian,SVM,4,0,0.172565,0
LODO_E11_POOL_TO_HUNG_SVM,Cleveland + Zurich + VA Long Beach,Hungarian,SVM,5,0,0.13443,0
LODO_E11_POOL_TO_HUNG_SVM,Cleveland + Zurich + VA Long Beach,Hungarian,SVM,6,0,0.081161,0
LODO_E11_POOL_TO_HUNG_SVM,Cleveland + Zurich + VA Long Beach,Hungarian,SVM,7,0,0.101065,0
LODO_E11_POOL_TO_HUNG_SVM,Cleveland + Zurich + VA Long Beach,Hungarian,SVM,8,0,0.169583,0
LODO_E11_POOL_TO_HUNG_SVM,Cleveland + Zurich + VA Long Beach,Hungarian,SVM,9,0,0.097899,0
LODO_E11_POOL_TO_HUNG_SVM,Cleveland + Zurich + VA Long Beach,Hungarian,SVM,10,0,0.066558,0
LODO_E11_POOL_TO_HUNG_SVM,Cleveland + Zurich + VA Long Beach,Hungarian,SVM,11,0,0.246491,0
LODO_E11_POOL_TO_HUNG_SVM,Cleveland + Zurich + VA Long Beach,Hungarian,SVM,12,0,0.158763,0
LODO_E11_POOL_TO_HUNG_SVM,Cleveland + Zurich + VA Long Beach,Hungarian,SVM,13,0,0.399979,0
LODO_E11_POOL_TO_HUNG_SVM,Cleveland + Zurich + VA Long Beach,Hungarian,SVM,14,0,0.077506,0
LODO_E11_POOL_TO_HUNG_SVM,Cleveland + Zurich + VA Long Beach,Hungarian,SVM,15,0,0.065616,0
LODO_E11_POOL_TO_HUNG_SVM,Cleveland + Zurich + VA Long Beach,Hungarian,SVM,16,0,0.046158,0
LODO_E11_POOL_TO_HUNG_SVM,Cleveland + Zurich + VA Long Beach,Hungarian,SVM,17,0,0.257247,0
LODO_E11_POOL_TO_HUNG_SVM,Cleveland + Zurich + VA Long Beach,Hungarian,SVM,18,0,0.086882,0
LODO_E11_POOL_TO_HUNG_SVM,Cleveland + Zurich + VA Long Beach,Hungarian,SVM,19,0,0.108435,0
LODO_E11_POOL_TO_HUNG_SVM,Cleveland + Zurich + VA Long Beach,Hungarian,SVM,20,0,0.220518,0
LODO_E11_POOL_TO_HUNG_SVM,Cleveland + Zurich + VA Long Beach,Hungarian,SVM,21,0,0.188478,0
LODO_E11_POOL_TO_HUNG_SVM,Cleveland + Zurich + VA Long Beach,Hungarian,SVM,22,0,0.142858,0
LODO_E11_POOL_TO_HUNG_SVM,Cleveland + Zurich + VA Long Beach,Hungarian,SVM,23,0,0.595634,1
LODO_E11_POOL_TO_HUNG_SVM,Cleveland + Zurich + VA Long Beach,Hungarian,SVM,24,0,0.190882,0
LODO_E11_POOL_TO_HUNG_SVM,Cleveland + Zurich + VA Long Beach,Hungarian,SVM,25,0,0.588838,1
LODO_E11_POOL_TO_HUNG_SVM,Cleveland + Zurich + VA Long Beach,Hungarian,SVM,26,0,0.607707,1
LODO_E11_POOL_TO_HUNG_SVM,Cleveland + Zurich + VA Long Beach,Hungarian,SVM,27,0,0.217036,0
LODO_E11_POOL_TO_HUNG_SVM,Cleveland + Zurich + VA Long Beach,Hungarian,SVM,28,0,0.169281,0
LODO_E11_POOL_TO_HUNG_SVM,Cleveland + Zurich + VA Long Beach,Hungarian,SVM,29,0,0.522675,1
LODO_E11_POOL_TO_HUNG_SVM,Cleveland + Zurich + VA Long Beach,Hungarian,SVM,30,0,0.061354,0
LODO_E11_POOL_TO_HUNG_SVM,Cleveland + Zurich + VA Long Beach,Hungarian,SVM,31,0,0.426854,0
LODO_E11_POOL_TO_HUNG_SVM,Cleveland + Zurich + VA Long Beach,Hungarian,SVM,32,0,0.333584,0
LODO_E11_POOL_TO_HUNG_SVM,Cleveland + Zurich + VA Long Beach,Hungarian,SVM,33,0,0.251172,0
LODO_E11_POOL_TO_HUNG_SVM,Cleveland + Zurich + VA Long Beach,Hungarian,SVM,34,0,0.481628,0
LODO_E11_POOL_TO_HUNG_SVM,Cleveland + Zurich + VA Long Beach,Hungarian,SVM,35,0,0.803319,1
LODO_E11_POOL_TO_HUNG_SVM,Cleveland + Zurich + VA Long Beach,Hungarian,SVM,36,0,0.119669,0
LODO_E11_POOL_TO_HUNG_SVM,Cleveland + Zurich + VA Long Beach,Hungarian,SVM,37,0,0.215333,0
LODO_E11_POOL_TO_HUNG_SVM,Cleveland + Zurich + VA Long Beach,Hungarian,SVM,38,0,0.849484,1
LODO_E11_POOL_TO_HUNG_SVM,Cleveland + Zurich + VA Long Beach,Hungarian,SVM,39,0,0.78541,1
LODO_E11_POOL_TO_HUNG_SVM,Cleveland + Zurich + VA Long Beach,Hungarian,SVM,40,0,0.077377,0
LODO_E11_POOL_TO_HUNG_SVM,Cleveland + Zurich + VA Long Beach,Hungarian,SVM,41,0,0.038388,0
LODO_E11_POOL_TO_HUNG_SVM,Cleveland + Zurich + VA Long Beach,Hungarian,SVM,42,0,0.447278,0
LODO_E11_POOL_TO_HUNG_SVM,Cleveland + Zurich + VA Long Beach,Hungarian,SVM,43,0,0.103042,0
LODO_E11_POOL_TO_HUNG_SVM,Cleveland + Zurich + VA Long Beach,Hungarian,SVM,44,0,0.064055,0
LODO_E11_POOL_TO_HUNG_SVM,Cleveland + Zurich + VA Long Beach,Hungarian,SVM,45,0,0.081424,0
LODO_E11_POOL_TO_HUNG_SVM,Cleveland + Zurich + VA Long Beach,Hungarian,SVM,46,0,0.037918,0
LODO_E11_POOL_TO_HUNG_SVM,Cleveland + Zurich + VA Long Beach,Hungarian,SVM,47,0,0.053588,0
LODO_E11_POOL_TO_HUNG_SVM,Cleveland + Zurich + VA Long Beach,Hungarian,SVM,48,0,0.056938,0
LODO_E11_POOL_TO_HUNG_SVM,Cleveland + Zurich + VA Long Beach,Hungarian,SVM,49,0,0.046224,0
LODO_E11_POOL_TO_HUNG_SVM,Cleveland + Zurich + VA Long Beach,Hungarian,SVM,50,0,0.229927,0
LODO_E11_POOL_TO_HUNG_SVM,Cleveland + Zurich + VA Long Beach,Hungarian,SVM,51,0,0.834789,1
LODO_E11_POOL_TO_HUNG_SVM,Cleveland + Zurich + VA Long Beach,Hungarian,SVM,52,0,0.075217,0
LODO_E11_POOL_TO_HUNG_SVM,Cleveland + Zurich + VA Long Beach,Hungarian,SVM,53,0,0.20274,0
LODO_E11_POOL_TO_HUNG_SVM,Cleveland + Zurich + VA Long Beach,Hungarian,SVM,54,0,0.072816,0
LODO_E11_POOL_TO_HUNG_SVM,Cleveland + Zurich + VA Long Beach,Hungarian,SVM,55,0,0.330282,0
LODO_E11_POOL_TO_HUNG_SVM,Cleveland + Zurich + VA Long Beach,Hungarian,SVM,56,0,0.669772,1
LODO_E11_POOL_TO_HUNG_SVM,Cleveland + Zurich + VA Long Beach,Hungarian,SVM,57,0,0.460286,0
LODO_E11_POOL_TO_HUNG_SVM,Cleveland + Zurich + VA Long Beach,Hungarian,SVM,58,0,0.469067,0
LODO_E11_POOL_TO_HUNG_SVM,Cleveland + Zurich + VA Long Beach,Hungarian,SVM,59,0,0.339423,0
LODO_E11_POOL_TO_HUNG_SVM,Cleveland + Zurich + VA Long Beach,Hungarian,SVM,60,0,0.038312,0
LODO_E11_POOL_TO_HUNG_SVM,Cleveland + Zurich + VA Long Beach,Hungarian,SVM,61,0,0.029499,0
LODO_E11_POOL_TO_HUNG_SVM,Cleveland + Zurich + VA Long Beach,Hungarian,SVM,62,0,0.029683,0
LODO_E11_POOL_TO_HUNG_SVM,Cleveland + Zurich + VA Long Beach,Hungarian,SVM,63,0,0.248603,0
LODO_E11_POOL_TO_HUNG_SVM,Cleveland + Zurich + VA Long Beach,Hungarian,SVM,64,0,0.133576,0
LODO_E11_POOL_TO_HUNG_SVM,Cleveland + Zurich + VA Long Beach,Hungarian,SVM,65,0,0.057298,0
LODO_E11_POOL_TO_HUNG_SVM,Cleveland + Zurich + VA Long Beach,Hungarian,SVM,66,0,0.143438,0
LODO_E11_POOL_TO_HUNG_SVM,Cleveland + Zurich + VA Long Beach,Hungarian,SVM,67,0,0.253879,0
LODO_E11_POOL_TO_HUNG_SVM,Cleveland + Zurich + VA Long Beach,Hungarian,SVM,68,0,0.448156,0
LODO_E11_POOL_TO_HUNG_SVM,Cleveland + Zurich + VA Long Beach,Hungarian,SVM,69,0,0.305146,0
LODO_E11_POOL_TO_HUNG_SVM,Cleveland + Zurich + VA Long Beach,Hungarian,SVM,70,0,0.441789,0
LODO_E11_POOL_TO_HUNG_SVM,Cleveland + Zurich + VA Long Beach,Hungarian,SVM,71,0,0.031252,0
LODO_E11_POOL_TO_HUNG_SVM,Cleveland + Zurich + VA Long Beach,Hungarian,SVM,72,0,0.243163,0
LODO_E11_POOL_TO_HUNG_SVM,Cleveland + Zurich + VA Long Beach,Hungarian,SVM,73,0,0.393633,0
LODO_E11_POOL_TO_HUNG_SVM,Cleveland + Zurich + VA Long Beach,Hungarian,SVM,74,0,0.563863,1
LODO_E11_POOL_TO_HUNG_SVM,Cleveland + Zurich + VA Long Beach,Hungarian,SVM,75,0,0.707802,1
LODO_E11_POOL_TO_HUNG_SVM,Cleveland + Zurich + VA Long Beach,Hungarian,SVM,76,0,0.83325,1
LODO_E11_POOL_TO_HUNG_SVM,Cleveland + Zurich + VA Long Beach,Hungarian,SVM,77,0,0.768905,1
LODO_E11_POOL_TO_HUNG_SVM,Cleveland + Zurich + VA Long Beach,Hungarian,SVM,78,0,0.680563,1
LODO_E11_POOL_TO_HUNG_SVM,Cleveland + Zurich + VA Long Beach,Hungarian,SVM,79,0,0.191418,0
LODO_E11_POOL_TO_HUNG_SVM,Cleveland + Zurich + VA Long Beach,Hungarian,SVM,80,0,0.400061,0
LODO_E11_POOL_TO_HUNG_SVM,Cleveland + Zurich + VA Long Beach,Hungarian,SVM,81,0,0.708932,1
LODO_E11_POOL_TO_HUNG_SVM,Cleveland + Zurich + VA Long Beach,Hungarian,SVM,82,0,0.863078,1
LODO_E11_POOL_TO_HUNG_SVM,Cleveland + Zurich + VA Long Beach,Hungarian,SVM,83,0,0.838539,1
LODO_E11_POOL_TO_HUNG_SVM,Cleveland + Zurich + VA Long Beach,Hungarian,SVM,84,0,0.858166,1
LODO_E11_POOL_TO_HUNG_SVM,Cleveland + Zurich + VA Long Beach,Hungarian,SVM,85,0,0.085652,0
LODO_E11_POOL_TO_HUNG_SVM,Cleveland + Zurich + VA Long Beach,Hungarian,SVM,86,0,0.235324,0
LODO_E11_POOL_TO_HUNG_SVM,Cleveland + Zurich + VA Long Beach,Hungarian,SVM,87,0,0.211765,0
LODO_E11_POOL_TO_HUNG_SVM,Cleveland + Zurich + VA Long Beach,Hungarian,SVM,88,0,0.086622,0
LODO_E11_POOL_TO_HUNG_SVM,Cleveland + Zurich + VA Long Beach,Hungarian,SVM,89,0,0.913658,1
LODO_E11_POOL_TO_HUNG_SVM,Cleveland + Zurich + VA Long Beach,Hungarian,SVM,90,0,0.090564,0
LODO_E11_POOL_TO_HUNG_SVM,Cleveland + Zurich + VA Long Beach,Hungarian,SVM,91,0,0.156108,0
LODO_E11_POOL_TO_HUNG_SVM,Cleveland + Zurich + VA Long Beach,Hungarian,SVM,92,0,0.203603,0
LODO_E11_POOL_TO_HUNG_SVM,Cleveland + Zurich + VA Long Beach,Hungarian,SVM,93,0,0.095412,0
LODO_E11_POOL_TO_HUNG_SVM,Cleveland + Zurich + VA Long Beach,Hungarian,SVM,94,0,0.405734,0
LODO_E11_POOL_TO_HUNG_SVM,Cleveland + Zurich + VA Long Beach,Hungarian,SVM,95,0,0.257875,0
LODO_E11_POOL_TO_HUNG_SVM,Cleveland + Zurich + VA Long Beach,Hungarian,SVM,96,0,0.853281,1
LODO_E11_POOL_TO_HUNG_SVM,Cleveland + Zurich + VA Long Beach,Hungarian,SVM,97,0,0.764936,1
LODO_E11_POOL_TO_HUNG_SVM,Cleveland + Zurich + VA Long Beach,Hungarian,SVM,98,0,0.059205,0
LODO_E11_POOL_TO_HUNG_SVM,Cleveland + Zurich + VA Long Beach,Hungarian,SVM,99,0,0.538419,1
LODO_E11_POOL_TO_HUNG_SVM,Cleveland + Zurich + VA Long Beach,Hungarian,SVM,100,0,0.389881,0
LODO_E11_POOL_TO_HUNG_SVM,Cleveland + Zurich + VA Long Beach,Hungarian,SVM,101,0,0.04214,0
LODO_E11_POOL_TO_HUNG_SVM,Cleveland + Zurich + VA Long Beach,Hungarian,SVM,102,0,0.030201,0
LODO_E11_POOL_TO_HUNG_SVM,Cleveland + Zurich + VA Long Beach,Hungarian,SVM,103,0,0.073474,0
LODO_E11_POOL_TO_HUNG_SVM,Cleveland + Zurich + VA Long Beach,Hungarian,SVM,104,0,0.226265,0
LODO_E11_POOL_TO_HUNG_SVM,Cleveland + Zurich + VA Long Beach,Hungarian,SVM,105,0,0.098184,0
LODO_E11_POOL_TO_HUNG_SVM,Cleveland + Zurich + VA Long Beach,Hungarian,SVM,106,0,0.870127,1
LODO_E11_POOL_TO_HUNG_SVM,Cleveland + Zurich + VA Long Beach,Hungarian,SVM,107,0,0.830314,1
LODO_E11_POOL_TO_HUNG_SVM,Cleveland + Zurich + VA Long Beach,Hungarian,SVM,108,0,0.051585,0
LODO_E11_POOL_TO_HUNG_SVM,Cleveland + Zurich + VA Long Beach,Hungarian,SVM,109,0,0.847147,1
LODO_E11_POOL_TO_HUNG_SVM,Cleveland + Zurich + VA Long Beach,Hungarian,SVM,110,0,0.072892,0
LODO_E11_POOL_TO_HUNG_SVM,Cleveland + Zurich + VA Long Beach,Hungarian,SVM,111,0,0.051473,0
LODO_E11_POOL_TO_HUNG_SVM,Cleveland + Zurich + VA Long Beach,Hungarian,SVM,112,0,0.786355,1
LODO_E11_POOL_TO_HUNG_SVM,Cleveland + Zurich + VA Long Beach,Hungarian,SVM,113,0,0.817881,1
LODO_E11_POOL_TO_HUNG_SVM,Cleveland + Zurich + VA Long Beach,Hungarian,SVM,114,0,0.869532,1
LODO_E11_POOL_TO_HUNG_SVM,Cleveland + Zurich + VA Long Beach,Hungarian,SVM,115,0,0.085416,0
LODO_E11_POOL_TO_HUNG_SVM,Cleveland + Zurich + VA Long Beach,Hungarian,SVM,116,0,0.221706,0
LODO_E11_POOL_TO_HUNG_SVM,Cleveland + Zurich + VA Long Beach,Hungarian,SVM,117,0,0.362175,0
LODO_E11_POOL_TO_HUNG_SVM,Cleveland + Zurich + VA Long Beach,Hungarian,SVM,118,0,0.239211,0
LODO_E11_POOL_TO_HUNG_SVM,Cleveland + Zurich + VA Long Beach,Hungarian,SVM,119,0,0.245583,0
LODO_E11_POOL_TO_HUNG_SVM,Cleveland + Zurich + VA Long Beach,Hungarian,SVM,120,0,0.195397,0
LODO_E11_POOL_TO_HUNG_SVM,Cleveland + Zurich + VA Long Beach,Hungarian,SVM,121,0,0.862899,1
LODO_E11_POOL_TO_HUNG_SVM,Cleveland + Zurich + VA Long Beach,Hungarian,SVM,122,0,0.08526,0
LODO_E11_POOL_TO_HUNG_SVM,Cleveland + Zurich + VA Long Beach,Hungarian,SVM,123,0,0.134135,0
LODO_E11_POOL_TO_HUNG_SVM,Cleveland + Zurich + VA Long Beach,Hungarian,SVM,124,0,0.139004,0
LODO_E11_POOL_TO_HUNG_SVM,Cleveland + Zurich + VA Long Beach,Hungarian,SVM,125,0,0.853391,1
LODO_E11_POOL_TO_HUNG_SVM,Cleveland + Zurich + VA Long Beach,Hungarian,SVM,126,0,0.564412,1
LODO_E11_POOL_TO_HUNG_SVM,Cleveland + Zurich + VA Long Beach,Hungarian,SVM,127,0,0.463537,0
LODO_E11_POOL_TO_HUNG_SVM,Cleveland + Zurich + VA Long Beach,Hungarian,SVM,128,0,0.134687,0
LODO_E11_POOL_TO_HUNG_SVM,Cleveland + Zurich + VA Long Beach,Hungarian,SVM,129,0,0.11278,0
LODO_E11_POOL_TO_HUNG_SVM,Cleveland + Zurich + VA Long Beach,Hungarian,SVM,130,0,0.151653,0
LODO_E11_POOL_TO_HUNG_SVM,Cleveland + Zurich + VA Long Beach,Hungarian,SVM,131,0,0.432629,0
LODO_E11_POOL_TO_HUNG_SVM,Cleveland + Zurich + VA Long Beach,Hungarian,SVM,132,0,0.165403,0
LODO_E11_POOL_TO_HUNG_SVM,Cleveland + Zurich + VA Long Beach,Hungarian,SVM,133,0,0.409674,0
LODO_E11_POOL_TO_HUNG_SVM,Cleveland + Zurich + VA Long Beach,Hungarian,SVM,134,0,0.077183,0
LODO_E11_POOL_TO_HUNG_SVM,Cleveland + Zurich + VA Long Beach,Hungarian,SVM,135,0,0.529616,1
LODO_E11_POOL_TO_HUNG_SVM,Cleveland + Zurich + VA Long Beach,Hungarian,SVM,136,0,0.897722,1
LODO_E11_POOL_TO_HUNG_SVM,Cleveland + Zurich + VA Long Beach,Hungarian,SVM,137,0,0.801529,1
LODO_E11_POOL_TO_HUNG_SVM,Cleveland + Zurich + VA Long Beach,Hungarian,SVM,138,0,0.748241,1
LODO_E11_POOL_TO_HUNG_SVM,Cleveland + Zurich + VA Long Beach,Hungarian,SVM,139,0,0.055344,0
LODO_E11_POOL_TO_HUNG_SVM,Cleveland + Zurich + VA Long Beach,Hungarian,SVM,140,0,0.240476,0
LODO_E11_POOL_TO_HUNG_SVM,Cleveland + Zurich + VA Long Beach,Hungarian,SVM,141,0,0.102006,0
LODO_E11_POOL_TO_HUNG_SVM,Cleveland + Zurich + VA Long Beach,Hungarian,SVM,142,0,0.047015,0
LODO_E11_POOL_TO_HUNG_SVM,Cleveland + Zurich + VA Long Beach,Hungarian,SVM,143,0,0.086614,0
LODO_E11_POOL_TO_HUNG_SVM,Cleveland + Zurich + VA Long Beach,Hungarian,SVM,144,0,0.263757,0
LODO_E11_POOL_TO_HUNG_SVM,Cleveland + Zurich + VA Long Beach,Hungarian,SVM,145,0,0.385281,0
LODO_E11_POOL_TO_HUNG_SVM,Cleveland + Zurich + VA Long Beach,Hungarian,SVM,146,0,0.766601,1
LODO_E11_POOL_TO_HUNG_SVM,Cleveland + Zurich + VA Long Beach,Hungarian,SVM,147,0,0.376114,0
LODO_E11_POOL_TO_HUNG_SVM,Cleveland + Zurich + VA Long Beach,Hungarian,SVM,148,0,0.216954,0
LODO_E11_POOL_TO_HUNG_SVM,Cleveland + Zurich + VA Long Beach,Hungarian,SVM,149,0,0.647924,1
LODO_E11_POOL_TO_HUNG_SVM,Cleveland + Zurich + VA Long Beach,Hungarian,SVM,150,0,0.494227,0
LODO_E11_POOL_TO_HUNG_SVM,Cleveland + Zurich + VA Long Beach,Hungarian,SVM,151,0,0.124757,0
LODO_E11_POOL_TO_HUNG_SVM,Cleveland + Zurich + VA Long Beach,Hungarian,SVM,152,0,0.558087,1
LODO_E11_POOL_TO_HUNG_SVM,Cleveland + Zurich + VA Long Beach,Hungarian,SVM,153,0,0.706882,1
LODO_E11_POOL_TO_HUNG_SVM,Cleveland + Zurich + VA Long Beach,Hungarian,SVM,154,0,0.712604,1
LODO_E11_POOL_TO_HUNG_SVM,Cleveland + Zurich + VA Long Beach,Hungarian,SVM,155,0,0.030378,0
LODO_E11_POOL_TO_HUNG_SVM,Cleveland + Zurich + VA Long Beach,Hungarian,SVM,156,0,0.074567,0
LODO_E11_POOL_TO_HUNG_SVM,Cleveland + Zurich + VA Long Beach,Hungarian,SVM,157,0,0.063413,0
LODO_E11_POOL_TO_HUNG_SVM,Cleveland + Zurich + VA Long Beach,Hungarian,SVM,158,0,0.245213,0
LODO_E11_POOL_TO_HUNG_SVM,Cleveland + Zurich + VA Long Beach,Hungarian,SVM,159,0,0.138678,0
LODO_E11_POOL_TO_HUNG_SVM,Cleveland + Zurich + VA Long Beach,Hungarian,SVM,160,0,0.220232,0
LODO_E11_POOL_TO_HUNG_SVM,Cleveland + Zurich + VA Long Beach,Hungarian,SVM,161,0,0.302699,0
LODO_E11_POOL_TO_HUNG_SVM,Cleveland + Zurich + VA Long Beach,Hungarian,SVM,162,0,0.442534,0
LODO_E11_POOL_TO_HUNG_SVM,Cleveland + Zurich + VA Long Beach,Hungarian,SVM,163,0,0.800237,1
LODO_E11_POOL_TO_HUNG_SVM,Cleveland + Zurich + VA Long Beach,Hungarian,SVM,164,0,0.893829,1
LODO_E11_POOL_TO_HUNG_SVM,Cleveland + Zurich + VA Long Beach,Hungarian,SVM,165,0,0.028417,0
LODO_E11_POOL_TO_HUNG_SVM,Cleveland + Zurich + VA Long Beach,Hungarian,SVM,166,0,0.733155,1
LODO_E11_POOL_TO_HUNG_SVM,Cleveland + Zurich + VA Long Beach,Hungarian,SVM,167,0,0.708469,1
LODO_E11_POOL_TO_HUNG_SVM,Cleveland + Zurich + VA Long Beach,Hungarian,SVM,168,0,0.621045,1
LODO_E11_POOL_TO_HUNG_SVM,Cleveland + Zurich + VA Long Beach,Hungarian,SVM,169,0,0.800228,1
LODO_E11_POOL_TO_HUNG_SVM,Cleveland + Zurich + VA Long Beach,Hungarian,SVM,170,0,0.431691,0
LODO_E11_POOL_TO_HUNG_SVM,Cleveland + Zurich + VA Long Beach,Hungarian,SVM,171,0,0.869626,1
LODO_E11_POOL_TO_HUNG_SVM,Cleveland + Zurich + VA Long Beach,Hungarian,SVM,172,0,0.473184,0
LODO_E11_POOL_TO_HUNG_SVM,Cleveland + Zurich + VA Long Beach,Hungarian,SVM,173,0,0.253135,0
LODO_E11_POOL_TO_HUNG_SVM,Cleveland + Zurich + VA Long Beach,Hungarian,SVM,174,0,0.655797,1
LODO_E11_POOL_TO_HUNG_SVM,Cleveland + Zurich + VA Long Beach,Hungarian,SVM,175,0,0.21898,0
LODO_E11_POOL_TO_HUNG_SVM,Cleveland + Zurich + VA Long Beach,Hungarian,SVM,176,0,0.862223,1
LODO_E11_POOL_TO_HUNG_SVM,Cleveland + Zurich + VA Long Beach,Hungarian,SVM,177,0,0.137545,0
LODO_E11_POOL_TO_HUNG_SVM,Cleveland + Zurich + VA Long Beach,Hungarian,SVM,178,0,0.278659,0
LODO_E11_POOL_TO_HUNG_SVM,Cleveland + Zurich + VA Long Beach,Hungarian,SVM,179,0,0.817954,1
LODO_E11_POOL_TO_HUNG_SVM,Cleveland + Zurich + VA Long Beach,Hungarian,SVM,180,0,0.907662,1
LODO_E11_POOL_TO_HUNG_SVM,Cleveland + Zurich + VA Long Beach,Hungarian,SVM,181,0,0.808302,1
LODO_E11_POOL_TO_HUNG_SVM,Cleveland + Zurich + VA Long Beach,Hungarian,SVM,182,0,0.5,1
LODO_E11_POOL_TO_HUNG_SVM,Cleveland + Zurich + VA Long Beach,Hungarian,SVM,183,0,0.782529,1
LODO_E11_POOL_TO_HUNG_SVM,Cleveland + Zurich + VA Long Beach,Hungarian,SVM,184,0,0.878494,1
LODO_E11_POOL_TO_HUNG_SVM,Cleveland + Zurich + VA Long Beach,Hungarian,SVM,185,0,0.510606,1
LODO_E11_POOL_TO_HUNG_SVM,Cleveland + Zurich + VA Long Beach,Hungarian,SVM,186,0,0.27656,0
LODO_E11_POOL_TO_HUNG_SVM,Cleveland + Zurich + VA Long Beach,Hungarian,SVM,187,1,0.819671,1
LODO_E11_POOL_TO_HUNG_SVM,Cleveland + Zurich + VA Long Beach,Hungarian,SVM,188,1,0.73003,1
LODO_E11_POOL_TO_HUNG_SVM,Cleveland + Zurich + VA Long Beach,Hungarian,SVM,189,1,0.092295,0
LODO_E11_POOL_TO_HUNG_SVM,Cleveland + Zurich + VA Long Beach,Hungarian,SVM,190,1,0.403386,0
LODO_E11_POOL_TO_HUNG_SVM,Cleveland + Zurich + VA Long Beach,Hungarian,SVM,191,1,0.768074,1
LODO_E11_POOL_TO_HUNG_SVM,Cleveland + Zurich + VA Long Beach,Hungarian,SVM,192,1,0.872677,1
LODO_E11_POOL_TO_HUNG_SVM,Cleveland + Zurich + VA Long Beach,Hungarian,SVM,193,1,0.661125,1
LODO_E11_POOL_TO_HUNG_SVM,Cleveland + Zurich + VA Long Beach,Hungarian,SVM,194,1,0.577195,1
LODO_E11_POOL_TO_HUNG_SVM,Cleveland + Zurich + VA Long Beach,Hungarian,SVM,195,1,0.851409,1
LODO_E11_POOL_TO_HUNG_SVM,Cleveland + Zurich + VA Long Beach,Hungarian,SVM,196,1,0.857621,1
LODO_E11_POOL_TO_HUNG_SVM,Cleveland + Zurich + VA Long Beach,Hungarian,SVM,197,1,0.653958,1
LODO_E11_POOL_TO_HUNG_SVM,Cleveland + Zurich + VA Long Beach,Hungarian,SVM,198,1,0.892114,1
LODO_E11_POOL_TO_HUNG_SVM,Cleveland + Zurich + VA Long Beach,Hungarian,SVM,199,1,0.867062,1
LODO_E11_POOL_TO_HUNG_SVM,Cleveland + Zurich + VA Long Beach,Hungarian,SVM,200,1,0.814634,1
LODO_E11_POOL_TO_HUNG_SVM,Cleveland + Zurich + VA Long Beach,Hungarian,SVM,201,1,0.861938,1
LODO_E11_POOL_TO_HUNG_SVM,Cleveland + Zurich + VA Long Beach,Hungarian,SVM,202,1,0.905848,1
LODO_E11_POOL_TO_HUNG_SVM,Cleveland + Zurich + VA Long Beach,Hungarian,SVM,203,1,0.651188,1
LODO_E11_POOL_TO_HUNG_SVM,Cleveland + Zurich + VA Long Beach,Hungarian,SVM,204,1,0.8884,1
LODO_E11_POOL_TO_HUNG_SVM,Cleveland + Zurich + VA Long Beach,Hungarian,SVM,205,1,0.908309,1
LODO_E11_POOL_TO_HUNG_SVM,Cleveland + Zurich + VA Long Beach,Hungarian,SVM,206,1,0.910197,1
LODO_E11_POOL_TO_HUNG_SVM,Cleveland + Zurich + VA Long Beach,Hungarian,SVM,207,1,0.888611,1
LODO_E11_POOL_TO_HUNG_SVM,Cleveland + Zurich + VA Long Beach,Hungarian,SVM,208,1,0.233241,0
LODO_E11_POOL_TO_HUNG_SVM,Cleveland + Zurich + VA Long Beach,Hungarian,SVM,209,1,0.151636,0
LODO_E11_POOL_TO_HUNG_SVM,Cleveland + Zurich + VA Long Beach,Hungarian,SVM,210,1,0.572848,1
LODO_E11_POOL_TO_HUNG_SVM,Cleveland + Zurich + VA Long Beach,Hungarian,SVM,211,1,0.5,1
LODO_E11_POOL_TO_HUNG_SVM,Cleveland + Zurich + VA Long Beach,Hungarian,SVM,212,1,0.753245,1
LODO_E11_POOL_TO_HUNG_SVM,Cleveland + Zurich + VA Long Beach,Hungarian,SVM,213,1,0.804934,1
LODO_E11_POOL_TO_HUNG_SVM,Cleveland + Zurich + VA Long Beach,Hungarian,SVM,214,1,0.899163,1
LODO_E11_POOL_TO_HUNG_SVM,Cleveland + Zurich + VA Long Beach,Hungarian,SVM,215,1,0.834658,1
LODO_E11_POOL_TO_HUNG_SVM,Cleveland + Zurich + VA Long Beach,Hungarian,SVM,216,1,0.898136,1
LODO_E11_POOL_TO_HUNG_SVM,Cleveland + Zurich + VA Long Beach,Hungarian,SVM,217,1,0.896063,1
LODO_E11_POOL_TO_HUNG_SVM,Cleveland + Zurich + VA Long Beach,Hungarian,SVM,218,1,0.425263,0
LODO_E11_POOL_TO_HUNG_SVM,Cleveland + Zurich + VA Long Beach,Hungarian,SVM,219,1,0.426928,0
LODO_E11_POOL_TO_HUNG_SVM,Cleveland + Zurich + VA Long Beach,Hungarian,SVM,220,1,0.894968,1
LODO_E11_POOL_TO_HUNG_SVM,Cleveland + Zurich + VA Long Beach,Hungarian,SVM,221,1,0.881452,1
LODO_E11_POOL_TO_HUNG_SVM,Cleveland + Zurich + VA Long Beach,Hungarian,SVM,222,1,0.859142,1
LODO_E11_POOL_TO_HUNG_SVM,Cleveland + Zurich + VA Long Beach,Hungarian,SVM,223,1,0.883202,1
LODO_E11_POOL_TO_HUNG_SVM,Cleveland + Zurich + VA Long Beach,Hungarian,SVM,224,1,0.815311,1
LODO_E11_POOL_TO_HUNG_SVM,Cleveland + Zurich + VA Long Beach,Hungarian,SVM,225,1,0.861382,1
LODO_E11_POOL_TO_HUNG_SVM,Cleveland + Zurich + VA Long Beach,Hungarian,SVM,226,1,0.751348,1
LODO_E11_POOL_TO_HUNG_SVM,Cleveland + Zurich + VA Long Beach,Hungarian,SVM,227,1,0.644925,1
LODO_E11_POOL_TO_HUNG_SVM,Cleveland + Zurich + VA Long Beach,Hungarian,SVM,228,1,0.115989,0
LODO_E11_POOL_TO_HUNG_SVM,Cleveland + Zurich + VA Long Beach,Hungarian,SVM,229,1,0.876901,1
LODO_E11_POOL_TO_HUNG_SVM,Cleveland + Zurich + VA Long Beach,Hungarian,SVM,230,1,0.91131,1
LODO_E11_POOL_TO_HUNG_SVM,Cleveland + Zurich + VA Long Beach,Hungarian,SVM,231,1,0.858292,1
LODO_E11_POOL_TO_HUNG_SVM,Cleveland + Zurich + VA Long Beach,Hungarian,SVM,232,1,0.774582,1
LODO_E11_POOL_TO_HUNG_SVM,Cleveland + Zurich + VA Long Beach,Hungarian,SVM,233,1,0.872555,1
LODO_E11_POOL_TO_HUNG_SVM,Cleveland + Zurich + VA Long Beach,Hungarian,SVM,234,1,0.882362,1
LODO_E11_POOL_TO_HUNG_SVM,Cleveland + Zurich + VA Long Beach,Hungarian,SVM,235,1,0.87921,1
LODO_E11_POOL_TO_HUNG_SVM,Cleveland + Zurich + VA Long Beach,Hungarian,SVM,236,1,0.900697,1
LODO_E11_POOL_TO_HUNG_SVM,Cleveland + Zurich + VA Long Beach,Hungarian,SVM,237,1,0.82695,1
LODO_E11_POOL_TO_HUNG_SVM,Cleveland + Zurich + VA Long Beach,Hungarian,SVM,238,1,0.85564,1
LODO_E11_POOL_TO_HUNG_SVM,Cleveland + Zurich + VA Long Beach,Hungarian,SVM,239,1,0.902649,1
LODO_E11_POOL_TO_HUNG_SVM,Cleveland + Zurich + VA Long Beach,Hungarian,SVM,240,1,0.718987,1
LODO_E11_POOL_TO_HUNG_SVM,Cleveland + Zurich + VA Long Beach,Hungarian,SVM,241,1,0.883651,1
LODO_E11_POOL_TO_HUNG_SVM,Cleveland + Zurich + VA Long Beach,Hungarian,SVM,242,1,0.913266,1
LODO_E11_POOL_TO_HUNG_SVM,Cleveland + Zurich + VA Long Beach,Hungarian,SVM,243,1,0.898412,1
LODO_E11_POOL_TO_HUNG_SVM,Cleveland + Zurich + VA Long Beach,Hungarian,SVM,244,1,0.796205,1
LODO_E11_POOL_TO_HUNG_SVM,Cleveland + Zurich + VA Long Beach,Hungarian,SVM,245,1,0.882125,1
LODO_E11_POOL_TO_HUNG_SVM,Cleveland + Zurich + VA Long Beach,Hungarian,SVM,246,1,0.897837,1
LODO_E11_POOL_TO_HUNG_SVM,Cleveland + Zurich + VA Long Beach,Hungarian,SVM,247,1,0.875435,1
LODO_E11_POOL_TO_HUNG_SVM,Cleveland + Zurich + VA Long Beach,Hungarian,SVM,248,1,0.921002,1
LODO_E11_POOL_TO_HUNG_SVM,Cleveland + Zurich + VA Long Beach,Hungarian,SVM,249,1,0.887118,1
LODO_E11_POOL_TO_HUNG_SVM,Cleveland + Zurich + VA Long Beach,Hungarian,SVM,250,1,0.789866,1
LODO_E11_POOL_TO_HUNG_SVM,Cleveland + Zurich + VA Long Beach,Hungarian,SVM,251,1,0.907831,1
LODO_E11_POOL_TO_HUNG_SVM,Cleveland + Zurich + VA Long Beach,Hungarian,SVM,252,1,0.742912,1
LODO_E11_POOL_TO_HUNG_SVM,Cleveland + Zurich + VA Long Beach,Hungarian,SVM,253,1,0.895382,1
LODO_E11_POOL_TO_HUNG_SVM,Cleveland + Zurich + VA Long Beach,Hungarian,SVM,254,1,0.181805,0
LODO_E11_POOL_TO_HUNG_SVM,Cleveland + Zurich + VA Long Beach,Hungarian,SVM,255,1,0.143658,0
LODO_E11_POOL_TO_HUNG_SVM,Cleveland + Zurich + VA Long Beach,Hungarian,SVM,256,1,0.889563,1
LODO_E11_POOL_TO_HUNG_SVM,Cleveland + Zurich + VA Long Beach,Hungarian,SVM,257,1,0.901949,1
LODO_E11_POOL_TO_HUNG_SVM,Cleveland + Zurich + VA Long Beach,Hungarian,SVM,258,1,0.871061,1
LODO_E11_POOL_TO_HUNG_SVM,Cleveland + Zurich + VA Long Beach,Hungarian,SVM,259,1,0.661368,1
LODO_E11_POOL_TO_HUNG_SVM,Cleveland + Zurich + VA Long Beach,Hungarian,SVM,260,1,0.862788,1
LODO_E11_POOL_TO_HUNG_SVM,Cleveland + Zurich + VA Long Beach,Hungarian,SVM,261,1,0.897854,1
LODO_E11_POOL_TO_HUNG_SVM,Cleveland + Zurich + VA Long Beach,Hungarian,SVM,262,1,0.890359,1
LODO_E11_POOL_TO_HUNG_SVM,Cleveland + Zurich + VA Long Beach,Hungarian,SVM,263,1,0.852982,1
LODO_E11_POOL_TO_HUNG_SVM,Cleveland + Zurich + VA Long Beach,Hungarian,SVM,264,1,0.606991,1
LODO_E11_POOL_TO_HUNG_SVM,Cleveland + Zurich + VA Long Beach,Hungarian,SVM,265,1,0.850475,1
LODO_E11_POOL_TO_HUNG_SVM,Cleveland + Zurich + VA Long Beach,Hungarian,SVM,266,1,0.877634,1
LODO_E11_POOL_TO_HUNG_SVM,Cleveland + Zurich + VA Long Beach,Hungarian,SVM,267,1,0.464589,0
LODO_E11_POOL_TO_HUNG_SVM,Cleveland + Zurich + VA Long Beach,Hungarian,SVM,268,1,0.613649,1
LODO_E11_POOL_TO_HUNG_SVM,Cleveland + Zurich + VA Long Beach,Hungarian,SVM,269,1,0.883891,1
LODO_E11_POOL_TO_HUNG_SVM,Cleveland + Zurich + VA Long Beach,Hungarian,SVM,270,1,0.076796,0
LODO_E11_POOL_TO_HUNG_SVM,Cleveland + Zurich + VA Long Beach,Hungarian,SVM,271,1,0.877457,1
LODO_E11_POOL_TO_HUNG_SVM,Cleveland + Zurich + VA Long Beach,Hungarian,SVM,272,1,0.857582,1
LODO_E11_POOL_TO_HUNG_SVM,Cleveland + Zurich + VA Long Beach,Hungarian,SVM,273,1,0.856094,1
LODO_E11_POOL_TO_HUNG_SVM,Cleveland + Zurich + VA Long Beach,Hungarian,SVM,274,1,0.840263,1
LODO_E11_POOL_TO_HUNG_SVM,Cleveland + Zurich + VA Long Beach,Hungarian,SVM,275,1,0.91263,1
LODO_E11_POOL_TO_HUNG_SVM,Cleveland + Zurich + VA Long Beach,Hungarian,SVM,276,1,0.866507,1
LODO_E11_POOL_TO_HUNG_SVM,Cleveland + Zurich + VA Long Beach,Hungarian,SVM,277,1,0.872258,1
LODO_E11_POOL_TO_HUNG_SVM,Cleveland + Zurich + VA Long Beach,Hungarian,SVM,278,1,0.895721,1
LODO_E11_POOL_TO_HUNG_SVM,Cleveland + Zurich + VA Long Beach,Hungarian,SVM,279,1,0.87607,1
LODO_E11_POOL_TO_HUNG_SVM,Cleveland + Zurich + VA Long Beach,Hungarian,SVM,280,1,0.809804,1
LODO_E11_POOL_TO_HUNG_SVM,Cleveland + Zurich + VA Long Beach,Hungarian,SVM,281,1,0.87024,1
LODO_E11_POOL_TO_HUNG_SVM,Cleveland + Zurich + VA Long Beach,Hungarian,SVM,282,1,0.803335,1
LODO_E11_POOL_TO_HUNG_SVM,Cleveland + Zurich + VA Long Beach,Hungarian,SVM,283,1,0.896991,1
LODO_E11_POOL_TO_HUNG_SVM,Cleveland + Zurich + VA Long Beach,Hungarian,SVM,284,1,0.860637,1
LODO_E11_POOL_TO_HUNG_SVM,Cleveland + Zurich + VA Long Beach,Hungarian,SVM,285,1,0.886576,1
LODO_E11_POOL_TO_HUNG_SVM,Cleveland + Zurich + VA Long Beach,Hungarian,SVM,286,1,0.890799,1
LODO_E11_POOL_TO_HUNG_SVM,Cleveland + Zurich + VA Long Beach,Hungarian,SVM,287,1,0.88327,1
LODO_E11_POOL_TO_HUNG_SVM,Cleveland + Zurich + VA Long Beach,Hungarian,SVM,288,1,0.875222,1
LODO_E11_POOL_TO_HUNG_SVM,Cleveland + Zurich + VA Long Beach,Hungarian,SVM,289,1,0.554254,1
LODO_E11_POOL_TO_HUNG_SVM,Cleveland + Zurich + VA Long Beach,Hungarian,SVM,290,1,0.853552,1
LODO_E11_POOL_TO_HUNG_SVM,Cleveland + Zurich + VA Long Beach,Hungarian,SVM,291,1,0.743822,1
LODO_E11_POOL_TO_HUNG_SVM,Cleveland + Zurich + VA Long Beach,Hungarian,SVM,292,1,0.879632,1
LODO_E12_POOL_TO_HUNG_XGBoost,Cleveland + Zurich + VA Long Beach,Hungarian,XGBoost,0,0,0.086749,0
LODO_E12_POOL_TO_HUNG_XGBoost,Cleveland + Zurich + VA Long Beach,Hungarian,XGBoost,1,0,0.127858,0
LODO_E12_POOL_TO_HUNG_XGBoost,Cleveland + Zurich + VA Long Beach,Hungarian,XGBoost,2,0,0.097433,0
LODO_E12_POOL_TO_HUNG_XGBoost,Cleveland + Zurich + VA Long Beach,Hungarian,XGBoost,3,0,0.136447,0
LODO_E12_POOL_TO_HUNG_XGBoost,Cleveland + Zurich + VA Long Beach,Hungarian,XGBoost,4,0,0.101588,0
LODO_E12_POOL_TO_HUNG_XGBoost,Cleveland + Zurich + VA Long Beach,Hungarian,XGBoost,5,0,0.067285,0
LODO_E12_POOL_TO_HUNG_XGBoost,Cleveland + Zurich + VA Long Beach,Hungarian,XGBoost,6,0,0.098447,0
LODO_E12_POOL_TO_HUNG_XGBoost,Cleveland + Zurich + VA Long Beach,Hungarian,XGBoost,7,0,0.141584,0
LODO_E12_POOL_TO_HUNG_XGBoost,Cleveland + Zurich + VA Long Beach,Hungarian,XGBoost,8,0,0.107406,0
LODO_E12_POOL_TO_HUNG_XGBoost,Cleveland + Zurich + VA Long Beach,Hungarian,XGBoost,9,0,0.063005,0
LODO_E12_POOL_TO_HUNG_XGBoost,Cleveland + Zurich + VA Long Beach,Hungarian,XGBoost,10,0,0.097433,0
LODO_E12_POOL_TO_HUNG_XGBoost,Cleveland + Zurich + VA Long Beach,Hungarian,XGBoost,11,0,0.217123,0
LODO_E12_POOL_TO_HUNG_XGBoost,Cleveland + Zurich + VA Long Beach,Hungarian,XGBoost,12,0,0.076596,0
LODO_E12_POOL_TO_HUNG_XGBoost,Cleveland + Zurich + VA Long Beach,Hungarian,XGBoost,13,0,0.514571,1
LODO_E12_POOL_TO_HUNG_XGBoost,Cleveland + Zurich + VA Long Beach,Hungarian,XGBoost,14,0,0.080009,0
LODO_E12_POOL_TO_HUNG_XGBoost,Cleveland + Zurich + VA Long Beach,Hungarian,XGBoost,15,0,0.097433,0
LODO_E12_POOL_TO_HUNG_XGBoost,Cleveland + Zurich + VA Long Beach,Hungarian,XGBoost,16,0,0.081964,0
LODO_E12_POOL_TO_HUNG_XGBoost,Cleveland + Zurich + VA Long Beach,Hungarian,XGBoost,17,0,0.131381,0
LODO_E12_POOL_TO_HUNG_XGBoost,Cleveland + Zurich + VA Long Beach,Hungarian,XGBoost,18,0,0.067689,0
LODO_E12_POOL_TO_HUNG_XGBoost,Cleveland + Zurich + VA Long Beach,Hungarian,XGBoost,19,0,0.091495,0
LODO_E12_POOL_TO_HUNG_XGBoost,Cleveland + Zurich + VA Long Beach,Hungarian,XGBoost,20,0,0.207858,0
LODO_E12_POOL_TO_HUNG_XGBoost,Cleveland + Zurich + VA Long Beach,Hungarian,XGBoost,21,0,0.125023,0
LODO_E12_POOL_TO_HUNG_XGBoost,Cleveland + Zurich + VA Long Beach,Hungarian,XGBoost,22,0,0.235691,0
LODO_E12_POOL_TO_HUNG_XGBoost,Cleveland + Zurich + VA Long Beach,Hungarian,XGBoost,23,0,0.501159,1
LODO_E12_POOL_TO_HUNG_XGBoost,Cleveland + Zurich + VA Long Beach,Hungarian,XGBoost,24,0,0.168186,0
LODO_E12_POOL_TO_HUNG_XGBoost,Cleveland + Zurich + VA Long Beach,Hungarian,XGBoost,25,0,0.691961,1
LODO_E12_POOL_TO_HUNG_XGBoost,Cleveland + Zurich + VA Long Beach,Hungarian,XGBoost,26,0,0.723175,1
LODO_E12_POOL_TO_HUNG_XGBoost,Cleveland + Zurich + VA Long Beach,Hungarian,XGBoost,27,0,0.207858,0
LODO_E12_POOL_TO_HUNG_XGBoost,Cleveland + Zurich + VA Long Beach,Hungarian,XGBoost,28,0,0.231507,0
LODO_E12_POOL_TO_HUNG_XGBoost,Cleveland + Zurich + VA Long Beach,Hungarian,XGBoost,29,0,0.578579,1
LODO_E12_POOL_TO_HUNG_XGBoost,Cleveland + Zurich + VA Long Beach,Hungarian,XGBoost,30,0,0.060009,0
LODO_E12_POOL_TO_HUNG_XGBoost,Cleveland + Zurich + VA Long Beach,Hungarian,XGBoost,31,0,0.388744,0
LODO_E12_POOL_TO_HUNG_XGBoost,Cleveland + Zurich + VA Long Beach,Hungarian,XGBoost,32,0,0.227476,0
LODO_E12_POOL_TO_HUNG_XGBoost,Cleveland + Zurich + VA Long Beach,Hungarian,XGBoost,33,0,0.312529,0
LODO_E12_POOL_TO_HUNG_XGBoost,Cleveland + Zurich + VA Long Beach,Hungarian,XGBoost,34,0,0.477998,0
LODO_E12_POOL_TO_HUNG_XGBoost,Cleveland + Zurich + VA Long Beach,Hungarian,XGBoost,35,0,0.685177,1
LODO_E12_POOL_TO_HUNG_XGBoost,Cleveland + Zurich + VA Long Beach,Hungarian,XGBoost,36,0,0.111978,0
LODO_E12_POOL_TO_HUNG_XGBoost,Cleveland + Zurich + VA Long Beach,Hungarian,XGBoost,37,0,0.184276,0
LODO_E12_POOL_TO_HUNG_XGBoost,Cleveland + Zurich + VA Long Beach,Hungarian,XGBoost,38,0,0.858787,1
LODO_E12_POOL_TO_HUNG_XGBoost,Cleveland + Zurich + VA Long Beach,Hungarian,XGBoost,39,0,0.813299,1
LODO_E12_POOL_TO_HUNG_XGBoost,Cleveland + Zurich + VA Long Beach,Hungarian,XGBoost,40,0,0.164862,0
LODO_E12_POOL_TO_HUNG_XGBoost,Cleveland + Zurich + VA Long Beach,Hungarian,XGBoost,41,0,0.093229,0
LODO_E12_POOL_TO_HUNG_XGBoost,Cleveland + Zurich + VA Long Beach,Hungarian,XGBoost,42,0,0.321736,0
LODO_E12_POOL_TO_HUNG_XGBoost,Cleveland + Zurich + VA Long Beach,Hungarian,XGBoost,43,0,0.089952,0
LODO_E12_POOL_TO_HUNG_XGBoost,Cleveland + Zurich + VA Long Beach,Hungarian,XGBoost,44,0,0.073357,0
LODO_E12_POOL_TO_HUNG_XGBoost,Cleveland + Zurich + VA Long Beach,Hungarian,XGBoost,45,0,0.097354,0
LODO_E12_POOL_TO_HUNG_XGBoost,Cleveland + Zurich + VA Long Beach,Hungarian,XGBoost,46,0,0.043865,0
LODO_E12_POOL_TO_HUNG_XGBoost,Cleveland + Zurich + VA Long Beach,Hungarian,XGBoost,47,0,0.060387,0
LODO_E12_POOL_TO_HUNG_XGBoost,Cleveland + Zurich + VA Long Beach,Hungarian,XGBoost,48,0,0.086128,0
LODO_E12_POOL_TO_HUNG_XGBoost,Cleveland + Zurich + VA Long Beach,Hungarian,XGBoost,49,0,0.076625,0
LODO_E12_POOL_TO_HUNG_XGBoost,Cleveland + Zurich + VA Long Beach,Hungarian,XGBoost,50,0,0.177936,0
LODO_E12_POOL_TO_HUNG_XGBoost,Cleveland + Zurich + VA Long Beach,Hungarian,XGBoost,51,0,0.66923,1
LODO_E12_POOL_TO_HUNG_XGBoost,Cleveland + Zurich + VA Long Beach,Hungarian,XGBoost,52,0,0.100421,0
LODO_E12_POOL_TO_HUNG_XGBoost,Cleveland + Zurich + VA Long Beach,Hungarian,XGBoost,53,0,0.177436,0
LODO_E12_POOL_TO_HUNG_XGBoost,Cleveland + Zurich + VA Long Beach,Hungarian,XGBoost,54,0,0.102987,0
LODO_E12_POOL_TO_HUNG_XGBoost,Cleveland + Zurich + VA Long Beach,Hungarian,XGBoost,55,0,0.266976,0
LODO_E12_POOL_TO_HUNG_XGBoost,Cleveland + Zurich + VA Long Beach,Hungarian,XGBoost,56,0,0.129446,0
LODO_E12_POOL_TO_HUNG_XGBoost,Cleveland + Zurich + VA Long Beach,Hungarian,XGBoost,57,0,0.223141,0
LODO_E12_POOL_TO_HUNG_XGBoost,Cleveland + Zurich + VA Long Beach,Hungarian,XGBoost,58,0,0.482084,0
LODO_E12_POOL_TO_HUNG_XGBoost,Cleveland + Zurich + VA Long Beach,Hungarian,XGBoost,59,0,0.094032,0
LODO_E12_POOL_TO_HUNG_XGBoost,Cleveland + Zurich + VA Long Beach,Hungarian,XGBoost,60,0,0.040289,0
LODO_E12_POOL_TO_HUNG_XGBoost,Cleveland + Zurich + VA Long Beach,Hungarian,XGBoost,61,0,0.048295,0
LODO_E12_POOL_TO_HUNG_XGBoost,Cleveland + Zurich + VA Long Beach,Hungarian,XGBoost,62,0,0.051985,0
LODO_E12_POOL_TO_HUNG_XGBoost,Cleveland + Zurich + VA Long Beach,Hungarian,XGBoost,63,0,0.137098,0
LODO_E12_POOL_TO_HUNG_XGBoost,Cleveland + Zurich + VA Long Beach,Hungarian,XGBoost,64,0,0.085096,0
LODO_E12_POOL_TO_HUNG_XGBoost,Cleveland + Zurich + VA Long Beach,Hungarian,XGBoost,65,0,0.061312,0
LODO_E12_POOL_TO_HUNG_XGBoost,Cleveland + Zurich + VA Long Beach,Hungarian,XGBoost,66,0,0.206789,0
LODO_E12_POOL_TO_HUNG_XGBoost,Cleveland + Zurich + VA Long Beach,Hungarian,XGBoost,67,0,0.397104,0
LODO_E12_POOL_TO_HUNG_XGBoost,Cleveland + Zurich + VA Long Beach,Hungarian,XGBoost,68,0,0.229845,0
LODO_E12_POOL_TO_HUNG_XGBoost,Cleveland + Zurich + VA Long Beach,Hungarian,XGBoost,69,0,0.268353,0
LODO_E12_POOL_TO_HUNG_XGBoost,Cleveland + Zurich + VA Long Beach,Hungarian,XGBoost,70,0,0.482084,0
LODO_E12_POOL_TO_HUNG_XGBoost,Cleveland + Zurich + VA Long Beach,Hungarian,XGBoost,71,0,0.04423,0
LODO_E12_POOL_TO_HUNG_XGBoost,Cleveland + Zurich + VA Long Beach,Hungarian,XGBoost,72,0,0.13847,0
LODO_E12_POOL_TO_HUNG_XGBoost,Cleveland + Zurich + VA Long Beach,Hungarian,XGBoost,73,0,0.356889,0
LODO_E12_POOL_TO_HUNG_XGBoost,Cleveland + Zurich + VA Long Beach,Hungarian,XGBoost,74,0,0.515513,1
LODO_E12_POOL_TO_HUNG_XGBoost,Cleveland + Zurich + VA Long Beach,Hungarian,XGBoost,75,0,0.513798,1
LODO_E12_POOL_TO_HUNG_XGBoost,Cleveland + Zurich + VA Long Beach,Hungarian,XGBoost,76,0,0.706134,1
LODO_E12_POOL_TO_HUNG_XGBoost,Cleveland + Zurich + VA Long Beach,Hungarian,XGBoost,77,0,0.64662,1
LODO_E12_POOL_TO_HUNG_XGBoost,Cleveland + Zurich + VA Long Beach,Hungarian,XGBoost,78,0,0.570139,1
LODO_E12_POOL_TO_HUNG_XGBoost,Cleveland + Zurich + VA Long Beach,Hungarian,XGBoost,79,0,0.218275,0
LODO_E12_POOL_TO_HUNG_XGBoost,Cleveland + Zurich + VA Long Beach,Hungarian,XGBoost,80,0,0.342529,0
LODO_E12_POOL_TO_HUNG_XGBoost,Cleveland + Zurich + VA Long Beach,Hungarian,XGBoost,81,0,0.68547,1
LODO_E12_POOL_TO_HUNG_XGBoost,Cleveland + Zurich + VA Long Beach,Hungarian,XGBoost,82,0,0.898497,1
LODO_E12_POOL_TO_HUNG_XGBoost,Cleveland + Zurich + VA Long Beach,Hungarian,XGBoost,83,0,0.744067,1
LODO_E12_POOL_TO_HUNG_XGBoost,Cleveland + Zurich + VA Long Beach,Hungarian,XGBoost,84,0,0.839493,1
LODO_E12_POOL_TO_HUNG_XGBoost,Cleveland + Zurich + VA Long Beach,Hungarian,XGBoost,85,0,0.153899,0
LODO_E12_POOL_TO_HUNG_XGBoost,Cleveland + Zurich + VA Long Beach,Hungarian,XGBoost,86,0,0.306363,0
LODO_E12_POOL_TO_HUNG_XGBoost,Cleveland + Zurich + VA Long Beach,Hungarian,XGBoost,87,0,0.275808,0
LODO_E12_POOL_TO_HUNG_XGBoost,Cleveland + Zurich + VA Long Beach,Hungarian,XGBoost,88,0,0.221029,0
LODO_E12_POOL_TO_HUNG_XGBoost,Cleveland + Zurich + VA Long Beach,Hungarian,XGBoost,89,0,0.921038,1
LODO_E12_POOL_TO_HUNG_XGBoost,Cleveland + Zurich + VA Long Beach,Hungarian,XGBoost,90,0,0.264295,0
LODO_E12_POOL_TO_HUNG_XGBoost,Cleveland + Zurich + VA Long Beach,Hungarian,XGBoost,91,0,0.181251,0
LODO_E12_POOL_TO_HUNG_XGBoost,Cleveland + Zurich + VA Long Beach,Hungarian,XGBoost,92,0,0.219469,0
LODO_E12_POOL_TO_HUNG_XGBoost,Cleveland + Zurich + VA Long Beach,Hungarian,XGBoost,93,0,0.158123,0
LODO_E12_POOL_TO_HUNG_XGBoost,Cleveland + Zurich + VA Long Beach,Hungarian,XGBoost,94,0,0.479211,0
LODO_E12_POOL_TO_HUNG_XGBoost,Cleveland + Zurich + VA Long Beach,Hungarian,XGBoost,95,0,0.528341,1
LODO_E12_POOL_TO_HUNG_XGBoost,Cleveland + Zurich + VA Long Beach,Hungarian,XGBoost,96,0,0.896029,1
LODO_E12_POOL_TO_HUNG_XGBoost,Cleveland + Zurich + VA Long Beach,Hungarian,XGBoost,97,0,0.70357,1
LODO_E12_POOL_TO_HUNG_XGBoost,Cleveland + Zurich + VA Long Beach,Hungarian,XGBoost,98,0,0.158516,0
LODO_E12_POOL_TO_HUNG_XGBoost,Cleveland + Zurich + VA Long Beach,Hungarian,XGBoost,99,0,0.64354,1
LODO_E12_POOL_TO_HUNG_XGBoost,Cleveland + Zurich + VA Long Beach,Hungarian,XGBoost,100,0,0.380096,0
LODO_E12_POOL_TO_HUNG_XGBoost,Cleveland + Zurich + VA Long Beach,Hungarian,XGBoost,101,0,0.066443,0
LODO_E12_POOL_TO_HUNG_XGBoost,Cleveland + Zurich + VA Long Beach,Hungarian,XGBoost,102,0,0.064021,0
LODO_E12_POOL_TO_HUNG_XGBoost,Cleveland + Zurich + VA Long Beach,Hungarian,XGBoost,103,0,0.157795,0
LODO_E12_POOL_TO_HUNG_XGBoost,Cleveland + Zurich + VA Long Beach,Hungarian,XGBoost,104,0,0.234695,0
LODO_E12_POOL_TO_HUNG_XGBoost,Cleveland + Zurich + VA Long Beach,Hungarian,XGBoost,105,0,0.147907,0
LODO_E12_POOL_TO_HUNG_XGBoost,Cleveland + Zurich + VA Long Beach,Hungarian,XGBoost,106,0,0.866933,1
LODO_E12_POOL_TO_HUNG_XGBoost,Cleveland + Zurich + VA Long Beach,Hungarian,XGBoost,107,0,0.814016,1
LODO_E12_POOL_TO_HUNG_XGBoost,Cleveland + Zurich + VA Long Beach,Hungarian,XGBoost,108,0,0.10843,0
LODO_E12_POOL_TO_HUNG_XGBoost,Cleveland + Zurich + VA Long Beach,Hungarian,XGBoost,109,0,0.834953,1
LODO_E12_POOL_TO_HUNG_XGBoost,Cleveland + Zurich + VA Long Beach,Hungarian,XGBoost,110,0,0.175367,0
LODO_E12_POOL_TO_HUNG_XGBoost,Cleveland + Zurich + VA Long Beach,Hungarian,XGBoost,111,0,0.152421,0
LODO_E12_POOL_TO_HUNG_XGBoost,Cleveland + Zurich + VA Long Beach,Hungarian,XGBoost,112,0,0.738894,1
LODO_E12_POOL_TO_HUNG_XGBoost,Cleveland + Zurich + VA Long Beach,Hungarian,XGBoost,113,0,0.80786,1
LODO_E12_POOL_TO_HUNG_XGBoost,Cleveland + Zurich + VA Long Beach,Hungarian,XGBoost,114,0,0.884503,1
LODO_E12_POOL_TO_HUNG_XGBoost,Cleveland + Zurich + VA Long Beach,Hungarian,XGBoost,115,0,0.146009,0
LODO_E12_POOL_TO_HUNG_XGBoost,Cleveland + Zurich + VA Long Beach,Hungarian,XGBoost,116,0,0.196967,0
LODO_E12_POOL_TO_HUNG_XGBoost,Cleveland + Zurich + VA Long Beach,Hungarian,XGBoost,117,0,0.141843,0
LODO_E12_POOL_TO_HUNG_XGBoost,Cleveland + Zurich + VA Long Beach,Hungarian,XGBoost,118,0,0.209252,0
LODO_E12_POOL_TO_HUNG_XGBoost,Cleveland + Zurich + VA Long Beach,Hungarian,XGBoost,119,0,0.331179,0
LODO_E12_POOL_TO_HUNG_XGBoost,Cleveland + Zurich + VA Long Beach,Hungarian,XGBoost,120,0,0.273078,0
LODO_E12_POOL_TO_HUNG_XGBoost,Cleveland + Zurich + VA Long Beach,Hungarian,XGBoost,121,0,0.795926,1
LODO_E12_POOL_TO_HUNG_XGBoost,Cleveland + Zurich + VA Long Beach,Hungarian,XGBoost,122,0,0.13329,0
LODO_E12_POOL_TO_HUNG_XGBoost,Cleveland + Zurich + VA Long Beach,Hungarian,XGBoost,123,0,0.150928,0
LODO_E12_POOL_TO_HUNG_XGBoost,Cleveland + Zurich + VA Long Beach,Hungarian,XGBoost,124,0,0.155874,0
LODO_E12_POOL_TO_HUNG_XGBoost,Cleveland + Zurich + VA Long Beach,Hungarian,XGBoost,125,0,0.752319,1
LODO_E12_POOL_TO_HUNG_XGBoost,Cleveland + Zurich + VA Long Beach,Hungarian,XGBoost,126,0,0.646063,1
LODO_E12_POOL_TO_HUNG_XGBoost,Cleveland + Zurich + VA Long Beach,Hungarian,XGBoost,127,0,0.469555,0
LODO_E12_POOL_TO_HUNG_XGBoost,Cleveland + Zurich + VA Long Beach,Hungarian,XGBoost,128,0,0.225584,0
LODO_E12_POOL_TO_HUNG_XGBoost,Cleveland + Zurich + VA Long Beach,Hungarian,XGBoost,129,0,0.146873,0
LODO_E12_POOL_TO_HUNG_XGBoost,Cleveland + Zurich + VA Long Beach,Hungarian,XGBoost,130,0,0.202727,0
LODO_E12_POOL_TO_HUNG_XGBoost,Cleveland + Zurich + VA Long Beach,Hungarian,XGBoost,131,0,0.338199,0
LODO_E12_POOL_TO_HUNG_XGBoost,Cleveland + Zurich + VA Long Beach,Hungarian,XGBoost,132,0,0.19187,0
LODO_E12_POOL_TO_HUNG_XGBoost,Cleveland + Zurich + VA Long Beach,Hungarian,XGBoost,133,0,0.645082,1
LODO_E12_POOL_TO_HUNG_XGBoost,Cleveland + Zurich + VA Long Beach,Hungarian,XGBoost,134,0,0.168276,0
LODO_E12_POOL_TO_HUNG_XGBoost,Cleveland + Zurich + VA Long Beach,Hungarian,XGBoost,135,0,0.443973,0
LODO_E12_POOL_TO_HUNG_XGBoost,Cleveland + Zurich + VA Long Beach,Hungarian,XGBoost,136,0,0.960603,1
LODO_E12_POOL_TO_HUNG_XGBoost,Cleveland + Zurich + VA Long Beach,Hungarian,XGBoost,137,0,0.672617,1
LODO_E12_POOL_TO_HUNG_XGBoost,Cleveland + Zurich + VA Long Beach,Hungarian,XGBoost,138,0,0.671519,1
LODO_E12_POOL_TO_HUNG_XGBoost,Cleveland + Zurich + VA Long Beach,Hungarian,XGBoost,139,0,0.13115,0
LODO_E12_POOL_TO_HUNG_XGBoost,Cleveland + Zurich + VA Long Beach,Hungarian,XGBoost,140,0,0.22452,0
LODO_E12_POOL_TO_HUNG_XGBoost,Cleveland + Zurich + VA Long Beach,Hungarian,XGBoost,141,0,0.152137,0
LODO_E12_POOL_TO_HUNG_XGBoost,Cleveland + Zurich + VA Long Beach,Hungarian,XGBoost,142,0,0.110544,0
LODO_E12_POOL_TO_HUNG_XGBoost,Cleveland + Zurich + VA Long Beach,Hungarian,XGBoost,143,0,0.164581,0
LODO_E12_POOL_TO_HUNG_XGBoost,Cleveland + Zurich + VA Long Beach,Hungarian,XGBoost,144,0,0.311664,0
LODO_E12_POOL_TO_HUNG_XGBoost,Cleveland + Zurich + VA Long Beach,Hungarian,XGBoost,145,0,0.403568,0
LODO_E12_POOL_TO_HUNG_XGBoost,Cleveland + Zurich + VA Long Beach,Hungarian,XGBoost,146,0,0.624236,1
LODO_E12_POOL_TO_HUNG_XGBoost,Cleveland + Zurich + VA Long Beach,Hungarian,XGBoost,147,0,0.426714,0
LODO_E12_POOL_TO_HUNG_XGBoost,Cleveland + Zurich + VA Long Beach,Hungarian,XGBoost,148,0,0.24984,0
LODO_E12_POOL_TO_HUNG_XGBoost,Cleveland + Zurich + VA Long Beach,Hungarian,XGBoost,149,0,0.700568,1
LODO_E12_POOL_TO_HUNG_XGBoost,Cleveland + Zurich + VA Long Beach,Hungarian,XGBoost,150,0,0.56275,1
LODO_E12_POOL_TO_HUNG_XGBoost,Cleveland + Zurich + VA Long Beach,Hungarian,XGBoost,151,0,0.230284,0
LODO_E12_POOL_TO_HUNG_XGBoost,Cleveland + Zurich + VA Long Beach,Hungarian,XGBoost,152,0,0.468688,0
LODO_E12_POOL_TO_HUNG_XGBoost,Cleveland + Zurich + VA Long Beach,Hungarian,XGBoost,153,0,0.69884,1
LODO_E12_POOL_TO_HUNG_XGBoost,Cleveland + Zurich + VA Long Beach,Hungarian,XGBoost,154,0,0.745306,1
LODO_E12_POOL_TO_HUNG_XGBoost,Cleveland + Zurich + VA Long Beach,Hungarian,XGBoost,155,0,0.074679,0
LODO_E12_POOL_TO_HUNG_XGBoost,Cleveland + Zurich + VA Long Beach,Hungarian,XGBoost,156,0,0.122925,0
LODO_E12_POOL_TO_HUNG_XGBoost,Cleveland + Zurich + VA Long Beach,Hungarian,XGBoost,157,0,0.146059,0
LODO_E12_POOL_TO_HUNG_XGBoost,Cleveland + Zurich + VA Long Beach,Hungarian,XGBoost,158,0,0.455924,0
LODO_E12_POOL_TO_HUNG_XGBoost,Cleveland + Zurich + VA Long Beach,Hungarian,XGBoost,159,0,0.257913,0
LODO_E12_POOL_TO_HUNG_XGBoost,Cleveland + Zurich + VA Long Beach,Hungarian,XGBoost,160,0,0.266755,0
LODO_E12_POOL_TO_HUNG_XGBoost,Cleveland + Zurich + VA Long Beach,Hungarian,XGBoost,161,0,0.193,0
LODO_E12_POOL_TO_HUNG_XGBoost,Cleveland + Zurich + VA Long Beach,Hungarian,XGBoost,162,0,0.629974,1
LODO_E12_POOL_TO_HUNG_XGBoost,Cleveland + Zurich + VA Long Beach,Hungarian,XGBoost,163,0,0.768775,1
LODO_E12_POOL_TO_HUNG_XGBoost,Cleveland + Zurich + VA Long Beach,Hungarian,XGBoost,164,0,0.90335,1
LODO_E12_POOL_TO_HUNG_XGBoost,Cleveland + Zurich + VA Long Beach,Hungarian,XGBoost,165,0,0.077777,0
LODO_E12_POOL_TO_HUNG_XGBoost,Cleveland + Zurich + VA Long Beach,Hungarian,XGBoost,166,0,0.66805,1
LODO_E12_POOL_TO_HUNG_XGBoost,Cleveland + Zurich + VA Long Beach,Hungarian,XGBoost,167,0,0.638149,1
LODO_E12_POOL_TO_HUNG_XGBoost,Cleveland + Zurich + VA Long Beach,Hungarian,XGBoost,168,0,0.581761,1
LODO_E12_POOL_TO_HUNG_XGBoost,Cleveland + Zurich + VA Long Beach,Hungarian,XGBoost,169,0,0.769738,1
LODO_E12_POOL_TO_HUNG_XGBoost,Cleveland + Zurich + VA Long Beach,Hungarian,XGBoost,170,0,0.28277,0
LODO_E12_POOL_TO_HUNG_XGBoost,Cleveland + Zurich + VA Long Beach,Hungarian,XGBoost,171,0,0.902538,1
LODO_E12_POOL_TO_HUNG_XGBoost,Cleveland + Zurich + VA Long Beach,Hungarian,XGBoost,172,0,0.561898,1
LODO_E12_POOL_TO_HUNG_XGBoost,Cleveland + Zurich + VA Long Beach,Hungarian,XGBoost,173,0,0.414412,0
LODO_E12_POOL_TO_HUNG_XGBoost,Cleveland + Zurich + VA Long Beach,Hungarian,XGBoost,174,0,0.68839,1
LODO_E12_POOL_TO_HUNG_XGBoost,Cleveland + Zurich + VA Long Beach,Hungarian,XGBoost,175,0,0.29359,0
LODO_E12_POOL_TO_HUNG_XGBoost,Cleveland + Zurich + VA Long Beach,Hungarian,XGBoost,176,0,0.835893,1
LODO_E12_POOL_TO_HUNG_XGBoost,Cleveland + Zurich + VA Long Beach,Hungarian,XGBoost,177,0,0.231684,0
LODO_E12_POOL_TO_HUNG_XGBoost,Cleveland + Zurich + VA Long Beach,Hungarian,XGBoost,178,0,0.431871,0
LODO_E12_POOL_TO_HUNG_XGBoost,Cleveland + Zurich + VA Long Beach,Hungarian,XGBoost,179,0,0.743187,1
LODO_E12_POOL_TO_HUNG_XGBoost,Cleveland + Zurich + VA Long Beach,Hungarian,XGBoost,180,0,0.842753,1
LODO_E12_POOL_TO_HUNG_XGBoost,Cleveland + Zurich + VA Long Beach,Hungarian,XGBoost,181,0,0.784073,1
LODO_E12_POOL_TO_HUNG_XGBoost,Cleveland + Zurich + VA Long Beach,Hungarian,XGBoost,182,0,0.549492,1
LODO_E12_POOL_TO_HUNG_XGBoost,Cleveland + Zurich + VA Long Beach,Hungarian,XGBoost,183,0,0.818233,1
LODO_E12_POOL_TO_HUNG_XGBoost,Cleveland + Zurich + VA Long Beach,Hungarian,XGBoost,184,0,0.899196,1
LODO_E12_POOL_TO_HUNG_XGBoost,Cleveland + Zurich + VA Long Beach,Hungarian,XGBoost,185,0,0.445219,0
LODO_E12_POOL_TO_HUNG_XGBoost,Cleveland + Zurich + VA Long Beach,Hungarian,XGBoost,186,0,0.237868,0
LODO_E12_POOL_TO_HUNG_XGBoost,Cleveland + Zurich + VA Long Beach,Hungarian,XGBoost,187,1,0.856212,1
LODO_E12_POOL_TO_HUNG_XGBoost,Cleveland + Zurich + VA Long Beach,Hungarian,XGBoost,188,1,0.707758,1
LODO_E12_POOL_TO_HUNG_XGBoost,Cleveland + Zurich + VA Long Beach,Hungarian,XGBoost,189,1,0.074888,0
LODO_E12_POOL_TO_HUNG_XGBoost,Cleveland + Zurich + VA Long Beach,Hungarian,XGBoost,190,1,0.390045,0
LODO_E12_POOL_TO_HUNG_XGBoost,Cleveland + Zurich + VA Long Beach,Hungarian,XGBoost,191,1,0.560258,1
LODO_E12_POOL_TO_HUNG_XGBoost,Cleveland + Zurich + VA Long Beach,Hungarian,XGBoost,192,1,0.928811,1
LODO_E12_POOL_TO_HUNG_XGBoost,Cleveland + Zurich + VA Long Beach,Hungarian,XGBoost,193,1,0.762317,1
LODO_E12_POOL_TO_HUNG_XGBoost,Cleveland + Zurich + VA Long Beach,Hungarian,XGBoost,194,1,0.706261,1
LODO_E12_POOL_TO_HUNG_XGBoost,Cleveland + Zurich + VA Long Beach,Hungarian,XGBoost,195,1,0.95121,1
LODO_E12_POOL_TO_HUNG_XGBoost,Cleveland + Zurich + VA Long Beach,Hungarian,XGBoost,196,1,0.832461,1
LODO_E12_POOL_TO_HUNG_XGBoost,Cleveland + Zurich + VA Long Beach,Hungarian,XGBoost,197,1,0.576184,1
LODO_E12_POOL_TO_HUNG_XGBoost,Cleveland + Zurich + VA Long Beach,Hungarian,XGBoost,198,1,0.866419,1
LODO_E12_POOL_TO_HUNG_XGBoost,Cleveland + Zurich + VA Long Beach,Hungarian,XGBoost,199,1,0.873722,1
LODO_E12_POOL_TO_HUNG_XGBoost,Cleveland + Zurich + VA Long Beach,Hungarian,XGBoost,200,1,0.803131,1
LODO_E12_POOL_TO_HUNG_XGBoost,Cleveland + Zurich + VA Long Beach,Hungarian,XGBoost,201,1,0.815614,1
LODO_E12_POOL_TO_HUNG_XGBoost,Cleveland + Zurich + VA Long Beach,Hungarian,XGBoost,202,1,0.929476,1
LODO_E12_POOL_TO_HUNG_XGBoost,Cleveland + Zurich + VA Long Beach,Hungarian,XGBoost,203,1,0.488851,0
LODO_E12_POOL_TO_HUNG_XGBoost,Cleveland + Zurich + VA Long Beach,Hungarian,XGBoost,204,1,0.931951,1
LODO_E12_POOL_TO_HUNG_XGBoost,Cleveland + Zurich + VA Long Beach,Hungarian,XGBoost,205,1,0.835334,1
LODO_E12_POOL_TO_HUNG_XGBoost,Cleveland + Zurich + VA Long Beach,Hungarian,XGBoost,206,1,0.910423,1
LODO_E12_POOL_TO_HUNG_XGBoost,Cleveland + Zurich + VA Long Beach,Hungarian,XGBoost,207,1,0.936371,1
LODO_E12_POOL_TO_HUNG_XGBoost,Cleveland + Zurich + VA Long Beach,Hungarian,XGBoost,208,1,0.216862,0
LODO_E12_POOL_TO_HUNG_XGBoost,Cleveland + Zurich + VA Long Beach,Hungarian,XGBoost,209,1,0.148696,0
LODO_E12_POOL_TO_HUNG_XGBoost,Cleveland + Zurich + VA Long Beach,Hungarian,XGBoost,210,1,0.560086,1
LODO_E12_POOL_TO_HUNG_XGBoost,Cleveland + Zurich + VA Long Beach,Hungarian,XGBoost,211,1,0.326159,0
LODO_E12_POOL_TO_HUNG_XGBoost,Cleveland + Zurich + VA Long Beach,Hungarian,XGBoost,212,1,0.7087,1
LODO_E12_POOL_TO_HUNG_XGBoost,Cleveland + Zurich + VA Long Beach,Hungarian,XGBoost,213,1,0.818758,1
LODO_E12_POOL_TO_HUNG_XGBoost,Cleveland + Zurich + VA Long Beach,Hungarian,XGBoost,214,1,0.920448,1
LODO_E12_POOL_TO_HUNG_XGBoost,Cleveland + Zurich + VA Long Beach,Hungarian,XGBoost,215,1,0.794464,1
LODO_E12_POOL_TO_HUNG_XGBoost,Cleveland + Zurich + VA Long Beach,Hungarian,XGBoost,216,1,0.900291,1
LODO_E12_POOL_TO_HUNG_XGBoost,Cleveland + Zurich + VA Long Beach,Hungarian,XGBoost,217,1,0.96946,1
LODO_E12_POOL_TO_HUNG_XGBoost,Cleveland + Zurich + VA Long Beach,Hungarian,XGBoost,218,1,0.453949,0
LODO_E12_POOL_TO_HUNG_XGBoost,Cleveland + Zurich + VA Long Beach,Hungarian,XGBoost,219,1,0.503658,1
LODO_E12_POOL_TO_HUNG_XGBoost,Cleveland + Zurich + VA Long Beach,Hungarian,XGBoost,220,1,0.844626,1
LODO_E12_POOL_TO_HUNG_XGBoost,Cleveland + Zurich + VA Long Beach,Hungarian,XGBoost,221,1,0.789065,1
LODO_E12_POOL_TO_HUNG_XGBoost,Cleveland + Zurich + VA Long Beach,Hungarian,XGBoost,222,1,0.817208,1
LODO_E12_POOL_TO_HUNG_XGBoost,Cleveland + Zurich + VA Long Beach,Hungarian,XGBoost,223,1,0.947873,1
LODO_E12_POOL_TO_HUNG_XGBoost,Cleveland + Zurich + VA Long Beach,Hungarian,XGBoost,224,1,0.864293,1
LODO_E12_POOL_TO_HUNG_XGBoost,Cleveland + Zurich + VA Long Beach,Hungarian,XGBoost,225,1,0.903666,1
LODO_E12_POOL_TO_HUNG_XGBoost,Cleveland + Zurich + VA Long Beach,Hungarian,XGBoost,226,1,0.796044,1
LODO_E12_POOL_TO_HUNG_XGBoost,Cleveland + Zurich + VA Long Beach,Hungarian,XGBoost,227,1,0.825524,1
LODO_E12_POOL_TO_HUNG_XGBoost,Cleveland + Zurich + VA Long Beach,Hungarian,XGBoost,228,1,0.099872,0
LODO_E12_POOL_TO_HUNG_XGBoost,Cleveland + Zurich + VA Long Beach,Hungarian,XGBoost,229,1,0.84069,1
LODO_E12_POOL_TO_HUNG_XGBoost,Cleveland + Zurich + VA Long Beach,Hungarian,XGBoost,230,1,0.899299,1
LODO_E12_POOL_TO_HUNG_XGBoost,Cleveland + Zurich + VA Long Beach,Hungarian,XGBoost,231,1,0.77099,1
LODO_E12_POOL_TO_HUNG_XGBoost,Cleveland + Zurich + VA Long Beach,Hungarian,XGBoost,232,1,0.910729,1
LODO_E12_POOL_TO_HUNG_XGBoost,Cleveland + Zurich + VA Long Beach,Hungarian,XGBoost,233,1,0.969664,1
LODO_E12_POOL_TO_HUNG_XGBoost,Cleveland + Zurich + VA Long Beach,Hungarian,XGBoost,234,1,0.938956,1
LODO_E12_POOL_TO_HUNG_XGBoost,Cleveland + Zurich + VA Long Beach,Hungarian,XGBoost,235,1,0.945968,1
LODO_E12_POOL_TO_HUNG_XGBoost,Cleveland + Zurich + VA Long Beach,Hungarian,XGBoost,236,1,0.933674,1
LODO_E12_POOL_TO_HUNG_XGBoost,Cleveland + Zurich + VA Long Beach,Hungarian,XGBoost,237,1,0.716433,1
LODO_E12_POOL_TO_HUNG_XGBoost,Cleveland + Zurich + VA Long Beach,Hungarian,XGBoost,238,1,0.916968,1
LODO_E12_POOL_TO_HUNG_XGBoost,Cleveland + Zurich + VA Long Beach,Hungarian,XGBoost,239,1,0.897627,1
LODO_E12_POOL_TO_HUNG_XGBoost,Cleveland + Zurich + VA Long Beach,Hungarian,XGBoost,240,1,0.417018,0
LODO_E12_POOL_TO_HUNG_XGBoost,Cleveland + Zurich + VA Long Beach,Hungarian,XGBoost,241,1,0.908543,1
LODO_E12_POOL_TO_HUNG_XGBoost,Cleveland + Zurich + VA Long Beach,Hungarian,XGBoost,242,1,0.93,1
LODO_E12_POOL_TO_HUNG_XGBoost,Cleveland + Zurich + VA Long Beach,Hungarian,XGBoost,243,1,0.892729,1
LODO_E12_POOL_TO_HUNG_XGBoost,Cleveland + Zurich + VA Long Beach,Hungarian,XGBoost,244,1,0.908103,1
LODO_E12_POOL_TO_HUNG_XGBoost,Cleveland + Zurich + VA Long Beach,Hungarian,XGBoost,245,1,0.906357,1
LODO_E12_POOL_TO_HUNG_XGBoost,Cleveland + Zurich + VA Long Beach,Hungarian,XGBoost,246,1,0.926714,1
LODO_E12_POOL_TO_HUNG_XGBoost,Cleveland + Zurich + VA Long Beach,Hungarian,XGBoost,247,1,0.962324,1
LODO_E12_POOL_TO_HUNG_XGBoost,Cleveland + Zurich + VA Long Beach,Hungarian,XGBoost,248,1,0.854785,1
LODO_E12_POOL_TO_HUNG_XGBoost,Cleveland + Zurich + VA Long Beach,Hungarian,XGBoost,249,1,0.906361,1
LODO_E12_POOL_TO_HUNG_XGBoost,Cleveland + Zurich + VA Long Beach,Hungarian,XGBoost,250,1,0.806518,1
LODO_E12_POOL_TO_HUNG_XGBoost,Cleveland + Zurich + VA Long Beach,Hungarian,XGBoost,251,1,0.87393,1
LODO_E12_POOL_TO_HUNG_XGBoost,Cleveland + Zurich + VA Long Beach,Hungarian,XGBoost,252,1,0.506346,1
LODO_E12_POOL_TO_HUNG_XGBoost,Cleveland + Zurich + VA Long Beach,Hungarian,XGBoost,253,1,0.884636,1
LODO_E12_POOL_TO_HUNG_XGBoost,Cleveland + Zurich + VA Long Beach,Hungarian,XGBoost,254,1,0.304689,0
LODO_E12_POOL_TO_HUNG_XGBoost,Cleveland + Zurich + VA Long Beach,Hungarian,XGBoost,255,1,0.081923,0
LODO_E12_POOL_TO_HUNG_XGBoost,Cleveland + Zurich + VA Long Beach,Hungarian,XGBoost,256,1,0.852971,1
LODO_E12_POOL_TO_HUNG_XGBoost,Cleveland + Zurich + VA Long Beach,Hungarian,XGBoost,257,1,0.913722,1
LODO_E12_POOL_TO_HUNG_XGBoost,Cleveland + Zurich + VA Long Beach,Hungarian,XGBoost,258,1,0.903931,1
LODO_E12_POOL_TO_HUNG_XGBoost,Cleveland + Zurich + VA Long Beach,Hungarian,XGBoost,259,1,0.48332,0
LODO_E12_POOL_TO_HUNG_XGBoost,Cleveland + Zurich + VA Long Beach,Hungarian,XGBoost,260,1,0.899538,1
LODO_E12_POOL_TO_HUNG_XGBoost,Cleveland + Zurich + VA Long Beach,Hungarian,XGBoost,261,1,0.906185,1
LODO_E12_POOL_TO_HUNG_XGBoost,Cleveland + Zurich + VA Long Beach,Hungarian,XGBoost,262,1,0.925985,1
LODO_E12_POOL_TO_HUNG_XGBoost,Cleveland + Zurich + VA Long Beach,Hungarian,XGBoost,263,1,0.960794,1
LODO_E12_POOL_TO_HUNG_XGBoost,Cleveland + Zurich + VA Long Beach,Hungarian,XGBoost,264,1,0.667557,1
LODO_E12_POOL_TO_HUNG_XGBoost,Cleveland + Zurich + VA Long Beach,Hungarian,XGBoost,265,1,0.905311,1
LODO_E12_POOL_TO_HUNG_XGBoost,Cleveland + Zurich + VA Long Beach,Hungarian,XGBoost,266,1,0.87034,1
LODO_E12_POOL_TO_HUNG_XGBoost,Cleveland + Zurich + VA Long Beach,Hungarian,XGBoost,267,1,0.478929,0
LODO_E12_POOL_TO_HUNG_XGBoost,Cleveland + Zurich + VA Long Beach,Hungarian,XGBoost,268,1,0.628903,1
LODO_E12_POOL_TO_HUNG_XGBoost,Cleveland + Zurich + VA Long Beach,Hungarian,XGBoost,269,1,0.940865,1
LODO_E12_POOL_TO_HUNG_XGBoost,Cleveland + Zurich + VA Long Beach,Hungarian,XGBoost,270,1,0.168192,0
LODO_E12_POOL_TO_HUNG_XGBoost,Cleveland + Zurich + VA Long Beach,Hungarian,XGBoost,271,1,0.894815,1
LODO_E12_POOL_TO_HUNG_XGBoost,Cleveland + Zurich + VA Long Beach,Hungarian,XGBoost,272,1,0.931593,1
LODO_E12_POOL_TO_HUNG_XGBoost,Cleveland + Zurich + VA Long Beach,Hungarian,XGBoost,273,1,0.842154,1
LODO_E12_POOL_TO_HUNG_XGBoost,Cleveland + Zurich + VA Long Beach,Hungarian,XGBoost,274,1,0.779738,1
LODO_E12_POOL_TO_HUNG_XGBoost,Cleveland + Zurich + VA Long Beach,Hungarian,XGBoost,275,1,0.921918,1
LODO_E12_POOL_TO_HUNG_XGBoost,Cleveland + Zurich + VA Long Beach,Hungarian,XGBoost,276,1,0.929214,1
LODO_E12_POOL_TO_HUNG_XGBoost,Cleveland + Zurich + VA Long Beach,Hungarian,XGBoost,277,1,0.922266,1
LODO_E12_POOL_TO_HUNG_XGBoost,Cleveland + Zurich + VA Long Beach,Hungarian,XGBoost,278,1,0.939113,1
LODO_E12_POOL_TO_HUNG_XGBoost,Cleveland + Zurich + VA Long Beach,Hungarian,XGBoost,279,1,0.880604,1
LODO_E12_POOL_TO_HUNG_XGBoost,Cleveland + Zurich + VA Long Beach,Hungarian,XGBoost,280,1,0.706309,1
LODO_E12_POOL_TO_HUNG_XGBoost,Cleveland + Zurich + VA Long Beach,Hungarian,XGBoost,281,1,0.875607,1
LODO_E12_POOL_TO_HUNG_XGBoost,Cleveland + Zurich + VA Long Beach,Hungarian,XGBoost,282,1,0.937454,1
LODO_E12_POOL_TO_HUNG_XGBoost,Cleveland + Zurich + VA Long Beach,Hungarian,XGBoost,283,1,0.899021,1
LODO_E12_POOL_TO_HUNG_XGBoost,Cleveland + Zurich + VA Long Beach,Hungarian,XGBoost,284,1,0.897462,1
LODO_E12_POOL_TO_HUNG_XGBoost,Cleveland + Zurich + VA Long Beach,Hungarian,XGBoost,285,1,0.960776,1
LODO_E12_POOL_TO_HUNG_XGBoost,Cleveland + Zurich + VA Long Beach,Hungarian,XGBoost,286,1,0.966327,1
LODO_E12_POOL_TO_HUNG_XGBoost,Cleveland + Zurich + VA Long Beach,Hungarian,XGBoost,287,1,0.922745,1
LODO_E12_POOL_TO_HUNG_XGBoost,Cleveland + Zurich + VA Long Beach,Hungarian,XGBoost,288,1,0.963577,1
LODO_E12_POOL_TO_HUNG_XGBoost,Cleveland + Zurich + VA Long Beach,Hungarian,XGBoost,289,1,0.424432,0
LODO_E12_POOL_TO_HUNG_XGBoost,Cleveland + Zurich + VA Long Beach,Hungarian,XGBoost,290,1,0.958762,1
LODO_E12_POOL_TO_HUNG_XGBoost,Cleveland + Zurich + VA Long Beach,Hungarian,XGBoost,291,1,0.604022,1
LODO_E12_POOL_TO_HUNG_XGBoost,Cleveland + Zurich + VA Long Beach,Hungarian,XGBoost,292,1,0.887633,1
LODO_E13_POOL_TO_CLEV_LogisticRegression,Hungarian + Zurich + VA Long Beach,Cleveland,LogisticRegression,0,0,0.515644,1
LODO_E13_POOL_TO_CLEV_LogisticRegression,Hungarian + Zurich + VA Long Beach,Cleveland,LogisticRegression,1,1,0.906605,1
LODO_E13_POOL_TO_CLEV_LogisticRegression,Hungarian + Zurich + VA Long Beach,Cleveland,LogisticRegression,2,1,0.943595,1
LODO_E13_POOL_TO_CLEV_LogisticRegression,Hungarian + Zurich + VA Long Beach,Cleveland,LogisticRegression,3,0,0.678459,1
LODO_E13_POOL_TO_CLEV_LogisticRegression,Hungarian + Zurich + VA Long Beach,Cleveland,LogisticRegression,4,0,0.046005,0
LODO_E13_POOL_TO_CLEV_LogisticRegression,Hungarian + Zurich + VA Long Beach,Cleveland,LogisticRegression,5,0,0.196076,0
LODO_E13_POOL_TO_CLEV_LogisticRegression,Hungarian + Zurich + VA Long Beach,Cleveland,LogisticRegression,6,1,0.74658,1
LODO_E13_POOL_TO_CLEV_LogisticRegression,Hungarian + Zurich + VA Long Beach,Cleveland,LogisticRegression,7,0,0.540867,1
LODO_E13_POOL_TO_CLEV_LogisticRegression,Hungarian + Zurich + VA Long Beach,Cleveland,LogisticRegression,8,1,0.713861,1
LODO_E13_POOL_TO_CLEV_LogisticRegression,Hungarian + Zurich + VA Long Beach,Cleveland,LogisticRegression,9,1,0.973032,1
LODO_E13_POOL_TO_CLEV_LogisticRegression,Hungarian + Zurich + VA Long Beach,Cleveland,LogisticRegression,10,0,0.641985,1
LODO_E13_POOL_TO_CLEV_LogisticRegression,Hungarian + Zurich + VA Long Beach,Cleveland,LogisticRegression,11,0,0.099271,0
LODO_E13_POOL_TO_CLEV_LogisticRegression,Hungarian + Zurich + VA Long Beach,Cleveland,LogisticRegression,12,1,0.80161,1
LODO_E13_POOL_TO_CLEV_LogisticRegression,Hungarian + Zurich + VA Long Beach,Cleveland,LogisticRegression,13,0,0.105564,0
LODO_E13_POOL_TO_CLEV_LogisticRegression,Hungarian + Zurich + VA Long Beach,Cleveland,LogisticRegression,14,0,0.515718,1
LODO_E13_POOL_TO_CLEV_LogisticRegression,Hungarian + Zurich + VA Long Beach,Cleveland,LogisticRegression,15,0,0.447416,0
LODO_E13_POOL_TO_CLEV_LogisticRegression,Hungarian + Zurich + VA Long Beach,Cleveland,LogisticRegression,16,1,0.30695,0
LODO_E13_POOL_TO_CLEV_LogisticRegression,Hungarian + Zurich + VA Long Beach,Cleveland,LogisticRegression,17,0,0.624835,1
LODO_E13_POOL_TO_CLEV_LogisticRegression,Hungarian + Zurich + VA Long Beach,Cleveland,LogisticRegression,18,0,0.134725,0
LODO_E13_POOL_TO_CLEV_LogisticRegression,Hungarian + Zurich + VA Long Beach,Cleveland,LogisticRegression,19,0,0.155268,0
LODO_E13_POOL_TO_CLEV_LogisticRegression,Hungarian + Zurich + VA Long Beach,Cleveland,LogisticRegression,20,0,0.423055,0
LODO_E13_POOL_TO_CLEV_LogisticRegression,Hungarian + Zurich + VA Long Beach,Cleveland,LogisticRegression,21,0,0.069973,0
LODO_E13_POOL_TO_CLEV_LogisticRegression,Hungarian + Zurich + VA Long Beach,Cleveland,LogisticRegression,22,1,0.31486,0
LODO_E13_POOL_TO_CLEV_LogisticRegression,Hungarian + Zurich + VA Long Beach,Cleveland,LogisticRegression,23,1,0.581151,1
LODO_E13_POOL_TO_CLEV_LogisticRegression,Hungarian + Zurich + VA Long Beach,Cleveland,LogisticRegression,24,1,0.919169,1
LODO_E13_POOL_TO_CLEV_LogisticRegression,Hungarian + Zurich + VA Long Beach,Cleveland,LogisticRegression,25,0,0.285176,0
LODO_E13_POOL_TO_CLEV_LogisticRegression,Hungarian + Zurich + VA Long Beach,Cleveland,LogisticRegression,26,0,0.122327,0
LODO_E13_POOL_TO_CLEV_LogisticRegression,Hungarian + Zurich + VA Long Beach,Cleveland,LogisticRegression,27,0,0.273993,0
LODO_E13_POOL_TO_CLEV_LogisticRegression,Hungarian + Zurich + VA Long Beach,Cleveland,LogisticRegression,28,0,0.547598,1
LODO_E13_POOL_TO_CLEV_LogisticRegression,Hungarian + Zurich + VA Long Beach,Cleveland,LogisticRegression,29,1,0.870548,1
LODO_E13_POOL_TO_CLEV_LogisticRegression,Hungarian + Zurich + VA Long Beach,Cleveland,LogisticRegression,30,0,0.097238,0
LODO_E13_POOL_TO_CLEV_LogisticRegression,Hungarian + Zurich + VA Long Beach,Cleveland,LogisticRegression,31,1,0.942054,1
LODO_E13_POOL_TO_CLEV_LogisticRegression,Hungarian + Zurich + VA Long Beach,Cleveland,LogisticRegression,32,1,0.342942,0
LODO_E13_POOL_TO_CLEV_LogisticRegression,Hungarian + Zurich + VA Long Beach,Cleveland,LogisticRegression,33,0,0.641877,1
LODO_E13_POOL_TO_CLEV_LogisticRegression,Hungarian + Zurich + VA Long Beach,Cleveland,LogisticRegression,34,0,0.430889,0
LODO_E13_POOL_TO_CLEV_LogisticRegression,Hungarian + Zurich + VA Long Beach,Cleveland,LogisticRegression,35,0,0.339346,0
LODO_E13_POOL_TO_CLEV_LogisticRegression,Hungarian + Zurich + VA Long Beach,Cleveland,LogisticRegression,36,1,0.896086,1
LODO_E13_POOL_TO_CLEV_LogisticRegression,Hungarian + Zurich + VA Long Beach,Cleveland,LogisticRegression,37,1,0.81803,1
LODO_E13_POOL_TO_CLEV_LogisticRegression,Hungarian + Zurich + VA Long Beach,Cleveland,LogisticRegression,38,1,0.887836,1
LODO_E13_POOL_TO_CLEV_LogisticRegression,Hungarian + Zurich + VA Long Beach,Cleveland,LogisticRegression,39,0,0.895887,1
LODO_E13_POOL_TO_CLEV_LogisticRegression,Hungarian + Zurich + VA Long Beach,Cleveland,LogisticRegression,40,1,0.481244,0
LODO_E13_POOL_TO_CLEV_LogisticRegression,Hungarian + Zurich + VA Long Beach,Cleveland,LogisticRegression,41,0,0.173096,0
LODO_E13_POOL_TO_CLEV_LogisticRegression,Hungarian + Zurich + VA Long Beach,Cleveland,LogisticRegression,42,0,0.09257,0
LODO_E13_POOL_TO_CLEV_LogisticRegression,Hungarian + Zurich + VA Long Beach,Cleveland,LogisticRegression,43,0,0.731375,1
LODO_E13_POOL_TO_CLEV_LogisticRegression,Hungarian + Zurich + VA Long Beach,Cleveland,LogisticRegression,44,1,0.183364,0
LODO_E13_POOL_TO_CLEV_LogisticRegression,Hungarian + Zurich + VA Long Beach,Cleveland,LogisticRegression,45,1,0.601801,1
LODO_E13_POOL_TO_CLEV_LogisticRegression,Hungarian + Zurich + VA Long Beach,Cleveland,LogisticRegression,46,0,0.445543,0
LODO_E13_POOL_TO_CLEV_LogisticRegression,Hungarian + Zurich + VA Long Beach,Cleveland,LogisticRegression,47,1,0.78279,1
LODO_E13_POOL_TO_CLEV_LogisticRegression,Hungarian + Zurich + VA Long Beach,Cleveland,LogisticRegression,48,0,0.32619,0
LODO_E13_POOL_TO_CLEV_LogisticRegression,Hungarian + Zurich + VA Long Beach,Cleveland,LogisticRegression,49,0,0.710293,1
LODO_E13_POOL_TO_CLEV_LogisticRegression,Hungarian + Zurich + VA Long Beach,Cleveland,LogisticRegression,50,0,0.039344,0
LODO_E13_POOL_TO_CLEV_LogisticRegression,Hungarian + Zurich + VA Long Beach,Cleveland,LogisticRegression,51,0,0.668045,1
LODO_E13_POOL_TO_CLEV_LogisticRegression,Hungarian + Zurich + VA Long Beach,Cleveland,LogisticRegression,52,1,0.340806,0
LODO_E13_POOL_TO_CLEV_LogisticRegression,Hungarian + Zurich + VA Long Beach,Cleveland,LogisticRegression,53,0,0.059102,0
LODO_E13_POOL_TO_CLEV_LogisticRegression,Hungarian + Zurich + VA Long Beach,Cleveland,LogisticRegression,54,1,0.871918,1
LODO_E13_POOL_TO_CLEV_LogisticRegression,Hungarian + Zurich + VA Long Beach,Cleveland,LogisticRegression,55,1,0.917773,1
LODO_E13_POOL_TO_CLEV_LogisticRegression,Hungarian + Zurich + VA Long Beach,Cleveland,LogisticRegression,56,1,0.376819,0
LODO_E13_POOL_TO_CLEV_LogisticRegression,Hungarian + Zurich + VA Long Beach,Cleveland,LogisticRegression,57,1,0.312096,0
LODO_E13_POOL_TO_CLEV_LogisticRegression,Hungarian + Zurich + VA Long Beach,Cleveland,LogisticRegression,58,0,0.400363,0
LODO_E13_POOL_TO_CLEV_LogisticRegression,Hungarian + Zurich + VA Long Beach,Cleveland,LogisticRegression,59,0,0.256946,0
LODO_E13_POOL_TO_CLEV_LogisticRegression,Hungarian + Zurich + VA Long Beach,Cleveland,LogisticRegression,60,1,0.683439,1
LODO_E13_POOL_TO_CLEV_LogisticRegression,Hungarian + Zurich + VA Long Beach,Cleveland,LogisticRegression,61,0,0.380853,0
LODO_E13_POOL_TO_CLEV_LogisticRegression,Hungarian + Zurich + VA Long Beach,Cleveland,LogisticRegression,62,1,0.907632,1
LODO_E13_POOL_TO_CLEV_LogisticRegression,Hungarian + Zurich + VA Long Beach,Cleveland,LogisticRegression,63,0,0.239815,0
LODO_E13_POOL_TO_CLEV_LogisticRegression,Hungarian + Zurich + VA Long Beach,Cleveland,LogisticRegression,64,1,0.814209,1
LODO_E13_POOL_TO_CLEV_LogisticRegression,Hungarian + Zurich + VA Long Beach,Cleveland,LogisticRegression,65,1,0.922412,1
LODO_E13_POOL_TO_CLEV_LogisticRegression,Hungarian + Zurich + VA Long Beach,Cleveland,LogisticRegression,66,1,0.672346,1
LODO_E13_POOL_TO_CLEV_LogisticRegression,Hungarian + Zurich + VA Long Beach,Cleveland,LogisticRegression,67,0,0.345631,0
LODO_E13_POOL_TO_CLEV_LogisticRegression,Hungarian + Zurich + VA Long Beach,Cleveland,LogisticRegression,68,1,0.95102,1
LODO_E13_POOL_TO_CLEV_LogisticRegression,Hungarian + Zurich + VA Long Beach,Cleveland,LogisticRegression,69,1,0.750268,1
LODO_E13_POOL_TO_CLEV_LogisticRegression,Hungarian + Zurich + VA Long Beach,Cleveland,LogisticRegression,70,0,0.22362,0
LODO_E13_POOL_TO_CLEV_LogisticRegression,Hungarian + Zurich + VA Long Beach,Cleveland,LogisticRegression,71,1,0.840182,1
LODO_E13_POOL_TO_CLEV_LogisticRegression,Hungarian + Zurich + VA Long Beach,Cleveland,LogisticRegression,72,1,0.95195,1
LODO_E13_POOL_TO_CLEV_LogisticRegression,Hungarian + Zurich + VA Long Beach,Cleveland,LogisticRegression,73,1,0.557656,1
LODO_E13_POOL_TO_CLEV_LogisticRegression,Hungarian + Zurich + VA Long Beach,Cleveland,LogisticRegression,74,1,0.289342,0
LODO_E13_POOL_TO_CLEV_LogisticRegression,Hungarian + Zurich + VA Long Beach,Cleveland,LogisticRegression,75,0,0.15062,0
LODO_E13_POOL_TO_CLEV_LogisticRegression,Hungarian + Zurich + VA Long Beach,Cleveland,LogisticRegression,76,1,0.929121,1
LODO_E13_POOL_TO_CLEV_LogisticRegression,Hungarian + Zurich + VA Long Beach,Cleveland,LogisticRegression,77,0,0.16993,0
LODO_E13_POOL_TO_CLEV_LogisticRegression,Hungarian + Zurich + VA Long Beach,Cleveland,LogisticRegression,78,0,0.102221,0
LODO_E13_POOL_TO_CLEV_LogisticRegression,Hungarian + Zurich + VA Long Beach,Cleveland,LogisticRegression,79,1,0.795857,1
LODO_E13_POOL_TO_CLEV_LogisticRegression,Hungarian + Zurich + VA Long Beach,Cleveland,LogisticRegression,80,0,0.905549,1
LODO_E13_POOL_TO_CLEV_LogisticRegression,Hungarian + Zurich + VA Long Beach,Cleveland,LogisticRegression,81,0,0.277325,0
LODO_E13_POOL_TO_CLEV_LogisticRegression,Hungarian + Zurich + VA Long Beach,Cleveland,LogisticRegression,82,0,0.112888,0
LODO_E13_POOL_TO_CLEV_LogisticRegression,Hungarian + Zurich + VA Long Beach,Cleveland,LogisticRegression,83,1,0.878626,1
LODO_E13_POOL_TO_CLEV_LogisticRegression,Hungarian + Zurich + VA Long Beach,Cleveland,LogisticRegression,84,0,0.143577,0
LODO_E13_POOL_TO_CLEV_LogisticRegression,Hungarian + Zurich + VA Long Beach,Cleveland,LogisticRegression,85,0,0.130716,0
LODO_E13_POOL_TO_CLEV_LogisticRegression,Hungarian + Zurich + VA Long Beach,Cleveland,LogisticRegression,86,0,0.175012,0
LODO_E13_POOL_TO_CLEV_LogisticRegression,Hungarian + Zurich + VA Long Beach,Cleveland,LogisticRegression,87,0,0.119624,0
LODO_E13_POOL_TO_CLEV_LogisticRegression,Hungarian + Zurich + VA Long Beach,Cleveland,LogisticRegression,88,0,0.158439,0
LODO_E13_POOL_TO_CLEV_LogisticRegression,Hungarian + Zurich + VA Long Beach,Cleveland,LogisticRegression,89,0,0.104558,0
LODO_E13_POOL_TO_CLEV_LogisticRegression,Hungarian + Zurich + VA Long Beach,Cleveland,LogisticRegression,90,0,0.615735,1
LODO_E13_POOL_TO_CLEV_LogisticRegression,Hungarian + Zurich + VA Long Beach,Cleveland,LogisticRegression,91,1,0.926453,1
LODO_E13_POOL_TO_CLEV_LogisticRegression,Hungarian + Zurich + VA Long Beach,Cleveland,LogisticRegression,92,0,0.669655,1
LODO_E13_POOL_TO_CLEV_LogisticRegression,Hungarian + Zurich + VA Long Beach,Cleveland,LogisticRegression,93,0,0.147999,0
LODO_E13_POOL_TO_CLEV_LogisticRegression,Hungarian + Zurich + VA Long Beach,Cleveland,LogisticRegression,94,0,0.089313,0
LODO_E13_POOL_TO_CLEV_LogisticRegression,Hungarian + Zurich + VA Long Beach,Cleveland,LogisticRegression,95,1,0.683781,1
LODO_E13_POOL_TO_CLEV_LogisticRegression,Hungarian + Zurich + VA Long Beach,Cleveland,LogisticRegression,96,1,0.851515,1
LODO_E13_POOL_TO_CLEV_LogisticRegression,Hungarian + Zurich + VA Long Beach,Cleveland,LogisticRegression,97,1,0.54678,1
LODO_E13_POOL_TO_CLEV_LogisticRegression,Hungarian + Zurich + VA Long Beach,Cleveland,LogisticRegression,98,0,0.200551,0
LODO_E13_POOL_TO_CLEV_LogisticRegression,Hungarian + Zurich + VA Long Beach,Cleveland,LogisticRegression,99,0,0.283571,0
LODO_E13_POOL_TO_CLEV_LogisticRegression,Hungarian + Zurich + VA Long Beach,Cleveland,LogisticRegression,100,0,0.274143,0
LODO_E13_POOL_TO_CLEV_LogisticRegression,Hungarian + Zurich + VA Long Beach,Cleveland,LogisticRegression,101,0,0.024189,0
LODO_E13_POOL_TO_CLEV_LogisticRegression,Hungarian + Zurich + VA Long Beach,Cleveland,LogisticRegression,102,0,0.182597,0
LODO_E13_POOL_TO_CLEV_LogisticRegression,Hungarian + Zurich + VA Long Beach,Cleveland,LogisticRegression,103,0,0.362013,0
LODO_E13_POOL_TO_CLEV_LogisticRegression,Hungarian + Zurich + VA Long Beach,Cleveland,LogisticRegression,104,1,0.633841,1
LODO_E13_POOL_TO_CLEV_LogisticRegression,Hungarian + Zurich + VA Long Beach,Cleveland,LogisticRegression,105,0,0.165693,0
LODO_E13_POOL_TO_CLEV_LogisticRegression,Hungarian + Zurich + VA Long Beach,Cleveland,LogisticRegression,106,1,0.713672,1
LODO_E13_POOL_TO_CLEV_LogisticRegression,Hungarian + Zurich + VA Long Beach,Cleveland,LogisticRegression,107,1,0.342866,0
LODO_E13_POOL_TO_CLEV_LogisticRegression,Hungarian + Zurich + VA Long Beach,Cleveland,LogisticRegression,108,1,0.970496,1
LODO_E13_POOL_TO_CLEV_LogisticRegression,Hungarian + Zurich + VA Long Beach,Cleveland,LogisticRegression,109,1,0.659773,1
LODO_E13_POOL_TO_CLEV_LogisticRegression,Hungarian + Zurich + VA Long Beach,Cleveland,LogisticRegression,110,1,0.602667,1
LODO_E13_POOL_TO_CLEV_LogisticRegression,Hungarian + Zurich + VA Long Beach,Cleveland,LogisticRegression,111,1,0.927668,1
LODO_E13_POOL_TO_CLEV_LogisticRegression,Hungarian + Zurich + VA Long Beach,Cleveland,LogisticRegression,112,0,0.04534,0
LODO_E13_POOL_TO_CLEV_LogisticRegression,Hungarian + Zurich + VA Long Beach,Cleveland,LogisticRegression,113,1,0.890369,1
LODO_E13_POOL_TO_CLEV_LogisticRegression,Hungarian + Zurich + VA Long Beach,Cleveland,LogisticRegression,114,1,0.451327,0
LODO_E13_POOL_TO_CLEV_LogisticRegression,Hungarian + Zurich + VA Long Beach,Cleveland,LogisticRegression,115,0,0.171,0
LODO_E13_POOL_TO_CLEV_LogisticRegression,Hungarian + Zurich + VA Long Beach,Cleveland,LogisticRegression,116,0,0.413035,0
LODO_E13_POOL_TO_CLEV_LogisticRegression,Hungarian + Zurich + VA Long Beach,Cleveland,LogisticRegression,117,0,0.223531,0
LODO_E13_POOL_TO_CLEV_LogisticRegression,Hungarian + Zurich + VA Long Beach,Cleveland,LogisticRegression,118,1,0.947317,1
LODO_E13_POOL_TO_CLEV_LogisticRegression,Hungarian + Zurich + VA Long Beach,Cleveland,LogisticRegression,119,1,0.870267,1
LODO_E13_POOL_TO_CLEV_LogisticRegression,Hungarian + Zurich + VA Long Beach,Cleveland,LogisticRegression,120,1,0.786754,1
LODO_E13_POOL_TO_CLEV_LogisticRegression,Hungarian + Zurich + VA Long Beach,Cleveland,LogisticRegression,121,1,0.741253,1
LODO_E13_POOL_TO_CLEV_LogisticRegression,Hungarian + Zurich + VA Long Beach,Cleveland,LogisticRegression,122,0,0.758415,1
LODO_E13_POOL_TO_CLEV_LogisticRegression,Hungarian + Zurich + VA Long Beach,Cleveland,LogisticRegression,123,1,0.99249,1
LODO_E13_POOL_TO_CLEV_LogisticRegression,Hungarian + Zurich + VA Long Beach,Cleveland,LogisticRegression,124,1,0.296471,0
LODO_E13_POOL_TO_CLEV_LogisticRegression,Hungarian + Zurich + VA Long Beach,Cleveland,LogisticRegression,125,0,0.043791,0
LODO_E13_POOL_TO_CLEV_LogisticRegression,Hungarian + Zurich + VA Long Beach,Cleveland,LogisticRegression,126,1,0.953927,1
LODO_E13_POOL_TO_CLEV_LogisticRegression,Hungarian + Zurich + VA Long Beach,Cleveland,LogisticRegression,127,1,0.954793,1
LODO_E13_POOL_TO_CLEV_LogisticRegression,Hungarian + Zurich + VA Long Beach,Cleveland,LogisticRegression,128,0,0.108523,0
LODO_E13_POOL_TO_CLEV_LogisticRegression,Hungarian + Zurich + VA Long Beach,Cleveland,LogisticRegression,129,0,0.280075,0
LODO_E13_POOL_TO_CLEV_LogisticRegression,Hungarian + Zurich + VA Long Beach,Cleveland,LogisticRegression,130,0,0.337953,0
LODO_E13_POOL_TO_CLEV_LogisticRegression,Hungarian + Zurich + VA Long Beach,Cleveland,LogisticRegression,131,0,0.532109,1
LODO_E13_POOL_TO_CLEV_LogisticRegression,Hungarian + Zurich + VA Long Beach,Cleveland,LogisticRegression,132,0,0.033865,0
LODO_E13_POOL_TO_CLEV_LogisticRegression,Hungarian + Zurich + VA Long Beach,Cleveland,LogisticRegression,133,0,0.499834,0
LODO_E13_POOL_TO_CLEV_LogisticRegression,Hungarian + Zurich + VA Long Beach,Cleveland,LogisticRegression,134,0,0.124467,0
LODO_E13_POOL_TO_CLEV_LogisticRegression,Hungarian + Zurich + VA Long Beach,Cleveland,LogisticRegression,135,0,0.096041,0
LODO_E13_POOL_TO_CLEV_LogisticRegression,Hungarian + Zurich + VA Long Beach,Cleveland,LogisticRegression,136,1,0.97229,1
LODO_E13_POOL_TO_CLEV_LogisticRegression,Hungarian + Zurich + VA Long Beach,Cleveland,LogisticRegression,137,1,0.429095,0
LODO_E13_POOL_TO_CLEV_LogisticRegression,Hungarian + Zurich + VA Long Beach,Cleveland,LogisticRegression,138,1,0.854438,1
LODO_E13_POOL_TO_CLEV_LogisticRegression,Hungarian + Zurich + VA Long Beach,Cleveland,LogisticRegression,139,0,0.743945,1
LODO_E13_POOL_TO_CLEV_LogisticRegression,Hungarian + Zurich + VA Long Beach,Cleveland,LogisticRegression,140,0,0.315295,0
LODO_E13_POOL_TO_CLEV_LogisticRegression,Hungarian + Zurich + VA Long Beach,Cleveland,LogisticRegression,141,1,0.066418,0
LODO_E13_POOL_TO_CLEV_LogisticRegression,Hungarian + Zurich + VA Long Beach,Cleveland,LogisticRegression,142,0,0.254945,0
LODO_E13_POOL_TO_CLEV_LogisticRegression,Hungarian + Zurich + VA Long Beach,Cleveland,LogisticRegression,143,1,0.865151,1
LODO_E13_POOL_TO_CLEV_LogisticRegression,Hungarian + Zurich + VA Long Beach,Cleveland,LogisticRegression,144,0,0.613368,1
LODO_E13_POOL_TO_CLEV_LogisticRegression,Hungarian + Zurich + VA Long Beach,Cleveland,LogisticRegression,145,1,0.279701,0
LODO_E13_POOL_TO_CLEV_LogisticRegression,Hungarian + Zurich + VA Long Beach,Cleveland,LogisticRegression,146,1,0.830434,1
LODO_E13_POOL_TO_CLEV_LogisticRegression,Hungarian + Zurich + VA Long Beach,Cleveland,LogisticRegression,147,0,0.195047,0
LODO_E13_POOL_TO_CLEV_LogisticRegression,Hungarian + Zurich + VA Long Beach,Cleveland,LogisticRegression,148,0,0.07284,0
LODO_E13_POOL_TO_CLEV_LogisticRegression,Hungarian + Zurich + VA Long Beach,Cleveland,LogisticRegression,149,0,0.153212,0
LODO_E13_POOL_TO_CLEV_LogisticRegression,Hungarian + Zurich + VA Long Beach,Cleveland,LogisticRegression,150,0,0.264776,0
LODO_E13_POOL_TO_CLEV_LogisticRegression,Hungarian + Zurich + VA Long Beach,Cleveland,LogisticRegression,151,0,0.302784,0
LODO_E13_POOL_TO_CLEV_LogisticRegression,Hungarian + Zurich + VA Long Beach,Cleveland,LogisticRegression,152,0,0.298896,0
LODO_E13_POOL_TO_CLEV_LogisticRegression,Hungarian + Zurich + VA Long Beach,Cleveland,LogisticRegression,153,1,0.762597,1
LODO_E13_POOL_TO_CLEV_LogisticRegression,Hungarian + Zurich + VA Long Beach,Cleveland,LogisticRegression,154,1,0.958722,1
LODO_E13_POOL_TO_CLEV_LogisticRegression,Hungarian + Zurich + VA Long Beach,Cleveland,LogisticRegression,155,1,0.88534,1
LODO_E13_POOL_TO_CLEV_LogisticRegression,Hungarian + Zurich + VA Long Beach,Cleveland,LogisticRegression,156,1,0.805085,1
LODO_E13_POOL_TO_CLEV_LogisticRegression,Hungarian + Zurich + VA Long Beach,Cleveland,LogisticRegression,157,1,0.37929,0
LODO_E13_POOL_TO_CLEV_LogisticRegression,Hungarian + Zurich + VA Long Beach,Cleveland,LogisticRegression,158,1,0.60799,1
LODO_E13_POOL_TO_CLEV_LogisticRegression,Hungarian + Zurich + VA Long Beach,Cleveland,LogisticRegression,159,0,0.541918,1
LODO_E13_POOL_TO_CLEV_LogisticRegression,Hungarian + Zurich + VA Long Beach,Cleveland,LogisticRegression,160,0,0.301292,0
LODO_E13_POOL_TO_CLEV_LogisticRegression,Hungarian + Zurich + VA Long Beach,Cleveland,LogisticRegression,161,1,0.745211,1
LODO_E13_POOL_TO_CLEV_LogisticRegression,Hungarian + Zurich + VA Long Beach,Cleveland,LogisticRegression,162,0,0.319035,0
LODO_E13_POOL_TO_CLEV_LogisticRegression,Hungarian + Zurich + VA Long Beach,Cleveland,LogisticRegression,163,0,0.464059,0
LODO_E13_POOL_TO_CLEV_LogisticRegression,Hungarian + Zurich + VA Long Beach,Cleveland,LogisticRegression,164,0,0.43904,0
LODO_E13_POOL_TO_CLEV_LogisticRegression,Hungarian + Zurich + VA Long Beach,Cleveland,LogisticRegression,165,0,0.695891,1
LODO_E13_POOL_TO_CLEV_LogisticRegression,Hungarian + Zurich + VA Long Beach,Cleveland,LogisticRegression,166,0,0.248602,0
LODO_E13_POOL_TO_CLEV_LogisticRegression,Hungarian + Zurich + VA Long Beach,Cleveland,LogisticRegression,167,0,0.201584,0
LODO_E13_POOL_TO_CLEV_LogisticRegression,Hungarian + Zurich + VA Long Beach,Cleveland,LogisticRegression,168,1,0.475482,0
LODO_E13_POOL_TO_CLEV_LogisticRegression,Hungarian + Zurich + VA Long Beach,Cleveland,LogisticRegression,169,0,0.075113,0
LODO_E13_POOL_TO_CLEV_LogisticRegression,Hungarian + Zurich + VA Long Beach,Cleveland,LogisticRegression,170,1,0.934848,1
LODO_E13_POOL_TO_CLEV_LogisticRegression,Hungarian + Zurich + VA Long Beach,Cleveland,LogisticRegression,171,0,0.694854,1
LODO_E13_POOL_TO_CLEV_LogisticRegression,Hungarian + Zurich + VA Long Beach,Cleveland,LogisticRegression,172,1,0.540333,1
LODO_E13_POOL_TO_CLEV_LogisticRegression,Hungarian + Zurich + VA Long Beach,Cleveland,LogisticRegression,173,0,0.387884,0
LODO_E13_POOL_TO_CLEV_LogisticRegression,Hungarian + Zurich + VA Long Beach,Cleveland,LogisticRegression,174,1,0.794531,1
LODO_E13_POOL_TO_CLEV_LogisticRegression,Hungarian + Zurich + VA Long Beach,Cleveland,LogisticRegression,175,1,0.923716,1
LODO_E13_POOL_TO_CLEV_LogisticRegression,Hungarian + Zurich + VA Long Beach,Cleveland,LogisticRegression,176,0,0.753638,1
LODO_E13_POOL_TO_CLEV_LogisticRegression,Hungarian + Zurich + VA Long Beach,Cleveland,LogisticRegression,177,1,0.918641,1
LODO_E13_POOL_TO_CLEV_LogisticRegression,Hungarian + Zurich + VA Long Beach,Cleveland,LogisticRegression,178,0,0.437894,0
LODO_E13_POOL_TO_CLEV_LogisticRegression,Hungarian + Zurich + VA Long Beach,Cleveland,LogisticRegression,179,0,0.368981,0
LODO_E13_POOL_TO_CLEV_LogisticRegression,Hungarian + Zurich + VA Long Beach,Cleveland,LogisticRegression,180,1,0.456576,0
LODO_E13_POOL_TO_CLEV_LogisticRegression,Hungarian + Zurich + VA Long Beach,Cleveland,LogisticRegression,181,1,0.680636,1
LODO_E13_POOL_TO_CLEV_LogisticRegression,Hungarian + Zurich + VA Long Beach,Cleveland,LogisticRegression,182,0,0.038818,0
LODO_E13_POOL_TO_CLEV_LogisticRegression,Hungarian + Zurich + VA Long Beach,Cleveland,LogisticRegression,183,0,0.471712,0
LODO_E13_POOL_TO_CLEV_LogisticRegression,Hungarian + Zurich + VA Long Beach,Cleveland,LogisticRegression,184,1,0.173253,0
LODO_E13_POOL_TO_CLEV_LogisticRegression,Hungarian + Zurich + VA Long Beach,Cleveland,LogisticRegression,185,0,0.056363,0
LODO_E13_POOL_TO_CLEV_LogisticRegression,Hungarian + Zurich + VA Long Beach,Cleveland,LogisticRegression,186,0,0.599743,1
LODO_E13_POOL_TO_CLEV_LogisticRegression,Hungarian + Zurich + VA Long Beach,Cleveland,LogisticRegression,187,1,0.521124,1
LODO_E13_POOL_TO_CLEV_LogisticRegression,Hungarian + Zurich + VA Long Beach,Cleveland,LogisticRegression,188,1,0.056359,0
LODO_E13_POOL_TO_CLEV_LogisticRegression,Hungarian + Zurich + VA Long Beach,Cleveland,LogisticRegression,189,1,0.632299,1
LODO_E13_POOL_TO_CLEV_LogisticRegression,Hungarian + Zurich + VA Long Beach,Cleveland,LogisticRegression,190,0,0.256663,0
LODO_E13_POOL_TO_CLEV_LogisticRegression,Hungarian + Zurich + VA Long Beach,Cleveland,LogisticRegression,191,1,0.973885,1
LODO_E13_POOL_TO_CLEV_LogisticRegression,Hungarian + Zurich + VA Long Beach,Cleveland,LogisticRegression,192,1,0.827007,1
LODO_E13_POOL_TO_CLEV_LogisticRegression,Hungarian + Zurich + VA Long Beach,Cleveland,LogisticRegression,193,1,0.865624,1
LODO_E13_POOL_TO_CLEV_LogisticRegression,Hungarian + Zurich + VA Long Beach,Cleveland,LogisticRegression,194,0,0.393133,0
LODO_E13_POOL_TO_CLEV_LogisticRegression,Hungarian + Zurich + VA Long Beach,Cleveland,LogisticRegression,195,1,0.884914,1
LODO_E13_POOL_TO_CLEV_LogisticRegression,Hungarian + Zurich + VA Long Beach,Cleveland,LogisticRegression,196,0,0.251171,0
LODO_E13_POOL_TO_CLEV_LogisticRegression,Hungarian + Zurich + VA Long Beach,Cleveland,LogisticRegression,197,0,0.375374,0
LODO_E13_POOL_TO_CLEV_LogisticRegression,Hungarian + Zurich + VA Long Beach,Cleveland,LogisticRegression,198,0,0.087118,0
LODO_E13_POOL_TO_CLEV_LogisticRegression,Hungarian + Zurich + VA Long Beach,Cleveland,LogisticRegression,199,1,0.066372,0
LODO_E13_POOL_TO_CLEV_LogisticRegression,Hungarian + Zurich + VA Long Beach,Cleveland,LogisticRegression,200,0,0.164511,0
LODO_E13_POOL_TO_CLEV_LogisticRegression,Hungarian + Zurich + VA Long Beach,Cleveland,LogisticRegression,201,0,0.469953,0
LODO_E13_POOL_TO_CLEV_LogisticRegression,Hungarian + Zurich + VA Long Beach,Cleveland,LogisticRegression,202,0,0.507981,1
LODO_E13_POOL_TO_CLEV_LogisticRegression,Hungarian + Zurich + VA Long Beach,Cleveland,LogisticRegression,203,0,0.202067,0
LODO_E13_POOL_TO_CLEV_LogisticRegression,Hungarian + Zurich + VA Long Beach,Cleveland,LogisticRegression,204,0,0.418116,0
LODO_E13_POOL_TO_CLEV_LogisticRegression,Hungarian + Zurich + VA Long Beach,Cleveland,LogisticRegression,205,1,0.623875,1
LODO_E13_POOL_TO_CLEV_LogisticRegression,Hungarian + Zurich + VA Long Beach,Cleveland,LogisticRegression,206,1,0.938296,1
LODO_E13_POOL_TO_CLEV_LogisticRegression,Hungarian + Zurich + VA Long Beach,Cleveland,LogisticRegression,207,1,0.79247,1
LODO_E13_POOL_TO_CLEV_LogisticRegression,Hungarian + Zurich + VA Long Beach,Cleveland,LogisticRegression,208,0,0.158027,0
LODO_E13_POOL_TO_CLEV_LogisticRegression,Hungarian + Zurich + VA Long Beach,Cleveland,LogisticRegression,209,1,0.728474,1
LODO_E13_POOL_TO_CLEV_LogisticRegression,Hungarian + Zurich + VA Long Beach,Cleveland,LogisticRegression,210,0,0.071465,0
LODO_E13_POOL_TO_CLEV_LogisticRegression,Hungarian + Zurich + VA Long Beach,Cleveland,LogisticRegression,211,1,0.497838,0
LODO_E13_POOL_TO_CLEV_LogisticRegression,Hungarian + Zurich + VA Long Beach,Cleveland,LogisticRegression,212,0,0.386871,0
LODO_E13_POOL_TO_CLEV_LogisticRegression,Hungarian + Zurich + VA Long Beach,Cleveland,LogisticRegression,213,1,0.836687,1
LODO_E13_POOL_TO_CLEV_LogisticRegression,Hungarian + Zurich + VA Long Beach,Cleveland,LogisticRegression,214,1,0.483608,0
LODO_E13_POOL_TO_CLEV_LogisticRegression,Hungarian + Zurich + VA Long Beach,Cleveland,LogisticRegression,215,0,0.162816,0
LODO_E13_POOL_TO_CLEV_LogisticRegression,Hungarian + Zurich + VA Long Beach,Cleveland,LogisticRegression,216,0,0.043512,0
LODO_E13_POOL_TO_CLEV_LogisticRegression,Hungarian + Zurich + VA Long Beach,Cleveland,LogisticRegression,217,0,0.357426,0
LODO_E13_POOL_TO_CLEV_LogisticRegression,Hungarian + Zurich + VA Long Beach,Cleveland,LogisticRegression,218,0,0.703846,1
LODO_E13_POOL_TO_CLEV_LogisticRegression,Hungarian + Zurich + VA Long Beach,Cleveland,LogisticRegression,219,0,0.3467,0
LODO_E13_POOL_TO_CLEV_LogisticRegression,Hungarian + Zurich + VA Long Beach,Cleveland,LogisticRegression,220,0,0.124738,0
LODO_E13_POOL_TO_CLEV_LogisticRegression,Hungarian + Zurich + VA Long Beach,Cleveland,LogisticRegression,221,0,0.08197,0
LODO_E13_POOL_TO_CLEV_LogisticRegression,Hungarian + Zurich + VA Long Beach,Cleveland,LogisticRegression,222,0,0.076905,0
LODO_E13_POOL_TO_CLEV_LogisticRegression,Hungarian + Zurich + VA Long Beach,Cleveland,LogisticRegression,223,1,0.945715,1
LODO_E13_POOL_TO_CLEV_LogisticRegression,Hungarian + Zurich + VA Long Beach,Cleveland,LogisticRegression,224,1,0.778686,1
LODO_E13_POOL_TO_CLEV_LogisticRegression,Hungarian + Zurich + VA Long Beach,Cleveland,LogisticRegression,225,0,0.034508,0
LODO_E13_POOL_TO_CLEV_LogisticRegression,Hungarian + Zurich + VA Long Beach,Cleveland,LogisticRegression,226,0,0.504198,1
LODO_E13_POOL_TO_CLEV_LogisticRegression,Hungarian + Zurich + VA Long Beach,Cleveland,LogisticRegression,227,0,0.136223,0
LODO_E13_POOL_TO_CLEV_LogisticRegression,Hungarian + Zurich + VA Long Beach,Cleveland,LogisticRegression,228,1,0.787767,1
LODO_E13_POOL_TO_CLEV_LogisticRegression,Hungarian + Zurich + VA Long Beach,Cleveland,LogisticRegression,229,1,0.76332,1
LODO_E13_POOL_TO_CLEV_LogisticRegression,Hungarian + Zurich + VA Long Beach,Cleveland,LogisticRegression,230,0,0.093179,0
LODO_E13_POOL_TO_CLEV_LogisticRegression,Hungarian + Zurich + VA Long Beach,Cleveland,LogisticRegression,231,1,0.867895,1
LODO_E13_POOL_TO_CLEV_LogisticRegression,Hungarian + Zurich + VA Long Beach,Cleveland,LogisticRegression,232,1,0.33877,0
LODO_E13_POOL_TO_CLEV_LogisticRegression,Hungarian + Zurich + VA Long Beach,Cleveland,LogisticRegression,233,0,0.228116,0
LODO_E13_POOL_TO_CLEV_LogisticRegression,Hungarian + Zurich + VA Long Beach,Cleveland,LogisticRegression,234,0,0.102524,0
LODO_E13_POOL_TO_CLEV_LogisticRegression,Hungarian + Zurich + VA Long Beach,Cleveland,LogisticRegression,235,1,0.946945,1
LODO_E13_POOL_TO_CLEV_LogisticRegression,Hungarian + Zurich + VA Long Beach,Cleveland,LogisticRegression,236,1,0.969361,1
LODO_E13_POOL_TO_CLEV_LogisticRegression,Hungarian + Zurich + VA Long Beach,Cleveland,LogisticRegression,237,1,0.470798,0
LODO_E13_POOL_TO_CLEV_LogisticRegression,Hungarian + Zurich + VA Long Beach,Cleveland,LogisticRegression,238,0,0.060805,0
LODO_E13_POOL_TO_CLEV_LogisticRegression,Hungarian + Zurich + VA Long Beach,Cleveland,LogisticRegression,239,0,0.110868,0
LODO_E13_POOL_TO_CLEV_LogisticRegression,Hungarian + Zurich + VA Long Beach,Cleveland,LogisticRegression,240,0,0.121893,0
LODO_E13_POOL_TO_CLEV_LogisticRegression,Hungarian + Zurich + VA Long Beach,Cleveland,LogisticRegression,241,0,0.037854,0
LODO_E13_POOL_TO_CLEV_LogisticRegression,Hungarian + Zurich + VA Long Beach,Cleveland,LogisticRegression,242,0,0.205759,0
LODO_E13_POOL_TO_CLEV_LogisticRegression,Hungarian + Zurich + VA Long Beach,Cleveland,LogisticRegression,243,1,0.360871,0
LODO_E13_POOL_TO_CLEV_LogisticRegression,Hungarian + Zurich + VA Long Beach,Cleveland,LogisticRegression,244,0,0.462784,0
LODO_E13_POOL_TO_CLEV_LogisticRegression,Hungarian + Zurich + VA Long Beach,Cleveland,LogisticRegression,245,1,0.888759,1
LODO_E13_POOL_TO_CLEV_LogisticRegression,Hungarian + Zurich + VA Long Beach,Cleveland,LogisticRegression,246,1,0.563886,1
LODO_E13_POOL_TO_CLEV_LogisticRegression,Hungarian + Zurich + VA Long Beach,Cleveland,LogisticRegression,247,1,0.822947,1
LODO_E13_POOL_TO_CLEV_LogisticRegression,Hungarian + Zurich + VA Long Beach,Cleveland,LogisticRegression,248,1,0.581274,1
LODO_E13_POOL_TO_CLEV_LogisticRegression,Hungarian + Zurich + VA Long Beach,Cleveland,LogisticRegression,249,0,0.319056,0
LODO_E13_POOL_TO_CLEV_LogisticRegression,Hungarian + Zurich + VA Long Beach,Cleveland,LogisticRegression,250,0,0.920211,1
LODO_E13_POOL_TO_CLEV_LogisticRegression,Hungarian + Zurich + VA Long Beach,Cleveland,LogisticRegression,251,1,0.867996,1
LODO_E13_POOL_TO_CLEV_LogisticRegression,Hungarian + Zurich + VA Long Beach,Cleveland,LogisticRegression,252,0,0.890444,1
LODO_E13_POOL_TO_CLEV_LogisticRegression,Hungarian + Zurich + VA Long Beach,Cleveland,LogisticRegression,253,0,0.105917,0
LODO_E13_POOL_TO_CLEV_LogisticRegression,Hungarian + Zurich + VA Long Beach,Cleveland,LogisticRegression,254,0,0.591319,1
LODO_E13_POOL_TO_CLEV_LogisticRegression,Hungarian + Zurich + VA Long Beach,Cleveland,LogisticRegression,255,0,0.10336,0
LODO_E13_POOL_TO_CLEV_LogisticRegression,Hungarian + Zurich + VA Long Beach,Cleveland,LogisticRegression,256,0,0.415172,0
LODO_E13_POOL_TO_CLEV_LogisticRegression,Hungarian + Zurich + VA Long Beach,Cleveland,LogisticRegression,257,0,0.426829,0
LODO_E13_POOL_TO_CLEV_LogisticRegression,Hungarian + Zurich + VA Long Beach,Cleveland,LogisticRegression,258,0,0.160285,0
LODO_E13_POOL_TO_CLEV_LogisticRegression,Hungarian + Zurich + VA Long Beach,Cleveland,LogisticRegression,259,1,0.21688,0
LODO_E13_POOL_TO_CLEV_LogisticRegression,Hungarian + Zurich + VA Long Beach,Cleveland,LogisticRegression,260,0,0.156343,0
LODO_E13_POOL_TO_CLEV_LogisticRegression,Hungarian + Zurich + VA Long Beach,Cleveland,LogisticRegression,261,1,0.107012,0
LODO_E13_POOL_TO_CLEV_LogisticRegression,Hungarian + Zurich + VA Long Beach,Cleveland,LogisticRegression,262,0,0.038372,0
LODO_E13_POOL_TO_CLEV_LogisticRegression,Hungarian + Zurich + VA Long Beach,Cleveland,LogisticRegression,263,0,0.220709,0
LODO_E13_POOL_TO_CLEV_LogisticRegression,Hungarian + Zurich + VA Long Beach,Cleveland,LogisticRegression,264,1,0.958399,1
LODO_E13_POOL_TO_CLEV_LogisticRegression,Hungarian + Zurich + VA Long Beach,Cleveland,LogisticRegression,265,1,0.887249,1
LODO_E13_POOL_TO_CLEV_LogisticRegression,Hungarian + Zurich + VA Long Beach,Cleveland,LogisticRegression,266,1,0.932336,1
LODO_E13_POOL_TO_CLEV_LogisticRegression,Hungarian + Zurich + VA Long Beach,Cleveland,LogisticRegression,267,1,0.875676,1
LODO_E13_POOL_TO_CLEV_LogisticRegression,Hungarian + Zurich + VA Long Beach,Cleveland,LogisticRegression,268,1,0.308296,0
LODO_E13_POOL_TO_CLEV_LogisticRegression,Hungarian + Zurich + VA Long Beach,Cleveland,LogisticRegression,269,0,0.237269,0
LODO_E13_POOL_TO_CLEV_LogisticRegression,Hungarian + Zurich + VA Long Beach,Cleveland,LogisticRegression,270,1,0.858113,1
LODO_E13_POOL_TO_CLEV_LogisticRegression,Hungarian + Zurich + VA Long Beach,Cleveland,LogisticRegression,271,0,0.760389,1
LODO_E13_POOL_TO_CLEV_LogisticRegression,Hungarian + Zurich + VA Long Beach,Cleveland,LogisticRegression,272,1,0.901508,1
LODO_E13_POOL_TO_CLEV_LogisticRegression,Hungarian + Zurich + VA Long Beach,Cleveland,LogisticRegression,273,0,0.711977,1
LODO_E13_POOL_TO_CLEV_LogisticRegression,Hungarian + Zurich + VA Long Beach,Cleveland,LogisticRegression,274,1,0.113712,0
LODO_E13_POOL_TO_CLEV_LogisticRegression,Hungarian + Zurich + VA Long Beach,Cleveland,LogisticRegression,275,0,0.096014,0
LODO_E13_POOL_TO_CLEV_LogisticRegression,Hungarian + Zurich + VA Long Beach,Cleveland,LogisticRegression,276,0,0.143396,0
LODO_E13_POOL_TO_CLEV_LogisticRegression,Hungarian + Zurich + VA Long Beach,Cleveland,LogisticRegression,277,0,0.108111,0
LODO_E13_POOL_TO_CLEV_LogisticRegression,Hungarian + Zurich + VA Long Beach,Cleveland,LogisticRegression,278,1,0.095833,0
LODO_E13_POOL_TO_CLEV_LogisticRegression,Hungarian + Zurich + VA Long Beach,Cleveland,LogisticRegression,279,0,0.462863,0
LODO_E13_POOL_TO_CLEV_LogisticRegression,Hungarian + Zurich + VA Long Beach,Cleveland,LogisticRegression,280,1,0.955605,1
LODO_E13_POOL_TO_CLEV_LogisticRegression,Hungarian + Zurich + VA Long Beach,Cleveland,LogisticRegression,281,0,0.210717,0
LODO_E13_POOL_TO_CLEV_LogisticRegression,Hungarian + Zurich + VA Long Beach,Cleveland,LogisticRegression,282,1,0.773715,1
LODO_E13_POOL_TO_CLEV_LogisticRegression,Hungarian + Zurich + VA Long Beach,Cleveland,LogisticRegression,283,0,0.081715,0
LODO_E13_POOL_TO_CLEV_LogisticRegression,Hungarian + Zurich + VA Long Beach,Cleveland,LogisticRegression,284,1,0.507544,1
LODO_E13_POOL_TO_CLEV_LogisticRegression,Hungarian + Zurich + VA Long Beach,Cleveland,LogisticRegression,285,1,0.953181,1
LODO_E13_POOL_TO_CLEV_LogisticRegression,Hungarian + Zurich + VA Long Beach,Cleveland,LogisticRegression,286,1,0.896384,1
LODO_E13_POOL_TO_CLEV_LogisticRegression,Hungarian + Zurich + VA Long Beach,Cleveland,LogisticRegression,287,0,0.279269,0
LODO_E13_POOL_TO_CLEV_LogisticRegression,Hungarian + Zurich + VA Long Beach,Cleveland,LogisticRegression,288,0,0.103538,0
LODO_E13_POOL_TO_CLEV_LogisticRegression,Hungarian + Zurich + VA Long Beach,Cleveland,LogisticRegression,289,0,0.237352,0
LODO_E13_POOL_TO_CLEV_LogisticRegression,Hungarian + Zurich + VA Long Beach,Cleveland,LogisticRegression,290,1,0.437918,0
LODO_E13_POOL_TO_CLEV_LogisticRegression,Hungarian + Zurich + VA Long Beach,Cleveland,LogisticRegression,291,0,0.095917,0
LODO_E13_POOL_TO_CLEV_LogisticRegression,Hungarian + Zurich + VA Long Beach,Cleveland,LogisticRegression,292,1,0.94358,1
LODO_E13_POOL_TO_CLEV_LogisticRegression,Hungarian + Zurich + VA Long Beach,Cleveland,LogisticRegression,293,1,0.948605,1
LODO_E13_POOL_TO_CLEV_LogisticRegression,Hungarian + Zurich + VA Long Beach,Cleveland,LogisticRegression,294,1,0.638613,1
LODO_E13_POOL_TO_CLEV_LogisticRegression,Hungarian + Zurich + VA Long Beach,Cleveland,LogisticRegression,295,0,0.089683,0
LODO_E13_POOL_TO_CLEV_LogisticRegression,Hungarian + Zurich + VA Long Beach,Cleveland,LogisticRegression,296,1,0.881047,1
LODO_E13_POOL_TO_CLEV_LogisticRegression,Hungarian + Zurich + VA Long Beach,Cleveland,LogisticRegression,297,1,0.637518,1
LODO_E13_POOL_TO_CLEV_LogisticRegression,Hungarian + Zurich + VA Long Beach,Cleveland,LogisticRegression,298,1,0.175538,0
LODO_E13_POOL_TO_CLEV_LogisticRegression,Hungarian + Zurich + VA Long Beach,Cleveland,LogisticRegression,299,1,0.971754,1
LODO_E13_POOL_TO_CLEV_LogisticRegression,Hungarian + Zurich + VA Long Beach,Cleveland,LogisticRegression,300,1,0.909823,1
LODO_E13_POOL_TO_CLEV_LogisticRegression,Hungarian + Zurich + VA Long Beach,Cleveland,LogisticRegression,301,1,0.04557,0
LODO_E13_POOL_TO_CLEV_LogisticRegression,Hungarian + Zurich + VA Long Beach,Cleveland,LogisticRegression,302,0,0.174079,0
LODO_E14_POOL_TO_CLEV_RandomForest,Hungarian + Zurich + VA Long Beach,Cleveland,RandomForest,0,0,0.664778,1
LODO_E14_POOL_TO_CLEV_RandomForest,Hungarian + Zurich + VA Long Beach,Cleveland,RandomForest,1,1,0.902536,1
LODO_E14_POOL_TO_CLEV_RandomForest,Hungarian + Zurich + VA Long Beach,Cleveland,RandomForest,2,1,0.933391,1
LODO_E14_POOL_TO_CLEV_RandomForest,Hungarian + Zurich + VA Long Beach,Cleveland,RandomForest,3,0,0.517945,1
LODO_E14_POOL_TO_CLEV_RandomForest,Hungarian + Zurich + VA Long Beach,Cleveland,RandomForest,4,0,0.192882,0
LODO_E14_POOL_TO_CLEV_RandomForest,Hungarian + Zurich + VA Long Beach,Cleveland,RandomForest,5,0,0.264331,0
LODO_E14_POOL_TO_CLEV_RandomForest,Hungarian + Zurich + VA Long Beach,Cleveland,RandomForest,6,1,0.674941,1
LODO_E14_POOL_TO_CLEV_RandomForest,Hungarian + Zurich + VA Long Beach,Cleveland,RandomForest,7,0,0.680913,1
LODO_E14_POOL_TO_CLEV_RandomForest,Hungarian + Zurich + VA Long Beach,Cleveland,RandomForest,8,1,0.809672,1
LODO_E14_POOL_TO_CLEV_RandomForest,Hungarian + Zurich + VA Long Beach,Cleveland,RandomForest,9,1,0.829846,1
LODO_E14_POOL_TO_CLEV_RandomForest,Hungarian + Zurich + VA Long Beach,Cleveland,RandomForest,10,0,0.72032,1
LODO_E14_POOL_TO_CLEV_RandomForest,Hungarian + Zurich + VA Long Beach,Cleveland,RandomForest,11,0,0.376972,0
LODO_E14_POOL_TO_CLEV_RandomForest,Hungarian + Zurich + VA Long Beach,Cleveland,RandomForest,12,1,0.626534,1
LODO_E14_POOL_TO_CLEV_RandomForest,Hungarian + Zurich + VA Long Beach,Cleveland,RandomForest,13,0,0.08271,0
LODO_E14_POOL_TO_CLEV_RandomForest,Hungarian + Zurich + VA Long Beach,Cleveland,RandomForest,14,0,0.414533,0
LODO_E14_POOL_TO_CLEV_RandomForest,Hungarian + Zurich + VA Long Beach,Cleveland,RandomForest,15,0,0.455279,0
LODO_E14_POOL_TO_CLEV_RandomForest,Hungarian + Zurich + VA Long Beach,Cleveland,RandomForest,16,1,0.300465,0
LODO_E14_POOL_TO_CLEV_RandomForest,Hungarian + Zurich + VA Long Beach,Cleveland,RandomForest,17,0,0.704096,1
LODO_E14_POOL_TO_CLEV_RandomForest,Hungarian + Zurich + VA Long Beach,Cleveland,RandomForest,18,0,0.206726,0
LODO_E14_POOL_TO_CLEV_RandomForest,Hungarian + Zurich + VA Long Beach,Cleveland,RandomForest,19,0,0.229757,0
LODO_E14_POOL_TO_CLEV_RandomForest,Hungarian + Zurich + VA Long Beach,Cleveland,RandomForest,20,0,0.646455,1
LODO_E14_POOL_TO_CLEV_RandomForest,Hungarian + Zurich + VA Long Beach,Cleveland,RandomForest,21,0,0.382877,0
LODO_E14_POOL_TO_CLEV_RandomForest,Hungarian + Zurich + VA Long Beach,Cleveland,RandomForest,22,1,0.375556,0
LODO_E14_POOL_TO_CLEV_RandomForest,Hungarian + Zurich + VA Long Beach,Cleveland,RandomForest,23,1,0.475373,0
LODO_E14_POOL_TO_CLEV_RandomForest,Hungarian + Zurich + VA Long Beach,Cleveland,RandomForest,24,1,0.875366,1
LODO_E14_POOL_TO_CLEV_RandomForest,Hungarian + Zurich + VA Long Beach,Cleveland,RandomForest,25,0,0.367266,0
LODO_E14_POOL_TO_CLEV_RandomForest,Hungarian + Zurich + VA Long Beach,Cleveland,RandomForest,26,0,0.184996,0
LODO_E14_POOL_TO_CLEV_RandomForest,Hungarian + Zurich + VA Long Beach,Cleveland,RandomForest,27,0,0.677868,1
LODO_E14_POOL_TO_CLEV_RandomForest,Hungarian + Zurich + VA Long Beach,Cleveland,RandomForest,28,0,0.729645,1
LODO_E14_POOL_TO_CLEV_RandomForest,Hungarian + Zurich + VA Long Beach,Cleveland,RandomForest,29,1,0.866747,1
LODO_E14_POOL_TO_CLEV_RandomForest,Hungarian + Zurich + VA Long Beach,Cleveland,RandomForest,30,0,0.464544,0
LODO_E14_POOL_TO_CLEV_RandomForest,Hungarian + Zurich + VA Long Beach,Cleveland,RandomForest,31,1,0.808155,1
LODO_E14_POOL_TO_CLEV_RandomForest,Hungarian + Zurich + VA Long Beach,Cleveland,RandomForest,32,1,0.328259,0
LODO_E14_POOL_TO_CLEV_RandomForest,Hungarian + Zurich + VA Long Beach,Cleveland,RandomForest,33,0,0.687453,1
LODO_E14_POOL_TO_CLEV_RandomForest,Hungarian + Zurich + VA Long Beach,Cleveland,RandomForest,34,0,0.357549,0
LODO_E14_POOL_TO_CLEV_RandomForest,Hungarian + Zurich + VA Long Beach,Cleveland,RandomForest,35,0,0.407384,0
LODO_E14_POOL_TO_CLEV_RandomForest,Hungarian + Zurich + VA Long Beach,Cleveland,RandomForest,36,1,0.891316,1
LODO_E14_POOL_TO_CLEV_RandomForest,Hungarian + Zurich + VA Long Beach,Cleveland,RandomForest,37,1,0.818625,1
LODO_E14_POOL_TO_CLEV_RandomForest,Hungarian + Zurich + VA Long Beach,Cleveland,RandomForest,38,1,0.848298,1
LODO_E14_POOL_TO_CLEV_RandomForest,Hungarian + Zurich + VA Long Beach,Cleveland,RandomForest,39,0,0.728369,1
LODO_E14_POOL_TO_CLEV_RandomForest,Hungarian + Zurich + VA Long Beach,Cleveland,RandomForest,40,1,0.647613,1
LODO_E14_POOL_TO_CLEV_RandomForest,Hungarian + Zurich + VA Long Beach,Cleveland,RandomForest,41,0,0.401526,0
LODO_E14_POOL_TO_CLEV_RandomForest,Hungarian + Zurich + VA Long Beach,Cleveland,RandomForest,42,0,0.324508,0
LODO_E14_POOL_TO_CLEV_RandomForest,Hungarian + Zurich + VA Long Beach,Cleveland,RandomForest,43,0,0.565402,1
LODO_E14_POOL_TO_CLEV_RandomForest,Hungarian + Zurich + VA Long Beach,Cleveland,RandomForest,44,1,0.463004,0
LODO_E14_POOL_TO_CLEV_RandomForest,Hungarian + Zurich + VA Long Beach,Cleveland,RandomForest,45,1,0.531967,1
LODO_E14_POOL_TO_CLEV_RandomForest,Hungarian + Zurich + VA Long Beach,Cleveland,RandomForest,46,0,0.375782,0
LODO_E14_POOL_TO_CLEV_RandomForest,Hungarian + Zurich + VA Long Beach,Cleveland,RandomForest,47,1,0.798467,1
LODO_E14_POOL_TO_CLEV_RandomForest,Hungarian + Zurich + VA Long Beach,Cleveland,RandomForest,48,0,0.52692,1
LODO_E14_POOL_TO_CLEV_RandomForest,Hungarian + Zurich + VA Long Beach,Cleveland,RandomForest,49,0,0.445928,0
LODO_E14_POOL_TO_CLEV_RandomForest,Hungarian + Zurich + VA Long Beach,Cleveland,RandomForest,50,0,0.0754,0
LODO_E14_POOL_TO_CLEV_RandomForest,Hungarian + Zurich + VA Long Beach,Cleveland,RandomForest,51,0,0.766233,1
LODO_E14_POOL_TO_CLEV_RandomForest,Hungarian + Zurich + VA Long Beach,Cleveland,RandomForest,52,1,0.533509,1
LODO_E14_POOL_TO_CLEV_RandomForest,Hungarian + Zurich + VA Long Beach,Cleveland,RandomForest,53,0,0.101821,0
LODO_E14_POOL_TO_CLEV_RandomForest,Hungarian + Zurich + VA Long Beach,Cleveland,RandomForest,54,1,0.867934,1
LODO_E14_POOL_TO_CLEV_RandomForest,Hungarian + Zurich + VA Long Beach,Cleveland,RandomForest,55,1,0.904324,1
LODO_E14_POOL_TO_CLEV_RandomForest,Hungarian + Zurich + VA Long Beach,Cleveland,RandomForest,56,1,0.374503,0
LODO_E14_POOL_TO_CLEV_RandomForest,Hungarian + Zurich + VA Long Beach,Cleveland,RandomForest,57,1,0.54712,1
LODO_E14_POOL_TO_CLEV_RandomForest,Hungarian + Zurich + VA Long Beach,Cleveland,RandomForest,58,0,0.371742,0
LODO_E14_POOL_TO_CLEV_RandomForest,Hungarian + Zurich + VA Long Beach,Cleveland,RandomForest,59,0,0.531477,1
LODO_E14_POOL_TO_CLEV_RandomForest,Hungarian + Zurich + VA Long Beach,Cleveland,RandomForest,60,1,0.65509,1
LODO_E14_POOL_TO_CLEV_RandomForest,Hungarian + Zurich + VA Long Beach,Cleveland,RandomForest,61,0,0.444002,0
LODO_E14_POOL_TO_CLEV_RandomForest,Hungarian + Zurich + VA Long Beach,Cleveland,RandomForest,62,1,0.88514,1
LODO_E14_POOL_TO_CLEV_RandomForest,Hungarian + Zurich + VA Long Beach,Cleveland,RandomForest,63,0,0.350964,0
LODO_E14_POOL_TO_CLEV_RandomForest,Hungarian + Zurich + VA Long Beach,Cleveland,RandomForest,64,1,0.833968,1
LODO_E14_POOL_TO_CLEV_RandomForest,Hungarian + Zurich + VA Long Beach,Cleveland,RandomForest,65,1,0.921287,1
LODO_E14_POOL_TO_CLEV_RandomForest,Hungarian + Zurich + VA Long Beach,Cleveland,RandomForest,66,1,0.588222,1
LODO_E14_POOL_TO_CLEV_RandomForest,Hungarian + Zurich + VA Long Beach,Cleveland,RandomForest,67,0,0.399804,0
LODO_E14_POOL_TO_CLEV_RandomForest,Hungarian + Zurich + VA Long Beach,Cleveland,RandomForest,68,1,0.919015,1
LODO_E14_POOL_TO_CLEV_RandomForest,Hungarian + Zurich + VA Long Beach,Cleveland,RandomForest,69,1,0.57251,1
LODO_E14_POOL_TO_CLEV_RandomForest,Hungarian + Zurich + VA Long Beach,Cleveland,RandomForest,70,0,0.506548,1
LODO_E14_POOL_TO_CLEV_RandomForest,Hungarian + Zurich + VA Long Beach,Cleveland,RandomForest,71,1,0.826363,1
LODO_E14_POOL_TO_CLEV_RandomForest,Hungarian + Zurich + VA Long Beach,Cleveland,RandomForest,72,1,0.958234,1
LODO_E14_POOL_TO_CLEV_RandomForest,Hungarian + Zurich + VA Long Beach,Cleveland,RandomForest,73,1,0.727776,1
LODO_E14_POOL_TO_CLEV_RandomForest,Hungarian + Zurich + VA Long Beach,Cleveland,RandomForest,74,1,0.521464,1
LODO_E14_POOL_TO_CLEV_RandomForest,Hungarian + Zurich + VA Long Beach,Cleveland,RandomForest,75,0,0.491969,0
LODO_E14_POOL_TO_CLEV_RandomForest,Hungarian + Zurich + VA Long Beach,Cleveland,RandomForest,76,1,0.907841,1
LODO_E14_POOL_TO_CLEV_RandomForest,Hungarian + Zurich + VA Long Beach,Cleveland,RandomForest,77,0,0.364362,0
LODO_E14_POOL_TO_CLEV_RandomForest,Hungarian + Zurich + VA Long Beach,Cleveland,RandomForest,78,0,0.231588,0
LODO_E14_POOL_TO_CLEV_RandomForest,Hungarian + Zurich + VA Long Beach,Cleveland,RandomForest,79,1,0.825648,1
LODO_E14_POOL_TO_CLEV_RandomForest,Hungarian + Zurich + VA Long Beach,Cleveland,RandomForest,80,0,0.868315,1
LODO_E14_POOL_TO_CLEV_RandomForest,Hungarian + Zurich + VA Long Beach,Cleveland,RandomForest,81,0,0.479132,0
LODO_E14_POOL_TO_CLEV_RandomForest,Hungarian + Zurich + VA Long Beach,Cleveland,RandomForest,82,0,0.129498,0
LODO_E14_POOL_TO_CLEV_RandomForest,Hungarian + Zurich + VA Long Beach,Cleveland,RandomForest,83,1,0.676597,1
LODO_E14_POOL_TO_CLEV_RandomForest,Hungarian + Zurich + VA Long Beach,Cleveland,RandomForest,84,0,0.1702,0
LODO_E14_POOL_TO_CLEV_RandomForest,Hungarian + Zurich + VA Long Beach,Cleveland,RandomForest,85,0,0.132375,0
LODO_E14_POOL_TO_CLEV_RandomForest,Hungarian + Zurich + VA Long Beach,Cleveland,RandomForest,86,0,0.177077,0
LODO_E14_POOL_TO_CLEV_RandomForest,Hungarian + Zurich + VA Long Beach,Cleveland,RandomForest,87,0,0.215585,0
LODO_E14_POOL_TO_CLEV_RandomForest,Hungarian + Zurich + VA Long Beach,Cleveland,RandomForest,88,0,0.402058,0
LODO_E14_POOL_TO_CLEV_RandomForest,Hungarian + Zurich + VA Long Beach,Cleveland,RandomForest,89,0,0.25066,0
LODO_E14_POOL_TO_CLEV_RandomForest,Hungarian + Zurich + VA Long Beach,Cleveland,RandomForest,90,0,0.76086,1
LODO_E14_POOL_TO_CLEV_RandomForest,Hungarian + Zurich + VA Long Beach,Cleveland,RandomForest,91,1,0.738878,1
LODO_E14_POOL_TO_CLEV_RandomForest,Hungarian + Zurich + VA Long Beach,Cleveland,RandomForest,92,0,0.58174,1
LODO_E14_POOL_TO_CLEV_RandomForest,Hungarian + Zurich + VA Long Beach,Cleveland,RandomForest,93,0,0.26012,0
LODO_E14_POOL_TO_CLEV_RandomForest,Hungarian + Zurich + VA Long Beach,Cleveland,RandomForest,94,0,0.281837,0
LODO_E14_POOL_TO_CLEV_RandomForest,Hungarian + Zurich + VA Long Beach,Cleveland,RandomForest,95,1,0.697916,1
LODO_E14_POOL_TO_CLEV_RandomForest,Hungarian + Zurich + VA Long Beach,Cleveland,RandomForest,96,1,0.849951,1
LODO_E14_POOL_TO_CLEV_RandomForest,Hungarian + Zurich + VA Long Beach,Cleveland,RandomForest,97,1,0.710443,1
LODO_E14_POOL_TO_CLEV_RandomForest,Hungarian + Zurich + VA Long Beach,Cleveland,RandomForest,98,0,0.237925,0
LODO_E14_POOL_TO_CLEV_RandomForest,Hungarian + Zurich + VA Long Beach,Cleveland,RandomForest,99,0,0.51262,1
LODO_E14_POOL_TO_CLEV_RandomForest,Hungarian + Zurich + VA Long Beach,Cleveland,RandomForest,100,0,0.51762,1
LODO_E14_POOL_TO_CLEV_RandomForest,Hungarian + Zurich + VA Long Beach,Cleveland,RandomForest,101,0,0.230635,0
LODO_E14_POOL_TO_CLEV_RandomForest,Hungarian + Zurich + VA Long Beach,Cleveland,RandomForest,102,0,0.485221,0
LODO_E14_POOL_TO_CLEV_RandomForest,Hungarian + Zurich + VA Long Beach,Cleveland,RandomForest,103,0,0.542183,1
LODO_E14_POOL_TO_CLEV_RandomForest,Hungarian + Zurich + VA Long Beach,Cleveland,RandomForest,104,1,0.508873,1
LODO_E14_POOL_TO_CLEV_RandomForest,Hungarian + Zurich + VA Long Beach,Cleveland,RandomForest,105,0,0.126727,0
LODO_E14_POOL_TO_CLEV_RandomForest,Hungarian + Zurich + VA Long Beach,Cleveland,RandomForest,106,1,0.660074,1
LODO_E14_POOL_TO_CLEV_RandomForest,Hungarian + Zurich + VA Long Beach,Cleveland,RandomForest,107,1,0.444765,0
LODO_E14_POOL_TO_CLEV_RandomForest,Hungarian + Zurich + VA Long Beach,Cleveland,RandomForest,108,1,0.943307,1
LODO_E14_POOL_TO_CLEV_RandomForest,Hungarian + Zurich + VA Long Beach,Cleveland,RandomForest,109,1,0.764566,1
LODO_E14_POOL_TO_CLEV_RandomForest,Hungarian + Zurich + VA Long Beach,Cleveland,RandomForest,110,1,0.743023,1
LODO_E14_POOL_TO_CLEV_RandomForest,Hungarian + Zurich + VA Long Beach,Cleveland,RandomForest,111,1,0.861142,1
LODO_E14_POOL_TO_CLEV_RandomForest,Hungarian + Zurich + VA Long Beach,Cleveland,RandomForest,112,0,0.277171,0
LODO_E14_POOL_TO_CLEV_RandomForest,Hungarian + Zurich + VA Long Beach,Cleveland,RandomForest,113,1,0.738479,1
LODO_E14_POOL_TO_CLEV_RandomForest,Hungarian + Zurich + VA Long Beach,Cleveland,RandomForest,114,1,0.519706,1
LODO_E14_POOL_TO_CLEV_RandomForest,Hungarian + Zurich + VA Long Beach,Cleveland,RandomForest,115,0,0.125515,0
LODO_E14_POOL_TO_CLEV_RandomForest,Hungarian + Zurich + VA Long Beach,Cleveland,RandomForest,116,0,0.402407,0
LODO_E14_POOL_TO_CLEV_RandomForest,Hungarian + Zurich + VA Long Beach,Cleveland,RandomForest,117,0,0.607857,1
LODO_E14_POOL_TO_CLEV_RandomForest,Hungarian + Zurich + VA Long Beach,Cleveland,RandomForest,118,1,0.889619,1
LODO_E14_POOL_TO_CLEV_RandomForest,Hungarian + Zurich + VA Long Beach,Cleveland,RandomForest,119,1,0.862507,1
LODO_E14_POOL_TO_CLEV_RandomForest,Hungarian + Zurich + VA Long Beach,Cleveland,RandomForest,120,1,0.767839,1
LODO_E14_POOL_TO_CLEV_RandomForest,Hungarian + Zurich + VA Long Beach,Cleveland,RandomForest,121,1,0.724691,1
LODO_E14_POOL_TO_CLEV_RandomForest,Hungarian + Zurich + VA Long Beach,Cleveland,RandomForest,122,0,0.639837,1
LODO_E14_POOL_TO_CLEV_RandomForest,Hungarian + Zurich + VA Long Beach,Cleveland,RandomForest,123,1,0.942771,1
LODO_E14_POOL_TO_CLEV_RandomForest,Hungarian + Zurich + VA Long Beach,Cleveland,RandomForest,124,1,0.502502,1
LODO_E14_POOL_TO_CLEV_RandomForest,Hungarian + Zurich + VA Long Beach,Cleveland,RandomForest,125,0,0.200467,0
LODO_E14_POOL_TO_CLEV_RandomForest,Hungarian + Zurich + VA Long Beach,Cleveland,RandomForest,126,1,0.813497,1
LODO_E14_POOL_TO_CLEV_RandomForest,Hungarian + Zurich + VA Long Beach,Cleveland,RandomForest,127,1,0.930106,1
LODO_E14_POOL_TO_CLEV_RandomForest,Hungarian + Zurich + VA Long Beach,Cleveland,RandomForest,128,0,0.081412,0
LODO_E14_POOL_TO_CLEV_RandomForest,Hungarian + Zurich + VA Long Beach,Cleveland,RandomForest,129,0,0.56474,1
LODO_E14_POOL_TO_CLEV_RandomForest,Hungarian + Zurich + VA Long Beach,Cleveland,RandomForest,130,0,0.376887,0
LODO_E14_POOL_TO_CLEV_RandomForest,Hungarian + Zurich + VA Long Beach,Cleveland,RandomForest,131,0,0.35821,0
LODO_E14_POOL_TO_CLEV_RandomForest,Hungarian + Zurich + VA Long Beach,Cleveland,RandomForest,132,0,0.10826,0
LODO_E14_POOL_TO_CLEV_RandomForest,Hungarian + Zurich + VA Long Beach,Cleveland,RandomForest,133,0,0.621024,1
LODO_E14_POOL_TO_CLEV_RandomForest,Hungarian + Zurich + VA Long Beach,Cleveland,RandomForest,134,0,0.17725,0
LODO_E14_POOL_TO_CLEV_RandomForest,Hungarian + Zurich + VA Long Beach,Cleveland,RandomForest,135,0,0.295522,0
LODO_E14_POOL_TO_CLEV_RandomForest,Hungarian + Zurich + VA Long Beach,Cleveland,RandomForest,136,1,0.953431,1
LODO_E14_POOL_TO_CLEV_RandomForest,Hungarian + Zurich + VA Long Beach,Cleveland,RandomForest,137,1,0.56316,1
LODO_E14_POOL_TO_CLEV_RandomForest,Hungarian + Zurich + VA Long Beach,Cleveland,RandomForest,138,1,0.908645,1
LODO_E14_POOL_TO_CLEV_RandomForest,Hungarian + Zurich + VA Long Beach,Cleveland,RandomForest,139,0,0.517531,1
LODO_E14_POOL_TO_CLEV_RandomForest,Hungarian + Zurich + VA Long Beach,Cleveland,RandomForest,140,0,0.240496,0
LODO_E14_POOL_TO_CLEV_RandomForest,Hungarian + Zurich + VA Long Beach,Cleveland,RandomForest,141,1,0.406906,0
LODO_E14_POOL_TO_CLEV_RandomForest,Hungarian + Zurich + VA Long Beach,Cleveland,RandomForest,142,0,0.249935,0
LODO_E14_POOL_TO_CLEV_RandomForest,Hungarian + Zurich + VA Long Beach,Cleveland,RandomForest,143,1,0.703639,1
LODO_E14_POOL_TO_CLEV_RandomForest,Hungarian + Zurich + VA Long Beach,Cleveland,RandomForest,144,0,0.496171,0
LODO_E14_POOL_TO_CLEV_RandomForest,Hungarian + Zurich + VA Long Beach,Cleveland,RandomForest,145,1,0.170082,0
LODO_E14_POOL_TO_CLEV_RandomForest,Hungarian + Zurich + VA Long Beach,Cleveland,RandomForest,146,1,0.787962,1
LODO_E14_POOL_TO_CLEV_RandomForest,Hungarian + Zurich + VA Long Beach,Cleveland,RandomForest,147,0,0.129203,0
LODO_E14_POOL_TO_CLEV_RandomForest,Hungarian + Zurich + VA Long Beach,Cleveland,RandomForest,148,0,0.091084,0
LODO_E14_POOL_TO_CLEV_RandomForest,Hungarian + Zurich + VA Long Beach,Cleveland,RandomForest,149,0,0.245346,0
LODO_E14_POOL_TO_CLEV_RandomForest,Hungarian + Zurich + VA Long Beach,Cleveland,RandomForest,150,0,0.524546,1
LODO_E14_POOL_TO_CLEV_RandomForest,Hungarian + Zurich + VA Long Beach,Cleveland,RandomForest,151,0,0.452161,0
LODO_E14_POOL_TO_CLEV_RandomForest,Hungarian + Zurich + VA Long Beach,Cleveland,RandomForest,152,0,0.444445,0
LODO_E14_POOL_TO_CLEV_RandomForest,Hungarian + Zurich + VA Long Beach,Cleveland,RandomForest,153,1,0.840874,1
LODO_E14_POOL_TO_CLEV_RandomForest,Hungarian + Zurich + VA Long Beach,Cleveland,RandomForest,154,1,0.945519,1
LODO_E14_POOL_TO_CLEV_RandomForest,Hungarian + Zurich + VA Long Beach,Cleveland,RandomForest,155,1,0.880121,1
LODO_E14_POOL_TO_CLEV_RandomForest,Hungarian + Zurich + VA Long Beach,Cleveland,RandomForest,156,1,0.775455,1
LODO_E14_POOL_TO_CLEV_RandomForest,Hungarian + Zurich + VA Long Beach,Cleveland,RandomForest,157,1,0.574562,1
LODO_E14_POOL_TO_CLEV_RandomForest,Hungarian + Zurich + VA Long Beach,Cleveland,RandomForest,158,1,0.691185,1
LODO_E14_POOL_TO_CLEV_RandomForest,Hungarian + Zurich + VA Long Beach,Cleveland,RandomForest,159,0,0.485026,0
LODO_E14_POOL_TO_CLEV_RandomForest,Hungarian + Zurich + VA Long Beach,Cleveland,RandomForest,160,0,0.194999,0
LODO_E14_POOL_TO_CLEV_RandomForest,Hungarian + Zurich + VA Long Beach,Cleveland,RandomForest,161,1,0.761409,1
LODO_E14_POOL_TO_CLEV_RandomForest,Hungarian + Zurich + VA Long Beach,Cleveland,RandomForest,162,0,0.373024,0
LODO_E14_POOL_TO_CLEV_RandomForest,Hungarian + Zurich + VA Long Beach,Cleveland,RandomForest,163,0,0.532225,1
LODO_E14_POOL_TO_CLEV_RandomForest,Hungarian + Zurich + VA Long Beach,Cleveland,RandomForest,164,0,0.331977,0
LODO_E14_POOL_TO_CLEV_RandomForest,Hungarian + Zurich + VA Long Beach,Cleveland,RandomForest,165,0,0.679582,1
LODO_E14_POOL_TO_CLEV_RandomForest,Hungarian + Zurich + VA Long Beach,Cleveland,RandomForest,166,0,0.177109,0
LODO_E14_POOL_TO_CLEV_RandomForest,Hungarian + Zurich + VA Long Beach,Cleveland,RandomForest,167,0,0.272809,0
LODO_E14_POOL_TO_CLEV_RandomForest,Hungarian + Zurich + VA Long Beach,Cleveland,RandomForest,168,1,0.70942,1
LODO_E14_POOL_TO_CLEV_RandomForest,Hungarian + Zurich + VA Long Beach,Cleveland,RandomForest,169,0,0.07186,0
LODO_E14_POOL_TO_CLEV_RandomForest,Hungarian + Zurich + VA Long Beach,Cleveland,RandomForest,170,1,0.813446,1
LODO_E14_POOL_TO_CLEV_RandomForest,Hungarian + Zurich + VA Long Beach,Cleveland,RandomForest,171,0,0.747691,1
LODO_E14_POOL_TO_CLEV_RandomForest,Hungarian + Zurich + VA Long Beach,Cleveland,RandomForest,172,1,0.632398,1
LODO_E14_POOL_TO_CLEV_RandomForest,Hungarian + Zurich + VA Long Beach,Cleveland,RandomForest,173,0,0.649511,1
LODO_E14_POOL_TO_CLEV_RandomForest,Hungarian + Zurich + VA Long Beach,Cleveland,RandomForest,174,1,0.820038,1
LODO_E14_POOL_TO_CLEV_RandomForest,Hungarian + Zurich + VA Long Beach,Cleveland,RandomForest,175,1,0.919448,1
LODO_E14_POOL_TO_CLEV_RandomForest,Hungarian + Zurich + VA Long Beach,Cleveland,RandomForest,176,0,0.740111,1
LODO_E14_POOL_TO_CLEV_RandomForest,Hungarian + Zurich + VA Long Beach,Cleveland,RandomForest,177,1,0.930472,1
LODO_E14_POOL_TO_CLEV_RandomForest,Hungarian + Zurich + VA Long Beach,Cleveland,RandomForest,178,0,0.382584,0
LODO_E14_POOL_TO_CLEV_RandomForest,Hungarian + Zurich + VA Long Beach,Cleveland,RandomForest,179,0,0.346409,0
LODO_E14_POOL_TO_CLEV_RandomForest,Hungarian + Zurich + VA Long Beach,Cleveland,RandomForest,180,1,0.629909,1
LODO_E14_POOL_TO_CLEV_RandomForest,Hungarian + Zurich + VA Long Beach,Cleveland,RandomForest,181,1,0.787001,1
LODO_E14_POOL_TO_CLEV_RandomForest,Hungarian + Zurich + VA Long Beach,Cleveland,RandomForest,182,0,0.323335,0
LODO_E14_POOL_TO_CLEV_RandomForest,Hungarian + Zurich + VA Long Beach,Cleveland,RandomForest,183,0,0.657168,1
LODO_E14_POOL_TO_CLEV_RandomForest,Hungarian + Zurich + VA Long Beach,Cleveland,RandomForest,184,1,0.465012,0
LODO_E14_POOL_TO_CLEV_RandomForest,Hungarian + Zurich + VA Long Beach,Cleveland,RandomForest,185,0,0.209757,0
LODO_E14_POOL_TO_CLEV_RandomForest,Hungarian + Zurich + VA Long Beach,Cleveland,RandomForest,186,0,0.349924,0
LODO_E14_POOL_TO_CLEV_RandomForest,Hungarian + Zurich + VA Long Beach,Cleveland,RandomForest,187,1,0.58843,1
LODO_E14_POOL_TO_CLEV_RandomForest,Hungarian + Zurich + VA Long Beach,Cleveland,RandomForest,188,1,0.16619,0
LODO_E14_POOL_TO_CLEV_RandomForest,Hungarian + Zurich + VA Long Beach,Cleveland,RandomForest,189,1,0.647847,1
LODO_E14_POOL_TO_CLEV_RandomForest,Hungarian + Zurich + VA Long Beach,Cleveland,RandomForest,190,0,0.170562,0
LODO_E14_POOL_TO_CLEV_RandomForest,Hungarian + Zurich + VA Long Beach,Cleveland,RandomForest,191,1,0.933769,1
LODO_E14_POOL_TO_CLEV_RandomForest,Hungarian + Zurich + VA Long Beach,Cleveland,RandomForest,192,1,0.739172,1
LODO_E14_POOL_TO_CLEV_RandomForest,Hungarian + Zurich + VA Long Beach,Cleveland,RandomForest,193,1,0.830872,1
LODO_E14_POOL_TO_CLEV_RandomForest,Hungarian + Zurich + VA Long Beach,Cleveland,RandomForest,194,0,0.533137,1
LODO_E14_POOL_TO_CLEV_RandomForest,Hungarian + Zurich + VA Long Beach,Cleveland,RandomForest,195,1,0.84946,1
LODO_E14_POOL_TO_CLEV_RandomForest,Hungarian + Zurich + VA Long Beach,Cleveland,RandomForest,196,0,0.607712,1
LODO_E14_POOL_TO_CLEV_RandomForest,Hungarian + Zurich + VA Long Beach,Cleveland,RandomForest,197,0,0.60387,1
LODO_E14_POOL_TO_CLEV_RandomForest,Hungarian + Zurich + VA Long Beach,Cleveland,RandomForest,198,0,0.21336,0
LODO_E14_POOL_TO_CLEV_RandomForest,Hungarian + Zurich + VA Long Beach,Cleveland,RandomForest,199,1,0.412059,0
LODO_E14_POOL_TO_CLEV_RandomForest,Hungarian + Zurich + VA Long Beach,Cleveland,RandomForest,200,0,0.444321,0
LODO_E14_POOL_TO_CLEV_RandomForest,Hungarian + Zurich + VA Long Beach,Cleveland,RandomForest,201,0,0.731648,1
LODO_E14_POOL_TO_CLEV_RandomForest,Hungarian + Zurich + VA Long Beach,Cleveland,RandomForest,202,0,0.457055,0
LODO_E14_POOL_TO_CLEV_RandomForest,Hungarian + Zurich + VA Long Beach,Cleveland,RandomForest,203,0,0.41547,0
LODO_E14_POOL_TO_CLEV_RandomForest,Hungarian + Zurich + VA Long Beach,Cleveland,RandomForest,204,0,0.572168,1
LODO_E14_POOL_TO_CLEV_RandomForest,Hungarian + Zurich + VA Long Beach,Cleveland,RandomForest,205,1,0.656112,1
LODO_E14_POOL_TO_CLEV_RandomForest,Hungarian + Zurich + VA Long Beach,Cleveland,RandomForest,206,1,0.909998,1
LODO_E14_POOL_TO_CLEV_RandomForest,Hungarian + Zurich + VA Long Beach,Cleveland,RandomForest,207,1,0.822897,1
LODO_E14_POOL_TO_CLEV_RandomForest,Hungarian + Zurich + VA Long Beach,Cleveland,RandomForest,208,0,0.117968,0
LODO_E14_POOL_TO_CLEV_RandomForest,Hungarian + Zurich + VA Long Beach,Cleveland,RandomForest,209,1,0.789339,1
LODO_E14_POOL_TO_CLEV_RandomForest,Hungarian + Zurich + VA Long Beach,Cleveland,RandomForest,210,0,0.082223,0
LODO_E14_POOL_TO_CLEV_RandomForest,Hungarian + Zurich + VA Long Beach,Cleveland,RandomForest,211,1,0.534354,1
LODO_E14_POOL_TO_CLEV_RandomForest,Hungarian + Zurich + VA Long Beach,Cleveland,RandomForest,212,0,0.377879,0
LODO_E14_POOL_TO_CLEV_RandomForest,Hungarian + Zurich + VA Long Beach,Cleveland,RandomForest,213,1,0.76661,1
LODO_E14_POOL_TO_CLEV_RandomForest,Hungarian + Zurich + VA Long Beach,Cleveland,RandomForest,214,1,0.587852,1
LODO_E14_POOL_TO_CLEV_RandomForest,Hungarian + Zurich + VA Long Beach,Cleveland,RandomForest,215,0,0.435314,0
LODO_E14_POOL_TO_CLEV_RandomForest,Hungarian + Zurich + VA Long Beach,Cleveland,RandomForest,216,0,0.083084,0
LODO_E14_POOL_TO_CLEV_RandomForest,Hungarian + Zurich + VA Long Beach,Cleveland,RandomForest,217,0,0.584257,1
LODO_E14_POOL_TO_CLEV_RandomForest,Hungarian + Zurich + VA Long Beach,Cleveland,RandomForest,218,0,0.765858,1
LODO_E14_POOL_TO_CLEV_RandomForest,Hungarian + Zurich + VA Long Beach,Cleveland,RandomForest,219,0,0.499759,0
LODO_E14_POOL_TO_CLEV_RandomForest,Hungarian + Zurich + VA Long Beach,Cleveland,RandomForest,220,0,0.260532,0
LODO_E14_POOL_TO_CLEV_RandomForest,Hungarian + Zurich + VA Long Beach,Cleveland,RandomForest,221,0,0.154077,0
LODO_E14_POOL_TO_CLEV_RandomForest,Hungarian + Zurich + VA Long Beach,Cleveland,RandomForest,222,0,0.09279,0
LODO_E14_POOL_TO_CLEV_RandomForest,Hungarian + Zurich + VA Long Beach,Cleveland,RandomForest,223,1,0.926244,1
LODO_E14_POOL_TO_CLEV_RandomForest,Hungarian + Zurich + VA Long Beach,Cleveland,RandomForest,224,1,0.769858,1
LODO_E14_POOL_TO_CLEV_RandomForest,Hungarian + Zurich + VA Long Beach,Cleveland,RandomForest,225,0,0.167086,0
LODO_E14_POOL_TO_CLEV_RandomForest,Hungarian + Zurich + VA Long Beach,Cleveland,RandomForest,226,0,0.644611,1
LODO_E14_POOL_TO_CLEV_RandomForest,Hungarian + Zurich + VA Long Beach,Cleveland,RandomForest,227,0,0.339808,0
LODO_E14_POOL_TO_CLEV_RandomForest,Hungarian + Zurich + VA Long Beach,Cleveland,RandomForest,228,1,0.77379,1
LODO_E14_POOL_TO_CLEV_RandomForest,Hungarian + Zurich + VA Long Beach,Cleveland,RandomForest,229,1,0.786072,1
LODO_E14_POOL_TO_CLEV_RandomForest,Hungarian + Zurich + VA Long Beach,Cleveland,RandomForest,230,0,0.187631,0
LODO_E14_POOL_TO_CLEV_RandomForest,Hungarian + Zurich + VA Long Beach,Cleveland,RandomForest,231,1,0.802002,1
LODO_E14_POOL_TO_CLEV_RandomForest,Hungarian + Zurich + VA Long Beach,Cleveland,RandomForest,232,1,0.338757,0
LODO_E14_POOL_TO_CLEV_RandomForest,Hungarian + Zurich + VA Long Beach,Cleveland,RandomForest,233,0,0.457963,0
LODO_E14_POOL_TO_CLEV_RandomForest,Hungarian + Zurich + VA Long Beach,Cleveland,RandomForest,234,0,0.163143,0
LODO_E14_POOL_TO_CLEV_RandomForest,Hungarian + Zurich + VA Long Beach,Cleveland,RandomForest,235,1,0.895461,1
LODO_E14_POOL_TO_CLEV_RandomForest,Hungarian + Zurich + VA Long Beach,Cleveland,RandomForest,236,1,0.919048,1
LODO_E14_POOL_TO_CLEV_RandomForest,Hungarian + Zurich + VA Long Beach,Cleveland,RandomForest,237,1,0.635619,1
LODO_E14_POOL_TO_CLEV_RandomForest,Hungarian + Zurich + VA Long Beach,Cleveland,RandomForest,238,0,0.098333,0
LODO_E14_POOL_TO_CLEV_RandomForest,Hungarian + Zurich + VA Long Beach,Cleveland,RandomForest,239,0,0.076922,0
LODO_E14_POOL_TO_CLEV_RandomForest,Hungarian + Zurich + VA Long Beach,Cleveland,RandomForest,240,0,0.090057,0
LODO_E14_POOL_TO_CLEV_RandomForest,Hungarian + Zurich + VA Long Beach,Cleveland,RandomForest,241,0,0.054066,0
LODO_E14_POOL_TO_CLEV_RandomForest,Hungarian + Zurich + VA Long Beach,Cleveland,RandomForest,242,0,0.42237,0
LODO_E14_POOL_TO_CLEV_RandomForest,Hungarian + Zurich + VA Long Beach,Cleveland,RandomForest,243,1,0.642162,1
LODO_E14_POOL_TO_CLEV_RandomForest,Hungarian + Zurich + VA Long Beach,Cleveland,RandomForest,244,0,0.51809,1
LODO_E14_POOL_TO_CLEV_RandomForest,Hungarian + Zurich + VA Long Beach,Cleveland,RandomForest,245,1,0.80485,1
LODO_E14_POOL_TO_CLEV_RandomForest,Hungarian + Zurich + VA Long Beach,Cleveland,RandomForest,246,1,0.692835,1
LODO_E14_POOL_TO_CLEV_RandomForest,Hungarian + Zurich + VA Long Beach,Cleveland,RandomForest,247,1,0.81938,1
LODO_E14_POOL_TO_CLEV_RandomForest,Hungarian + Zurich + VA Long Beach,Cleveland,RandomForest,248,1,0.672793,1
LODO_E14_POOL_TO_CLEV_RandomForest,Hungarian + Zurich + VA Long Beach,Cleveland,RandomForest,249,0,0.383222,0
LODO_E14_POOL_TO_CLEV_RandomForest,Hungarian + Zurich + VA Long Beach,Cleveland,RandomForest,250,0,0.926591,1
LODO_E14_POOL_TO_CLEV_RandomForest,Hungarian + Zurich + VA Long Beach,Cleveland,RandomForest,251,1,0.881359,1
LODO_E14_POOL_TO_CLEV_RandomForest,Hungarian + Zurich + VA Long Beach,Cleveland,RandomForest,252,0,0.889281,1
LODO_E14_POOL_TO_CLEV_RandomForest,Hungarian + Zurich + VA Long Beach,Cleveland,RandomForest,253,0,0.251155,0
LODO_E14_POOL_TO_CLEV_RandomForest,Hungarian + Zurich + VA Long Beach,Cleveland,RandomForest,254,0,0.742301,1
LODO_E14_POOL_TO_CLEV_RandomForest,Hungarian + Zurich + VA Long Beach,Cleveland,RandomForest,255,0,0.099073,0
LODO_E14_POOL_TO_CLEV_RandomForest,Hungarian + Zurich + VA Long Beach,Cleveland,RandomForest,256,0,0.694214,1
LODO_E14_POOL_TO_CLEV_RandomForest,Hungarian + Zurich + VA Long Beach,Cleveland,RandomForest,257,0,0.541595,1
LODO_E14_POOL_TO_CLEV_RandomForest,Hungarian + Zurich + VA Long Beach,Cleveland,RandomForest,258,0,0.354617,0
LODO_E14_POOL_TO_CLEV_RandomForest,Hungarian + Zurich + VA Long Beach,Cleveland,RandomForest,259,1,0.275342,0
LODO_E14_POOL_TO_CLEV_RandomForest,Hungarian + Zurich + VA Long Beach,Cleveland,RandomForest,260,0,0.263916,0
LODO_E14_POOL_TO_CLEV_RandomForest,Hungarian + Zurich + VA Long Beach,Cleveland,RandomForest,261,1,0.285004,0
LODO_E14_POOL_TO_CLEV_RandomForest,Hungarian + Zurich + VA Long Beach,Cleveland,RandomForest,262,0,0.300612,0
LODO_E14_POOL_TO_CLEV_RandomForest,Hungarian + Zurich + VA Long Beach,Cleveland,RandomForest,263,0,0.109097,0
LODO_E14_POOL_TO_CLEV_RandomForest,Hungarian + Zurich + VA Long Beach,Cleveland,RandomForest,264,1,0.928875,1
LODO_E14_POOL_TO_CLEV_RandomForest,Hungarian + Zurich + VA Long Beach,Cleveland,RandomForest,265,1,0.910717,1
LODO_E14_POOL_TO_CLEV_RandomForest,Hungarian + Zurich + VA Long Beach,Cleveland,RandomForest,266,1,0.823617,1
LODO_E14_POOL_TO_CLEV_RandomForest,Hungarian + Zurich + VA Long Beach,Cleveland,RandomForest,267,1,0.713471,1
LODO_E14_POOL_TO_CLEV_RandomForest,Hungarian + Zurich + VA Long Beach,Cleveland,RandomForest,268,1,0.408768,0
LODO_E14_POOL_TO_CLEV_RandomForest,Hungarian + Zurich + VA Long Beach,Cleveland,RandomForest,269,0,0.114995,0
LODO_E14_POOL_TO_CLEV_RandomForest,Hungarian + Zurich + VA Long Beach,Cleveland,RandomForest,270,1,0.910481,1
LODO_E14_POOL_TO_CLEV_RandomForest,Hungarian + Zurich + VA Long Beach,Cleveland,RandomForest,271,0,0.850407,1
LODO_E14_POOL_TO_CLEV_RandomForest,Hungarian + Zurich + VA Long Beach,Cleveland,RandomForest,272,1,0.918448,1
LODO_E14_POOL_TO_CLEV_RandomForest,Hungarian + Zurich + VA Long Beach,Cleveland,RandomForest,273,0,0.782821,1
LODO_E14_POOL_TO_CLEV_RandomForest,Hungarian + Zurich + VA Long Beach,Cleveland,RandomForest,274,1,0.327923,0
LODO_E14_POOL_TO_CLEV_RandomForest,Hungarian + Zurich + VA Long Beach,Cleveland,RandomForest,275,0,0.465179,0
LODO_E14_POOL_TO_CLEV_RandomForest,Hungarian + Zurich + VA Long Beach,Cleveland,RandomForest,276,0,0.399445,0
LODO_E14_POOL_TO_CLEV_RandomForest,Hungarian + Zurich + VA Long Beach,Cleveland,RandomForest,277,0,0.132178,0
LODO_E14_POOL_TO_CLEV_RandomForest,Hungarian + Zurich + VA Long Beach,Cleveland,RandomForest,278,1,0.180277,0
LODO_E14_POOL_TO_CLEV_RandomForest,Hungarian + Zurich + VA Long Beach,Cleveland,RandomForest,279,0,0.560798,1
LODO_E14_POOL_TO_CLEV_RandomForest,Hungarian + Zurich + VA Long Beach,Cleveland,RandomForest,280,1,0.929686,1
LODO_E14_POOL_TO_CLEV_RandomForest,Hungarian + Zurich + VA Long Beach,Cleveland,RandomForest,281,0,0.161835,0
LODO_E14_POOL_TO_CLEV_RandomForest,Hungarian + Zurich + VA Long Beach,Cleveland,RandomForest,282,1,0.802354,1
LODO_E14_POOL_TO_CLEV_RandomForest,Hungarian + Zurich + VA Long Beach,Cleveland,RandomForest,283,0,0.087467,0
LODO_E14_POOL_TO_CLEV_RandomForest,Hungarian + Zurich + VA Long Beach,Cleveland,RandomForest,284,1,0.563581,1
LODO_E14_POOL_TO_CLEV_RandomForest,Hungarian + Zurich + VA Long Beach,Cleveland,RandomForest,285,1,0.863659,1
LODO_E14_POOL_TO_CLEV_RandomForest,Hungarian + Zurich + VA Long Beach,Cleveland,RandomForest,286,1,0.827941,1
LODO_E14_POOL_TO_CLEV_RandomForest,Hungarian + Zurich + VA Long Beach,Cleveland,RandomForest,287,0,0.389543,0
LODO_E14_POOL_TO_CLEV_RandomForest,Hungarian + Zurich + VA Long Beach,Cleveland,RandomForest,288,0,0.158273,0
LODO_E14_POOL_TO_CLEV_RandomForest,Hungarian + Zurich + VA Long Beach,Cleveland,RandomForest,289,0,0.177486,0
LODO_E14_POOL_TO_CLEV_RandomForest,Hungarian + Zurich + VA Long Beach,Cleveland,RandomForest,290,1,0.528308,1
LODO_E14_POOL_TO_CLEV_RandomForest,Hungarian + Zurich + VA Long Beach,Cleveland,RandomForest,291,0,0.256632,0
LODO_E14_POOL_TO_CLEV_RandomForest,Hungarian + Zurich + VA Long Beach,Cleveland,RandomForest,292,1,0.88064,1
LODO_E14_POOL_TO_CLEV_RandomForest,Hungarian + Zurich + VA Long Beach,Cleveland,RandomForest,293,1,0.93649,1
LODO_E14_POOL_TO_CLEV_RandomForest,Hungarian + Zurich + VA Long Beach,Cleveland,RandomForest,294,1,0.715377,1
LODO_E14_POOL_TO_CLEV_RandomForest,Hungarian + Zurich + VA Long Beach,Cleveland,RandomForest,295,0,0.082105,0
LODO_E14_POOL_TO_CLEV_RandomForest,Hungarian + Zurich + VA Long Beach,Cleveland,RandomForest,296,1,0.794908,1
LODO_E14_POOL_TO_CLEV_RandomForest,Hungarian + Zurich + VA Long Beach,Cleveland,RandomForest,297,1,0.623767,1
LODO_E14_POOL_TO_CLEV_RandomForest,Hungarian + Zurich + VA Long Beach,Cleveland,RandomForest,298,1,0.453681,0
LODO_E14_POOL_TO_CLEV_RandomForest,Hungarian + Zurich + VA Long Beach,Cleveland,RandomForest,299,1,0.91935,1
LODO_E14_POOL_TO_CLEV_RandomForest,Hungarian + Zurich + VA Long Beach,Cleveland,RandomForest,300,1,0.894002,1
LODO_E14_POOL_TO_CLEV_RandomForest,Hungarian + Zurich + VA Long Beach,Cleveland,RandomForest,301,1,0.165254,0
LODO_E14_POOL_TO_CLEV_RandomForest,Hungarian + Zurich + VA Long Beach,Cleveland,RandomForest,302,0,0.118463,0
LODO_E15_POOL_TO_CLEV_SVM,Hungarian + Zurich + VA Long Beach,Cleveland,SVM,0,0,0.820772,1
LODO_E15_POOL_TO_CLEV_SVM,Hungarian + Zurich + VA Long Beach,Cleveland,SVM,1,1,0.798992,1
LODO_E15_POOL_TO_CLEV_SVM,Hungarian + Zurich + VA Long Beach,Cleveland,SVM,2,1,0.791837,1
LODO_E15_POOL_TO_CLEV_SVM,Hungarian + Zurich + VA Long Beach,Cleveland,SVM,3,0,0.857117,1
LODO_E15_POOL_TO_CLEV_SVM,Hungarian + Zurich + VA Long Beach,Cleveland,SVM,4,0,0.159928,0
LODO_E15_POOL_TO_CLEV_SVM,Hungarian + Zurich + VA Long Beach,Cleveland,SVM,5,0,0.197981,0
LODO_E15_POOL_TO_CLEV_SVM,Hungarian + Zurich + VA Long Beach,Cleveland,SVM,6,1,0.744425,1
LODO_E15_POOL_TO_CLEV_SVM,Hungarian + Zurich + VA Long Beach,Cleveland,SVM,7,0,0.556965,1
LODO_E15_POOL_TO_CLEV_SVM,Hungarian + Zurich + VA Long Beach,Cleveland,SVM,8,1,0.61737,1
LODO_E15_POOL_TO_CLEV_SVM,Hungarian + Zurich + VA Long Beach,Cleveland,SVM,9,1,0.838545,1
LODO_E15_POOL_TO_CLEV_SVM,Hungarian + Zurich + VA Long Beach,Cleveland,SVM,10,0,0.714775,1
LODO_E15_POOL_TO_CLEV_SVM,Hungarian + Zurich + VA Long Beach,Cleveland,SVM,11,0,0.255443,0
LODO_E15_POOL_TO_CLEV_SVM,Hungarian + Zurich + VA Long Beach,Cleveland,SVM,12,1,0.851694,1
LODO_E15_POOL_TO_CLEV_SVM,Hungarian + Zurich + VA Long Beach,Cleveland,SVM,13,0,0.07373,0
LODO_E15_POOL_TO_CLEV_SVM,Hungarian + Zurich + VA Long Beach,Cleveland,SVM,14,0,0.525081,1
LODO_E15_POOL_TO_CLEV_SVM,Hungarian + Zurich + VA Long Beach,Cleveland,SVM,15,0,0.555879,1
LODO_E15_POOL_TO_CLEV_SVM,Hungarian + Zurich + VA Long Beach,Cleveland,SVM,16,1,0.537896,1
LODO_E15_POOL_TO_CLEV_SVM,Hungarian + Zurich + VA Long Beach,Cleveland,SVM,17,0,0.762905,1
LODO_E15_POOL_TO_CLEV_SVM,Hungarian + Zurich + VA Long Beach,Cleveland,SVM,18,0,0.070119,0
LODO_E15_POOL_TO_CLEV_SVM,Hungarian + Zurich + VA Long Beach,Cleveland,SVM,19,0,0.091903,0
LODO_E15_POOL_TO_CLEV_SVM,Hungarian + Zurich + VA Long Beach,Cleveland,SVM,20,0,0.82711,1
LODO_E15_POOL_TO_CLEV_SVM,Hungarian + Zurich + VA Long Beach,Cleveland,SVM,21,0,0.509362,1
LODO_E15_POOL_TO_CLEV_SVM,Hungarian + Zurich + VA Long Beach,Cleveland,SVM,22,1,0.599725,1
LODO_E15_POOL_TO_CLEV_SVM,Hungarian + Zurich + VA Long Beach,Cleveland,SVM,23,1,0.780523,1
LODO_E15_POOL_TO_CLEV_SVM,Hungarian + Zurich + VA Long Beach,Cleveland,SVM,24,1,0.81175,1
LODO_E15_POOL_TO_CLEV_SVM,Hungarian + Zurich + VA Long Beach,Cleveland,SVM,25,0,0.318734,0
LODO_E15_POOL_TO_CLEV_SVM,Hungarian + Zurich + VA Long Beach,Cleveland,SVM,26,0,0.187673,0
LODO_E15_POOL_TO_CLEV_SVM,Hungarian + Zurich + VA Long Beach,Cleveland,SVM,27,0,0.64138,1
LODO_E15_POOL_TO_CLEV_SVM,Hungarian + Zurich + VA Long Beach,Cleveland,SVM,28,0,0.702144,1
LODO_E15_POOL_TO_CLEV_SVM,Hungarian + Zurich + VA Long Beach,Cleveland,SVM,29,1,0.746941,1
LODO_E15_POOL_TO_CLEV_SVM,Hungarian + Zurich + VA Long Beach,Cleveland,SVM,30,0,0.376656,0
LODO_E15_POOL_TO_CLEV_SVM,Hungarian + Zurich + VA Long Beach,Cleveland,SVM,31,1,0.853334,1
LODO_E15_POOL_TO_CLEV_SVM,Hungarian + Zurich + VA Long Beach,Cleveland,SVM,32,1,0.277003,0
LODO_E15_POOL_TO_CLEV_SVM,Hungarian + Zurich + VA Long Beach,Cleveland,SVM,33,0,0.775762,1
LODO_E15_POOL_TO_CLEV_SVM,Hungarian + Zurich + VA Long Beach,Cleveland,SVM,34,0,0.451109,0
LODO_E15_POOL_TO_CLEV_SVM,Hungarian + Zurich + VA Long Beach,Cleveland,SVM,35,0,0.476423,0
LODO_E15_POOL_TO_CLEV_SVM,Hungarian + Zurich + VA Long Beach,Cleveland,SVM,36,1,0.783109,1
LODO_E15_POOL_TO_CLEV_SVM,Hungarian + Zurich + VA Long Beach,Cleveland,SVM,37,1,0.840415,1
LODO_E15_POOL_TO_CLEV_SVM,Hungarian + Zurich + VA Long Beach,Cleveland,SVM,38,1,0.873899,1
LODO_E15_POOL_TO_CLEV_SVM,Hungarian + Zurich + VA Long Beach,Cleveland,SVM,39,0,0.782599,1
LODO_E15_POOL_TO_CLEV_SVM,Hungarian + Zurich + VA Long Beach,Cleveland,SVM,40,1,0.548156,1
LODO_E15_POOL_TO_CLEV_SVM,Hungarian + Zurich + VA Long Beach,Cleveland,SVM,41,0,0.399326,0
LODO_E15_POOL_TO_CLEV_SVM,Hungarian + Zurich + VA Long Beach,Cleveland,SVM,42,0,0.439119,0
LODO_E15_POOL_TO_CLEV_SVM,Hungarian + Zurich + VA Long Beach,Cleveland,SVM,43,0,0.725191,1
LODO_E15_POOL_TO_CLEV_SVM,Hungarian + Zurich + VA Long Beach,Cleveland,SVM,44,1,0.392286,0
LODO_E15_POOL_TO_CLEV_SVM,Hungarian + Zurich + VA Long Beach,Cleveland,SVM,45,1,0.675945,1
LODO_E15_POOL_TO_CLEV_SVM,Hungarian + Zurich + VA Long Beach,Cleveland,SVM,46,0,0.287918,0
LODO_E15_POOL_TO_CLEV_SVM,Hungarian + Zurich + VA Long Beach,Cleveland,SVM,47,1,0.73226,1
LODO_E15_POOL_TO_CLEV_SVM,Hungarian + Zurich + VA Long Beach,Cleveland,SVM,48,0,0.575564,1
LODO_E15_POOL_TO_CLEV_SVM,Hungarian + Zurich + VA Long Beach,Cleveland,SVM,49,0,0.738188,1
LODO_E15_POOL_TO_CLEV_SVM,Hungarian + Zurich + VA Long Beach,Cleveland,SVM,50,0,0.100602,0
LODO_E15_POOL_TO_CLEV_SVM,Hungarian + Zurich + VA Long Beach,Cleveland,SVM,51,0,0.781528,1
LODO_E15_POOL_TO_CLEV_SVM,Hungarian + Zurich + VA Long Beach,Cleveland,SVM,52,1,0.414658,0
LODO_E15_POOL_TO_CLEV_SVM,Hungarian + Zurich + VA Long Beach,Cleveland,SVM,53,0,0.190609,0
LODO_E15_POOL_TO_CLEV_SVM,Hungarian + Zurich + VA Long Beach,Cleveland,SVM,54,1,0.832599,1
LODO_E15_POOL_TO_CLEV_SVM,Hungarian + Zurich + VA Long Beach,Cleveland,SVM,55,1,0.793362,1
LODO_E15_POOL_TO_CLEV_SVM,Hungarian + Zurich + VA Long Beach,Cleveland,SVM,56,1,0.272969,0
LODO_E15_POOL_TO_CLEV_SVM,Hungarian + Zurich + VA Long Beach,Cleveland,SVM,57,1,0.414415,0
LODO_E15_POOL_TO_CLEV_SVM,Hungarian + Zurich + VA Long Beach,Cleveland,SVM,58,0,0.493078,0
LODO_E15_POOL_TO_CLEV_SVM,Hungarian + Zurich + VA Long Beach,Cleveland,SVM,59,0,0.615901,1
LODO_E15_POOL_TO_CLEV_SVM,Hungarian + Zurich + VA Long Beach,Cleveland,SVM,60,1,0.748855,1
LODO_E15_POOL_TO_CLEV_SVM,Hungarian + Zurich + VA Long Beach,Cleveland,SVM,61,0,0.666354,1
LODO_E15_POOL_TO_CLEV_SVM,Hungarian + Zurich + VA Long Beach,Cleveland,SVM,62,1,0.81148,1
LODO_E15_POOL_TO_CLEV_SVM,Hungarian + Zurich + VA Long Beach,Cleveland,SVM,63,0,0.459641,0
LODO_E15_POOL_TO_CLEV_SVM,Hungarian + Zurich + VA Long Beach,Cleveland,SVM,64,1,0.853202,1
LODO_E15_POOL_TO_CLEV_SVM,Hungarian + Zurich + VA Long Beach,Cleveland,SVM,65,1,0.822828,1
LODO_E15_POOL_TO_CLEV_SVM,Hungarian + Zurich + VA Long Beach,Cleveland,SVM,66,1,0.772603,1
LODO_E15_POOL_TO_CLEV_SVM,Hungarian + Zurich + VA Long Beach,Cleveland,SVM,67,0,0.489734,0
LODO_E15_POOL_TO_CLEV_SVM,Hungarian + Zurich + VA Long Beach,Cleveland,SVM,68,1,0.834866,1
LODO_E15_POOL_TO_CLEV_SVM,Hungarian + Zurich + VA Long Beach,Cleveland,SVM,69,1,0.935185,1
LODO_E15_POOL_TO_CLEV_SVM,Hungarian + Zurich + VA Long Beach,Cleveland,SVM,70,0,0.417118,0
LODO_E15_POOL_TO_CLEV_SVM,Hungarian + Zurich + VA Long Beach,Cleveland,SVM,71,1,0.893623,1
LODO_E15_POOL_TO_CLEV_SVM,Hungarian + Zurich + VA Long Beach,Cleveland,SVM,72,1,0.882621,1
LODO_E15_POOL_TO_CLEV_SVM,Hungarian + Zurich + VA Long Beach,Cleveland,SVM,73,1,0.610653,1
LODO_E15_POOL_TO_CLEV_SVM,Hungarian + Zurich + VA Long Beach,Cleveland,SVM,74,1,0.451241,0
LODO_E15_POOL_TO_CLEV_SVM,Hungarian + Zurich + VA Long Beach,Cleveland,SVM,75,0,0.514337,1
LODO_E15_POOL_TO_CLEV_SVM,Hungarian + Zurich + VA Long Beach,Cleveland,SVM,76,1,0.813749,1
LODO_E15_POOL_TO_CLEV_SVM,Hungarian + Zurich + VA Long Beach,Cleveland,SVM,77,0,0.218298,0
LODO_E15_POOL_TO_CLEV_SVM,Hungarian + Zurich + VA Long Beach,Cleveland,SVM,78,0,0.288745,0
LODO_E15_POOL_TO_CLEV_SVM,Hungarian + Zurich + VA Long Beach,Cleveland,SVM,79,1,0.827215,1
LODO_E15_POOL_TO_CLEV_SVM,Hungarian + Zurich + VA Long Beach,Cleveland,SVM,80,0,0.764656,1
LODO_E15_POOL_TO_CLEV_SVM,Hungarian + Zurich + VA Long Beach,Cleveland,SVM,81,0,0.213454,0
LODO_E15_POOL_TO_CLEV_SVM,Hungarian + Zurich + VA Long Beach,Cleveland,SVM,82,0,0.186605,0
LODO_E15_POOL_TO_CLEV_SVM,Hungarian + Zurich + VA Long Beach,Cleveland,SVM,83,1,0.835922,1
LODO_E15_POOL_TO_CLEV_SVM,Hungarian + Zurich + VA Long Beach,Cleveland,SVM,84,0,0.087921,0
LODO_E15_POOL_TO_CLEV_SVM,Hungarian + Zurich + VA Long Beach,Cleveland,SVM,85,0,0.210727,0
LODO_E15_POOL_TO_CLEV_SVM,Hungarian + Zurich + VA Long Beach,Cleveland,SVM,86,0,0.19949,0
LODO_E15_POOL_TO_CLEV_SVM,Hungarian + Zurich + VA Long Beach,Cleveland,SVM,87,0,0.17784,0
LODO_E15_POOL_TO_CLEV_SVM,Hungarian + Zurich + VA Long Beach,Cleveland,SVM,88,0,0.274092,0
LODO_E15_POOL_TO_CLEV_SVM,Hungarian + Zurich + VA Long Beach,Cleveland,SVM,89,0,0.126603,0
LODO_E15_POOL_TO_CLEV_SVM,Hungarian + Zurich + VA Long Beach,Cleveland,SVM,90,0,0.578243,1
LODO_E15_POOL_TO_CLEV_SVM,Hungarian + Zurich + VA Long Beach,Cleveland,SVM,91,1,0.761323,1
LODO_E15_POOL_TO_CLEV_SVM,Hungarian + Zurich + VA Long Beach,Cleveland,SVM,92,0,0.77184,1
LODO_E15_POOL_TO_CLEV_SVM,Hungarian + Zurich + VA Long Beach,Cleveland,SVM,93,0,0.262543,0
LODO_E15_POOL_TO_CLEV_SVM,Hungarian + Zurich + VA Long Beach,Cleveland,SVM,94,0,0.342169,0
LODO_E15_POOL_TO_CLEV_SVM,Hungarian + Zurich + VA Long Beach,Cleveland,SVM,95,1,0.795937,1
LODO_E15_POOL_TO_CLEV_SVM,Hungarian + Zurich + VA Long Beach,Cleveland,SVM,96,1,0.783236,1
LODO_E15_POOL_TO_CLEV_SVM,Hungarian + Zurich + VA Long Beach,Cleveland,SVM,97,1,0.604276,1
LODO_E15_POOL_TO_CLEV_SVM,Hungarian + Zurich + VA Long Beach,Cleveland,SVM,98,0,0.08067,0
LODO_E15_POOL_TO_CLEV_SVM,Hungarian + Zurich + VA Long Beach,Cleveland,SVM,99,0,0.472583,0
LODO_E15_POOL_TO_CLEV_SVM,Hungarian + Zurich + VA Long Beach,Cleveland,SVM,100,0,0.458412,0
LODO_E15_POOL_TO_CLEV_SVM,Hungarian + Zurich + VA Long Beach,Cleveland,SVM,101,0,0.249062,0
LODO_E15_POOL_TO_CLEV_SVM,Hungarian + Zurich + VA Long Beach,Cleveland,SVM,102,0,0.301088,0
LODO_E15_POOL_TO_CLEV_SVM,Hungarian + Zurich + VA Long Beach,Cleveland,SVM,103,0,0.515578,1
LODO_E15_POOL_TO_CLEV_SVM,Hungarian + Zurich + VA Long Beach,Cleveland,SVM,104,1,0.756993,1
LODO_E15_POOL_TO_CLEV_SVM,Hungarian + Zurich + VA Long Beach,Cleveland,SVM,105,0,0.074337,0
LODO_E15_POOL_TO_CLEV_SVM,Hungarian + Zurich + VA Long Beach,Cleveland,SVM,106,1,0.761028,1
LODO_E15_POOL_TO_CLEV_SVM,Hungarian + Zurich + VA Long Beach,Cleveland,SVM,107,1,0.370774,0
LODO_E15_POOL_TO_CLEV_SVM,Hungarian + Zurich + VA Long Beach,Cleveland,SVM,108,1,0.864747,1
LODO_E15_POOL_TO_CLEV_SVM,Hungarian + Zurich + VA Long Beach,Cleveland,SVM,109,1,0.804536,1
LODO_E15_POOL_TO_CLEV_SVM,Hungarian + Zurich + VA Long Beach,Cleveland,SVM,110,1,0.632028,1
LODO_E15_POOL_TO_CLEV_SVM,Hungarian + Zurich + VA Long Beach,Cleveland,SVM,111,1,0.853246,1
LODO_E15_POOL_TO_CLEV_SVM,Hungarian + Zurich + VA Long Beach,Cleveland,SVM,112,0,0.547543,1
LODO_E15_POOL_TO_CLEV_SVM,Hungarian + Zurich + VA Long Beach,Cleveland,SVM,113,1,0.760527,1
LODO_E15_POOL_TO_CLEV_SVM,Hungarian + Zurich + VA Long Beach,Cleveland,SVM,114,1,0.437294,0
LODO_E15_POOL_TO_CLEV_SVM,Hungarian + Zurich + VA Long Beach,Cleveland,SVM,115,0,0.058252,0
LODO_E15_POOL_TO_CLEV_SVM,Hungarian + Zurich + VA Long Beach,Cleveland,SVM,116,0,0.711539,1
LODO_E15_POOL_TO_CLEV_SVM,Hungarian + Zurich + VA Long Beach,Cleveland,SVM,117,0,0.383663,0
LODO_E15_POOL_TO_CLEV_SVM,Hungarian + Zurich + VA Long Beach,Cleveland,SVM,118,1,0.825857,1
LODO_E15_POOL_TO_CLEV_SVM,Hungarian + Zurich + VA Long Beach,Cleveland,SVM,119,1,0.745294,1
LODO_E15_POOL_TO_CLEV_SVM,Hungarian + Zurich + VA Long Beach,Cleveland,SVM,120,1,0.844046,1
LODO_E15_POOL_TO_CLEV_SVM,Hungarian + Zurich + VA Long Beach,Cleveland,SVM,121,1,0.725045,1
LODO_E15_POOL_TO_CLEV_SVM,Hungarian + Zurich + VA Long Beach,Cleveland,SVM,122,0,0.777472,1
LODO_E15_POOL_TO_CLEV_SVM,Hungarian + Zurich + VA Long Beach,Cleveland,SVM,123,1,0.805851,1
LODO_E15_POOL_TO_CLEV_SVM,Hungarian + Zurich + VA Long Beach,Cleveland,SVM,124,1,0.755772,1
LODO_E15_POOL_TO_CLEV_SVM,Hungarian + Zurich + VA Long Beach,Cleveland,SVM,125,0,0.133261,0
LODO_E15_POOL_TO_CLEV_SVM,Hungarian + Zurich + VA Long Beach,Cleveland,SVM,126,1,0.776472,1
LODO_E15_POOL_TO_CLEV_SVM,Hungarian + Zurich + VA Long Beach,Cleveland,SVM,127,1,0.879513,1
LODO_E15_POOL_TO_CLEV_SVM,Hungarian + Zurich + VA Long Beach,Cleveland,SVM,128,0,0.06736,0
LODO_E15_POOL_TO_CLEV_SVM,Hungarian + Zurich + VA Long Beach,Cleveland,SVM,129,0,0.464936,0
LODO_E15_POOL_TO_CLEV_SVM,Hungarian + Zurich + VA Long Beach,Cleveland,SVM,130,0,0.28592,0
LODO_E15_POOL_TO_CLEV_SVM,Hungarian + Zurich + VA Long Beach,Cleveland,SVM,131,0,0.566284,1
LODO_E15_POOL_TO_CLEV_SVM,Hungarian + Zurich + VA Long Beach,Cleveland,SVM,132,0,0.216347,0
LODO_E15_POOL_TO_CLEV_SVM,Hungarian + Zurich + VA Long Beach,Cleveland,SVM,133,0,0.765,1
LODO_E15_POOL_TO_CLEV_SVM,Hungarian + Zurich + VA Long Beach,Cleveland,SVM,134,0,0.146715,0
LODO_E15_POOL_TO_CLEV_SVM,Hungarian + Zurich + VA Long Beach,Cleveland,SVM,135,0,0.245369,0
LODO_E15_POOL_TO_CLEV_SVM,Hungarian + Zurich + VA Long Beach,Cleveland,SVM,136,1,0.84663,1
LODO_E15_POOL_TO_CLEV_SVM,Hungarian + Zurich + VA Long Beach,Cleveland,SVM,137,1,0.582886,1
LODO_E15_POOL_TO_CLEV_SVM,Hungarian + Zurich + VA Long Beach,Cleveland,SVM,138,1,0.871129,1
LODO_E15_POOL_TO_CLEV_SVM,Hungarian + Zurich + VA Long Beach,Cleveland,SVM,139,0,0.656792,1
LODO_E15_POOL_TO_CLEV_SVM,Hungarian + Zurich + VA Long Beach,Cleveland,SVM,140,0,0.215017,0
LODO_E15_POOL_TO_CLEV_SVM,Hungarian + Zurich + VA Long Beach,Cleveland,SVM,141,1,0.733306,1
LODO_E15_POOL_TO_CLEV_SVM,Hungarian + Zurich + VA Long Beach,Cleveland,SVM,142,0,0.289015,0
LODO_E15_POOL_TO_CLEV_SVM,Hungarian + Zurich + VA Long Beach,Cleveland,SVM,143,1,0.835731,1
LODO_E15_POOL_TO_CLEV_SVM,Hungarian + Zurich + VA Long Beach,Cleveland,SVM,144,0,0.714735,1
LODO_E15_POOL_TO_CLEV_SVM,Hungarian + Zurich + VA Long Beach,Cleveland,SVM,145,1,0.234274,0
LODO_E15_POOL_TO_CLEV_SVM,Hungarian + Zurich + VA Long Beach,Cleveland,SVM,146,1,0.83821,1
LODO_E15_POOL_TO_CLEV_SVM,Hungarian + Zurich + VA Long Beach,Cleveland,SVM,147,0,0.258618,0
LODO_E15_POOL_TO_CLEV_SVM,Hungarian + Zurich + VA Long Beach,Cleveland,SVM,148,0,0.151009,0
LODO_E15_POOL_TO_CLEV_SVM,Hungarian + Zurich + VA Long Beach,Cleveland,SVM,149,0,0.240683,0
LODO_E15_POOL_TO_CLEV_SVM,Hungarian + Zurich + VA Long Beach,Cleveland,SVM,150,0,0.587444,1
LODO_E15_POOL_TO_CLEV_SVM,Hungarian + Zurich + VA Long Beach,Cleveland,SVM,151,0,0.205573,0
LODO_E15_POOL_TO_CLEV_SVM,Hungarian + Zurich + VA Long Beach,Cleveland,SVM,152,0,0.43095,0
LODO_E15_POOL_TO_CLEV_SVM,Hungarian + Zurich + VA Long Beach,Cleveland,SVM,153,1,0.812034,1
LODO_E15_POOL_TO_CLEV_SVM,Hungarian + Zurich + VA Long Beach,Cleveland,SVM,154,1,0.822319,1
LODO_E15_POOL_TO_CLEV_SVM,Hungarian + Zurich + VA Long Beach,Cleveland,SVM,155,1,0.702327,1
LODO_E15_POOL_TO_CLEV_SVM,Hungarian + Zurich + VA Long Beach,Cleveland,SVM,156,1,0.824741,1
LODO_E15_POOL_TO_CLEV_SVM,Hungarian + Zurich + VA Long Beach,Cleveland,SVM,157,1,0.548129,1
LODO_E15_POOL_TO_CLEV_SVM,Hungarian + Zurich + VA Long Beach,Cleveland,SVM,158,1,0.608936,1
LODO_E15_POOL_TO_CLEV_SVM,Hungarian + Zurich + VA Long Beach,Cleveland,SVM,159,0,0.544546,1
LODO_E15_POOL_TO_CLEV_SVM,Hungarian + Zurich + VA Long Beach,Cleveland,SVM,160,0,0.249148,0
LODO_E15_POOL_TO_CLEV_SVM,Hungarian + Zurich + VA Long Beach,Cleveland,SVM,161,1,0.782642,1
LODO_E15_POOL_TO_CLEV_SVM,Hungarian + Zurich + VA Long Beach,Cleveland,SVM,162,0,0.381137,0
LODO_E15_POOL_TO_CLEV_SVM,Hungarian + Zurich + VA Long Beach,Cleveland,SVM,163,0,0.283593,0
LODO_E15_POOL_TO_CLEV_SVM,Hungarian + Zurich + VA Long Beach,Cleveland,SVM,164,0,0.5,1
LODO_E15_POOL_TO_CLEV_SVM,Hungarian + Zurich + VA Long Beach,Cleveland,SVM,165,0,0.781243,1
LODO_E15_POOL_TO_CLEV_SVM,Hungarian + Zurich + VA Long Beach,Cleveland,SVM,166,0,0.16691,0
LODO_E15_POOL_TO_CLEV_SVM,Hungarian + Zurich + VA Long Beach,Cleveland,SVM,167,0,0.528228,1
LODO_E15_POOL_TO_CLEV_SVM,Hungarian + Zurich + VA Long Beach,Cleveland,SVM,168,1,0.73486,1
LODO_E15_POOL_TO_CLEV_SVM,Hungarian + Zurich + VA Long Beach,Cleveland,SVM,169,0,0.07439,0
LODO_E15_POOL_TO_CLEV_SVM,Hungarian + Zurich + VA Long Beach,Cleveland,SVM,170,1,0.854534,1
LODO_E15_POOL_TO_CLEV_SVM,Hungarian + Zurich + VA Long Beach,Cleveland,SVM,171,0,0.827231,1
LODO_E15_POOL_TO_CLEV_SVM,Hungarian + Zurich + VA Long Beach,Cleveland,SVM,172,1,0.856872,1
LODO_E15_POOL_TO_CLEV_SVM,Hungarian + Zurich + VA Long Beach,Cleveland,SVM,173,0,0.434195,0
LODO_E15_POOL_TO_CLEV_SVM,Hungarian + Zurich + VA Long Beach,Cleveland,SVM,174,1,0.690263,1
LODO_E15_POOL_TO_CLEV_SVM,Hungarian + Zurich + VA Long Beach,Cleveland,SVM,175,1,0.879671,1
LODO_E15_POOL_TO_CLEV_SVM,Hungarian + Zurich + VA Long Beach,Cleveland,SVM,176,0,0.873643,1
LODO_E15_POOL_TO_CLEV_SVM,Hungarian + Zurich + VA Long Beach,Cleveland,SVM,177,1,0.803467,1
LODO_E15_POOL_TO_CLEV_SVM,Hungarian + Zurich + VA Long Beach,Cleveland,SVM,178,0,0.599567,1
LODO_E15_POOL_TO_CLEV_SVM,Hungarian + Zurich + VA Long Beach,Cleveland,SVM,179,0,0.636198,1
LODO_E15_POOL_TO_CLEV_SVM,Hungarian + Zurich + VA Long Beach,Cleveland,SVM,180,1,0.352498,0
LODO_E15_POOL_TO_CLEV_SVM,Hungarian + Zurich + VA Long Beach,Cleveland,SVM,181,1,0.619846,1
LODO_E15_POOL_TO_CLEV_SVM,Hungarian + Zurich + VA Long Beach,Cleveland,SVM,182,0,0.322546,0
LODO_E15_POOL_TO_CLEV_SVM,Hungarian + Zurich + VA Long Beach,Cleveland,SVM,183,0,0.805868,1
LODO_E15_POOL_TO_CLEV_SVM,Hungarian + Zurich + VA Long Beach,Cleveland,SVM,184,1,0.486608,0
LODO_E15_POOL_TO_CLEV_SVM,Hungarian + Zurich + VA Long Beach,Cleveland,SVM,185,0,0.217144,0
LODO_E15_POOL_TO_CLEV_SVM,Hungarian + Zurich + VA Long Beach,Cleveland,SVM,186,0,0.644987,1
LODO_E15_POOL_TO_CLEV_SVM,Hungarian + Zurich + VA Long Beach,Cleveland,SVM,187,1,0.603096,1
LODO_E15_POOL_TO_CLEV_SVM,Hungarian + Zurich + VA Long Beach,Cleveland,SVM,188,1,0.543733,1
LODO_E15_POOL_TO_CLEV_SVM,Hungarian + Zurich + VA Long Beach,Cleveland,SVM,189,1,0.699901,1
LODO_E15_POOL_TO_CLEV_SVM,Hungarian + Zurich + VA Long Beach,Cleveland,SVM,190,0,0.160518,0
LODO_E15_POOL_TO_CLEV_SVM,Hungarian + Zurich + VA Long Beach,Cleveland,SVM,191,1,0.859906,1
LODO_E15_POOL_TO_CLEV_SVM,Hungarian + Zurich + VA Long Beach,Cleveland,SVM,192,1,0.832914,1
LODO_E15_POOL_TO_CLEV_SVM,Hungarian + Zurich + VA Long Beach,Cleveland,SVM,193,1,0.811718,1
LODO_E15_POOL_TO_CLEV_SVM,Hungarian + Zurich + VA Long Beach,Cleveland,SVM,194,0,0.416451,0
LODO_E15_POOL_TO_CLEV_SVM,Hungarian + Zurich + VA Long Beach,Cleveland,SVM,195,1,0.758046,1
LODO_E15_POOL_TO_CLEV_SVM,Hungarian + Zurich + VA Long Beach,Cleveland,SVM,196,0,0.884273,1
LODO_E15_POOL_TO_CLEV_SVM,Hungarian + Zurich + VA Long Beach,Cleveland,SVM,197,0,0.524538,1
LODO_E15_POOL_TO_CLEV_SVM,Hungarian + Zurich + VA Long Beach,Cleveland,SVM,198,0,0.076143,0
LODO_E15_POOL_TO_CLEV_SVM,Hungarian + Zurich + VA Long Beach,Cleveland,SVM,199,1,0.565907,1
LODO_E15_POOL_TO_CLEV_SVM,Hungarian + Zurich + VA Long Beach,Cleveland,SVM,200,0,0.242914,0
LODO_E15_POOL_TO_CLEV_SVM,Hungarian + Zurich + VA Long Beach,Cleveland,SVM,201,0,0.777041,1
LODO_E15_POOL_TO_CLEV_SVM,Hungarian + Zurich + VA Long Beach,Cleveland,SVM,202,0,0.541132,1
LODO_E15_POOL_TO_CLEV_SVM,Hungarian + Zurich + VA Long Beach,Cleveland,SVM,203,0,0.276902,0
LODO_E15_POOL_TO_CLEV_SVM,Hungarian + Zurich + VA Long Beach,Cleveland,SVM,204,0,0.752563,1
LODO_E15_POOL_TO_CLEV_SVM,Hungarian + Zurich + VA Long Beach,Cleveland,SVM,205,1,0.763287,1
LODO_E15_POOL_TO_CLEV_SVM,Hungarian + Zurich + VA Long Beach,Cleveland,SVM,206,1,0.810737,1
LODO_E15_POOL_TO_CLEV_SVM,Hungarian + Zurich + VA Long Beach,Cleveland,SVM,207,1,0.821505,1
LODO_E15_POOL_TO_CLEV_SVM,Hungarian + Zurich + VA Long Beach,Cleveland,SVM,208,0,0.048234,0
LODO_E15_POOL_TO_CLEV_SVM,Hungarian + Zurich + VA Long Beach,Cleveland,SVM,209,1,0.815357,1
LODO_E15_POOL_TO_CLEV_SVM,Hungarian + Zurich + VA Long Beach,Cleveland,SVM,210,0,0.105488,0
LODO_E15_POOL_TO_CLEV_SVM,Hungarian + Zurich + VA Long Beach,Cleveland,SVM,211,1,0.805361,1
LODO_E15_POOL_TO_CLEV_SVM,Hungarian + Zurich + VA Long Beach,Cleveland,SVM,212,0,0.397638,0
LODO_E15_POOL_TO_CLEV_SVM,Hungarian + Zurich + VA Long Beach,Cleveland,SVM,213,1,0.821704,1
LODO_E15_POOL_TO_CLEV_SVM,Hungarian + Zurich + VA Long Beach,Cleveland,SVM,214,1,0.768261,1
LODO_E15_POOL_TO_CLEV_SVM,Hungarian + Zurich + VA Long Beach,Cleveland,SVM,215,0,0.716862,1
LODO_E15_POOL_TO_CLEV_SVM,Hungarian + Zurich + VA Long Beach,Cleveland,SVM,216,0,0.103034,0
LODO_E15_POOL_TO_CLEV_SVM,Hungarian + Zurich + VA Long Beach,Cleveland,SVM,217,0,0.529509,1
LODO_E15_POOL_TO_CLEV_SVM,Hungarian + Zurich + VA Long Beach,Cleveland,SVM,218,0,0.738848,1
LODO_E15_POOL_TO_CLEV_SVM,Hungarian + Zurich + VA Long Beach,Cleveland,SVM,219,0,0.580628,1
LODO_E15_POOL_TO_CLEV_SVM,Hungarian + Zurich + VA Long Beach,Cleveland,SVM,220,0,0.391183,0
LODO_E15_POOL_TO_CLEV_SVM,Hungarian + Zurich + VA Long Beach,Cleveland,SVM,221,0,0.187287,0
LODO_E15_POOL_TO_CLEV_SVM,Hungarian + Zurich + VA Long Beach,Cleveland,SVM,222,0,0.280495,0
LODO_E15_POOL_TO_CLEV_SVM,Hungarian + Zurich + VA Long Beach,Cleveland,SVM,223,1,0.875911,1
LODO_E15_POOL_TO_CLEV_SVM,Hungarian + Zurich + VA Long Beach,Cleveland,SVM,224,1,0.741299,1
LODO_E15_POOL_TO_CLEV_SVM,Hungarian + Zurich + VA Long Beach,Cleveland,SVM,225,0,0.165391,0
LODO_E15_POOL_TO_CLEV_SVM,Hungarian + Zurich + VA Long Beach,Cleveland,SVM,226,0,0.76442,1
LODO_E15_POOL_TO_CLEV_SVM,Hungarian + Zurich + VA Long Beach,Cleveland,SVM,227,0,0.43447,0
LODO_E15_POOL_TO_CLEV_SVM,Hungarian + Zurich + VA Long Beach,Cleveland,SVM,228,1,0.76478,1
LODO_E15_POOL_TO_CLEV_SVM,Hungarian + Zurich + VA Long Beach,Cleveland,SVM,229,1,0.777752,1
LODO_E15_POOL_TO_CLEV_SVM,Hungarian + Zurich + VA Long Beach,Cleveland,SVM,230,0,0.161321,0
LODO_E15_POOL_TO_CLEV_SVM,Hungarian + Zurich + VA Long Beach,Cleveland,SVM,231,1,0.807883,1
LODO_E15_POOL_TO_CLEV_SVM,Hungarian + Zurich + VA Long Beach,Cleveland,SVM,232,1,0.241199,0
LODO_E15_POOL_TO_CLEV_SVM,Hungarian + Zurich + VA Long Beach,Cleveland,SVM,233,0,0.646064,1
LODO_E15_POOL_TO_CLEV_SVM,Hungarian + Zurich + VA Long Beach,Cleveland,SVM,234,0,0.18715,0
LODO_E15_POOL_TO_CLEV_SVM,Hungarian + Zurich + VA Long Beach,Cleveland,SVM,235,1,0.794081,1
LODO_E15_POOL_TO_CLEV_SVM,Hungarian + Zurich + VA Long Beach,Cleveland,SVM,236,1,0.843575,1
LODO_E15_POOL_TO_CLEV_SVM,Hungarian + Zurich + VA Long Beach,Cleveland,SVM,237,1,0.460891,0
LODO_E15_POOL_TO_CLEV_SVM,Hungarian + Zurich + VA Long Beach,Cleveland,SVM,238,0,0.079196,0
LODO_E15_POOL_TO_CLEV_SVM,Hungarian + Zurich + VA Long Beach,Cleveland,SVM,239,0,0.060006,0
LODO_E15_POOL_TO_CLEV_SVM,Hungarian + Zurich + VA Long Beach,Cleveland,SVM,240,0,0.071104,0
LODO_E15_POOL_TO_CLEV_SVM,Hungarian + Zurich + VA Long Beach,Cleveland,SVM,241,0,0.049661,0
LODO_E15_POOL_TO_CLEV_SVM,Hungarian + Zurich + VA Long Beach,Cleveland,SVM,242,0,0.265032,0
LODO_E15_POOL_TO_CLEV_SVM,Hungarian + Zurich + VA Long Beach,Cleveland,SVM,243,1,0.746568,1
LODO_E15_POOL_TO_CLEV_SVM,Hungarian + Zurich + VA Long Beach,Cleveland,SVM,244,0,0.468035,0
LODO_E15_POOL_TO_CLEV_SVM,Hungarian + Zurich + VA Long Beach,Cleveland,SVM,245,1,0.83192,1
LODO_E15_POOL_TO_CLEV_SVM,Hungarian + Zurich + VA Long Beach,Cleveland,SVM,246,1,0.815905,1
LODO_E15_POOL_TO_CLEV_SVM,Hungarian + Zurich + VA Long Beach,Cleveland,SVM,247,1,0.746879,1
LODO_E15_POOL_TO_CLEV_SVM,Hungarian + Zurich + VA Long Beach,Cleveland,SVM,248,1,0.804972,1
LODO_E15_POOL_TO_CLEV_SVM,Hungarian + Zurich + VA Long Beach,Cleveland,SVM,249,0,0.626426,1
LODO_E15_POOL_TO_CLEV_SVM,Hungarian + Zurich + VA Long Beach,Cleveland,SVM,250,0,0.900981,1
LODO_E15_POOL_TO_CLEV_SVM,Hungarian + Zurich + VA Long Beach,Cleveland,SVM,251,1,0.865403,1
LODO_E15_POOL_TO_CLEV_SVM,Hungarian + Zurich + VA Long Beach,Cleveland,SVM,252,0,0.900832,1
LODO_E15_POOL_TO_CLEV_SVM,Hungarian + Zurich + VA Long Beach,Cleveland,SVM,253,0,0.13,0
LODO_E15_POOL_TO_CLEV_SVM,Hungarian + Zurich + VA Long Beach,Cleveland,SVM,254,0,0.79619,1
LODO_E15_POOL_TO_CLEV_SVM,Hungarian + Zurich + VA Long Beach,Cleveland,SVM,255,0,0.165415,0
LODO_E15_POOL_TO_CLEV_SVM,Hungarian + Zurich + VA Long Beach,Cleveland,SVM,256,0,0.54209,1
LODO_E15_POOL_TO_CLEV_SVM,Hungarian + Zurich + VA Long Beach,Cleveland,SVM,257,0,0.637365,1
LODO_E15_POOL_TO_CLEV_SVM,Hungarian + Zurich + VA Long Beach,Cleveland,SVM,258,0,0.633573,1
LODO_E15_POOL_TO_CLEV_SVM,Hungarian + Zurich + VA Long Beach,Cleveland,SVM,259,1,0.052443,0
LODO_E15_POOL_TO_CLEV_SVM,Hungarian + Zurich + VA Long Beach,Cleveland,SVM,260,0,0.13822,0
LODO_E15_POOL_TO_CLEV_SVM,Hungarian + Zurich + VA Long Beach,Cleveland,SVM,261,1,0.392695,0
LODO_E15_POOL_TO_CLEV_SVM,Hungarian + Zurich + VA Long Beach,Cleveland,SVM,262,0,0.219113,0
LODO_E15_POOL_TO_CLEV_SVM,Hungarian + Zurich + VA Long Beach,Cleveland,SVM,263,0,0.192188,0
LODO_E15_POOL_TO_CLEV_SVM,Hungarian + Zurich + VA Long Beach,Cleveland,SVM,264,1,0.806026,1
LODO_E15_POOL_TO_CLEV_SVM,Hungarian + Zurich + VA Long Beach,Cleveland,SVM,265,1,0.867633,1
LODO_E15_POOL_TO_CLEV_SVM,Hungarian + Zurich + VA Long Beach,Cleveland,SVM,266,1,0.83129,1
LODO_E15_POOL_TO_CLEV_SVM,Hungarian + Zurich + VA Long Beach,Cleveland,SVM,267,1,0.821913,1
LODO_E15_POOL_TO_CLEV_SVM,Hungarian + Zurich + VA Long Beach,Cleveland,SVM,268,1,0.377131,0
LODO_E15_POOL_TO_CLEV_SVM,Hungarian + Zurich + VA Long Beach,Cleveland,SVM,269,0,0.12577,0
LODO_E15_POOL_TO_CLEV_SVM,Hungarian + Zurich + VA Long Beach,Cleveland,SVM,270,1,0.825824,1
LODO_E15_POOL_TO_CLEV_SVM,Hungarian + Zurich + VA Long Beach,Cleveland,SVM,271,0,0.750778,1
LODO_E15_POOL_TO_CLEV_SVM,Hungarian + Zurich + VA Long Beach,Cleveland,SVM,272,1,0.869655,1
LODO_E15_POOL_TO_CLEV_SVM,Hungarian + Zurich + VA Long Beach,Cleveland,SVM,273,0,0.732601,1
LODO_E15_POOL_TO_CLEV_SVM,Hungarian + Zurich + VA Long Beach,Cleveland,SVM,274,1,0.135449,0
LODO_E15_POOL_TO_CLEV_SVM,Hungarian + Zurich + VA Long Beach,Cleveland,SVM,275,0,0.774743,1
LODO_E15_POOL_TO_CLEV_SVM,Hungarian + Zurich + VA Long Beach,Cleveland,SVM,276,0,0.424653,0
LODO_E15_POOL_TO_CLEV_SVM,Hungarian + Zurich + VA Long Beach,Cleveland,SVM,277,0,0.108561,0
LODO_E15_POOL_TO_CLEV_SVM,Hungarian + Zurich + VA Long Beach,Cleveland,SVM,278,1,0.367177,0
LODO_E15_POOL_TO_CLEV_SVM,Hungarian + Zurich + VA Long Beach,Cleveland,SVM,279,0,0.559523,1
LODO_E15_POOL_TO_CLEV_SVM,Hungarian + Zurich + VA Long Beach,Cleveland,SVM,280,1,0.878113,1
LODO_E15_POOL_TO_CLEV_SVM,Hungarian + Zurich + VA Long Beach,Cleveland,SVM,281,0,0.193091,0
LODO_E15_POOL_TO_CLEV_SVM,Hungarian + Zurich + VA Long Beach,Cleveland,SVM,282,1,0.673242,1
LODO_E15_POOL_TO_CLEV_SVM,Hungarian + Zurich + VA Long Beach,Cleveland,SVM,283,0,0.09838,0
LODO_E15_POOL_TO_CLEV_SVM,Hungarian + Zurich + VA Long Beach,Cleveland,SVM,284,1,0.610971,1
LODO_E15_POOL_TO_CLEV_SVM,Hungarian + Zurich + VA Long Beach,Cleveland,SVM,285,1,0.844211,1
LODO_E15_POOL_TO_CLEV_SVM,Hungarian + Zurich + VA Long Beach,Cleveland,SVM,286,1,0.778368,1
LODO_E15_POOL_TO_CLEV_SVM,Hungarian + Zurich + VA Long Beach,Cleveland,SVM,287,0,0.155508,0
LODO_E15_POOL_TO_CLEV_SVM,Hungarian + Zurich + VA Long Beach,Cleveland,SVM,288,0,0.25847,0
LODO_E15_POOL_TO_CLEV_SVM,Hungarian + Zurich + VA Long Beach,Cleveland,SVM,289,0,0.461658,0
LODO_E15_POOL_TO_CLEV_SVM,Hungarian + Zurich + VA Long Beach,Cleveland,SVM,290,1,0.642207,1
LODO_E15_POOL_TO_CLEV_SVM,Hungarian + Zurich + VA Long Beach,Cleveland,SVM,291,0,0.10494,0
LODO_E15_POOL_TO_CLEV_SVM,Hungarian + Zurich + VA Long Beach,Cleveland,SVM,292,1,0.85368,1
LODO_E15_POOL_TO_CLEV_SVM,Hungarian + Zurich + VA Long Beach,Cleveland,SVM,293,1,0.813086,1
LODO_E15_POOL_TO_CLEV_SVM,Hungarian + Zurich + VA Long Beach,Cleveland,SVM,294,1,0.799499,1
LODO_E15_POOL_TO_CLEV_SVM,Hungarian + Zurich + VA Long Beach,Cleveland,SVM,295,0,0.100739,0
LODO_E15_POOL_TO_CLEV_SVM,Hungarian + Zurich + VA Long Beach,Cleveland,SVM,296,1,0.853842,1
LODO_E15_POOL_TO_CLEV_SVM,Hungarian + Zurich + VA Long Beach,Cleveland,SVM,297,1,0.811312,1
LODO_E15_POOL_TO_CLEV_SVM,Hungarian + Zurich + VA Long Beach,Cleveland,SVM,298,1,0.25515,0
LODO_E15_POOL_TO_CLEV_SVM,Hungarian + Zurich + VA Long Beach,Cleveland,SVM,299,1,0.85836,1
LODO_E15_POOL_TO_CLEV_SVM,Hungarian + Zurich + VA Long Beach,Cleveland,SVM,300,1,0.88347,1
LODO_E15_POOL_TO_CLEV_SVM,Hungarian + Zurich + VA Long Beach,Cleveland,SVM,301,1,0.231483,0
LODO_E15_POOL_TO_CLEV_SVM,Hungarian + Zurich + VA Long Beach,Cleveland,SVM,302,0,0.135277,0
LODO_E16_POOL_TO_CLEV_XGBoost,Hungarian + Zurich + VA Long Beach,Cleveland,XGBoost,0,0,0.876574,1
LODO_E16_POOL_TO_CLEV_XGBoost,Hungarian + Zurich + VA Long Beach,Cleveland,XGBoost,1,1,0.912836,1
LODO_E16_POOL_TO_CLEV_XGBoost,Hungarian + Zurich + VA Long Beach,Cleveland,XGBoost,2,1,0.935613,1
LODO_E16_POOL_TO_CLEV_XGBoost,Hungarian + Zurich + VA Long Beach,Cleveland,XGBoost,3,0,0.631688,1
LODO_E16_POOL_TO_CLEV_XGBoost,Hungarian + Zurich + VA Long Beach,Cleveland,XGBoost,4,0,0.085923,0
LODO_E16_POOL_TO_CLEV_XGBoost,Hungarian + Zurich + VA Long Beach,Cleveland,XGBoost,5,0,0.171823,0
LODO_E16_POOL_TO_CLEV_XGBoost,Hungarian + Zurich + VA Long Beach,Cleveland,XGBoost,6,1,0.775091,1
LODO_E16_POOL_TO_CLEV_XGBoost,Hungarian + Zurich + VA Long Beach,Cleveland,XGBoost,7,0,0.655048,1
LODO_E16_POOL_TO_CLEV_XGBoost,Hungarian + Zurich + VA Long Beach,Cleveland,XGBoost,8,1,0.792411,1
LODO_E16_POOL_TO_CLEV_XGBoost,Hungarian + Zurich + VA Long Beach,Cleveland,XGBoost,9,1,0.896914,1
LODO_E16_POOL_TO_CLEV_XGBoost,Hungarian + Zurich + VA Long Beach,Cleveland,XGBoost,10,0,0.678601,1
LODO_E16_POOL_TO_CLEV_XGBoost,Hungarian + Zurich + VA Long Beach,Cleveland,XGBoost,11,0,0.249783,0
LODO_E16_POOL_TO_CLEV_XGBoost,Hungarian + Zurich + VA Long Beach,Cleveland,XGBoost,12,1,0.656449,1
LODO_E16_POOL_TO_CLEV_XGBoost,Hungarian + Zurich + VA Long Beach,Cleveland,XGBoost,13,0,0.062981,0
LODO_E16_POOL_TO_CLEV_XGBoost,Hungarian + Zurich + VA Long Beach,Cleveland,XGBoost,14,0,0.454708,0
LODO_E16_POOL_TO_CLEV_XGBoost,Hungarian + Zurich + VA Long Beach,Cleveland,XGBoost,15,0,0.440096,0
LODO_E16_POOL_TO_CLEV_XGBoost,Hungarian + Zurich + VA Long Beach,Cleveland,XGBoost,16,1,0.212981,0
LODO_E16_POOL_TO_CLEV_XGBoost,Hungarian + Zurich + VA Long Beach,Cleveland,XGBoost,17,0,0.648422,1
LODO_E16_POOL_TO_CLEV_XGBoost,Hungarian + Zurich + VA Long Beach,Cleveland,XGBoost,18,0,0.088699,0
LODO_E16_POOL_TO_CLEV_XGBoost,Hungarian + Zurich + VA Long Beach,Cleveland,XGBoost,19,0,0.106835,0
LODO_E16_POOL_TO_CLEV_XGBoost,Hungarian + Zurich + VA Long Beach,Cleveland,XGBoost,20,0,0.743925,1
LODO_E16_POOL_TO_CLEV_XGBoost,Hungarian + Zurich + VA Long Beach,Cleveland,XGBoost,21,0,0.312564,0
LODO_E16_POOL_TO_CLEV_XGBoost,Hungarian + Zurich + VA Long Beach,Cleveland,XGBoost,22,1,0.430586,0
LODO_E16_POOL_TO_CLEV_XGBoost,Hungarian + Zurich + VA Long Beach,Cleveland,XGBoost,23,1,0.696321,1
LODO_E16_POOL_TO_CLEV_XGBoost,Hungarian + Zurich + VA Long Beach,Cleveland,XGBoost,24,1,0.892415,1
LODO_E16_POOL_TO_CLEV_XGBoost,Hungarian + Zurich + VA Long Beach,Cleveland,XGBoost,25,0,0.287935,0
LODO_E16_POOL_TO_CLEV_XGBoost,Hungarian + Zurich + VA Long Beach,Cleveland,XGBoost,26,0,0.198217,0
LODO_E16_POOL_TO_CLEV_XGBoost,Hungarian + Zurich + VA Long Beach,Cleveland,XGBoost,27,0,0.75526,1
LODO_E16_POOL_TO_CLEV_XGBoost,Hungarian + Zurich + VA Long Beach,Cleveland,XGBoost,28,0,0.754829,1
LODO_E16_POOL_TO_CLEV_XGBoost,Hungarian + Zurich + VA Long Beach,Cleveland,XGBoost,29,1,0.883236,1
LODO_E16_POOL_TO_CLEV_XGBoost,Hungarian + Zurich + VA Long Beach,Cleveland,XGBoost,30,0,0.460065,0
LODO_E16_POOL_TO_CLEV_XGBoost,Hungarian + Zurich + VA Long Beach,Cleveland,XGBoost,31,1,0.890124,1
LODO_E16_POOL_TO_CLEV_XGBoost,Hungarian + Zurich + VA Long Beach,Cleveland,XGBoost,32,1,0.232138,0
LODO_E16_POOL_TO_CLEV_XGBoost,Hungarian + Zurich + VA Long Beach,Cleveland,XGBoost,33,0,0.636199,1
LODO_E16_POOL_TO_CLEV_XGBoost,Hungarian + Zurich + VA Long Beach,Cleveland,XGBoost,34,0,0.364828,0
LODO_E16_POOL_TO_CLEV_XGBoost,Hungarian + Zurich + VA Long Beach,Cleveland,XGBoost,35,0,0.369875,0
LODO_E16_POOL_TO_CLEV_XGBoost,Hungarian + Zurich + VA Long Beach,Cleveland,XGBoost,36,1,0.913599,1
LODO_E16_POOL_TO_CLEV_XGBoost,Hungarian + Zurich + VA Long Beach,Cleveland,XGBoost,37,1,0.69944,1
LODO_E16_POOL_TO_CLEV_XGBoost,Hungarian + Zurich + VA Long Beach,Cleveland,XGBoost,38,1,0.819309,1
LODO_E16_POOL_TO_CLEV_XGBoost,Hungarian + Zurich + VA Long Beach,Cleveland,XGBoost,39,0,0.690759,1
LODO_E16_POOL_TO_CLEV_XGBoost,Hungarian + Zurich + VA Long Beach,Cleveland,XGBoost,40,1,0.562554,1
LODO_E16_POOL_TO_CLEV_XGBoost,Hungarian + Zurich + VA Long Beach,Cleveland,XGBoost,41,0,0.427697,0
LODO_E16_POOL_TO_CLEV_XGBoost,Hungarian + Zurich + VA Long Beach,Cleveland,XGBoost,42,0,0.257654,0
LODO_E16_POOL_TO_CLEV_XGBoost,Hungarian + Zurich + VA Long Beach,Cleveland,XGBoost,43,0,0.570888,1
LODO_E16_POOL_TO_CLEV_XGBoost,Hungarian + Zurich + VA Long Beach,Cleveland,XGBoost,44,1,0.403251,0
LODO_E16_POOL_TO_CLEV_XGBoost,Hungarian + Zurich + VA Long Beach,Cleveland,XGBoost,45,1,0.715359,1
LODO_E16_POOL_TO_CLEV_XGBoost,Hungarian + Zurich + VA Long Beach,Cleveland,XGBoost,46,0,0.391724,0
LODO_E16_POOL_TO_CLEV_XGBoost,Hungarian + Zurich + VA Long Beach,Cleveland,XGBoost,47,1,0.885714,1
LODO_E16_POOL_TO_CLEV_XGBoost,Hungarian + Zurich + VA Long Beach,Cleveland,XGBoost,48,0,0.603961,1
LODO_E16_POOL_TO_CLEV_XGBoost,Hungarian + Zurich + VA Long Beach,Cleveland,XGBoost,49,0,0.411879,0
LODO_E16_POOL_TO_CLEV_XGBoost,Hungarian + Zurich + VA Long Beach,Cleveland,XGBoost,50,0,0.053594,0
LODO_E16_POOL_TO_CLEV_XGBoost,Hungarian + Zurich + VA Long Beach,Cleveland,XGBoost,51,0,0.731453,1
LODO_E16_POOL_TO_CLEV_XGBoost,Hungarian + Zurich + VA Long Beach,Cleveland,XGBoost,52,1,0.466618,0
LODO_E16_POOL_TO_CLEV_XGBoost,Hungarian + Zurich + VA Long Beach,Cleveland,XGBoost,53,0,0.063987,0
LODO_E16_POOL_TO_CLEV_XGBoost,Hungarian + Zurich + VA Long Beach,Cleveland,XGBoost,54,1,0.849563,1
LODO_E16_POOL_TO_CLEV_XGBoost,Hungarian + Zurich + VA Long Beach,Cleveland,XGBoost,55,1,0.895464,1
LODO_E16_POOL_TO_CLEV_XGBoost,Hungarian + Zurich + VA Long Beach,Cleveland,XGBoost,56,1,0.297326,0
LODO_E16_POOL_TO_CLEV_XGBoost,Hungarian + Zurich + VA Long Beach,Cleveland,XGBoost,57,1,0.447128,0
LODO_E16_POOL_TO_CLEV_XGBoost,Hungarian + Zurich + VA Long Beach,Cleveland,XGBoost,58,0,0.303417,0
LODO_E16_POOL_TO_CLEV_XGBoost,Hungarian + Zurich + VA Long Beach,Cleveland,XGBoost,59,0,0.519463,1
LODO_E16_POOL_TO_CLEV_XGBoost,Hungarian + Zurich + VA Long Beach,Cleveland,XGBoost,60,1,0.537429,1
LODO_E16_POOL_TO_CLEV_XGBoost,Hungarian + Zurich + VA Long Beach,Cleveland,XGBoost,61,0,0.335656,0
LODO_E16_POOL_TO_CLEV_XGBoost,Hungarian + Zurich + VA Long Beach,Cleveland,XGBoost,62,1,0.90685,1
LODO_E16_POOL_TO_CLEV_XGBoost,Hungarian + Zurich + VA Long Beach,Cleveland,XGBoost,63,0,0.290565,0
LODO_E16_POOL_TO_CLEV_XGBoost,Hungarian + Zurich + VA Long Beach,Cleveland,XGBoost,64,1,0.823971,1
LODO_E16_POOL_TO_CLEV_XGBoost,Hungarian + Zurich + VA Long Beach,Cleveland,XGBoost,65,1,0.912484,1
LODO_E16_POOL_TO_CLEV_XGBoost,Hungarian + Zurich + VA Long Beach,Cleveland,XGBoost,66,1,0.791227,1
LODO_E16_POOL_TO_CLEV_XGBoost,Hungarian + Zurich + VA Long Beach,Cleveland,XGBoost,67,0,0.326888,0
LODO_E16_POOL_TO_CLEV_XGBoost,Hungarian + Zurich + VA Long Beach,Cleveland,XGBoost,68,1,0.920215,1
LODO_E16_POOL_TO_CLEV_XGBoost,Hungarian + Zurich + VA Long Beach,Cleveland,XGBoost,69,1,0.770649,1
LODO_E16_POOL_TO_CLEV_XGBoost,Hungarian + Zurich + VA Long Beach,Cleveland,XGBoost,70,0,0.554446,1
LODO_E16_POOL_TO_CLEV_XGBoost,Hungarian + Zurich + VA Long Beach,Cleveland,XGBoost,71,1,0.866447,1
LODO_E16_POOL_TO_CLEV_XGBoost,Hungarian + Zurich + VA Long Beach,Cleveland,XGBoost,72,1,0.95961,1
LODO_E16_POOL_TO_CLEV_XGBoost,Hungarian + Zurich + VA Long Beach,Cleveland,XGBoost,73,1,0.712487,1
LODO_E16_POOL_TO_CLEV_XGBoost,Hungarian + Zurich + VA Long Beach,Cleveland,XGBoost,74,1,0.472265,0
LODO_E16_POOL_TO_CLEV_XGBoost,Hungarian + Zurich + VA Long Beach,Cleveland,XGBoost,75,0,0.472386,0
LODO_E16_POOL_TO_CLEV_XGBoost,Hungarian + Zurich + VA Long Beach,Cleveland,XGBoost,76,1,0.909068,1
LODO_E16_POOL_TO_CLEV_XGBoost,Hungarian + Zurich + VA Long Beach,Cleveland,XGBoost,77,0,0.167053,0
LODO_E16_POOL_TO_CLEV_XGBoost,Hungarian + Zurich + VA Long Beach,Cleveland,XGBoost,78,0,0.103859,0
LODO_E16_POOL_TO_CLEV_XGBoost,Hungarian + Zurich + VA Long Beach,Cleveland,XGBoost,79,1,0.746468,1
LODO_E16_POOL_TO_CLEV_XGBoost,Hungarian + Zurich + VA Long Beach,Cleveland,XGBoost,80,0,0.917741,1
LODO_E16_POOL_TO_CLEV_XGBoost,Hungarian + Zurich + VA Long Beach,Cleveland,XGBoost,81,0,0.349173,0
LODO_E16_POOL_TO_CLEV_XGBoost,Hungarian + Zurich + VA Long Beach,Cleveland,XGBoost,82,0,0.098976,0
LODO_E16_POOL_TO_CLEV_XGBoost,Hungarian + Zurich + VA Long Beach,Cleveland,XGBoost,83,1,0.733537,1
LODO_E16_POOL_TO_CLEV_XGBoost,Hungarian + Zurich + VA Long Beach,Cleveland,XGBoost,84,0,0.071768,0
LODO_E16_POOL_TO_CLEV_XGBoost,Hungarian + Zurich + VA Long Beach,Cleveland,XGBoost,85,0,0.108977,0
LODO_E16_POOL_TO_CLEV_XGBoost,Hungarian + Zurich + VA Long Beach,Cleveland,XGBoost,86,0,0.181074,0
LODO_E16_POOL_TO_CLEV_XGBoost,Hungarian + Zurich + VA Long Beach,Cleveland,XGBoost,87,0,0.104713,0
LODO_E16_POOL_TO_CLEV_XGBoost,Hungarian + Zurich + VA Long Beach,Cleveland,XGBoost,88,0,0.34436,0
LODO_E16_POOL_TO_CLEV_XGBoost,Hungarian + Zurich + VA Long Beach,Cleveland,XGBoost,89,0,0.137098,0
LODO_E16_POOL_TO_CLEV_XGBoost,Hungarian + Zurich + VA Long Beach,Cleveland,XGBoost,90,0,0.720215,1
LODO_E16_POOL_TO_CLEV_XGBoost,Hungarian + Zurich + VA Long Beach,Cleveland,XGBoost,91,1,0.888866,1
LODO_E16_POOL_TO_CLEV_XGBoost,Hungarian + Zurich + VA Long Beach,Cleveland,XGBoost,92,0,0.748334,1
LODO_E16_POOL_TO_CLEV_XGBoost,Hungarian + Zurich + VA Long Beach,Cleveland,XGBoost,93,0,0.205386,0
LODO_E16_POOL_TO_CLEV_XGBoost,Hungarian + Zurich + VA Long Beach,Cleveland,XGBoost,94,0,0.327845,0
LODO_E16_POOL_TO_CLEV_XGBoost,Hungarian + Zurich + VA Long Beach,Cleveland,XGBoost,95,1,0.738121,1
LODO_E16_POOL_TO_CLEV_XGBoost,Hungarian + Zurich + VA Long Beach,Cleveland,XGBoost,96,1,0.830218,1
LODO_E16_POOL_TO_CLEV_XGBoost,Hungarian + Zurich + VA Long Beach,Cleveland,XGBoost,97,1,0.720012,1
LODO_E16_POOL_TO_CLEV_XGBoost,Hungarian + Zurich + VA Long Beach,Cleveland,XGBoost,98,0,0.104678,0
LODO_E16_POOL_TO_CLEV_XGBoost,Hungarian + Zurich + VA Long Beach,Cleveland,XGBoost,99,0,0.548229,1
LODO_E16_POOL_TO_CLEV_XGBoost,Hungarian + Zurich + VA Long Beach,Cleveland,XGBoost,100,0,0.483181,0
LODO_E16_POOL_TO_CLEV_XGBoost,Hungarian + Zurich + VA Long Beach,Cleveland,XGBoost,101,0,0.290706,0
LODO_E16_POOL_TO_CLEV_XGBoost,Hungarian + Zurich + VA Long Beach,Cleveland,XGBoost,102,0,0.314662,0
LODO_E16_POOL_TO_CLEV_XGBoost,Hungarian + Zurich + VA Long Beach,Cleveland,XGBoost,103,0,0.591652,1
LODO_E16_POOL_TO_CLEV_XGBoost,Hungarian + Zurich + VA Long Beach,Cleveland,XGBoost,104,1,0.584466,1
LODO_E16_POOL_TO_CLEV_XGBoost,Hungarian + Zurich + VA Long Beach,Cleveland,XGBoost,105,0,0.089523,0
LODO_E16_POOL_TO_CLEV_XGBoost,Hungarian + Zurich + VA Long Beach,Cleveland,XGBoost,106,1,0.694349,1
LODO_E16_POOL_TO_CLEV_XGBoost,Hungarian + Zurich + VA Long Beach,Cleveland,XGBoost,107,1,0.415098,0
LODO_E16_POOL_TO_CLEV_XGBoost,Hungarian + Zurich + VA Long Beach,Cleveland,XGBoost,108,1,0.925409,1
LODO_E16_POOL_TO_CLEV_XGBoost,Hungarian + Zurich + VA Long Beach,Cleveland,XGBoost,109,1,0.779466,1
LODO_E16_POOL_TO_CLEV_XGBoost,Hungarian + Zurich + VA Long Beach,Cleveland,XGBoost,110,1,0.723265,1
LODO_E16_POOL_TO_CLEV_XGBoost,Hungarian + Zurich + VA Long Beach,Cleveland,XGBoost,111,1,0.872056,1
LODO_E16_POOL_TO_CLEV_XGBoost,Hungarian + Zurich + VA Long Beach,Cleveland,XGBoost,112,0,0.335333,0
LODO_E16_POOL_TO_CLEV_XGBoost,Hungarian + Zurich + VA Long Beach,Cleveland,XGBoost,113,1,0.679816,1
LODO_E16_POOL_TO_CLEV_XGBoost,Hungarian + Zurich + VA Long Beach,Cleveland,XGBoost,114,1,0.470287,0
LODO_E16_POOL_TO_CLEV_XGBoost,Hungarian + Zurich + VA Long Beach,Cleveland,XGBoost,115,0,0.060247,0
LODO_E16_POOL_TO_CLEV_XGBoost,Hungarian + Zurich + VA Long Beach,Cleveland,XGBoost,116,0,0.415887,0
LODO_E16_POOL_TO_CLEV_XGBoost,Hungarian + Zurich + VA Long Beach,Cleveland,XGBoost,117,0,0.523358,1
LODO_E16_POOL_TO_CLEV_XGBoost,Hungarian + Zurich + VA Long Beach,Cleveland,XGBoost,118,1,0.908836,1
LODO_E16_POOL_TO_CLEV_XGBoost,Hungarian + Zurich + VA Long Beach,Cleveland,XGBoost,119,1,0.913194,1
LODO_E16_POOL_TO_CLEV_XGBoost,Hungarian + Zurich + VA Long Beach,Cleveland,XGBoost,120,1,0.773713,1
LODO_E16_POOL_TO_CLEV_XGBoost,Hungarian + Zurich + VA Long Beach,Cleveland,XGBoost,121,1,0.815908,1
LODO_E16_POOL_TO_CLEV_XGBoost,Hungarian + Zurich + VA Long Beach,Cleveland,XGBoost,122,0,0.719441,1
LODO_E16_POOL_TO_CLEV_XGBoost,Hungarian + Zurich + VA Long Beach,Cleveland,XGBoost,123,1,0.937508,1
LODO_E16_POOL_TO_CLEV_XGBoost,Hungarian + Zurich + VA Long Beach,Cleveland,XGBoost,124,1,0.614878,1
LODO_E16_POOL_TO_CLEV_XGBoost,Hungarian + Zurich + VA Long Beach,Cleveland,XGBoost,125,0,0.083439,0
LODO_E16_POOL_TO_CLEV_XGBoost,Hungarian + Zurich + VA Long Beach,Cleveland,XGBoost,126,1,0.785961,1
LODO_E16_POOL_TO_CLEV_XGBoost,Hungarian + Zurich + VA Long Beach,Cleveland,XGBoost,127,1,0.958199,1
LODO_E16_POOL_TO_CLEV_XGBoost,Hungarian + Zurich + VA Long Beach,Cleveland,XGBoost,128,0,0.062981,0
LODO_E16_POOL_TO_CLEV_XGBoost,Hungarian + Zurich + VA Long Beach,Cleveland,XGBoost,129,0,0.603501,1
LODO_E16_POOL_TO_CLEV_XGBoost,Hungarian + Zurich + VA Long Beach,Cleveland,XGBoost,130,0,0.325598,0
LODO_E16_POOL_TO_CLEV_XGBoost,Hungarian + Zurich + VA Long Beach,Cleveland,XGBoost,131,0,0.41896,0
LODO_E16_POOL_TO_CLEV_XGBoost,Hungarian + Zurich + VA Long Beach,Cleveland,XGBoost,132,0,0.070058,0
LODO_E16_POOL_TO_CLEV_XGBoost,Hungarian + Zurich + VA Long Beach,Cleveland,XGBoost,133,0,0.714271,1
LODO_E16_POOL_TO_CLEV_XGBoost,Hungarian + Zurich + VA Long Beach,Cleveland,XGBoost,134,0,0.115905,0
LODO_E16_POOL_TO_CLEV_XGBoost,Hungarian + Zurich + VA Long Beach,Cleveland,XGBoost,135,0,0.186585,0
LODO_E16_POOL_TO_CLEV_XGBoost,Hungarian + Zurich + VA Long Beach,Cleveland,XGBoost,136,1,0.953812,1
LODO_E16_POOL_TO_CLEV_XGBoost,Hungarian + Zurich + VA Long Beach,Cleveland,XGBoost,137,1,0.558548,1
LODO_E16_POOL_TO_CLEV_XGBoost,Hungarian + Zurich + VA Long Beach,Cleveland,XGBoost,138,1,0.936881,1
LODO_E16_POOL_TO_CLEV_XGBoost,Hungarian + Zurich + VA Long Beach,Cleveland,XGBoost,139,0,0.737318,1
LODO_E16_POOL_TO_CLEV_XGBoost,Hungarian + Zurich + VA Long Beach,Cleveland,XGBoost,140,0,0.136777,0
LODO_E16_POOL_TO_CLEV_XGBoost,Hungarian + Zurich + VA Long Beach,Cleveland,XGBoost,141,1,0.394387,0
LODO_E16_POOL_TO_CLEV_XGBoost,Hungarian + Zurich + VA Long Beach,Cleveland,XGBoost,142,0,0.13711,0
LODO_E16_POOL_TO_CLEV_XGBoost,Hungarian + Zurich + VA Long Beach,Cleveland,XGBoost,143,1,0.782304,1
LODO_E16_POOL_TO_CLEV_XGBoost,Hungarian + Zurich + VA Long Beach,Cleveland,XGBoost,144,0,0.603462,1
LODO_E16_POOL_TO_CLEV_XGBoost,Hungarian + Zurich + VA Long Beach,Cleveland,XGBoost,145,1,0.25532,0
LODO_E16_POOL_TO_CLEV_XGBoost,Hungarian + Zurich + VA Long Beach,Cleveland,XGBoost,146,1,0.804996,1
LODO_E16_POOL_TO_CLEV_XGBoost,Hungarian + Zurich + VA Long Beach,Cleveland,XGBoost,147,0,0.184759,0
LODO_E16_POOL_TO_CLEV_XGBoost,Hungarian + Zurich + VA Long Beach,Cleveland,XGBoost,148,0,0.063344,0
LODO_E16_POOL_TO_CLEV_XGBoost,Hungarian + Zurich + VA Long Beach,Cleveland,XGBoost,149,0,0.268689,0
LODO_E16_POOL_TO_CLEV_XGBoost,Hungarian + Zurich + VA Long Beach,Cleveland,XGBoost,150,0,0.496453,0
LODO_E16_POOL_TO_CLEV_XGBoost,Hungarian + Zurich + VA Long Beach,Cleveland,XGBoost,151,0,0.346459,0
LODO_E16_POOL_TO_CLEV_XGBoost,Hungarian + Zurich + VA Long Beach,Cleveland,XGBoost,152,0,0.455086,0
LODO_E16_POOL_TO_CLEV_XGBoost,Hungarian + Zurich + VA Long Beach,Cleveland,XGBoost,153,1,0.84825,1
LODO_E16_POOL_TO_CLEV_XGBoost,Hungarian + Zurich + VA Long Beach,Cleveland,XGBoost,154,1,0.931291,1
LODO_E16_POOL_TO_CLEV_XGBoost,Hungarian + Zurich + VA Long Beach,Cleveland,XGBoost,155,1,0.870422,1
LODO_E16_POOL_TO_CLEV_XGBoost,Hungarian + Zurich + VA Long Beach,Cleveland,XGBoost,156,1,0.877177,1
LODO_E16_POOL_TO_CLEV_XGBoost,Hungarian + Zurich + VA Long Beach,Cleveland,XGBoost,157,1,0.513534,1
LODO_E16_POOL_TO_CLEV_XGBoost,Hungarian + Zurich + VA Long Beach,Cleveland,XGBoost,158,1,0.641402,1
LODO_E16_POOL_TO_CLEV_XGBoost,Hungarian + Zurich + VA Long Beach,Cleveland,XGBoost,159,0,0.426319,0
LODO_E16_POOL_TO_CLEV_XGBoost,Hungarian + Zurich + VA Long Beach,Cleveland,XGBoost,160,0,0.171114,0
LODO_E16_POOL_TO_CLEV_XGBoost,Hungarian + Zurich + VA Long Beach,Cleveland,XGBoost,161,1,0.76901,1
LODO_E16_POOL_TO_CLEV_XGBoost,Hungarian + Zurich + VA Long Beach,Cleveland,XGBoost,162,0,0.359703,0
LODO_E16_POOL_TO_CLEV_XGBoost,Hungarian + Zurich + VA Long Beach,Cleveland,XGBoost,163,0,0.413648,0
LODO_E16_POOL_TO_CLEV_XGBoost,Hungarian + Zurich + VA Long Beach,Cleveland,XGBoost,164,0,0.413101,0
LODO_E16_POOL_TO_CLEV_XGBoost,Hungarian + Zurich + VA Long Beach,Cleveland,XGBoost,165,0,0.690809,1
LODO_E16_POOL_TO_CLEV_XGBoost,Hungarian + Zurich + VA Long Beach,Cleveland,XGBoost,166,0,0.172162,0
LODO_E16_POOL_TO_CLEV_XGBoost,Hungarian + Zurich + VA Long Beach,Cleveland,XGBoost,167,0,0.110304,0
LODO_E16_POOL_TO_CLEV_XGBoost,Hungarian + Zurich + VA Long Beach,Cleveland,XGBoost,168,1,0.689095,1
LODO_E16_POOL_TO_CLEV_XGBoost,Hungarian + Zurich + VA Long Beach,Cleveland,XGBoost,169,0,0.056793,0
LODO_E16_POOL_TO_CLEV_XGBoost,Hungarian + Zurich + VA Long Beach,Cleveland,XGBoost,170,1,0.858407,1
LODO_E16_POOL_TO_CLEV_XGBoost,Hungarian + Zurich + VA Long Beach,Cleveland,XGBoost,171,0,0.744653,1
LODO_E16_POOL_TO_CLEV_XGBoost,Hungarian + Zurich + VA Long Beach,Cleveland,XGBoost,172,1,0.689325,1
LODO_E16_POOL_TO_CLEV_XGBoost,Hungarian + Zurich + VA Long Beach,Cleveland,XGBoost,173,0,0.639694,1
LODO_E16_POOL_TO_CLEV_XGBoost,Hungarian + Zurich + VA Long Beach,Cleveland,XGBoost,174,1,0.858387,1
LODO_E16_POOL_TO_CLEV_XGBoost,Hungarian + Zurich + VA Long Beach,Cleveland,XGBoost,175,1,0.924341,1
LODO_E16_POOL_TO_CLEV_XGBoost,Hungarian + Zurich + VA Long Beach,Cleveland,XGBoost,176,0,0.889406,1
LODO_E16_POOL_TO_CLEV_XGBoost,Hungarian + Zurich + VA Long Beach,Cleveland,XGBoost,177,1,0.92936,1
LODO_E16_POOL_TO_CLEV_XGBoost,Hungarian + Zurich + VA Long Beach,Cleveland,XGBoost,178,0,0.41689,0
LODO_E16_POOL_TO_CLEV_XGBoost,Hungarian + Zurich + VA Long Beach,Cleveland,XGBoost,179,0,0.305237,0
LODO_E16_POOL_TO_CLEV_XGBoost,Hungarian + Zurich + VA Long Beach,Cleveland,XGBoost,180,1,0.646456,1
LODO_E16_POOL_TO_CLEV_XGBoost,Hungarian + Zurich + VA Long Beach,Cleveland,XGBoost,181,1,0.762625,1
LODO_E16_POOL_TO_CLEV_XGBoost,Hungarian + Zurich + VA Long Beach,Cleveland,XGBoost,182,0,0.226781,0
LODO_E16_POOL_TO_CLEV_XGBoost,Hungarian + Zurich + VA Long Beach,Cleveland,XGBoost,183,0,0.901249,1
LODO_E16_POOL_TO_CLEV_XGBoost,Hungarian + Zurich + VA Long Beach,Cleveland,XGBoost,184,1,0.478848,0
LODO_E16_POOL_TO_CLEV_XGBoost,Hungarian + Zurich + VA Long Beach,Cleveland,XGBoost,185,0,0.15609,0
LODO_E16_POOL_TO_CLEV_XGBoost,Hungarian + Zurich + VA Long Beach,Cleveland,XGBoost,186,0,0.382095,0
LODO_E16_POOL_TO_CLEV_XGBoost,Hungarian + Zurich + VA Long Beach,Cleveland,XGBoost,187,1,0.479654,0
LODO_E16_POOL_TO_CLEV_XGBoost,Hungarian + Zurich + VA Long Beach,Cleveland,XGBoost,188,1,0.077205,0
LODO_E16_POOL_TO_CLEV_XGBoost,Hungarian + Zurich + VA Long Beach,Cleveland,XGBoost,189,1,0.748474,1
LODO_E16_POOL_TO_CLEV_XGBoost,Hungarian + Zurich + VA Long Beach,Cleveland,XGBoost,190,0,0.188819,0
LODO_E16_POOL_TO_CLEV_XGBoost,Hungarian + Zurich + VA Long Beach,Cleveland,XGBoost,191,1,0.948897,1
LODO_E16_POOL_TO_CLEV_XGBoost,Hungarian + Zurich + VA Long Beach,Cleveland,XGBoost,192,1,0.817005,1
LODO_E16_POOL_TO_CLEV_XGBoost,Hungarian + Zurich + VA Long Beach,Cleveland,XGBoost,193,1,0.903649,1
LODO_E16_POOL_TO_CLEV_XGBoost,Hungarian + Zurich + VA Long Beach,Cleveland,XGBoost,194,0,0.533662,1
LODO_E16_POOL_TO_CLEV_XGBoost,Hungarian + Zurich + VA Long Beach,Cleveland,XGBoost,195,1,0.902273,1
LODO_E16_POOL_TO_CLEV_XGBoost,Hungarian + Zurich + VA Long Beach,Cleveland,XGBoost,196,0,0.650628,1
LODO_E16_POOL_TO_CLEV_XGBoost,Hungarian + Zurich + VA Long Beach,Cleveland,XGBoost,197,0,0.529846,1
LODO_E16_POOL_TO_CLEV_XGBoost,Hungarian + Zurich + VA Long Beach,Cleveland,XGBoost,198,0,0.091154,0
LODO_E16_POOL_TO_CLEV_XGBoost,Hungarian + Zurich + VA Long Beach,Cleveland,XGBoost,199,1,0.471105,0
LODO_E16_POOL_TO_CLEV_XGBoost,Hungarian + Zurich + VA Long Beach,Cleveland,XGBoost,200,0,0.380108,0
LODO_E16_POOL_TO_CLEV_XGBoost,Hungarian + Zurich + VA Long Beach,Cleveland,XGBoost,201,0,0.792976,1
LODO_E16_POOL_TO_CLEV_XGBoost,Hungarian + Zurich + VA Long Beach,Cleveland,XGBoost,202,0,0.441816,0
LODO_E16_POOL_TO_CLEV_XGBoost,Hungarian + Zurich + VA Long Beach,Cleveland,XGBoost,203,0,0.335256,0
LODO_E16_POOL_TO_CLEV_XGBoost,Hungarian + Zurich + VA Long Beach,Cleveland,XGBoost,204,0,0.553667,1
LODO_E16_POOL_TO_CLEV_XGBoost,Hungarian + Zurich + VA Long Beach,Cleveland,XGBoost,205,1,0.634545,1
LODO_E16_POOL_TO_CLEV_XGBoost,Hungarian + Zurich + VA Long Beach,Cleveland,XGBoost,206,1,0.930291,1
LODO_E16_POOL_TO_CLEV_XGBoost,Hungarian + Zurich + VA Long Beach,Cleveland,XGBoost,207,1,0.826895,1
LODO_E16_POOL_TO_CLEV_XGBoost,Hungarian + Zurich + VA Long Beach,Cleveland,XGBoost,208,0,0.064517,0
LODO_E16_POOL_TO_CLEV_XGBoost,Hungarian + Zurich + VA Long Beach,Cleveland,XGBoost,209,1,0.76955,1
LODO_E16_POOL_TO_CLEV_XGBoost,Hungarian + Zurich + VA Long Beach,Cleveland,XGBoost,210,0,0.081267,0
LODO_E16_POOL_TO_CLEV_XGBoost,Hungarian + Zurich + VA Long Beach,Cleveland,XGBoost,211,1,0.771389,1
LODO_E16_POOL_TO_CLEV_XGBoost,Hungarian + Zurich + VA Long Beach,Cleveland,XGBoost,212,0,0.460344,0
LODO_E16_POOL_TO_CLEV_XGBoost,Hungarian + Zurich + VA Long Beach,Cleveland,XGBoost,213,1,0.855855,1
LODO_E16_POOL_TO_CLEV_XGBoost,Hungarian + Zurich + VA Long Beach,Cleveland,XGBoost,214,1,0.671355,1
LODO_E16_POOL_TO_CLEV_XGBoost,Hungarian + Zurich + VA Long Beach,Cleveland,XGBoost,215,0,0.55754,1
LODO_E16_POOL_TO_CLEV_XGBoost,Hungarian + Zurich + VA Long Beach,Cleveland,XGBoost,216,0,0.056203,0
LODO_E16_POOL_TO_CLEV_XGBoost,Hungarian + Zurich + VA Long Beach,Cleveland,XGBoost,217,0,0.478804,0
LODO_E16_POOL_TO_CLEV_XGBoost,Hungarian + Zurich + VA Long Beach,Cleveland,XGBoost,218,0,0.805195,1
LODO_E16_POOL_TO_CLEV_XGBoost,Hungarian + Zurich + VA Long Beach,Cleveland,XGBoost,219,0,0.474493,0
LODO_E16_POOL_TO_CLEV_XGBoost,Hungarian + Zurich + VA Long Beach,Cleveland,XGBoost,220,0,0.176062,0
LODO_E16_POOL_TO_CLEV_XGBoost,Hungarian + Zurich + VA Long Beach,Cleveland,XGBoost,221,0,0.121745,0
LODO_E16_POOL_TO_CLEV_XGBoost,Hungarian + Zurich + VA Long Beach,Cleveland,XGBoost,222,0,0.125117,0
LODO_E16_POOL_TO_CLEV_XGBoost,Hungarian + Zurich + VA Long Beach,Cleveland,XGBoost,223,1,0.961849,1
LODO_E16_POOL_TO_CLEV_XGBoost,Hungarian + Zurich + VA Long Beach,Cleveland,XGBoost,224,1,0.83763,1
LODO_E16_POOL_TO_CLEV_XGBoost,Hungarian + Zurich + VA Long Beach,Cleveland,XGBoost,225,0,0.105336,0
LODO_E16_POOL_TO_CLEV_XGBoost,Hungarian + Zurich + VA Long Beach,Cleveland,XGBoost,226,0,0.764996,1
LODO_E16_POOL_TO_CLEV_XGBoost,Hungarian + Zurich + VA Long Beach,Cleveland,XGBoost,227,0,0.38645,0
LODO_E16_POOL_TO_CLEV_XGBoost,Hungarian + Zurich + VA Long Beach,Cleveland,XGBoost,228,1,0.829101,1
LODO_E16_POOL_TO_CLEV_XGBoost,Hungarian + Zurich + VA Long Beach,Cleveland,XGBoost,229,1,0.84885,1
LODO_E16_POOL_TO_CLEV_XGBoost,Hungarian + Zurich + VA Long Beach,Cleveland,XGBoost,230,0,0.160494,0
LODO_E16_POOL_TO_CLEV_XGBoost,Hungarian + Zurich + VA Long Beach,Cleveland,XGBoost,231,1,0.808431,1
LODO_E16_POOL_TO_CLEV_XGBoost,Hungarian + Zurich + VA Long Beach,Cleveland,XGBoost,232,1,0.305038,0
LODO_E16_POOL_TO_CLEV_XGBoost,Hungarian + Zurich + VA Long Beach,Cleveland,XGBoost,233,0,0.302806,0
LODO_E16_POOL_TO_CLEV_XGBoost,Hungarian + Zurich + VA Long Beach,Cleveland,XGBoost,234,0,0.168702,0
LODO_E16_POOL_TO_CLEV_XGBoost,Hungarian + Zurich + VA Long Beach,Cleveland,XGBoost,235,1,0.9142,1
LODO_E16_POOL_TO_CLEV_XGBoost,Hungarian + Zurich + VA Long Beach,Cleveland,XGBoost,236,1,0.901075,1
LODO_E16_POOL_TO_CLEV_XGBoost,Hungarian + Zurich + VA Long Beach,Cleveland,XGBoost,237,1,0.634494,1
LODO_E16_POOL_TO_CLEV_XGBoost,Hungarian + Zurich + VA Long Beach,Cleveland,XGBoost,238,0,0.062787,0
LODO_E16_POOL_TO_CLEV_XGBoost,Hungarian + Zurich + VA Long Beach,Cleveland,XGBoost,239,0,0.05656,0
LODO_E16_POOL_TO_CLEV_XGBoost,Hungarian + Zurich + VA Long Beach,Cleveland,XGBoost,240,0,0.082049,0
LODO_E16_POOL_TO_CLEV_XGBoost,Hungarian + Zurich + VA Long Beach,Cleveland,XGBoost,241,0,0.034806,0
LODO_E16_POOL_TO_CLEV_XGBoost,Hungarian + Zurich + VA Long Beach,Cleveland,XGBoost,242,0,0.337969,0
LODO_E16_POOL_TO_CLEV_XGBoost,Hungarian + Zurich + VA Long Beach,Cleveland,XGBoost,243,1,0.883341,1
LODO_E16_POOL_TO_CLEV_XGBoost,Hungarian + Zurich + VA Long Beach,Cleveland,XGBoost,244,0,0.569593,1
LODO_E16_POOL_TO_CLEV_XGBoost,Hungarian + Zurich + VA Long Beach,Cleveland,XGBoost,245,1,0.844614,1
LODO_E16_POOL_TO_CLEV_XGBoost,Hungarian + Zurich + VA Long Beach,Cleveland,XGBoost,246,1,0.756116,1
LODO_E16_POOL_TO_CLEV_XGBoost,Hungarian + Zurich + VA Long Beach,Cleveland,XGBoost,247,1,0.860072,1
LODO_E16_POOL_TO_CLEV_XGBoost,Hungarian + Zurich + VA Long Beach,Cleveland,XGBoost,248,1,0.720565,1
LODO_E16_POOL_TO_CLEV_XGBoost,Hungarian + Zurich + VA Long Beach,Cleveland,XGBoost,249,0,0.233392,0
LODO_E16_POOL_TO_CLEV_XGBoost,Hungarian + Zurich + VA Long Beach,Cleveland,XGBoost,250,0,0.945846,1
LODO_E16_POOL_TO_CLEV_XGBoost,Hungarian + Zurich + VA Long Beach,Cleveland,XGBoost,251,1,0.911535,1
LODO_E16_POOL_TO_CLEV_XGBoost,Hungarian + Zurich + VA Long Beach,Cleveland,XGBoost,252,0,0.922678,1
LODO_E16_POOL_TO_CLEV_XGBoost,Hungarian + Zurich + VA Long Beach,Cleveland,XGBoost,253,0,0.147165,0
LODO_E16_POOL_TO_CLEV_XGBoost,Hungarian + Zurich + VA Long Beach,Cleveland,XGBoost,254,0,0.800866,1
LODO_E16_POOL_TO_CLEV_XGBoost,Hungarian + Zurich + VA Long Beach,Cleveland,XGBoost,255,0,0.080974,0
LODO_E16_POOL_TO_CLEV_XGBoost,Hungarian + Zurich + VA Long Beach,Cleveland,XGBoost,256,0,0.754199,1
LODO_E16_POOL_TO_CLEV_XGBoost,Hungarian + Zurich + VA Long Beach,Cleveland,XGBoost,257,0,0.545943,1
LODO_E16_POOL_TO_CLEV_XGBoost,Hungarian + Zurich + VA Long Beach,Cleveland,XGBoost,258,0,0.18661,0
LODO_E16_POOL_TO_CLEV_XGBoost,Hungarian + Zurich + VA Long Beach,Cleveland,XGBoost,259,1,0.174318,0
LODO_E16_POOL_TO_CLEV_XGBoost,Hungarian + Zurich + VA Long Beach,Cleveland,XGBoost,260,0,0.212745,0
LODO_E16_POOL_TO_CLEV_XGBoost,Hungarian + Zurich + VA Long Beach,Cleveland,XGBoost,261,1,0.177874,0
LODO_E16_POOL_TO_CLEV_XGBoost,Hungarian + Zurich + VA Long Beach,Cleveland,XGBoost,262,0,0.231784,0
LODO_E16_POOL_TO_CLEV_XGBoost,Hungarian + Zurich + VA Long Beach,Cleveland,XGBoost,263,0,0.123201,0
LODO_E16_POOL_TO_CLEV_XGBoost,Hungarian + Zurich + VA Long Beach,Cleveland,XGBoost,264,1,0.928224,1
LODO_E16_POOL_TO_CLEV_XGBoost,Hungarian + Zurich + VA Long Beach,Cleveland,XGBoost,265,1,0.937205,1
LODO_E16_POOL_TO_CLEV_XGBoost,Hungarian + Zurich + VA Long Beach,Cleveland,XGBoost,266,1,0.863102,1
LODO_E16_POOL_TO_CLEV_XGBoost,Hungarian + Zurich + VA Long Beach,Cleveland,XGBoost,267,1,0.856032,1
LODO_E16_POOL_TO_CLEV_XGBoost,Hungarian + Zurich + VA Long Beach,Cleveland,XGBoost,268,1,0.389861,0
LODO_E16_POOL_TO_CLEV_XGBoost,Hungarian + Zurich + VA Long Beach,Cleveland,XGBoost,269,0,0.099412,0
LODO_E16_POOL_TO_CLEV_XGBoost,Hungarian + Zurich + VA Long Beach,Cleveland,XGBoost,270,1,0.89933,1
LODO_E16_POOL_TO_CLEV_XGBoost,Hungarian + Zurich + VA Long Beach,Cleveland,XGBoost,271,0,0.904543,1
LODO_E16_POOL_TO_CLEV_XGBoost,Hungarian + Zurich + VA Long Beach,Cleveland,XGBoost,272,1,0.939351,1
LODO_E16_POOL_TO_CLEV_XGBoost,Hungarian + Zurich + VA Long Beach,Cleveland,XGBoost,273,0,0.839645,1
LODO_E16_POOL_TO_CLEV_XGBoost,Hungarian + Zurich + VA Long Beach,Cleveland,XGBoost,274,1,0.27764,0
LODO_E16_POOL_TO_CLEV_XGBoost,Hungarian + Zurich + VA Long Beach,Cleveland,XGBoost,275,0,0.512156,1
LODO_E16_POOL_TO_CLEV_XGBoost,Hungarian + Zurich + VA Long Beach,Cleveland,XGBoost,276,0,0.427059,0
LODO_E16_POOL_TO_CLEV_XGBoost,Hungarian + Zurich + VA Long Beach,Cleveland,XGBoost,277,0,0.097658,0
LODO_E16_POOL_TO_CLEV_XGBoost,Hungarian + Zurich + VA Long Beach,Cleveland,XGBoost,278,1,0.095083,0
LODO_E16_POOL_TO_CLEV_XGBoost,Hungarian + Zurich + VA Long Beach,Cleveland,XGBoost,279,0,0.364083,0
LODO_E16_POOL_TO_CLEV_XGBoost,Hungarian + Zurich + VA Long Beach,Cleveland,XGBoost,280,1,0.950215,1
LODO_E16_POOL_TO_CLEV_XGBoost,Hungarian + Zurich + VA Long Beach,Cleveland,XGBoost,281,0,0.198402,0
LODO_E16_POOL_TO_CLEV_XGBoost,Hungarian + Zurich + VA Long Beach,Cleveland,XGBoost,282,1,0.70763,1
LODO_E16_POOL_TO_CLEV_XGBoost,Hungarian + Zurich + VA Long Beach,Cleveland,XGBoost,283,0,0.072172,0
LODO_E16_POOL_TO_CLEV_XGBoost,Hungarian + Zurich + VA Long Beach,Cleveland,XGBoost,284,1,0.5232,1
LODO_E16_POOL_TO_CLEV_XGBoost,Hungarian + Zurich + VA Long Beach,Cleveland,XGBoost,285,1,0.879881,1
LODO_E16_POOL_TO_CLEV_XGBoost,Hungarian + Zurich + VA Long Beach,Cleveland,XGBoost,286,1,0.847963,1
LODO_E16_POOL_TO_CLEV_XGBoost,Hungarian + Zurich + VA Long Beach,Cleveland,XGBoost,287,0,0.296775,0
LODO_E16_POOL_TO_CLEV_XGBoost,Hungarian + Zurich + VA Long Beach,Cleveland,XGBoost,288,0,0.073281,0
LODO_E16_POOL_TO_CLEV_XGBoost,Hungarian + Zurich + VA Long Beach,Cleveland,XGBoost,289,0,0.111642,0
LODO_E16_POOL_TO_CLEV_XGBoost,Hungarian + Zurich + VA Long Beach,Cleveland,XGBoost,290,1,0.479329,0
LODO_E16_POOL_TO_CLEV_XGBoost,Hungarian + Zurich + VA Long Beach,Cleveland,XGBoost,291,0,0.116531,0
LODO_E16_POOL_TO_CLEV_XGBoost,Hungarian + Zurich + VA Long Beach,Cleveland,XGBoost,292,1,0.937758,1
LODO_E16_POOL_TO_CLEV_XGBoost,Hungarian + Zurich + VA Long Beach,Cleveland,XGBoost,293,1,0.935127,1
LODO_E16_POOL_TO_CLEV_XGBoost,Hungarian + Zurich + VA Long Beach,Cleveland,XGBoost,294,1,0.776964,1
LODO_E16_POOL_TO_CLEV_XGBoost,Hungarian + Zurich + VA Long Beach,Cleveland,XGBoost,295,0,0.06194,0
LODO_E16_POOL_TO_CLEV_XGBoost,Hungarian + Zurich + VA Long Beach,Cleveland,XGBoost,296,1,0.830858,1
LODO_E16_POOL_TO_CLEV_XGBoost,Hungarian + Zurich + VA Long Beach,Cleveland,XGBoost,297,1,0.632829,1
LODO_E16_POOL_TO_CLEV_XGBoost,Hungarian + Zurich + VA Long Beach,Cleveland,XGBoost,298,1,0.395626,0
LODO_E16_POOL_TO_CLEV_XGBoost,Hungarian + Zurich + VA Long Beach,Cleveland,XGBoost,299,1,0.943727,1
LODO_E16_POOL_TO_CLEV_XGBoost,Hungarian + Zurich + VA Long Beach,Cleveland,XGBoost,300,1,0.867605,1
LODO_E16_POOL_TO_CLEV_XGBoost,Hungarian + Zurich + VA Long Beach,Cleveland,XGBoost,301,1,0.099827,0
LODO_E16_POOL_TO_CLEV_XGBoost,Hungarian + Zurich + VA Long Beach,Cleveland,XGBoost,302,0,0.100188,0
